customer_id,full_name,email,phone,city,segment,created_at
1,Aryan Maharaj,kapurbalveer@example.org,3843221563,Delhi,VALUE,2024-07-27
2,Udant Dewan,dalaja80@example.org,6825238154,Kolkata,PREMIUM,2024-11-08
3,Gagan Sami,wableekaraj@example.net,9955755383,Pune,PREMIUM,2026-02-13
4,Ayushman Chander,tsachar@example.com,4139074432,Hyderabad,VALUE,2024-04-02
5,Viraj Tiwari,raghavdada@example.net,0222123703,Hyderabad,VALUE,2024-04-07
6,Rushil Saini,banikyochana@example.org,0260052061,Kolkata,GROWTH,2024-09-28
7,Saumya Mall,kallarehaan@example.com,0697775323,Delhi,PREMIUM,2025-06-26
8,Nathaniel Sami,gjhaveri@example.com,7364217857,Pune,PREMIUM,2025-12-27
9,Arunima Dugal,vivaansankar@example.net,4369174238,Mumbai,PREMIUM,2025-05-21
10,Gayathri Chaudry,dsuresh@example.com,9180981745,Delhi,GROWTH,2025-03-20
11,Lajita Chatterjee,sulefrederick@example.org,3700410233,Chennai,VALUE,2026-02-22
12,Hemangini Lalla,georgecontractor@example.net,4116927703,Jaipur,GROWTH,2024-06-03
13,Tripti Yadav,cmannan@example.com,3649036571,Pune,VALUE,2026-03-22
14,Kritika Brar,choudhurywilliam@example.net,2931901018,Kolkata,PREMIUM,2024-10-08
15,Janaki Handa,nathanbajaj@example.org,5744870381,Pune,VALUE,2024-09-05
16,Chakradev Kari,adya95@example.com,7490792328,Kolkata,VALUE,2026-05-08
17,Fariq Kaul,tailorfaraj@example.com,3623057620,Chennai,GROWTH,2025-08-04
18,Lajita Mall,wraman@example.org,9318585218,Mumbai,GROWTH,2025-01-23
19,Janya Gaba,wsetty@example.net,9563948742,Kolkata,GROWTH,2024-10-24
20,Isha Kadakia,ishitasharaf@example.org,9093426926,Hyderabad,GROWTH,2025-02-01
21,Ekbal Garg,faqidpurohit@example.net,8304105458,Chennai,NEW,2025-12-13
22,Nihal Shere,jacobramesh@example.org,9377286756,Bengaluru,NEW,2024-05-17
23,Anamika Kanda,widishathakur@example.net,3457107178,Mumbai,NEW,2024-06-05
24,Daksh Karnik,chanderchristopher@example.com,0264722314,Jaipur,GROWTH,2024-10-01
25,Diya Rattan,mbalasubramanian@example.net,2076579667,Kolkata,GROWTH,2025-03-09
26,Dominic Kakar,djha@example.com,4344776236,Pune,GROWTH,2026-01-03
27,Simon Tata,bshenoy@example.org,7861204597,Hyderabad,GROWTH,2024-07-08
28,Tara Dhar,avni69@example.com,0495069251,Kolkata,VALUE,2025-12-08
29,Liam Koshy,tkorpal@example.org,5652927813,Chennai,GROWTH,2026-03-27
30,Priya Rastogi,tejasshenoy@example.org,4677933839,Hyderabad,VALUE,2025-01-26
31,Theodore Devi,tailorhritik@example.net,8626314135,Hyderabad,VALUE,2026-05-15
32,Gavin Batta,aditya09@example.com,8514120119,Mumbai,NEW,2026-03-15
33,Michael Dutta,mahalchanakya@example.net,3685237476,Delhi,VALUE,2025-12-18
34,Devansh Rajan,phora@example.org,8497384008,Chennai,GROWTH,2024-12-08
35,Upadhriti Wadhwa,chanchalkale@example.org,2124076678,Jaipur,GROWTH,2024-09-27
36,Advay Contractor,inazareth@example.com,6453383733,Delhi,VALUE,2026-02-16
37,Harini Choudhury,bhavika88@example.net,7603107773,Kolkata,NEW,2025-02-01
38,Radhika Dugar,onveerkohli@example.com,4144127579,Kolkata,VALUE,2024-01-29
39,Aarush Lall,abdul97@example.org,7209935251,Bengaluru,NEW,2025-10-07
40,Yashica Cherian,ektadhaliwal@example.net,5546700475,Pune,PREMIUM,2024-11-08
41,Yashica Issac,geetika45@example.com,2808703411,Mumbai,VALUE,2026-04-22
42,Kashvi Edwin,kakarishwar@example.net,1010830153,Kolkata,VALUE,2026-02-08
43,Ekiya Suresh,nbajwa@example.com,0560886384,Pune,VALUE,2024-04-03
44,Isaac Patil,wahabsangha@example.com,8419447469,Bengaluru,GROWTH,2026-03-22
45,Wriddhish Bhardwaj,vrindahayre@example.com,3218395768,Delhi,VALUE,2026-05-04
46,Farhan Chada,maanavkhosla@example.net,3562419517,Jaipur,NEW,2025-11-11
47,Ekapad Walia,baliaarna@example.net,8927869856,Hyderabad,VALUE,2024-09-04
48,Kabir Soman,nishakumer@example.com,7379956880,Jaipur,NEW,2025-08-25
49,Alka Wable,zilmil46@example.com,6521634878,Pune,VALUE,2026-02-20
50,Siddharth Zacharia,zansi67@example.net,1051184264,Kolkata,NEW,2026-01-03
51,Devika Rastogi,guneet63@example.com,0583595788,Kolkata,VALUE,2025-01-22
52,Raksha Varughese,debalvan@example.com,2627382760,Mumbai,GROWTH,2025-09-28
53,Jai Kota,hiteshshankar@example.com,2509179261,Bengaluru,GROWTH,2024-12-13
54,Devansh Nigam,om97@example.com,9560699323,Hyderabad,VALUE,2024-08-16
55,Victor Kannan,hbarad@example.com,3654019731,Hyderabad,NEW,2025-08-28
56,Ekavir Bhargava,yochana40@example.net,2722163174,Delhi,VALUE,2025-02-23
57,Ekansh Balay,choudhryamruta@example.com,8927334095,Chennai,GROWTH,2024-07-21
58,Ekavir Varkey,pinglereva@example.org,4692326624,Mumbai,GROWTH,2025-08-17
59,Arya Sunder,munitanish@example.net,6390742663,Pune,GROWTH,2024-10-16
60,Kevin Solanki,ebiswas@example.com,2280023706,Pune,VALUE,2025-06-13
61,Urvashi Ray,gdani@example.com,4173361239,Jaipur,VALUE,2024-11-21
62,Girindra Chatterjee,mbalasubramanian@example.com,8945497515,Pune,VALUE,2026-03-07
63,Irya Sampath,chakrabortyzaitra@example.net,8972506713,Bengaluru,VALUE,2026-02-04
64,Unni Bhagat,mugdhabains@example.com,0903134644,Jaipur,VALUE,2025-03-02
65,Darsh Rau,harinakshi46@example.com,5339583326,Hyderabad,NEW,2025-10-01
66,Ikbal Kothari,parth68@example.org,1281848936,Bengaluru,GROWTH,2024-06-09
67,Ranveer Yadav,wtoor@example.com,3006799134,Jaipur,GROWTH,2026-06-16
68,Logan Sami,xalakseth@example.org,0656121747,Bengaluru,GROWTH,2024-07-12
69,Arya Shere,avi34@example.net,3406887727,Delhi,VALUE,2026-02-19
70,Faqid Savant,divya45@example.net,6897073421,Hyderabad,GROWTH,2026-01-31
71,Chandresh Zachariah,nirja60@example.org,1698237995,Kolkata,VALUE,2024-06-09
72,Girik Khalsa,abhimanyuchadha@example.org,5668073526,Mumbai,VALUE,2024-01-08
73,Niharika Sunder,jdevan@example.com,2980530361,Hyderabad,GROWTH,2025-10-25
74,Tanay Rattan,thomasvirk@example.com,0510019950,Mumbai,GROWTH,2026-02-21
75,Nitesh Raghavan,rloke@example.org,2646271675,Pune,NEW,2025-10-06
76,Madhavi Lanka,saxenasarthak@example.com,5415723974,Hyderabad,VALUE,2024-02-20
77,Bhavika Sampath,jhalakbhakta@example.net,2589199597,Bengaluru,GROWTH,2025-08-03
78,Mohammed Gupta,shravya09@example.org,9846563160,Mumbai,VALUE,2024-12-18
79,Teerth Bhardwaj,ayushman99@example.org,8978941726,Chennai,VALUE,2026-04-04
80,Dipta Bhandari,cpatel@example.net,8082314302,Pune,PREMIUM,2025-12-21
81,Vansha Thakkar,boaseranbir@example.com,2989042698,Jaipur,VALUE,2025-12-20
82,Dakshesh Trivedi,anirudh34@example.net,5346709978,Hyderabad,GROWTH,2025-01-01
83,Quincy Biswas,anita37@example.com,6131217888,Mumbai,GROWTH,2024-10-16
84,Wahab Raval,auroraosha@example.org,6669874223,Kolkata,VALUE,2026-01-10
85,Yatin Baral,tnarayanan@example.net,4611795495,Pune,NEW,2024-04-13
86,Oni Virk,jeet42@example.net,0494415361,Pune,GROWTH,2024-03-31
87,Advika Jayaraman,aadhya49@example.net,1321816704,Delhi,PREMIUM,2024-02-25
88,William Lanka,ksangha@example.com,1007260768,Bengaluru,GROWTH,2025-04-05
89,Karan Mital,lakshit17@example.net,0640058445,Kolkata,NEW,2024-03-08
90,Diya Bora,radhika27@example.com,7294289811,Kolkata,VALUE,2025-06-08
91,Tara Chaudhry,xitiamble@example.org,2483259574,Hyderabad,GROWTH,2024-05-30
92,Tanay Toor,sachdevaekalinga@example.net,3375993345,Kolkata,PREMIUM,2026-03-12
93,Kevin Palla,rjayaraman@example.com,8716946756,Kolkata,VALUE,2025-01-24
94,Yash Pingle,smane@example.com,4768072579,Hyderabad,GROWTH,2024-03-25
95,Nakul Sarma,vivaanmunshi@example.net,1546367621,Jaipur,NEW,2025-09-16
96,Abhiram Mistry,routsimon@example.net,2949447272,Bengaluru,GROWTH,2024-10-31
97,Krish Lalla,nicholassami@example.com,6999875119,Mumbai,PREMIUM,2024-08-23
98,Hredhaan Dugal,rchand@example.net,3363996014,Pune,GROWTH,2025-08-16
99,Baghyawati Kade,beragautam@example.com,9977194459,Pune,NEW,2026-05-10
100,Samar Lalla,shroffharshil@example.org,4097741841,Mumbai,NEW,2026-05-31
101,Zayan Behl,geetika76@example.org,5352932276,Kolkata,GROWTH,2025-01-26
102,Pallavi Malhotra,banjeetmadan@example.net,5721864532,Mumbai,VALUE,2026-02-02
103,Aarush Nath,baghyawati14@example.org,7499394522,Kolkata,VALUE,2024-07-07
104,Adweta Edwin,dhritipanchal@example.org,5547006887,Delhi,GROWTH,2026-01-31
105,Prisha Andra,tanaysubramanian@example.org,2056336409,Kolkata,NEW,2026-04-27
106,Faqid Dixit,zparmer@example.net,7128826310,Kolkata,GROWTH,2025-04-10
107,Kala Divan,qdash@example.org,2540774881,Kolkata,VALUE,2025-04-15
108,Joshua Barman,devioeshi@example.com,4328127731,Pune,VALUE,2025-05-22
109,Janya Baral,omahal@example.com,7894378872,Hyderabad,GROWTH,2024-03-06
110,Shivansh Krish,fchar@example.com,8140650580,Pune,NEW,2026-02-11
111,Irya Ray,dhruvvohra@example.com,6470594887,Bengaluru,VALUE,2025-10-25
112,Warjas Gaba,vigarunima@example.org,7328456889,Kolkata,GROWTH,2026-02-21
113,Nitara Bakshi,surajai@example.org,7108228194,Chennai,PREMIUM,2024-04-13
114,Gaurangi Sabharwal,edar@example.com,9775933678,Hyderabad,NEW,2025-12-23
115,Amara Dutta,qkurian@example.com,5490867813,Chennai,VALUE,2024-11-22
116,Lavanya Barad,chauhanyamini@example.org,1967647583,Chennai,NEW,2026-01-06
117,Tristan Iyengar,shankarjanani@example.com,3882822706,Delhi,GROWTH,2026-06-13
118,Inaya Mody,chasmumsuri@example.org,7308429850,Mumbai,PREMIUM,2026-03-02
119,Udant Bajwa,qasim37@example.net,3681046363,Mumbai,VALUE,2026-04-04
120,Mohini Narasimhan,jmaster@example.net,4612149122,Delhi,GROWTH,2024-04-12
121,Ekaraj Mallick,ashanker@example.org,1941949265,Hyderabad,GROWTH,2024-10-22
122,Yashodhara Ratta,odara@example.org,8020231521,Pune,VALUE,2024-09-20
123,Ayaan D’Alia,xavier25@example.org,1249201843,Pune,GROWTH,2025-04-07
124,Pranav Lanka,gabrielbalasubramanian@example.net,0980657273,Hyderabad,GROWTH,2026-05-28
125,Ikbal Saraf,noahravi@example.com,5845632454,Kolkata,GROWTH,2025-09-09
126,Dipta Sarin,regenidra@example.com,0656815409,Chennai,VALUE,2025-05-05
127,Lekha Gupta,divanqushi@example.com,7729622923,Delhi,GROWTH,2025-12-25
128,Chaitanya Sarin,tanveerpatel@example.com,8446173274,Kolkata,VALUE,2024-06-07
129,Zinal Yohannan,routdamyanti@example.com,6740018476,Chennai,NEW,2025-08-17
130,Januja Sankar,ikbalagarwal@example.org,3596071240,Pune,NEW,2025-03-28
131,Ganga Murthy,urmiandra@example.net,5205622471,Chennai,VALUE,2024-07-01
132,Charita Tripathi,sekhonchakradhar@example.org,4371045826,Chennai,VALUE,2025-08-04
133,Nilima Narain,xvenkatesh@example.org,0750797522,Delhi,VALUE,2026-01-26
134,Chakrika Datta,wsaran@example.net,6677481893,Chennai,GROWTH,2026-01-15
135,Osha Raghavan,niteshbansal@example.com,6842633618,Kolkata,NEW,2026-01-28
136,Charvi Ravi,varmawahab@example.com,5965727287,Bengaluru,GROWTH,2025-12-31
137,Daksha Mangat,mohammed67@example.net,1476238026,Chennai,VALUE,2025-02-26
138,Qushi Nagy,ria62@example.net,6186771641,Delhi,VALUE,2024-02-14
139,Riya Sathe,dpalan@example.com,0499129363,Bengaluru,VALUE,2026-05-18
140,Yasti Solanki,amruta56@example.com,2979801347,Hyderabad,NEW,2025-02-12
141,Frado Mander,bdeol@example.com,7386675196,Jaipur,GROWTH,2025-07-23
142,Girik Keer,rpatel@example.com,7039274991,Mumbai,GROWTH,2024-01-19
143,Umang Issac,uppalnaveen@example.net,9750530833,Bengaluru,VALUE,2026-03-10
144,Aryan Batra,sekhonanika@example.com,6715118888,Hyderabad,NEW,2026-03-10
145,Vaishnavi Bora,apalla@example.org,2248913604,Jaipur,VALUE,2026-04-15
146,Oeshi Hayer,damyantinath@example.org,5766394081,Kolkata,NEW,2024-06-05
147,Warda Ratta,darshgrewal@example.com,8482775947,Delhi,NEW,2026-01-28
148,Manbir Ahluwalia,mekhalakara@example.org,0192467595,Mumbai,GROWTH,2025-07-16
149,Pavani Kanda,jeremiahramachandran@example.net,3711935170,Kolkata,NEW,2024-05-11
150,Zarna Shetty,hemani25@example.com,5081703761,Delhi,VALUE,2025-05-28
151,Zaid Dara,wyattanne@example.net,2816945384,Kolkata,PREMIUM,2025-03-04
152,Kiaan Shetty,shenoyaarna@example.org,7244753987,Bengaluru,VALUE,2025-07-16
153,Saanvi Thaman,vkaran@example.org,4829237925,Jaipur,GROWTH,2024-03-16
154,Sanaya Dutt,vvarma@example.org,5066011655,Bengaluru,VALUE,2025-05-22
155,Shivani Lad,anitashroff@example.com,1503555818,Hyderabad,VALUE,2025-09-01
156,Aradhana Verma,hpillai@example.org,0567721360,Pune,VALUE,2025-10-06
157,William Maharaj,ryan79@example.net,8006399378,Mumbai,VALUE,2025-11-23
158,Faras Mangal,bhatiaishita@example.org,0997872191,Chennai,GROWTH,2025-07-17
159,Anita Nayak,mreddy@example.org,6516800472,Chennai,GROWTH,2025-09-23
160,Faris Devi,labantailor@example.com,7009358717,Kolkata,VALUE,2024-03-22
161,Vihaan Rajagopal,teerthkuruvilla@example.org,5550187890,Jaipur,NEW,2025-12-19
162,Tanish Bhatt,isharatta@example.org,2325543349,Pune,NEW,2024-11-26
163,Nikita Narayanan,udyatidey@example.org,2430258330,Hyderabad,VALUE,2025-05-07
164,Ojasvi Bhatia,lgoda@example.com,2276904744,Hyderabad,GROWTH,2025-05-06
165,Osha Ramachandran,harshbanik@example.org,1078087667,Hyderabad,GROWTH,2026-05-28
166,Lajita Sood,urishillabera@example.org,3433578437,Kolkata,PREMIUM,2024-10-19
167,Indira Misra,lucky34@example.org,3361363750,Bengaluru,GROWTH,2024-12-11
168,Oni Yohannan,sanayaapte@example.com,3351163784,Mumbai,PREMIUM,2025-11-15
169,Vinaya Kanda,rayaankaul@example.org,2530342602,Bengaluru,VALUE,2025-07-24
170,Rajata Sunder,yogiyoshita@example.org,6992728702,Delhi,VALUE,2024-10-13
171,Lopa Nayar,jeevika61@example.org,0975110293,Delhi,PREMIUM,2024-11-05
172,Noah Sibal,vidhi80@example.com,5678956459,Delhi,GROWTH,2026-01-15
173,Avi Ramesh,ckanda@example.org,3032928442,Kolkata,NEW,2026-01-22
174,Fiyaz Sangha,ishaan76@example.net,3321330004,Pune,VALUE,2024-05-12
175,Triya Gopal,bzachariah@example.net,0302930958,Pune,VALUE,2024-12-25
176,Abha Raghavan,xmerchant@example.net,0752002556,Hyderabad,VALUE,2025-11-23
177,Siddharth Sha,damyanti42@example.org,0623143874,Pune,VALUE,2024-04-16
178,Geetika Raghavan,vrishti83@example.com,0535962763,Mumbai,VALUE,2024-06-14
179,Oviya Krishnan,radhikamann@example.org,6325273976,Jaipur,GROWTH,2024-05-22
180,Upma Bahl,samuel27@example.org,3914203756,Chennai,GROWTH,2025-04-20
181,Inaya Kapur,hvig@example.com,3140139887,Jaipur,PREMIUM,2025-02-09
182,Banjeet Balasubramanian,adyadeo@example.net,3371894284,Mumbai,GROWTH,2024-10-15
183,Ryan Bahri,baljiwankant@example.net,6380285212,Hyderabad,VALUE,2024-05-02
184,William Date,rsidhu@example.net,6485155964,Pune,PREMIUM,2025-07-27
185,Ishwar Kamdar,siddharthbuch@example.net,2187039508,Hyderabad,VALUE,2025-12-27
186,Aahana Pillay,arin32@example.org,2359402169,Hyderabad,NEW,2024-07-10
187,Ishwar Gade,osha55@example.org,3563622446,Mumbai,VALUE,2025-08-22
188,Hritik Bal,dattagarima@example.org,6157723551,Hyderabad,GROWTH,2025-12-16
189,Keya Ranganathan,bsarin@example.net,8479270599,Mumbai,NEW,2025-05-16
190,Faqid Kibe,zbansal@example.net,7353606844,Bengaluru,GROWTH,2025-05-31
191,Charvi Dara,tkapoor@example.com,4091260287,Pune,GROWTH,2024-05-30
192,Idika Walia,fsinha@example.com,1064802325,Pune,PREMIUM,2026-05-11
193,Kamala Biswas,jkoshy@example.net,0881484894,Chennai,VALUE,2026-05-10
194,Advik Salvi,gaurav03@example.net,1242296069,Bengaluru,PREMIUM,2025-10-02
195,Hitesh Sant,qasim42@example.com,1729521866,Jaipur,NEW,2026-03-23
196,Tripti Dua,jganguly@example.org,9675676594,Delhi,NEW,2025-06-30
197,Patrick Vig,indira96@example.org,8785597118,Bengaluru,GROWTH,2025-08-18
198,Veda Shroff,nmerchant@example.net,8187063378,Delhi,VALUE,2026-01-16
199,Amrita Naidu,mkari@example.net,6732681361,Bengaluru,PREMIUM,2024-02-04
200,Gabriel Mallick,gayathri94@example.org,4076202820,Jaipur,GROWTH,2024-07-16
201,Yagnesh Shetty,ijayanagi@example.net,9624132459,Bengaluru,VALUE,2024-07-02
202,Gayathri Balakrishnan,oeshi56@example.net,4142158254,Jaipur,VALUE,2025-07-23
203,Ekta Gopal,rushil17@example.org,4382500869,Hyderabad,VALUE,2024-08-06
204,Simon Pant,ckalla@example.org,1034159492,Pune,GROWTH,2024-12-17
205,Harini Mammen,gavinbabu@example.net,2835270607,Hyderabad,VALUE,2025-03-20
206,Advaith Varughese,unnijani@example.com,6423691703,Bengaluru,VALUE,2025-10-31
207,Frederick Khurana,rkant@example.net,3417792117,Kolkata,VALUE,2025-04-10
208,Vrinda Khosla,indaliramakrishnan@example.net,4596090127,Jaipur,NEW,2024-01-23
209,Vritti Sem,ujayaraman@example.net,9840270943,Bengaluru,VALUE,2025-09-10
210,Girik Menon,onkarjayaraman@example.com,1997178625,Kolkata,VALUE,2025-01-19
211,Nidhi Kohli,kloyal@example.org,3688646504,Bengaluru,GROWTH,2024-04-12
212,Jyoti Solanki,sandhumahika@example.org,0628536749,Pune,VALUE,2025-08-09
213,Pavani Narayanan,dasguptabahadurjit@example.net,1136354313,Kolkata,NEW,2024-08-31
214,Sudiksha Madan,mittalzilmil@example.com,7064547839,Hyderabad,NEW,2025-02-18
215,Zayan Kashyap,vbajaj@example.com,9103033799,Pune,GROWTH,2026-05-20
216,Reyansh Mutti,miteshsachdev@example.com,0297670644,Bengaluru,GROWTH,2024-08-02
217,Qasim Handa,sara89@example.net,5776140692,Delhi,GROWTH,2026-03-07
218,Veda Malhotra,upasnavarkey@example.com,4286357408,Delhi,VALUE,2025-02-21
219,Harish Hari,ati17@example.com,4444138825,Hyderabad,VALUE,2026-04-19
220,Utkarsh Patel,bajajrudra@example.com,5263733806,Jaipur,VALUE,2026-02-03
221,Chasmum Atwal,sachdevabrinda@example.net,4381006310,Mumbai,VALUE,2026-01-19
222,Anusha Bath,hritik04@example.com,7614048687,Hyderabad,GROWTH,2024-07-05
223,Brinda Date,tkoshy@example.com,7338210920,Pune,VALUE,2025-12-12
224,Harshil Arora,ksaran@example.com,4989216850,Mumbai,VALUE,2024-11-26
225,Upasna Srinivas,wakeeta33@example.net,7939836469,Pune,GROWTH,2026-03-30
226,Harini Gour,vbhandari@example.net,9603382238,Bengaluru,GROWTH,2026-06-10
227,Zayyan Sridhar,kalpit89@example.org,3755727059,Kolkata,VALUE,2025-07-04
228,Dhruv Rattan,lopa65@example.org,8872069657,Chennai,VALUE,2026-04-01
229,Ethan Bera,saanvimitter@example.net,8871308483,Chennai,VALUE,2025-04-24
230,Manthan Modi,fsavant@example.net,0663295689,Mumbai,VALUE,2024-01-31
231,Yuvraj Dani,saimahal@example.org,4893670619,Hyderabad,NEW,2026-02-25
232,Upkaar Virk,isha09@example.com,3814043880,Kolkata,NEW,2025-04-22
233,Shravya Savant,tanish80@example.com,5005835348,Delhi,GROWTH,2024-02-09
234,Pushti Mody,ekiyabhardwaj@example.org,5561417843,Kolkata,GROWTH,2024-02-28
235,Hardik Johal,chakradevvaidya@example.net,8325798169,Hyderabad,PREMIUM,2025-10-12
236,Aishani Bumb,zmand@example.net,4693604259,Pune,GROWTH,2026-04-11
237,Wriddhish Ghose,alkakapadia@example.com,1939589818,Pune,VALUE,2025-09-19
238,Naksh Agate,ishitakrishnamurthy@example.net,4574342595,Hyderabad,VALUE,2025-02-01
239,Shravya Singhal,lnarayan@example.org,9529382106,Bengaluru,GROWTH,2024-10-03
240,Bachittar Kata,harshparekh@example.com,2100735901,Pune,GROWTH,2025-01-11
241,Barkha Setty,keeryamini@example.com,0441482243,Mumbai,VALUE,2024-10-17
242,Vivaan Lalla,ahluwaliachakradev@example.org,8885573939,Chennai,VALUE,2024-09-02
243,Pavani Contractor,dayita69@example.com,0855026259,Delhi,VALUE,2024-04-25
244,Manthan Lata,asane@example.com,5395956917,Pune,VALUE,2025-05-26
245,Ekbal Bhasin,kalavansha@example.com,3679889373,Pune,GROWTH,2024-07-15
246,Damyanti Mani,ridhi47@example.com,5277374811,Delhi,PREMIUM,2024-05-10
247,Jeet Sidhu,bumbpooja@example.org,8905291844,Kolkata,GROWTH,2024-09-05
248,Neha Magar,peterdalia@example.com,2558782573,Hyderabad,VALUE,2025-12-20
249,Raksha Buch,khannanidhi@example.net,2037354053,Kolkata,VALUE,2025-05-30
250,Rachana Naidu,indali86@example.net,6478506093,Delhi,NEW,2025-03-18
251,Atharv Chand,basubrijesh@example.com,5851021465,Mumbai,GROWTH,2025-06-16
252,Ansh Luthra,murthytimothy@example.org,2206152501,Hyderabad,VALUE,2025-05-24
253,Parth Singhal,kashishdeep@example.net,9879504700,Mumbai,VALUE,2025-03-23
254,Arunima Golla,arattan@example.org,0177591748,Bengaluru,NEW,2026-01-26
255,Vyanjana Chand,yutikamurthy@example.com,3936044707,Pune,PREMIUM,2025-10-19
256,Ijaya Rege,baloliver@example.net,5796527398,Mumbai,NEW,2024-06-15
257,Ekani Cheema,vasatika38@example.org,5982218987,Pune,GROWTH,2026-01-05
258,Forum Sabharwal,balasubramanianekapad@example.org,4445169613,Delhi,GROWTH,2024-06-06
259,Bhavya Rattan,irya71@example.net,0849785315,Mumbai,GROWTH,2024-03-11
260,Suhani Chakrabarti,prasadchristopher@example.com,3939191654,Chennai,VALUE,2025-01-13
261,Zayyan Naik,merchantjack@example.org,6209527958,Kolkata,PREMIUM,2024-12-19
262,Netra Varkey,cprakash@example.com,5093330206,Mumbai,GROWTH,2025-12-08
263,Turvi Sachdev,jai91@example.net,5384528134,Bengaluru,VALUE,2025-09-17
264,Raghav Vasa,nishawalia@example.com,7523266103,Jaipur,NEW,2024-02-22
265,Wishi Sathe,thakerrachita@example.net,8620502551,Jaipur,GROWTH,2025-03-24
266,Samar Loke,ebose@example.org,2942649770,Chennai,VALUE,2025-12-16
267,Bhavna Sarma,mukhopadhyaymanbir@example.net,5621555274,Hyderabad,VALUE,2025-10-21
268,Jairaj Balakrishnan,nicholaspau@example.org,9575941904,Bengaluru,NEW,2025-03-26
269,Nathan Mukhopadhyay,mchaudhuri@example.com,6547829240,Chennai,NEW,2025-07-08
270,Nikita Chander,dubethomas@example.org,6611870074,Chennai,GROWTH,2025-05-20
271,Ishaan Shenoy,falanhayer@example.com,0618020315,Bengaluru,NEW,2024-07-27
272,Mitesh Tara,nihal20@example.net,5216359244,Delhi,NEW,2025-05-22
273,Yashodhara Mahajan,benjamin03@example.com,6547889155,Mumbai,NEW,2025-08-30
274,Vasudha Sodhi,sinhawarhi@example.com,7514258074,Jaipur,NEW,2024-02-20
275,Tanmayi Dhillon,lekha27@example.com,0373600145,Hyderabad,GROWTH,2025-09-17
276,Rayaan Trivedi,ramamugdha@example.org,2914204179,Hyderabad,PREMIUM,2024-08-12
277,Ekaraj Majumdar,gollaoeshi@example.net,8430718466,Hyderabad,GROWTH,2024-01-07
278,Harini Tripathi,bachittarkarpe@example.org,5149033313,Kolkata,PREMIUM,2025-11-10
279,Aarnav Mandal,eprabhakar@example.com,5720731156,Delhi,VALUE,2024-12-16
280,Vrishti Dixit,vritti12@example.org,8658263016,Delhi,PREMIUM,2025-01-06
281,Veda Pai,sankarchanakya@example.net,0387942634,Bengaluru,NEW,2025-07-15
282,Krishna Shah,bumbjairaj@example.net,5515698322,Hyderabad,VALUE,2025-05-19
283,Ranbir Khare,victorkant@example.org,2809191770,Pune,NEW,2025-07-12
284,Vivaan Roy,gopalekta@example.com,7717956785,Hyderabad,GROWTH,2026-04-30
285,Eesha Solanki,ddeshmukh@example.com,1217744415,Hyderabad,VALUE,2025-08-09
286,Libni Doshi,timothycontractor@example.com,3759824813,Jaipur,VALUE,2024-02-11
287,Balhaar Date,qushi88@example.net,1295584457,Mumbai,PREMIUM,2024-07-19
288,Harish Sarraf,bahrilila@example.net,4071491310,Chennai,GROWTH,2025-02-08
289,Tanmayi Aurora,ravelchanakya@example.com,7404564543,Chennai,VALUE,2025-03-01
290,Nimrat Dubey,azaan52@example.org,3826512947,Hyderabad,GROWTH,2024-11-21
291,Upasna Lanka,dhaliwalchandran@example.org,6337009511,Kolkata,VALUE,2024-06-14
292,Mitali Buch,hahuja@example.org,2276158425,Bengaluru,GROWTH,2024-04-05
293,Lajita Nadig,xmahal@example.org,4223185831,Jaipur,NEW,2024-05-10
294,Balendra Biswas,kulkarniaadhya@example.net,5703409718,Bengaluru,PREMIUM,2026-05-05
295,Bhavna Karan,ibasak@example.net,4362748187,Chennai,PREMIUM,2024-12-22
296,Radha Chaudhari,tataharsh@example.com,2976428468,Chennai,GROWTH,2026-05-15
297,Sachi Ganesan,keeranjali@example.com,6175869274,Kolkata,NEW,2024-10-28
298,Ayush Batra,adya49@example.com,3916102811,Hyderabad,VALUE,2024-10-07
299,Daksh Memon,ravaladvay@example.net,4047873748,Bengaluru,VALUE,2025-03-16
300,Kavya Sankar,yachana06@example.org,7020739701,Delhi,VALUE,2026-05-02
301,Yash Wali,vlala@example.com,2958107719,Bengaluru,GROWTH,2025-05-21
302,Pranit Garde,rkannan@example.net,4166064858,Kolkata,GROWTH,2024-02-01
303,Farhan Raja,banjeet74@example.org,4245049886,Delhi,PREMIUM,2024-09-01
304,Widisha Dhar,farhan42@example.net,8451265276,Jaipur,VALUE,2026-06-01
305,Triya Kumar,mannanjagrati@example.com,5525417832,Chennai,VALUE,2024-05-19
306,Aadhya Andra,lsankar@example.com,8186850634,Mumbai,GROWTH,2026-01-22
307,Bhavna Dugar,bhavnasha@example.com,9771045688,Bengaluru,NEW,2026-04-15
308,Riya Pai,mchada@example.com,2423592887,Chennai,VALUE,2024-07-11
309,Panini Krishna,chaitanyachar@example.com,5136272586,Bengaluru,VALUE,2025-05-18
310,Chasmum Issac,warhi28@example.net,1408487426,Delhi,VALUE,2025-06-23
311,Vasudha Chhabra,edasgupta@example.com,1216275733,Pune,GROWTH,2025-12-15
312,Lakshmi Parmer,uvenkataraman@example.net,1193689529,Pune,VALUE,2025-12-19
313,Chakrika Bains,desailila@example.org,2335235845,Delhi,VALUE,2024-02-24
314,Anvi Anand,frama@example.org,8460749169,Bengaluru,GROWTH,2024-10-14
315,Watika Mangat,iram@example.net,5613960475,Mumbai,VALUE,2026-04-26
316,Indira Kanda,asaran@example.org,4258465899,Pune,GROWTH,2024-11-14
317,Zashil Devan,joshua46@example.net,7176853849,Pune,VALUE,2024-08-09
318,Balveer More,psubramanian@example.org,7727972809,Pune,NEW,2025-07-20
319,Bahadurjit Patla,randhawakala@example.com,4004640879,Jaipur,GROWTH,2024-06-24
320,Gautam Merchant,widishaswaminathan@example.net,6188575245,Kolkata,VALUE,2024-05-12
321,Ojasvi Gill,chaitanya21@example.com,2011808295,Bengaluru,VALUE,2025-12-19
322,Kevin Zacharia,ndeo@example.org,1121594633,Delhi,GROWTH,2024-04-16
323,Yachana Mahajan,ekantikadivan@example.com,9842769017,Chennai,NEW,2026-03-13
324,Aarini Subramaniam,samakshoak@example.org,5337019363,Jaipur,VALUE,2024-08-12
325,Hamsini Contractor,madhavi00@example.net,5143646296,Jaipur,VALUE,2024-04-06
326,Faqid Dhaliwal,dayamai96@example.org,5219092671,Mumbai,VALUE,2025-10-29
327,Mekhala Pau,ggole@example.com,0476083073,Mumbai,GROWTH,2024-06-07
328,Megha Atwal,norimason@example.org,0797407685,Delhi,NEW,2024-11-25
329,Jatin Sha,vedant53@example.org,5593348869,Mumbai,GROWTH,2024-11-12
330,Adweta Raj,jagatvarma@example.com,0220976465,Chennai,VALUE,2025-04-01
331,Hritik Kaur,odika05@example.net,9596274233,Chennai,PREMIUM,2025-03-02
332,Aryan Narang,bhavyadixit@example.org,4370375269,Bengaluru,PREMIUM,2024-06-24
333,Dev Shetty,jonathandasgupta@example.org,5391691394,Bengaluru,VALUE,2024-07-30
334,Nilima Dada,dinanika@example.com,3276616398,Kolkata,VALUE,2024-06-23
335,Chakradev Barad,ikbalmalhotra@example.net,7225125748,Hyderabad,GROWTH,2024-02-19
336,Waida D’Alia,mandazaan@example.net,4606398180,Kolkata,PREMIUM,2025-08-08
337,Wahab Yogi,ovala@example.com,2060993960,Jaipur,PREMIUM,2025-02-27
338,Lipika Setty,udyatisubramaniam@example.net,9350617723,Bengaluru,PREMIUM,2024-04-07
339,Oni Dubey,dakshabath@example.org,5113486579,Mumbai,NEW,2024-10-25
340,Hardik Suri,contractorprisha@example.net,3202240173,Jaipur,VALUE,2025-08-24
341,Ati Bali,vedantchanda@example.org,9543124674,Pune,VALUE,2024-09-13
342,Teerth Sawhney,fvarughese@example.net,0437814119,Bengaluru,VALUE,2024-12-26
343,Warinder Patil,aurorabrijesh@example.net,6063405130,Chennai,NEW,2025-10-31
344,Jhalak Parmer,tdora@example.org,3953279182,Chennai,GROWTH,2025-08-27
345,Mitali Majumdar,dpadmanabhan@example.net,7162996817,Jaipur,VALUE,2025-09-22
346,Jason Sha,rkalla@example.com,4423352156,Bengaluru,VALUE,2024-12-09
347,Simon Bail,yamini77@example.com,4746879271,Jaipur,PREMIUM,2025-03-11
348,Gauri Kohli,joshua63@example.net,3703597978,Jaipur,PREMIUM,2026-01-31
349,Samesh Biswas,yadavi88@example.org,1786793936,Mumbai,PREMIUM,2026-02-24
350,Tarak Kaul,wakeetadixit@example.com,9957202035,Mumbai,VALUE,2024-02-20
351,Manbir Agate,chakrika22@example.net,8114681389,Chennai,NEW,2026-01-24
352,Maanav De,samaksh51@example.org,8634923524,Delhi,PREMIUM,2026-03-14
353,Owen Choudhary,rvyas@example.net,0417628510,Bengaluru,PREMIUM,2026-04-28
354,Karan Aurora,aryannarula@example.org,4040397621,Hyderabad,PREMIUM,2024-08-29
355,Wazir Naik,zayannayar@example.com,6904389114,Jaipur,NEW,2025-03-27
356,Owen Lanka,rachitvaidya@example.com,2062441850,Jaipur,NEW,2024-02-08
357,Jonathan Sama,abhimanyulala@example.com,1509957568,Mumbai,GROWTH,2024-04-08
358,Devansh Soni,bsolanki@example.com,3153293149,Jaipur,GROWTH,2025-05-21
359,Janaki Varghese,ibasu@example.org,2359634726,Delhi,GROWTH,2024-07-04
360,Siya Thakur,umistry@example.net,9391652773,Pune,NEW,2024-07-20
361,Caleb Verma,ubrar@example.net,4036480025,Kolkata,GROWTH,2024-09-24
362,Tara Balasubramanian,christophersodhi@example.com,6765172775,Jaipur,VALUE,2025-02-17
363,Varenya Ratti,ekbalkale@example.net,2365564414,Mumbai,VALUE,2024-05-17
364,Hritik Swaminathan,mparsa@example.org,1590382403,Jaipur,NEW,2025-12-23
365,Ethan Buch,prabhulaban@example.com,8343644566,Delhi,NEW,2025-08-24
366,Manbir Bhatti,girishbanerjee@example.com,6695804940,Chennai,NEW,2025-12-13
367,Anvi Nair,fitan44@example.org,6515717923,Hyderabad,GROWTH,2026-04-13
368,Chaitaly Setty,daraalexander@example.com,4928445507,Bengaluru,PREMIUM,2025-06-24
369,Hardik Contractor,mallbhavini@example.com,8037944000,Delhi,NEW,2024-11-21
370,Qushi Seth,lavanyamohan@example.com,8977903649,Kolkata,VALUE,2026-05-30
371,Odika Nori,rmuni@example.org,2169689286,Bengaluru,VALUE,2025-05-24
372,Mohini Sagar,ekapadsrinivas@example.org,9348596357,Pune,NEW,2025-02-21
373,Dhriti Sane,patilutkarsh@example.org,5260579481,Hyderabad,VALUE,2025-01-09
374,Aadhya Prasad,aradhanaseshadri@example.org,0015447512,Bengaluru,GROWTH,2024-02-05
375,Urvi Bhavsar,bsibal@example.org,7984800203,Jaipur,PREMIUM,2026-05-10
376,Frederick Chander,bathsamesh@example.net,7896178322,Delhi,PREMIUM,2026-01-07
377,Gopal Pradhan,upkaar44@example.net,5573222232,Pune,VALUE,2025-09-21
378,Darpan Narayan,vpatla@example.net,5426988320,Pune,PREMIUM,2024-07-18
379,Nirja Pandya,odika18@example.net,4234839061,Hyderabad,VALUE,2026-04-15
380,Charan Mani,soniyauvani@example.com,7278573023,Bengaluru,NEW,2024-06-07
381,Indira Chawla,dejack@example.com,7714673390,Delhi,VALUE,2024-08-05
382,Mohammed Subramaniam,xalakkumer@example.org,7018327403,Jaipur,PREMIUM,2024-03-04
383,Hritik Palla,osarkar@example.net,7434188157,Jaipur,PREMIUM,2024-09-16
384,Ishwar Mallick,vrittimani@example.net,0218645982,Mumbai,VALUE,2024-10-22
385,Pushti Bal,kadetanish@example.org,5176386189,Delhi,VALUE,2025-12-16
386,Ayush Gole,olivergrewal@example.org,0303253555,Delhi,PREMIUM,2024-10-20
387,Dayamai Nori,aishani80@example.com,9720560064,Delhi,VALUE,2026-05-10
388,Abeer Golla,mannshravya@example.org,2597396707,Kolkata,VALUE,2024-09-29
389,Nandini Boase,munitejas@example.com,1130322323,Jaipur,GROWTH,2025-04-17
390,Azaan Chand,dmukherjee@example.com,7453656026,Mumbai,NEW,2025-06-17
391,Krisha Saini,akumer@example.com,1638245962,Pune,GROWTH,2026-01-16
392,Harita Dugar,kantneha@example.com,2484396099,Mumbai,GROWTH,2025-11-07
393,Devika Nair,zpandit@example.org,9105150710,Bengaluru,NEW,2026-02-19
394,Charles Dugal,senguptakrishna@example.net,3598515320,Chennai,GROWTH,2026-04-23
395,Chandran Bumb,neeldubey@example.org,5342495015,Pune,GROWTH,2024-04-15
396,Saanvi Samra,joshuadara@example.net,6486157799,Kolkata,GROWTH,2024-03-25
397,Riya Sachdeva,yahvisagar@example.net,9649289638,Delhi,VALUE,2025-02-08
398,Tanveer Vala,vasanalal@example.com,8012669930,Mumbai,VALUE,2024-05-15
399,Hemani Sani,poojalal@example.net,6424944282,Bengaluru,PREMIUM,2025-03-20
400,Bhanumati Sur,sameshhora@example.org,2551266917,Bengaluru,VALUE,2025-06-14
401,Chakradev Kannan,jagvi96@example.net,9721369086,Jaipur,PREMIUM,2024-09-05
402,Christopher Amble,balhaarratti@example.com,9631650124,Kolkata,VALUE,2024-03-29
403,Charvi Kakar,rbali@example.net,4176097137,Bengaluru,GROWTH,2026-05-18
404,Aadhya Mann,vincent12@example.org,8640470420,Jaipur,VALUE,2024-11-29
405,Jagdish Amble,aishani35@example.net,7863594301,Hyderabad,GROWTH,2026-01-25
406,Qushi Gill,gavin18@example.net,1535431870,Chennai,PREMIUM,2025-07-16
407,Lajita Walia,rachita51@example.org,2162593224,Hyderabad,GROWTH,2025-08-18
408,Xiti Pandya,pratyush10@example.com,7493834162,Mumbai,VALUE,2025-12-03
409,Mekhala Basak,unnichakrabarti@example.com,8744029133,Jaipur,VALUE,2024-08-26
410,Anirudh Sharaf,mohantyumang@example.com,0392191658,Delhi,NEW,2024-07-14
411,Dhriti Sanghvi,girish16@example.net,8551299866,Mumbai,VALUE,2026-06-16
412,Omisha Mann,inaya58@example.net,5830976904,Mumbai,PREMIUM,2025-08-24
413,Nidhi Bail,aarna21@example.net,7731885937,Bengaluru,VALUE,2024-09-20
414,Onveer Sharma,xalakhora@example.org,5940953324,Mumbai,VALUE,2025-08-04
415,Gaurang Sarkar,nimrathari@example.net,6984433890,Delhi,PREMIUM,2024-12-20
416,Yagnesh Sarin,knayar@example.com,1278066448,Pune,GROWTH,2026-02-12
417,Farhan Randhawa,vrindaratta@example.com,8926855127,Jaipur,VALUE,2025-04-02
418,Harinakshi Kant,fvenkatesh@example.com,6063705545,Delhi,NEW,2024-10-09
419,Om Bose,kpau@example.org,4142386145,Bengaluru,VALUE,2025-09-13
420,Yashvi Hari,pavani13@example.com,3822581401,Chennai,GROWTH,2025-11-06
421,Indali Divan,sunderaarini@example.net,5044281645,Jaipur,GROWTH,2024-12-01
422,Harshil Dhingra,palthomas@example.net,0635519726,Pune,GROWTH,2025-11-07
423,Rudra Ghose,mishrapraneel@example.com,5658247682,Kolkata,PREMIUM,2024-07-29
424,Faqid Goel,mde@example.org,9722050116,Chennai,VALUE,2024-08-03
425,Ucchal Sen,surinidra@example.org,8496777619,Hyderabad,NEW,2026-01-13
426,Diya Dora,ayaan01@example.org,6377555794,Mumbai,GROWTH,2025-07-13
427,Ekansh Singh,kapurhitesh@example.com,6671162535,Kolkata,NEW,2024-02-01
428,Chavvi Maharaj,aadi44@example.org,8629187937,Kolkata,NEW,2025-08-30
429,Indira Tripathi,nitarakrishnamurthy@example.com,2751315862,Delhi,NEW,2024-10-02
430,Dayita Shenoy,falanlal@example.net,8947785407,Pune,GROWTH,2024-09-03
431,Baljiwan Bhandari,chahalaarnav@example.net,9341123646,Delhi,GROWTH,2025-01-16
432,Bhavini Bose,zchatterjee@example.com,6967206474,Pune,GROWTH,2025-02-10
433,Yashica Rajagopalan,triveni90@example.com,3750160557,Kolkata,PREMIUM,2026-03-13
434,Benjamin Sengupta,oommenvasana@example.org,1237287357,Mumbai,GROWTH,2025-01-27
435,Ekanta Soni,rajsuhani@example.net,4296539990,Hyderabad,PREMIUM,2024-09-24
436,David Seshadri,qshenoy@example.org,1774168674,Delhi,VALUE,2025-11-27
437,Hemal Chad,lseth@example.org,1516008044,Chennai,NEW,2025-05-03
438,Balveer Kota,cdani@example.org,5100670760,Jaipur,VALUE,2024-01-01
439,Reva Viswanathan,taragolla@example.com,0073415274,Delhi,NEW,2025-07-22
440,Januja Pradhan,udarsh20@example.com,3309438018,Hyderabad,VALUE,2025-03-26
441,Lila Rege,ksarna@example.com,3741260026,Jaipur,VALUE,2025-06-01
442,Charles Natt,upasna15@example.com,1894206248,Bengaluru,NEW,2024-06-14
443,Forum Chandra,khayre@example.com,0282536552,Mumbai,NEW,2025-03-06
444,Bhanumati Krishnan,hamble@example.org,8480302515,Hyderabad,PREMIUM,2025-08-05
445,Gauri Bumb,darika91@example.com,9546723904,Chennai,NEW,2025-09-01
446,Inaya Mukherjee,ojha@example.org,0711383514,Pune,VALUE,2025-09-04
447,Kai Chad,lagrawal@example.com,7658488547,Bengaluru,NEW,2026-06-16
448,Krisha Narasimhan,niharika88@example.net,9348673702,Jaipur,GROWTH,2025-03-27
449,Girik Sampath,cbhatnagar@example.net,1743264172,Chennai,GROWTH,2025-01-21
450,Andrew Patil,urvi35@example.net,4588501829,Bengaluru,GROWTH,2025-05-02
451,Pranit Kala,lsrinivas@example.com,0102639001,Jaipur,VALUE,2024-10-23
452,Vedika Handa,robertroy@example.com,3948834039,Jaipur,GROWTH,2024-10-10
453,Laksh Dubey,watika02@example.com,7187297034,Hyderabad,PREMIUM,2025-09-13
454,Chakrika Chaudhuri,masonsuri@example.com,0244694397,Delhi,VALUE,2024-10-08
455,Gayathri Deep,zsamra@example.com,7798304214,Chennai,NEW,2025-11-05
456,Mitesh Gaba,vlalla@example.com,3321301938,Chennai,GROWTH,2025-11-01
457,Noah Sarma,yram@example.net,6723561194,Mumbai,VALUE,2026-05-08
458,Nirja Patla,alka71@example.com,7562978823,Pune,GROWTH,2024-04-28
459,Sachi Mane,william47@example.com,8444690488,Kolkata,VALUE,2024-11-22
460,Vivaan Walla,balendra24@example.org,4716880177,Delhi,VALUE,2025-11-25
461,Dayamai Singh,wyatt77@example.org,9654065002,Pune,PREMIUM,2025-01-21
462,Jhalak Sastry,mahajanmitali@example.com,1407714210,Mumbai,VALUE,2025-08-12
463,Baghyawati Raja,aarnanatarajan@example.org,1371834979,Pune,VALUE,2025-10-23
464,Neel Iyengar,ridhipalla@example.com,0807785859,Hyderabad,PREMIUM,2026-03-07
465,Zashil Ben,subramaniamabhimanyu@example.com,8921769603,Delhi,VALUE,2024-07-22
466,Kamya Chauhan,tarakissac@example.net,8626461615,Jaipur,NEW,2024-08-22
467,Bhavani Chacko,neha93@example.org,0503509078,Mumbai,PREMIUM,2025-02-27
468,Anjali Sengupta,kotaniharika@example.net,0767034700,Chennai,VALUE,2025-03-31
469,Rajeshri Chand,vmitter@example.net,7464622507,Mumbai,GROWTH,2026-03-25
470,Shravya Palla,malhotraayush@example.com,1989383593,Jaipur,VALUE,2024-02-05
471,Oeshi Bera,tarakadakia@example.org,9707199257,Pune,GROWTH,2024-08-08
472,Yadavi Prakash,gagan50@example.net,1440342875,Kolkata,VALUE,2026-04-01
473,Libni Bumb,lkamdar@example.net,1017660279,Hyderabad,NEW,2025-07-07
474,Udarsh Bala,ayushman51@example.org,5409856910,Hyderabad,VALUE,2025-08-30
475,Hardik Nayak,nikitapatel@example.net,8100334539,Pune,PREMIUM,2024-08-12
476,Laksh Barad,siyasankaran@example.org,2216598115,Kolkata,VALUE,2025-07-14
477,Urmi Dewan,bishakharana@example.com,6789537928,Kolkata,VALUE,2024-11-28
478,Saumya Ahluwalia,prisha46@example.com,8248172971,Delhi,GROWTH,2025-10-21
479,Anirudh Kunda,kotatejas@example.org,8250843421,Pune,GROWTH,2024-03-22
480,Mason Wable,yhegde@example.net,8829145470,Delhi,NEW,2024-09-12
481,Indrajit Mani,hlalla@example.com,2125954324,Bengaluru,VALUE,2025-08-03
482,Charvi Dara,chatreshmander@example.org,2078105089,Kolkata,VALUE,2025-06-27
483,William Saini,chakrabartiansh@example.org,8167233693,Bengaluru,GROWTH,2026-01-26
484,Dev Choudhry,csarin@example.com,3851534356,Kolkata,GROWTH,2025-12-21
485,Amol Varma,narangishwar@example.com,5409461745,Hyderabad,NEW,2024-01-13
486,Maanas Manne,zarna49@example.com,8018715130,Mumbai,NEW,2024-03-22
487,Aarav Pandit,msingh@example.net,0961299262,Bengaluru,NEW,2024-11-14
488,Omaja Grover,warinderbains@example.com,5797764237,Chennai,VALUE,2026-05-12
489,Jalsa Bir,lallzayan@example.org,7904755230,Kolkata,GROWTH,2025-03-05
490,Madhavi Singhal,sanya54@example.net,1232900112,Chennai,PREMIUM,2026-03-13
491,Lila Prakash,lwable@example.org,1582212151,Jaipur,VALUE,2024-02-23
492,Amol Parikh,arin52@example.com,9895066593,Kolkata,PREMIUM,2026-05-16
493,Hemani Khosla,grewalunni@example.org,0081452860,Kolkata,VALUE,2024-02-24
494,Gaurangi Deol,ewable@example.com,1744707495,Chennai,VALUE,2025-12-28
495,Indira Nigam,dsinghal@example.com,9897639160,Bengaluru,NEW,2026-02-28
496,Ucchal Srinivas,darnathaniel@example.net,1658701529,Hyderabad,VALUE,2024-09-21
497,Krishna Bhatnagar,williamrastogi@example.org,5416785304,Delhi,NEW,2024-09-27
498,Balhaar Memon,imarandatta@example.org,5981863243,Bengaluru,VALUE,2025-06-07
499,Caleb Iyengar,qshenoy@example.com,1127481626,Jaipur,VALUE,2025-10-11
500,Diya Mukherjee,harsh33@example.com,0566059993,Hyderabad,VALUE,2024-04-18
501,Urvashi Kulkarni,ctella@example.org,4656382569,Delhi,VALUE,2024-08-01
502,Rayaan Mangal,yashasvi07@example.net,6197681389,Pune,GROWTH,2025-11-09
503,Champak Narula,basunidhi@example.net,8740289936,Jaipur,VALUE,2025-12-27
504,Jeet Pillai,jagat06@example.com,1908578825,Kolkata,GROWTH,2024-05-18
505,Mugdha Sarraf,tandonbalendra@example.com,0865207748,Bengaluru,NEW,2026-03-11
506,Harinakshi Grover,charvisastry@example.net,6378116909,Hyderabad,GROWTH,2026-02-19
507,Widisha Pillai,yauvani30@example.org,2855779748,Chennai,VALUE,2026-02-20
508,Fitan Samra,zansi57@example.org,2286198272,Mumbai,GROWTH,2024-08-04
509,Qushi Gole,qnarasimhan@example.com,7682996728,Bengaluru,PREMIUM,2025-08-25
510,Ekani Chauhan,manneadweta@example.net,8680428878,Mumbai,GROWTH,2024-05-24
511,Falak Merchant,varenyagoyal@example.net,7241954157,Jaipur,VALUE,2024-06-25
512,Sanaya Sandhu,anneranbir@example.org,6967289257,Pune,GROWTH,2024-03-04
513,Sachi Panchal,ptoor@example.net,1465998314,Kolkata,GROWTH,2025-03-19
514,Brijesh Pandit,pkunda@example.net,3218931530,Kolkata,VALUE,2025-10-02
515,Anvi Bhandari,sanghawaida@example.net,4833880671,Jaipur,VALUE,2024-06-27
516,Nidra Patla,yadavi44@example.com,2518697566,Delhi,NEW,2024-06-16
517,Azaan Dhar,muttitanveer@example.org,2409758613,Jaipur,VALUE,2024-09-06
518,Bakhshi Date,quincybandi@example.com,4950044185,Delhi,VALUE,2024-06-26
519,Warinder Peri,rajata05@example.org,3079843634,Hyderabad,VALUE,2026-01-19
520,Leela Bali,hbhagat@example.net,6588793404,Chennai,GROWTH,2024-06-01
521,Shivani Prabhakar,nathan30@example.org,8413707870,Bengaluru,GROWTH,2024-09-07
522,Sachi Bose,mraj@example.org,4118260606,Mumbai,VALUE,2024-10-02
523,Jeevika Rao,gandhiyatan@example.com,9764670574,Mumbai,GROWTH,2024-07-01
524,Arya Krish,qpandit@example.org,0800018260,Kolkata,PREMIUM,2026-04-27
525,Atharv Grewal,ayushmansarraf@example.net,1990688709,Bengaluru,VALUE,2024-07-07
526,Zarna Ram,panditanvi@example.org,2326634564,Bengaluru,NEW,2025-03-13
527,Adweta Lad,ubikajoshi@example.org,7942592202,Jaipur,VALUE,2025-05-24
528,Tanish Mangal,dalalmadhav@example.net,2076435932,Mumbai,VALUE,2024-08-22
529,Ryan Das,tanveer18@example.com,7015774416,Jaipur,NEW,2025-02-28
530,Ethan Seth,bainsbrinda@example.org,5984847169,Jaipur,NEW,2024-06-02
531,Sai Chahal,farhanwali@example.org,5682681415,Chennai,VALUE,2025-03-10
532,Idika Bhattacharyya,rajagopalanzansi@example.org,5700401733,Mumbai,NEW,2024-01-18
533,Charita Dugar,mitrajeet@example.net,1286131883,Mumbai,GROWTH,2025-01-30
534,Janaki Trivedi,khannadaksh@example.com,0160161995,Bengaluru,VALUE,2024-11-24
535,Jairaj Iyer,bhavna73@example.net,3525370942,Chennai,NEW,2024-11-11
536,Warjas Tak,sachi79@example.com,4408099589,Mumbai,PREMIUM,2024-04-09
537,Jalsa Pillay,masonmadan@example.net,5496308397,Hyderabad,VALUE,2026-06-17
538,Kai Chadha,falak38@example.org,8833895349,Delhi,GROWTH,2024-01-25
539,Dayamai Rao,frado82@example.com,3986493544,Chennai,GROWTH,2024-05-11
540,Nirja Rout,raghavvarma@example.org,7554538822,Delhi,VALUE,2024-04-02
541,Jeremiah Nadig,imaharaj@example.net,7089574382,Pune,NEW,2026-05-29
542,Shivani Shukla,guneet85@example.org,8275987680,Delhi,GROWTH,2024-10-13
543,Kabir Gopal,janya76@example.net,0513146929,Mumbai,GROWTH,2025-01-22
544,Rachita Thakkar,nayarhamsini@example.net,3458723636,Mumbai,GROWTH,2025-11-06
545,Jeet Vasa,kohlichatresh@example.net,9811457587,Kolkata,GROWTH,2024-02-15
546,Daksha Gala,sampathfalguni@example.com,5074511524,Delhi,VALUE,2024-03-01
547,Ekantika Kar,yachana76@example.org,1000300352,Hyderabad,NEW,2024-06-13
548,Zilmil Mander,alexander48@example.net,2863249487,Chennai,GROWTH,2025-09-02
549,Zashil Hegde,ishwar50@example.net,0298455828,Chennai,PREMIUM,2026-05-30
550,Jeremiah Mitter,aadhyamani@example.com,7270189138,Pune,GROWTH,2025-07-12
551,Yadavi Ganguly,benjamin35@example.org,7283606966,Kolkata,VALUE,2026-02-23
552,Onveer Nazareth,msachar@example.com,8794931733,Hyderabad,VALUE,2026-03-04
553,Ayush Bumb,indira93@example.com,2480727435,Kolkata,GROWTH,2024-09-05
554,Alka Kade,yashoda81@example.org,2874342050,Bengaluru,VALUE,2024-06-14
555,Azaan Tank,michaelsekhon@example.com,5083450373,Jaipur,PREMIUM,2024-05-24
556,Chasmum Subramanian,charita77@example.net,6925261751,Chennai,NEW,2025-12-15
557,Nidra Mishra,rtailor@example.com,2870021361,Pune,VALUE,2025-08-25
558,Elijah Bhasin,kalamander@example.net,3239874451,Jaipur,VALUE,2026-02-17
559,Ria Sagar,dateteerth@example.net,0786607644,Kolkata,PREMIUM,2025-04-01
560,Ucchal Jani,sdivan@example.net,7713599233,Kolkata,VALUE,2026-05-28
561,Maanas Munshi,vasudhasinghal@example.net,1186054231,Chennai,NEW,2026-03-15
562,Hemani Rastogi,badalwakeeta@example.org,5748946674,Delhi,GROWTH,2025-12-28
563,Kamala Varma,ganga59@example.com,5751943425,Hyderabad,VALUE,2025-12-23
564,Eiravati Khurana,omaja74@example.net,0851154947,Mumbai,VALUE,2024-04-21
565,Jason Loke,sarinpooja@example.org,5342542288,Jaipur,NEW,2025-11-01
566,Yug Dhaliwal,haritasama@example.net,0297480579,Mumbai,VALUE,2026-05-02
567,Chandresh Mannan,jdalal@example.com,3520188976,Mumbai,PREMIUM,2024-09-19
568,Omya Kothari,timothy50@example.org,6302866535,Mumbai,VALUE,2026-01-03
569,Falak Munshi,csankar@example.com,7917214868,Pune,VALUE,2024-11-11
570,Nathaniel Tara,prashadcharvi@example.org,5151093466,Chennai,NEW,2024-07-10
571,Wishi Morar,michaelswaminathan@example.org,4808127274,Jaipur,VALUE,2025-10-19
572,Arin Chana,xranganathan@example.org,1156631108,Hyderabad,VALUE,2024-05-28
573,Yashasvi Shankar,mandaljhalak@example.org,7939381240,Bengaluru,GROWTH,2025-03-09
574,Tanveer Pandit,anyachauhan@example.com,6964846159,Delhi,NEW,2026-04-22
575,Chandresh Manda,bhallaharinakshi@example.com,5297173043,Delhi,VALUE,2024-05-21
576,Upma Mangal,gayathri83@example.com,5093106173,Bengaluru,VALUE,2024-05-20
577,Hritik Sankar,ishani95@example.com,1777216640,Jaipur,NEW,2026-04-28
578,Aishani Pau,hgrover@example.com,9534547972,Chennai,PREMIUM,2025-11-30
579,Jasmit Bath,samarpradhan@example.net,7259561689,Jaipur,NEW,2025-02-19
580,Charan Hayer,asachdeva@example.net,0148102703,Delhi,PREMIUM,2024-12-30
581,Bhavya Borah,parekhabhimanyu@example.com,7610527237,Delhi,PREMIUM,2026-05-17
582,Yamini Seshadri,balanyadavi@example.com,4778015260,Kolkata,GROWTH,2025-10-13
583,Jagat Dave,memonsai@example.org,9935883978,Delhi,VALUE,2026-03-28
584,Meera Prakash,xchakrabarti@example.com,6659144450,Delhi,PREMIUM,2024-03-23
585,Jasmit Dhawan,xnagi@example.org,2489142742,Hyderabad,PREMIUM,2025-04-22
586,Yashodhara Ratti,shanvincent@example.org,5965458273,Jaipur,NEW,2025-10-14
587,Chakradev Barad,crajagopal@example.net,1689394241,Pune,GROWTH,2024-02-02
588,Gauri Som,ekapadsalvi@example.org,8900606708,Delhi,VALUE,2025-04-05
589,Manthan Varma,aryan10@example.com,0828330092,Kolkata,GROWTH,2024-02-20
590,Falak Nagar,ronith91@example.org,2892570267,Kolkata,GROWTH,2026-03-21
591,Maya Mistry,pinglesamarth@example.org,5715773175,Kolkata,GROWTH,2025-09-04
592,Yashica Upadhyay,edwinnidra@example.com,8690361843,Jaipur,PREMIUM,2024-06-18
593,Chandani Soman,baliranveer@example.net,2983369195,Mumbai,GROWTH,2025-04-14
594,Jyoti Narula,teerthsant@example.org,0030564415,Jaipur,VALUE,2024-04-08
595,Omaja Morar,lbasak@example.org,4828758331,Bengaluru,GROWTH,2025-12-24
596,Urvi Lanka,saravenkataraman@example.org,2157320836,Kolkata,GROWTH,2024-06-25
597,Charan Srinivasan,waliasiddharth@example.net,8794731109,Chennai,NEW,2025-06-30
598,Lajita Divan,bhanumati78@example.org,8161133628,Kolkata,GROWTH,2024-03-11
599,Azad Choudhary,bsethi@example.com,1589671965,Pune,GROWTH,2024-05-22
600,Anirudh Sastry,anjalideshmukh@example.net,2669803273,Pune,GROWTH,2026-06-01
601,Omya Doshi,kaulchandani@example.net,6290913741,Chennai,GROWTH,2024-12-13
602,Samar Roy,grewalchaitaly@example.org,7567350822,Kolkata,VALUE,2024-04-20
603,David Devi,ssaran@example.com,0192490748,Pune,NEW,2025-09-21
604,Ekta Sridhar,manthan64@example.com,8335672071,Mumbai,NEW,2024-06-29
605,Dipta Ghose,kurianubika@example.net,7342722089,Kolkata,GROWTH,2025-06-14
606,Hema Pandya,ojastalwar@example.net,1517489862,Chennai,GROWTH,2025-12-29
607,Veda Handa,pray@example.com,7364389415,Bengaluru,VALUE,2025-09-07
608,Arya Misra,zarna18@example.com,0290166515,Chennai,GROWTH,2024-08-10
609,Chameli Mani,rmittal@example.net,7234366647,Jaipur,GROWTH,2024-08-01
610,Vrinda Nadig,deeparama@example.net,5033504680,Kolkata,PREMIUM,2024-07-19
611,Ikshita Mahal,tchakrabarti@example.com,6509603075,Kolkata,VALUE,2025-07-22
612,Jairaj Raghavan,ykalla@example.net,9632299194,Hyderabad,PREMIUM,2025-08-28
613,Hemani Dhingra,zaid15@example.com,4339971236,Kolkata,VALUE,2025-04-13
614,Brijesh Mani,traval@example.net,9377061987,Hyderabad,PREMIUM,2024-12-24
615,Hiral Sathe,rohanmallick@example.org,1669934105,Pune,GROWTH,2024-02-25
616,Varenya Kala,kritikaapte@example.net,4274207842,Pune,VALUE,2026-01-21
617,Anika Magar,xloyal@example.net,3756486714,Mumbai,GROWTH,2025-08-17
618,Ikbal Khatri,aramakrishnan@example.net,6175908870,Bengaluru,NEW,2025-07-28
619,Chandresh Wali,daraqabil@example.org,8828160253,Delhi,GROWTH,2024-04-03
620,Viraj Ben,xavierdeshpande@example.com,1022013921,Mumbai,VALUE,2024-09-16
621,Odika Narayanan,iswaminathan@example.org,2893709972,Hyderabad,GROWTH,2024-09-30
622,Harish Devan,karaunni@example.org,9330023285,Hyderabad,VALUE,2025-06-22
623,Nakul Ray,vedikamadan@example.org,0062241748,Mumbai,GROWTH,2025-12-09
624,Vansha Iyengar,nbhatt@example.net,4988247690,Hyderabad,GROWTH,2026-02-18
625,Ekani Mangal,tswamy@example.net,7699904508,Chennai,VALUE,2025-04-14
626,Gaurav Kata,warhi83@example.org,9278297253,Mumbai,GROWTH,2024-11-24
627,Parth Sahni,forum59@example.com,4537401268,Bengaluru,PREMIUM,2025-01-02
628,Balhaar Ranganathan,shivani65@example.com,6432065931,Bengaluru,PREMIUM,2025-10-24
629,Quincy Mann,dagate@example.com,8279065457,Chennai,VALUE,2024-10-13
630,Aditya Misra,ekalinga26@example.net,4132366162,Bengaluru,VALUE,2025-01-09
631,Gautami Mane,qsamra@example.net,8197334945,Pune,GROWTH,2025-12-08
632,Wakeeta Desai,aishani36@example.org,2420526738,Bengaluru,VALUE,2025-05-03
633,Anjali Hans,unnibansal@example.com,6131876395,Hyderabad,GROWTH,2025-02-24
634,Ganga Gaba,qchhabra@example.com,2026788695,Hyderabad,VALUE,2025-10-22
635,Aarini Grewal,reyansh44@example.org,5702730382,Mumbai,VALUE,2024-09-16
636,Geetika Merchant,bhatbishakha@example.org,3901108009,Pune,PREMIUM,2024-02-24
637,Parth Ravi,uppalraagini@example.com,0388781514,Mumbai,VALUE,2025-12-10
638,Yutika Narang,tamanna15@example.org,6540162429,Bengaluru,PREMIUM,2025-02-13
639,Nandini Chandran,krisheshana@example.org,8709791542,Kolkata,VALUE,2024-10-19
640,Logan Sood,wableidika@example.net,2837158754,Jaipur,GROWTH,2024-03-26
641,Yuvraj Ahuja,oaknilima@example.com,2424660472,Pune,GROWTH,2026-04-13
642,Leela Keer,keerudarsh@example.com,2209001431,Jaipur,PREMIUM,2025-10-14
643,Amara Narayan,chandran81@example.net,9706704302,Kolkata,PREMIUM,2024-09-03
644,Advay Lal,raghav22@example.net,5080542335,Hyderabad,GROWTH,2025-07-01
645,Warinder Bhatia,asampath@example.net,1813428815,Kolkata,GROWTH,2025-02-21
646,Udyati Mohanty,quincysuri@example.net,9905379991,Bengaluru,VALUE,2024-10-21
647,Nidra Thakkar,mallickkabir@example.org,8768418162,Hyderabad,GROWTH,2024-10-07
648,Jacob Merchant,gopalagarwal@example.com,3624341917,Chennai,VALUE,2024-03-09
649,Timothy Kanda,tiwarifaras@example.net,2954405546,Jaipur,GROWTH,2026-05-27
650,Vanya Dua,cbassi@example.com,7006268610,Kolkata,VALUE,2026-04-13
651,Kashvi Sagar,jonathanbumb@example.net,6077989896,Hyderabad,NEW,2026-02-22
652,Tejas Kota,ikshita74@example.net,4333989852,Pune,GROWTH,2024-10-10
653,Sanya Wable,npathak@example.net,4962525580,Mumbai,GROWTH,2026-06-16
654,Faras Choudhury,nathkevin@example.com,9531313521,Kolkata,GROWTH,2024-09-04
655,Yashasvi Jain,goleindali@example.net,5174319262,Chennai,VALUE,2026-01-12
656,Nitesh Narang,hchandran@example.com,1457265425,Chennai,VALUE,2024-03-31
657,Jackson Jha,edhithathakur@example.org,1946116081,Kolkata,NEW,2024-10-06
658,Gavin Uppal,muniabeer@example.net,2548615085,Pune,PREMIUM,2025-06-03
659,Christopher Setty,usrinivas@example.net,8030615471,Delhi,VALUE,2026-05-21
660,Yochana Sagar,jatin30@example.com,0371311942,Bengaluru,PREMIUM,2024-08-27
661,Dalbir Shere,aptemichael@example.org,3666063287,Mumbai,GROWTH,2025-01-24
662,Anthony Randhawa,rattitamanna@example.com,5945606955,Pune,VALUE,2026-01-28
663,Aarush Kamdar,sai71@example.com,2427509016,Delhi,GROWTH,2025-03-01
664,Chakradev Sampath,jkhare@example.org,4431623003,Mumbai,VALUE,2025-09-06
665,Devansh Bhasin,yatan19@example.org,2082350968,Chennai,VALUE,2025-01-11
666,Urmi Balay,pmanda@example.org,1149638676,Pune,PREMIUM,2024-01-04
667,Nilima Gole,odikasandal@example.com,1219170622,Chennai,VALUE,2024-09-11
668,Osha Prasad,mitali02@example.org,2603200390,Kolkata,NEW,2025-05-24
669,Saumya Purohit,neelimachadha@example.com,4259428398,Jaipur,PREMIUM,2024-01-18
670,Faris Zacharia,harinakshi80@example.com,0597012442,Mumbai,NEW,2024-07-27
671,Ijaya Dani,zashilsetty@example.com,5673229171,Jaipur,GROWTH,2026-05-07
672,Maya Wadhwa,hamsini26@example.com,9554093436,Chennai,NEW,2024-01-14
673,Udant Aggarwal,chaturakhurana@example.com,4803066569,Pune,GROWTH,2024-08-10
674,Chanchal Sheth,jbhandari@example.com,3875567613,Delhi,GROWTH,2025-07-11
675,Ladli Karpe,isaiah00@example.com,3344304714,Chennai,GROWTH,2025-05-21
676,Triveni Pal,csura@example.com,5139541491,Pune,NEW,2024-07-03
677,Anya Gulati,nagarturvi@example.org,2842561962,Chennai,VALUE,2024-02-23
678,Azad Saini,gokhalefiyaz@example.net,2513772769,Delhi,GROWTH,2026-03-20
679,Wridesh Jhaveri,rajagopalsudiksha@example.net,9084831034,Chennai,PREMIUM,2025-05-10
680,Harrison Bandi,pranitkhosla@example.com,3074982097,Jaipur,GROWTH,2025-05-31
681,Chanakya Konda,victorkashyap@example.org,7888901226,Pune,NEW,2024-02-21
682,Neelima Sarna,anjali84@example.net,9062944205,Mumbai,GROWTH,2024-07-07
683,Teerth Bhalla,finn65@example.com,6571287533,Jaipur,VALUE,2024-03-06
684,Yahvi Mann,sathechaman@example.org,1360494742,Jaipur,GROWTH,2026-05-31
685,Eiravati Nagi,hritikwable@example.org,4827189804,Mumbai,GROWTH,2025-11-23
686,Chasmum Dhar,divananika@example.org,2962584707,Kolkata,VALUE,2025-05-06
687,Odika Mital,alanka@example.net,9995905304,Hyderabad,VALUE,2025-09-04
688,Darsh Gill,ganga19@example.org,4063959070,Chennai,VALUE,2024-05-28
689,Warhi Batta,bakhshimodi@example.org,0733973510,Hyderabad,PREMIUM,2026-06-08
690,Lakshmi Vohra,naidudalaja@example.net,3186839859,Kolkata,NEW,2025-04-10
691,Omaja Rege,muttiguneet@example.org,6663918900,Jaipur,GROWTH,2025-04-09
692,Charita Puri,ranveermane@example.com,7321895141,Kolkata,VALUE,2026-05-13
693,Urvashi Khosla,yug36@example.org,8607177545,Jaipur,GROWTH,2024-03-27
694,Charita Dhawan,abeermutti@example.com,8680477900,Jaipur,NEW,2025-01-16
695,Dalbir Sachar,chasmum37@example.net,9787191392,Delhi,PREMIUM,2024-03-20
696,Krish Rama,agatebaghyawati@example.org,5946696147,Bengaluru,VALUE,2025-01-17
697,Aadhya Jani,olall@example.com,8926948133,Pune,VALUE,2024-08-28
698,Farhan Sengupta,obali@example.net,4005453042,Chennai,NEW,2025-02-19
699,George Wason,gopalshere@example.org,6651899940,Delhi,NEW,2025-09-23
700,Charan Loyal,ridhi01@example.org,2981687833,Delhi,VALUE,2024-09-09
701,Balveer Bora,omkaar83@example.org,0038589472,Chennai,NEW,2024-02-16
702,Teerth Srinivas,cchanda@example.net,1521983623,Chennai,VALUE,2024-05-25
703,Gaurangi Mitter,lajita81@example.com,2607612420,Mumbai,VALUE,2025-10-06
704,Siddharth Gupta,xsaxena@example.org,6820727999,Mumbai,PREMIUM,2025-06-05
705,Varenya Kibe,girindra73@example.net,0189892662,Mumbai,GROWTH,2026-05-30
706,Mekhala Khatri,azaanbiswas@example.org,4086560022,Chennai,GROWTH,2026-03-15
707,Barkha Rai,janani91@example.com,3493553417,Delhi,NEW,2024-05-25
708,Jagrati Morar,yugborah@example.com,6799368919,Chennai,NEW,2025-10-24
709,Jagvi Varghese,keyamani@example.net,6347774154,Hyderabad,VALUE,2024-03-22
710,Unnati Chaudhari,hbala@example.net,4190128029,Hyderabad,GROWTH,2024-03-27
711,Ekaja Jani,charita06@example.com,2074801559,Pune,PREMIUM,2025-12-14
712,Dhriti Sachdev,isha25@example.net,6522719268,Chennai,GROWTH,2024-12-26
713,Timothy Dhingra,jyotisibal@example.org,0967083388,Pune,NEW,2026-06-16
714,Advika Sahni,xraja@example.org,3382878991,Kolkata,PREMIUM,2024-01-05
715,Michael Hayre,manya20@example.com,2881513699,Jaipur,VALUE,2025-03-28
716,Victor Raghavan,pavani22@example.com,0023977043,Kolkata,VALUE,2024-10-04
717,Xalak Nazareth,duttanirja@example.org,5163888328,Chennai,NEW,2026-06-05
718,Vrinda Swaminathan,leelabhattacharyya@example.org,0575498111,Hyderabad,NEW,2025-08-25
719,Om Pandey,bvala@example.net,6608989112,Mumbai,VALUE,2025-11-25
720,Logan Suresh,balathomas@example.com,1438401154,Chennai,VALUE,2024-09-18
721,Daniel Viswanathan,birarya@example.net,9690070553,Mumbai,PREMIUM,2026-03-16
722,Falan Bava,bhavsarunni@example.org,7718698683,Jaipur,VALUE,2026-01-26
723,Nitara Devan,hegdelaban@example.com,6260949274,Kolkata,VALUE,2025-12-06
724,Ekansh Dora,hganguly@example.org,6968260692,Delhi,NEW,2025-03-05
725,Tejas Tiwari,triya77@example.com,7958830335,Kolkata,NEW,2026-04-09
726,Kashvi Bhasin,chadarunima@example.net,6600285503,Delhi,NEW,2025-08-25
727,Vinaya Babu,sdesai@example.com,0689731736,Pune,PREMIUM,2024-02-29
728,Nisha Arora,harishcheema@example.net,0109459751,Delhi,VALUE,2026-03-06
729,Anvi Wason,prisha96@example.com,0730816348,Hyderabad,NEW,2024-01-19
730,Anay Thakkar,fbala@example.com,0272577261,Pune,VALUE,2025-09-06
731,Praneel Chhabra,eeshapathak@example.com,3612735858,Pune,VALUE,2024-08-12
732,Manthan Khosla,ganeshmanthan@example.org,8228085762,Hyderabad,NEW,2026-03-18
733,Zayyan Pandya,jai35@example.com,9161350248,Jaipur,PREMIUM,2025-10-18
734,Mekhala Brar,triptimandal@example.net,6870880635,Kolkata,NEW,2025-12-28
735,Nidra Sharaf,indirabasu@example.org,0541372829,Mumbai,VALUE,2025-09-21
736,Upkaar Mital,gparikh@example.com,6431695800,Pune,NEW,2025-05-25
737,Azad Chander,zlata@example.net,1602012212,Pune,GROWTH,2026-02-16
738,Ladli Purohit,msolanki@example.com,2387484893,Bengaluru,PREMIUM,2024-09-24
739,Daksh Andra,deisaiah@example.com,2250913578,Pune,NEW,2025-04-20
740,Fitan Tata,glala@example.com,2141570995,Jaipur,GROWTH,2024-09-25
741,Garima Chandran,xalak79@example.org,6059899261,Kolkata,PREMIUM,2024-04-12
742,Victor Kakar,gauri84@example.org,7614943405,Kolkata,GROWTH,2026-02-26
743,Anika Batra,kashishraju@example.net,8194575452,Pune,PREMIUM,2025-03-23
744,Avni Bali,ldash@example.com,2955055241,Bengaluru,NEW,2024-02-18
745,Divya Babu,balendrabuch@example.net,1540992293,Kolkata,PREMIUM,2026-01-12
746,Maanas Rao,davidrai@example.com,9725483545,Bengaluru,VALUE,2026-04-27
747,Chandani Gaba,jdasgupta@example.com,2634855002,Chennai,VALUE,2025-08-18
748,Lopa Zachariah,kchoudhury@example.org,2967828661,Bengaluru,NEW,2024-10-21
749,Leena Dey,ngulati@example.com,9040620943,Bengaluru,NEW,2026-02-12
750,Xiti Pal,baljiwankala@example.net,3013011326,Mumbai,NEW,2025-10-26
751,Guneet Sarkar,korpalvanya@example.net,8496668673,Jaipur,VALUE,2024-09-13
752,Faqid Oak,balveernagi@example.net,3912219043,Mumbai,GROWTH,2024-10-24
753,Eta Balan,iwali@example.net,9043644469,Delhi,PREMIUM,2026-06-08
754,Shravya Swaminathan,oprakash@example.org,1067099053,Jaipur,PREMIUM,2026-05-07
755,Ishani Prashad,garima26@example.net,1518710404,Chennai,VALUE,2025-08-31
756,Quincy Rai,chatreshdeshpande@example.net,3898922840,Hyderabad,GROWTH,2024-02-02
757,Chakrika Koshy,vritti47@example.net,9057358054,Pune,VALUE,2024-07-25
758,Fitan Loyal,comarquincy@example.net,8927500692,Hyderabad,GROWTH,2024-11-13
759,Lajita Dube,nehahegde@example.com,0506748179,Mumbai,VALUE,2025-04-27
760,Edhitha Patel,jason73@example.net,3039375813,Pune,VALUE,2026-02-19
761,Gavin Ahluwalia,joshuadevan@example.net,7099449571,Mumbai,VALUE,2026-02-02
762,Sai Parsa,fitansastry@example.net,1029061691,Chennai,NEW,2024-09-03
763,Harsh Deo,buppal@example.com,1067076967,Jaipur,PREMIUM,2024-04-07
764,Rachit Sankar,kondaaradhana@example.net,2717732685,Jaipur,NEW,2024-09-05
765,Yauvani Reddy,wprakash@example.net,5289416863,Bengaluru,GROWTH,2024-07-30
766,Atharv Chakraborty,muttieshana@example.com,2567678790,Kolkata,GROWTH,2026-03-19
767,Girik Nair,xsubramanian@example.net,6691153405,Chennai,GROWTH,2024-01-13
768,Advik Manne,shankercharita@example.org,9969697686,Hyderabad,GROWTH,2026-01-17
769,Lipika Chad,dasscharvi@example.org,7828160413,Mumbai,GROWTH,2025-08-14
770,Omkaar Rai,eiravati35@example.org,0497038341,Hyderabad,PREMIUM,2024-04-05
771,Liam Luthra,biswasganga@example.com,1557701830,Pune,NEW,2025-09-08
772,Amrita Tailor,azad92@example.com,8245609432,Jaipur,NEW,2025-06-06
773,Dev Ganesh,chandreshmagar@example.net,2239354035,Delhi,VALUE,2024-01-04
774,Anya Sama,guhalajita@example.net,8447278121,Pune,GROWTH,2024-07-20
775,Veda Bose,shravya56@example.org,3515496066,Kolkata,VALUE,2024-11-09
776,Zayan Koshy,ronith39@example.org,4712434683,Jaipur,VALUE,2024-07-12
777,Rohan Shankar,ywason@example.com,9751579800,Hyderabad,PREMIUM,2025-06-04
778,Krishna Modi,vermadivya@example.com,6973606301,Delhi,GROWTH,2025-07-07
779,Meghana Natarajan,rattaanita@example.org,1095927833,Bengaluru,PREMIUM,2024-06-01
780,Forum Sarraf,amaira10@example.net,8345116106,Kolkata,VALUE,2024-04-21
781,Qushi Deshpande,babucharita@example.org,3822262936,Jaipur,NEW,2025-08-12
782,Ekani Iyer,qsom@example.net,4996052048,Pune,NEW,2025-02-26
783,Dipta Goel,ikshitamallick@example.net,6791388515,Delhi,GROWTH,2024-08-26
784,Eiravati Manne,ishwaragarwal@example.org,0948718829,Delhi,NEW,2024-08-18
785,Xavier Nanda,tiwariojasvi@example.net,7661545806,Hyderabad,VALUE,2024-02-05
786,Avni Ramaswamy,kalanachiket@example.net,0136512201,Chennai,PREMIUM,2026-02-07
787,Ishaan Iyengar,kalasen@example.com,6913647259,Delhi,NEW,2026-01-27
788,Avi Shenoy,damyantithakkar@example.net,2122898535,Pune,NEW,2025-05-14
789,Raksha Manne,chaudhurigaurav@example.com,0194267363,Chennai,NEW,2024-11-10
790,Nilima Tata,mbarad@example.com,3104308045,Delhi,GROWTH,2024-07-12
791,Chavvi Khurana,zpingle@example.org,2590475476,Delhi,NEW,2024-10-03
792,Mitesh Sampath,sabharwalbhavini@example.net,3595184691,Hyderabad,PREMIUM,2026-04-13
793,Ethan Sen,leenagrover@example.com,7127199272,Pune,VALUE,2024-03-20
794,Nandini Warrior,ekiya46@example.org,8333306559,Kolkata,VALUE,2026-01-10
795,Balhaar Parsa,gokhalejatin@example.org,5522022796,Hyderabad,PREMIUM,2024-10-01
796,Ikbal Kothari,zashil69@example.net,0128085517,Bengaluru,GROWTH,2024-08-26
797,Ojas Basu,maanaskrish@example.net,3119896835,Jaipur,GROWTH,2025-12-29
798,Garima Sani,aayush71@example.com,5640605643,Hyderabad,NEW,2026-05-14
799,Advaith Chaudhari,chakrikakarnik@example.com,8895091572,Bengaluru,PREMIUM,2026-06-11
800,Tristan Uppal,drajagopal@example.net,3622982250,Hyderabad,GROWTH,2024-08-28
801,Sanaya Prasad,aashi70@example.net,5312358484,Delhi,GROWTH,2025-06-15
802,Ubika Tella,sahnichandresh@example.org,1844462042,Bengaluru,GROWTH,2024-09-20
803,Hemani Bakshi,behlriya@example.net,2731392118,Chennai,PREMIUM,2024-06-23
804,Henry Merchant,hritik63@example.com,8074385729,Jaipur,GROWTH,2024-12-13
805,Frederick D’Alia,falanlad@example.net,6515567337,Pune,GROWTH,2024-02-26
806,Ijaya Muni,goelaadi@example.org,2778765973,Kolkata,PREMIUM,2024-05-28
807,Tamanna Jhaveri,bishakhachhabra@example.com,5705021192,Chennai,PREMIUM,2025-06-19
808,Ijaya Soni,mohini16@example.net,6825170245,Delhi,NEW,2025-09-10
809,Raksha Sethi,nazarethrajata@example.com,4693443222,Hyderabad,VALUE,2024-08-31
810,Ekalinga Mital,wadhwagautami@example.com,1302732204,Jaipur,PREMIUM,2025-05-16
811,Ishwar Bajaj,handatejas@example.net,0045344462,Delhi,GROWTH,2025-11-19
812,Ikbal Gala,radhikaramanathan@example.com,8172724334,Jaipur,VALUE,2026-03-16
813,Zaitra Ghosh,deyzarna@example.com,4844376282,Pune,PREMIUM,2025-05-26
814,Ganga Sandhu,narasimhanraagini@example.net,8482759655,Bengaluru,PREMIUM,2024-08-04
815,Vincent Ravel,jackson79@example.org,9413008710,Kolkata,GROWTH,2025-10-03
816,Quincy Sankaran,urvashi82@example.net,9169318244,Kolkata,PREMIUM,2024-06-02
817,Ayush Hora,narayanpeter@example.net,6656602076,Delhi,VALUE,2024-05-05
818,Pushti Ramachandran,pranav21@example.net,3096127348,Delhi,VALUE,2024-11-18
819,Tanish Jha,chauhanbarkha@example.org,9418442654,Pune,GROWTH,2024-10-22
820,Dev Chaudry,yahvi14@example.org,0575494158,Jaipur,GROWTH,2024-05-11
821,Jasmit Nanda,abhimanyu13@example.net,5022295185,Delhi,PREMIUM,2024-02-17
822,Tanvi Comar,mekhala99@example.org,8116550891,Pune,NEW,2026-05-01
823,Vrishti Wable,maneom@example.com,6991574800,Mumbai,PREMIUM,2025-09-01
824,Lipika Ramanathan,mitesh01@example.org,8026782249,Pune,VALUE,2025-10-07
825,Ijaya Pandey,chokshishravya@example.com,2749784752,Chennai,GROWTH,2024-02-29
826,Orinder Mishra,doshicharan@example.net,5156249937,Delhi,VALUE,2025-12-17
827,Krish Munshi,damyanti69@example.net,2043016042,Pune,PREMIUM,2024-11-24
828,William Mody,xrau@example.net,9972984685,Jaipur,VALUE,2025-11-04
829,Qadim Prakash,ethan82@example.com,0505759975,Kolkata,GROWTH,2025-03-17
830,Yasti Rama,jeetkota@example.net,8819405484,Delhi,PREMIUM,2024-08-06
831,Lakshit Rajagopal,qshankar@example.com,8935805830,Mumbai,PREMIUM,2024-08-24
832,Quincy Sur,sahadevika@example.com,0542602442,Mumbai,VALUE,2024-05-06
833,Ojas Suri,munshirayaan@example.org,8496274368,Hyderabad,VALUE,2026-01-16
834,Logan Grover,balgirish@example.org,7013422355,Mumbai,PREMIUM,2025-01-21
835,Shravya Bera,davidvarughese@example.com,5710620802,Kolkata,GROWTH,2025-12-03
836,Aditya Sundaram,teerthchaudry@example.com,4125886049,Kolkata,VALUE,2026-01-16
837,Robert Rajagopalan,xwalla@example.org,5092011988,Kolkata,NEW,2024-05-30
838,Nilima Swamy,bimalagoswami@example.net,1728270261,Mumbai,GROWTH,2024-10-24
839,Sachi Suresh,advik22@example.net,7976040271,Delhi,GROWTH,2024-04-21
840,Fitan Balasubramanian,megha26@example.com,0084952540,Jaipur,VALUE,2024-01-09
841,Brinda Bali,kibenakul@example.org,8893457649,Bengaluru,GROWTH,2026-06-06
842,Umang Yogi,dhritikoshy@example.com,9269116164,Pune,VALUE,2025-08-17
843,Om Shankar,wyattyadav@example.com,2663188297,Jaipur,VALUE,2025-02-10
844,Yasti Chowdhury,cbaral@example.com,4584851662,Delhi,GROWTH,2024-06-29
845,Amrita Peri,tbalan@example.org,5484524054,Delhi,GROWTH,2025-06-15
846,Ridhi Kamdar,wakeetasandhu@example.net,3142147238,Delhi,NEW,2025-05-03
847,Harsh Kota,tsinghal@example.org,0554402741,Mumbai,NEW,2024-07-19
848,Bachittar Sengupta,isur@example.org,0589207904,Delhi,VALUE,2024-01-14
849,Ijaya Chahal,senhamsini@example.org,3676348528,Kolkata,VALUE,2025-02-26
850,Jacob Khalsa,charles03@example.org,8031201327,Chennai,PREMIUM,2025-04-02
851,Indali Sangha,prabhakarelijah@example.org,5965211778,Jaipur,NEW,2025-12-19
852,Liam Jhaveri,sdhillon@example.com,0593903064,Kolkata,NEW,2024-12-20
853,Daniel Panchal,hemanginimalhotra@example.org,2149290783,Jaipur,VALUE,2024-03-28
854,Om Naik,spal@example.org,7725021098,Mumbai,VALUE,2026-03-03
855,Bimala Loke,lwali@example.net,6084382913,Bengaluru,VALUE,2025-01-07
856,Krishna Sabharwal,pranavsunder@example.com,1187274293,Kolkata,NEW,2025-10-11
857,Aradhana Date,eiravatigoyal@example.org,6136311596,Mumbai,GROWTH,2024-02-08
858,Zaid Dhingra,garayasti@example.net,9178088557,Delhi,GROWTH,2024-02-02
859,Yug Ramaswamy,lakshmihanda@example.net,6253164023,Pune,GROWTH,2024-01-21
860,Lucky Luthra,triptisandhu@example.net,0457412986,Kolkata,VALUE,2025-12-11
861,Keya Seth,sridharbalveer@example.com,9054253170,Jaipur,GROWTH,2024-08-04
862,Girik Rau,vincentpandey@example.com,2178872878,Jaipur,VALUE,2025-12-13
863,Jyoti Sha,farhanverma@example.net,0312354836,Delhi,GROWTH,2026-04-30
864,Falak Agate,wahab11@example.net,9671832395,Kolkata,PREMIUM,2025-08-20
865,Tara Parmar,rgrover@example.org,5595223931,Kolkata,PREMIUM,2026-06-06
866,Mitali Kamdar,eiravatikrish@example.com,5185079722,Pune,VALUE,2026-04-16
867,Siddharth Talwar,wbhandari@example.org,8870898500,Kolkata,NEW,2025-10-12
868,Ekantika Mander,faggarwal@example.com,1320360960,Kolkata,PREMIUM,2025-12-23
869,Kalpit Sundaram,abeer88@example.com,9612690728,Hyderabad,VALUE,2025-06-27
870,Chanakya Batra,mugdha35@example.com,4469690910,Delhi,VALUE,2024-07-16
871,Tripti Babu,athaman@example.net,7980446007,Hyderabad,GROWTH,2024-04-02
872,Nakul Sastry,xdass@example.org,9235920273,Mumbai,VALUE,2024-12-09
873,Aadi Sangha,advaynanda@example.net,8055014430,Delhi,VALUE,2025-03-03
874,Kevin Mittal,elijah94@example.net,7051210753,Delhi,VALUE,2024-11-10
875,Anusha Chander,jagrati42@example.org,2365375584,Pune,VALUE,2024-04-01
876,Zashil Butala,gaurangi51@example.org,6424914859,Chennai,GROWTH,2025-03-30
877,Noah Ben,bakhshinarang@example.net,6585473989,Chennai,GROWTH,2025-03-24
878,Dalaja Kaur,panchalchaitaly@example.org,1279242628,Pune,VALUE,2026-05-08
879,Gavin Chandran,qjoshi@example.net,7168923217,Chennai,PREMIUM,2026-05-08
880,Tanay Sood,imaran10@example.net,7530157055,Pune,VALUE,2025-07-08
881,Kevin Kara,ttank@example.com,3027679918,Delhi,VALUE,2026-02-04
882,Aditya Anand,karpepushti@example.org,4283242009,Kolkata,VALUE,2024-10-08
883,Jai Sami,uparekh@example.net,8429796764,Hyderabad,PREMIUM,2026-05-22
884,Vanya Bobal,nayakazaan@example.com,3132562127,Mumbai,NEW,2026-04-27
885,Leela Chakraborty,swamywazir@example.com,5516297729,Kolkata,GROWTH,2024-04-22
886,Harshil Munshi,lohitkhalsa@example.com,9349617464,Pune,VALUE,2025-09-22
887,Chandani Devan,onisur@example.net,0795207570,Delhi,VALUE,2025-02-15
888,Kiaan Dhar,tbaral@example.org,7153037631,Mumbai,VALUE,2024-08-27
889,Abhiram Gala,tarakchoudhury@example.org,6743121827,Delhi,NEW,2025-01-05
890,Indali Kala,sastrydev@example.net,7347531784,Bengaluru,VALUE,2026-03-26
891,Nisha Savant,iramohanty@example.net,5609157541,Delhi,NEW,2026-04-11
892,Gabriel Chaudhry,inagarajan@example.org,1428234282,Pune,GROWTH,2024-11-05
893,Jatin Rajagopalan,edwinridhi@example.net,2235342213,Chennai,GROWTH,2025-02-19
894,Pushti Murty,pallavi37@example.org,9732598960,Jaipur,NEW,2025-04-09
895,Yug Malhotra,chahaldamini@example.net,7585989344,Pune,VALUE,2025-10-22
896,Yuvraj Mane,williamcheema@example.org,1940945177,Chennai,PREMIUM,2025-03-07
897,Charvi Jha,pedwin@example.org,1548949505,Chennai,VALUE,2024-12-22
898,Manya Merchant,ynatt@example.net,6076826374,Delhi,NEW,2026-04-11
899,Wriddhish Talwar,atharv03@example.net,9646521572,Delhi,GROWTH,2024-12-01
900,Isaiah Khosla,upadhyayanirudh@example.org,6654643989,Chennai,VALUE,2024-08-27
901,Ekavir Wable,jmishra@example.com,0700466605,Delhi,NEW,2024-10-21
902,Jalsa Nadig,baradchaitanya@example.org,2471305206,Delhi,VALUE,2024-10-26
903,Lila Salvi,tellamichael@example.com,9170669354,Mumbai,VALUE,2025-05-14
904,Orinder Sinha,krishnanarjun@example.net,2114091558,Jaipur,PREMIUM,2025-08-17
905,Anay Bir,semchakradev@example.org,8339970498,Hyderabad,GROWTH,2024-04-30
906,Adweta Kale,pahal16@example.net,2770361932,Pune,NEW,2026-03-08
907,Darpan Rao,cwalia@example.net,2576875264,Hyderabad,GROWTH,2024-08-16
908,Yachana Sagar,qarinbhatt@example.com,9752542171,Mumbai,GROWTH,2024-04-13
909,Neelima Butala,napte@example.net,9598263494,Bengaluru,VALUE,2025-08-24
910,Arunima Chacko,anshmammen@example.org,3754990495,Delhi,VALUE,2024-07-07
911,Farhan Vaidya,warhi43@example.net,0108987269,Kolkata,NEW,2025-11-06
912,Nachiket Yadav,damyantimody@example.org,7137392666,Mumbai,VALUE,2026-05-03
913,Mahika Bhatti,bassinisha@example.com,8370394731,Hyderabad,GROWTH,2025-09-15
914,Rajeshri Khare,bathansh@example.com,0751497674,Jaipur,VALUE,2025-11-30
915,Yash Chadha,eagarwal@example.org,7416073198,Chennai,VALUE,2025-03-21
916,Jack Setty,indrajit31@example.org,8825566128,Hyderabad,GROWTH,2024-11-07
917,Dayamai Gill,jeevika57@example.net,8727406470,Chennai,PREMIUM,2025-07-05
918,Advik Devan,kiaan07@example.org,4491607302,Kolkata,PREMIUM,2024-11-17
919,Nihal Taneja,vincentparikh@example.com,9432050009,Bengaluru,NEW,2026-02-27
920,Zansi Lad,qde@example.org,9607545422,Pune,VALUE,2025-02-26
921,Kamya Date,ypurohit@example.org,6943472969,Kolkata,GROWTH,2025-03-25
922,Jacob Balan,fsetty@example.com,2995961708,Chennai,VALUE,2025-08-29
923,Pushti Magar,xsarma@example.org,8826490941,Hyderabad,PREMIUM,2024-06-19
924,Adya Bose,xitisrinivasan@example.com,2463303458,Mumbai,VALUE,2025-05-19
925,Tamanna Vaidya,davetanay@example.net,3089436664,Mumbai,GROWTH,2025-11-09
926,Christopher Tata,waliaudant@example.net,7199613069,Jaipur,VALUE,2025-11-29
927,Jhalak Dugar,cdyal@example.com,1308028785,Chennai,NEW,2024-07-21
928,Harshil D’Alia,ckar@example.com,4069535171,Bengaluru,NEW,2024-02-18
929,Yashodhara Agate,jackson94@example.com,2131723613,Hyderabad,NEW,2024-06-23
930,Advik Konda,yachana68@example.org,0195940874,Chennai,VALUE,2026-01-07
931,Urmi Patla,rkapoor@example.org,3467057736,Chennai,NEW,2024-08-26
932,Mason Gola,taraneha@example.com,2269562094,Pune,VALUE,2024-02-22
933,Oni Kapur,kotahredhaan@example.com,8028823988,Bengaluru,VALUE,2025-06-21
934,Yuvraj Saha,gnagar@example.com,2118318517,Pune,VALUE,2026-03-03
935,Anika Brahmbhatt,hiteshzacharia@example.net,2048681820,Hyderabad,VALUE,2024-07-21
936,Jagdish Thakkar,william62@example.org,5069832144,Jaipur,GROWTH,2024-02-08
937,Praneel Kapoor,arya49@example.org,3146870411,Mumbai,VALUE,2024-05-06
938,Nandini Biswas,qadimsem@example.org,9553921811,Mumbai,GROWTH,2024-04-25
939,Barkha Mukhopadhyay,zayan06@example.org,8807889907,Hyderabad,PREMIUM,2024-07-03
940,Gabriel Shan,osha70@example.org,0983922282,Chennai,NEW,2024-06-11
941,Jyoti Iyer,sidhufalan@example.com,5234841719,Pune,PREMIUM,2025-07-27
942,Daksha Kibe,taramallick@example.org,7177918506,Hyderabad,GROWTH,2024-07-19
943,Jyoti Tak,paljagrati@example.net,7320360714,Jaipur,VALUE,2025-05-08
944,Yatan Dora,gayathri35@example.com,3784457676,Hyderabad,NEW,2024-12-27
945,Nimrat Bajwa,balendra78@example.net,3192993223,Mumbai,VALUE,2025-08-11
946,Hiral Andra,dshah@example.net,0050671566,Delhi,VALUE,2025-08-12
947,Aarav Puri,krishnacherian@example.org,6880109997,Jaipur,VALUE,2025-06-17
948,Hemang Jha,shahlogan@example.net,9045057326,Mumbai,PREMIUM,2026-03-14
949,Oni Swamy,malhotraanthony@example.net,6259722370,Jaipur,GROWTH,2024-06-25
950,Lucky Mammen,warda11@example.org,2884583160,Bengaluru,PREMIUM,2025-04-17
951,Caleb Kata,neha17@example.com,9133077262,Delhi,VALUE,2024-12-20
952,Kashish Shanker,syogi@example.org,5045328248,Bengaluru,GROWTH,2025-04-24
953,Girish Tiwari,girish04@example.net,5769985893,Chennai,GROWTH,2024-05-05
954,Meera Borde,erege@example.org,1089664172,Hyderabad,VALUE,2024-10-14
955,Radhika De,rkurian@example.org,1895539453,Kolkata,GROWTH,2026-04-26
956,Bishakha Lal,xdate@example.com,8521461110,Chennai,GROWTH,2025-12-21
957,Maya Narain,widisha04@example.net,9422341324,Hyderabad,GROWTH,2025-01-18
958,Sneha Magar,fsinghal@example.org,6519565456,Pune,VALUE,2024-04-09
959,Falan Jain,dalalyadavi@example.com,6197399641,Jaipur,PREMIUM,2025-08-06
960,Ikbal Dugal,oatwal@example.org,0779491200,Hyderabad,VALUE,2024-09-27
961,Nitesh Sengupta,etasheth@example.org,6370216987,Mumbai,VALUE,2024-10-23
962,Dipta Ray,chaaya30@example.com,6671738233,Hyderabad,VALUE,2024-03-28
963,Ishita Johal,krishmorar@example.com,3027151332,Kolkata,GROWTH,2024-09-17
964,Darika Sheth,kwagle@example.net,8736376274,Mumbai,VALUE,2024-07-11
965,Jagdish Chana,mkunda@example.net,0021912416,Jaipur,PREMIUM,2024-01-31
966,Daksha Baria,kaladakshesh@example.com,8824893231,Chennai,VALUE,2025-06-11
967,Falak Divan,yochanachaudhuri@example.com,8741520314,Chennai,PREMIUM,2026-05-22
968,Yuvraj Parekh,ltella@example.net,6174738366,Bengaluru,VALUE,2024-04-23
969,Yochana Bawa,advikaraval@example.net,8344998564,Jaipur,GROWTH,2024-02-17
970,Abha Ghosh,bhanumatisibal@example.org,3655560592,Delhi,PREMIUM,2024-03-31
971,Nidhi Sethi,jairaj13@example.org,5169130683,Bengaluru,GROWTH,2025-05-06
972,Girindra Shere,vaidyapooja@example.com,8503413590,Hyderabad,VALUE,2026-01-13
973,Logan Dara,labankota@example.org,1515258621,Hyderabad,GROWTH,2024-10-05
974,David Kapadia,ishanvi65@example.org,8132991111,Hyderabad,NEW,2024-04-16
975,Rudra Rattan,ganesanubika@example.com,0582734599,Mumbai,NEW,2024-03-27
976,Frado Lad,somandakshesh@example.org,0858245503,Mumbai,VALUE,2025-07-01
977,Anthony Bhattacharyya,anikakhurana@example.com,7335998575,Delhi,PREMIUM,2024-11-17
978,Sachi Dave,rudra25@example.com,3769848282,Chennai,VALUE,2024-11-12
979,Garima Das,bminhas@example.net,2071015633,Bengaluru,VALUE,2024-08-02
980,Triya Bedi,shivansh62@example.com,7576449322,Chennai,PREMIUM,2026-03-17
981,Rachita Rana,dubeysamesh@example.org,7423289310,Chennai,GROWTH,2024-12-03
982,Ayushman Raja,nayaraarna@example.org,6944063721,Pune,GROWTH,2025-09-28
983,Orinder Pandya,comaravi@example.net,5928224963,Chennai,NEW,2025-10-30
984,Rachit Maharaj,ayaanraghavan@example.org,9716991755,Pune,VALUE,2024-02-23
985,Sanaya Dixit,pchaudry@example.net,0815113001,Chennai,PREMIUM,2024-08-11
986,Yatan Merchant,djani@example.org,1443424941,Pune,GROWTH,2026-03-16
987,Nisha Srinivas,kabir21@example.net,5466390738,Chennai,VALUE,2026-03-05
988,Gagan Mammen,alka26@example.com,6191129490,Bengaluru,GROWTH,2025-01-07
989,Laksh Saini,jasmitiyengar@example.net,7241975028,Mumbai,NEW,2024-05-20
990,Zaid Bahl,laban56@example.org,8174549856,Kolkata,GROWTH,2024-09-25
991,Jagrati Srinivasan,routikbal@example.net,7778321867,Bengaluru,VALUE,2026-05-04
992,Hemangini Thakkar,deepa42@example.com,6568372004,Chennai,PREMIUM,2025-08-28
993,Lipika Madan,wallaanvi@example.com,5915178273,Mumbai,NEW,2024-03-08
994,Atharv Nagar,shaurya75@example.net,1421721998,Hyderabad,NEW,2025-10-08
995,Ayushman Mand,neelimawagle@example.org,7224282344,Chennai,GROWTH,2024-05-12
996,Urmi Wagle,darpan81@example.com,1223025300,Pune,GROWTH,2024-09-29
997,Viraj Dutta,azad23@example.org,4844440513,Chennai,GROWTH,2025-03-09
998,Yug Khosla,idikaprabhakar@example.net,0554800572,Bengaluru,NEW,2024-11-12
999,Daksh Kanda,ijayavaidya@example.org,4930998233,Jaipur,NEW,2025-09-20
1000,Isha Ghose,gaurigarg@example.net,2823320186,Chennai,NEW,2024-05-20
1001,Warjas Nadkarni,nayarayaan@example.com,4560980787,Kolkata,GROWTH,2026-02-28
1002,Ayaan Pandey,chakradev78@example.org,8470402274,Pune,VALUE,2025-06-18
1003,Raghav Tailor,xkakar@example.com,3829553631,Chennai,GROWTH,2024-10-02
1004,Parth Swaminathan,karan52@example.com,0388577260,Jaipur,VALUE,2026-05-11
1005,Gautam Bhalla,ftailor@example.com,0635999906,Mumbai,VALUE,2025-03-06
1006,Theodore Bahri,bhavika49@example.com,1750810535,Jaipur,GROWTH,2025-01-09
1007,Aadi Narula,yatan04@example.com,2965221198,Kolkata,PREMIUM,2024-01-20
1008,Kalpit Oak,chatresh06@example.org,1334181291,Chennai,NEW,2026-06-15
1009,Ekiya Bhargava,gwali@example.org,6253613818,Pune,PREMIUM,2026-01-31
1010,Manbir Dhar,imishra@example.com,7771109093,Chennai,NEW,2024-06-07
1011,Janya Bora,tanvipatla@example.com,6257316956,Bengaluru,PREMIUM,2026-05-02
1012,Meghana Chaudhuri,watikashere@example.net,6915820910,Kolkata,PREMIUM,2025-12-17
1013,Chasmum Naidu,indiramannan@example.net,7580827337,Mumbai,VALUE,2025-01-13
1014,Nakul Sarkar,lbail@example.org,9315893657,Bengaluru,GROWTH,2026-04-15
1015,Edhitha Ghosh,jairajbains@example.com,8587325744,Chennai,VALUE,2025-05-18
1016,Udant Gill,sidhunaksh@example.com,2341429399,Kolkata,VALUE,2025-09-11
1017,Damyanti Menon,irya39@example.com,8621137596,Hyderabad,VALUE,2024-06-13
1018,Peter Agarwal,chandaradha@example.org,2067972384,Hyderabad,NEW,2024-04-08
1019,Bachittar Gopal,lohitkrishnan@example.com,6954900103,Delhi,PREMIUM,2025-04-19
1020,Timothy Chawla,sarrafluke@example.com,1924463302,Delhi,NEW,2024-10-20
1021,Lohit Narula,jalsachawla@example.net,9927403392,Delhi,NEW,2026-06-02
1022,Wazir Palan,mminhas@example.org,9068400515,Delhi,NEW,2024-03-18
1023,Oliver Chakrabarti,nbhandari@example.org,5130399492,Kolkata,VALUE,2025-11-17
1024,Sanya Apte,daniel39@example.com,0342289951,Kolkata,NEW,2025-06-25
1025,Shaurya Krish,yashodawali@example.com,2565094846,Kolkata,NEW,2026-03-02
1026,Inaya Kunda,mohammed78@example.net,9903365453,Delhi,NEW,2026-06-17
1027,Aarav Bava,nachiket36@example.org,3479756432,Delhi,VALUE,2026-02-22
1028,Raksha Saini,klalla@example.com,9996043206,Bengaluru,VALUE,2024-12-03
1029,Odika Tailor,gayathri49@example.net,7043796508,Chennai,NEW,2025-09-18
1030,Indali Prashad,irya78@example.org,2417490978,Bengaluru,VALUE,2024-05-26
1031,Varenya Kar,saumyahans@example.net,7164207437,Hyderabad,GROWTH,2025-03-13
1032,Siya Borah,tailorbhavna@example.net,7842510816,Mumbai,GROWTH,2024-08-29
1033,Chaitaly Bahri,revachhabra@example.net,8711967477,Pune,VALUE,2024-08-13
1034,Advika Cheema,kevindhillon@example.net,2797066999,Bengaluru,VALUE,2025-05-28
1035,Hema Garde,arjun23@example.net,4032892624,Delhi,NEW,2024-04-24
1036,Naveen Borde,meeradayal@example.com,6680289461,Pune,NEW,2025-05-27
1037,Hamsini Subramanian,dchaudry@example.com,5117559583,Jaipur,NEW,2024-12-26
1038,Raagini Gala,azaan40@example.com,5709564629,Delhi,VALUE,2024-07-25
1039,Naksh Bera,qnayar@example.com,3085544364,Hyderabad,VALUE,2025-05-20
1040,Garima Jha,buchnihal@example.net,4790887688,Kolkata,GROWTH,2025-11-06
1041,Nimrat Zachariah,gkashyap@example.org,6971576289,Pune,GROWTH,2025-07-03
1042,Baghyawati Mishra,babuinaya@example.org,3351862647,Kolkata,VALUE,2024-03-20
1043,Gopal Bawa,karanwali@example.net,9367661772,Hyderabad,PREMIUM,2025-05-20
1044,Vritti Dube,baljiwansood@example.net,1939020014,Bengaluru,NEW,2025-07-14
1045,Jalsa Aggarwal,hamsini95@example.org,2444009037,Pune,GROWTH,2025-09-07
1046,Gagan Menon,riyasalvi@example.com,2424305696,Mumbai,GROWTH,2025-01-18
1047,Ryan Chatterjee,lmahajan@example.org,8230067992,Mumbai,GROWTH,2024-03-26
1048,Samuel Garde,eeshalanka@example.org,9555642260,Chennai,VALUE,2024-04-24
1049,Finn Solanki,tanmayihari@example.net,9701190804,Pune,VALUE,2024-10-25
1050,Darika Rao,ridhivenkatesh@example.org,5158488825,Delhi,GROWTH,2025-07-24
1051,Vrinda Lanka,fgrover@example.com,2725811416,Chennai,GROWTH,2025-10-27
1052,Lila Goyal,barmanadvik@example.org,6573132851,Bengaluru,GROWTH,2025-08-28
1053,Lakshmi Pingle,fagarwal@example.com,4286677190,Chennai,NEW,2024-10-07
1054,Sanaya Basu,ekanshkurian@example.org,8287808970,Jaipur,VALUE,2025-01-31
1055,Ria Shroff,lekha96@example.com,2052917750,Delhi,VALUE,2024-02-12
1056,Upkaar Luthra,watikabir@example.com,7769843112,Jaipur,VALUE,2025-12-19
1057,Matthew Chatterjee,vamakshi31@example.org,0436689957,Hyderabad,VALUE,2024-11-14
1058,Hemangini Sachdev,pratyush08@example.net,8535642316,Kolkata,GROWTH,2025-04-03
1059,Darsh Ram,dominicsetty@example.org,3461087598,Hyderabad,NEW,2025-02-08
1060,Vaishnavi Keer,pathakcharan@example.com,3812405792,Bengaluru,NEW,2024-09-14
1061,Chandani Brar,virajsibal@example.com,8375160614,Kolkata,GROWTH,2024-05-31
1062,Bakhshi Thakkar,henryde@example.net,9573009746,Pune,GROWTH,2026-05-08
1063,Jai Sen,rhans@example.org,4831145064,Mumbai,VALUE,2024-04-17
1064,Oliver Kakar,zansi50@example.org,9569240138,Pune,GROWTH,2026-04-29
1065,Jonathan Basak,mprakash@example.net,4684808522,Kolkata,VALUE,2024-04-11
1066,Farhan Saran,voramanthan@example.com,4323629825,Hyderabad,NEW,2024-03-27
1067,Manbir Kuruvilla,acharyadaniel@example.com,1140684000,Jaipur,GROWTH,2026-03-23
1068,Ekalinga Chahal,orinderbala@example.net,7199120111,Pune,VALUE,2026-05-01
1069,Mekhala Nanda,kchada@example.org,0556419903,Bengaluru,VALUE,2026-03-16
1070,Zinal Shanker,idika23@example.net,0492210561,Delhi,VALUE,2025-11-28
1071,Oni Chowdhury,odika02@example.org,5254707883,Pune,NEW,2025-03-19
1072,Mason Divan,faqidnarang@example.net,4725121208,Mumbai,VALUE,2024-04-05
1073,Hitesh Chaudhuri,hpanchal@example.com,9907019430,Kolkata,VALUE,2025-06-16
1074,Hemangini Roy,sanaya90@example.org,1634415136,Chennai,VALUE,2025-04-12
1075,Leela Sunder,ronithatwal@example.net,3601278270,Hyderabad,NEW,2025-10-24
1076,Baljiwan Gera,sarafaarush@example.net,0240263568,Mumbai,GROWTH,2024-02-01
1077,Neha Dhawan,ekalinga75@example.org,5299100629,Pune,GROWTH,2024-03-10
1078,Balvan Randhawa,atidara@example.org,7083238782,Mumbai,GROWTH,2025-06-13
1079,Wazir Bawa,battasachi@example.net,4001704764,Hyderabad,VALUE,2026-02-08
1080,Amruta Pradhan,ptak@example.com,6060326124,Kolkata,NEW,2026-04-19
1081,Geetika Mitter,vnair@example.net,4956889682,Jaipur,VALUE,2025-05-26
1082,Avni Swamy,abdul95@example.net,0724625999,Jaipur,VALUE,2024-11-27
1083,Vedant Desai,mittergautami@example.org,8620550672,Jaipur,GROWTH,2025-02-28
1084,Saanvi Nagi,raksha23@example.com,0835233919,Chennai,VALUE,2025-04-02
1085,Omaja Chakraborty,rmanne@example.com,7702874892,Mumbai,VALUE,2025-07-11
1086,Riya Kakar,sanayagokhale@example.net,3197991230,Kolkata,NEW,2024-07-23
1087,Vedhika Varty,gnori@example.net,3517496468,Kolkata,GROWTH,2024-12-15
1088,Daksh Varma,manikrish@example.org,9471439516,Jaipur,VALUE,2025-05-01
1089,Dominic Mukhopadhyay,upkaar84@example.net,0539477231,Pune,VALUE,2026-02-04
1090,Krishna Viswanathan,chakradhar46@example.org,1434564867,Mumbai,PREMIUM,2025-12-23
1091,Oscar Hans,surlibni@example.com,9573033416,Chennai,VALUE,2025-11-09
1092,Dalbir Krish,chakrikajaggi@example.net,9070950142,Hyderabad,VALUE,2024-07-12
1093,Tanmayi Bedi,hredhaan66@example.com,6354057013,Kolkata,GROWTH,2024-12-31
1094,Rushil Mahal,bahadurjit78@example.net,9384571596,Hyderabad,GROWTH,2025-05-13
1095,Ucchal Tiwari,vvaidya@example.net,4982504616,Bengaluru,NEW,2026-05-20
1096,Jatin Balasubramanian,divya74@example.net,2714711856,Delhi,GROWTH,2024-11-15
1097,Kashish Suresh,chadhachatura@example.com,6613121298,Kolkata,VALUE,2026-04-06
1098,Peter Som,pshankar@example.org,6835161234,Kolkata,GROWTH,2025-11-04
1099,Hemangini Gade,fmann@example.net,6339309065,Delhi,GROWTH,2025-07-24
1100,Gautam Mane,pkeer@example.net,0094634818,Hyderabad,VALUE,2025-09-23
1101,Libni Bawa,nyogi@example.com,9616891490,Hyderabad,GROWTH,2025-12-14
1102,Tanish Kant,suhanisolanki@example.org,1203082736,Hyderabad,VALUE,2025-09-20
1103,Samuel Luthra,duttaarya@example.net,7569654209,Jaipur,NEW,2025-08-28
1104,Yochana Bahri,imaransankar@example.net,7504465670,Mumbai,NEW,2024-12-06
1105,Urvi Deo,ishani98@example.org,8491658491,Bengaluru,GROWTH,2025-01-20
1106,Abhiram Kapur,yatin78@example.org,8605257349,Mumbai,NEW,2025-06-23
1107,Dalaja Maharaj,ria04@example.org,3083892449,Mumbai,NEW,2026-01-29
1108,Krisha Palla,yiyer@example.com,5422184323,Jaipur,VALUE,2025-08-08
1109,Zayyan Kamdar,upadhyaysanya@example.com,4534010749,Jaipur,GROWTH,2026-06-08
1110,Chasmum Verma,bgokhale@example.net,3597280466,Delhi,GROWTH,2025-09-04
1111,Harsh Amble,chandreshkannan@example.net,9325164998,Pune,VALUE,2025-01-01
1112,Barkha Misra,upasnajoshi@example.com,0189723985,Mumbai,GROWTH,2025-06-01
1113,Vasatika Bhatt,jdalal@example.com,6665524885,Mumbai,VALUE,2025-07-14
1114,Aradhana Nair,lsule@example.org,6867304000,Bengaluru,NEW,2026-02-19
1115,Advika Misra,zaidagrawal@example.org,5673729268,Mumbai,GROWTH,2024-08-18
1116,Mason Varughese,tanvi89@example.com,8844142533,Hyderabad,PREMIUM,2024-08-11
1117,Dakshesh Raval,pillaivivaan@example.org,9088775787,Jaipur,GROWTH,2024-06-30
1118,Logan Bal,pratyush56@example.com,4634285357,Chennai,VALUE,2024-02-20
1119,Chakrika Lad,ambleaadi@example.com,6652735965,Pune,NEW,2025-08-30
1120,Nidhi Rama,nyogi@example.com,0176966671,Hyderabad,VALUE,2026-05-16
1121,Ranveer Oza,jhaazaan@example.org,7592579776,Delhi,VALUE,2025-07-06
1122,Vamakshi Parmer,elijah36@example.com,0273137265,Delhi,GROWTH,2024-02-24
1123,Onkar Golla,jeremiahvarma@example.com,8579925234,Bengaluru,PREMIUM,2024-11-24
1124,Gunbir Sinha,rwason@example.net,9906436977,Mumbai,VALUE,2026-03-23
1125,Aarna Goswami,bsastry@example.net,7492050318,Kolkata,VALUE,2024-02-16
1126,Gaurav Kapadia,bbassi@example.org,9219167710,Kolkata,VALUE,2025-07-05
1127,Udant Mohanty,taraanita@example.com,7938028392,Kolkata,VALUE,2025-01-31
1128,Garima Prabhu,mallwriddhish@example.org,8952786903,Pune,VALUE,2026-04-06
1129,Chaitaly Sheth,dbalay@example.com,1297991671,Chennai,GROWTH,2025-04-06
1130,Upma Bera,suradayamai@example.com,0181107355,Pune,VALUE,2025-05-23
1131,Urmi Hayer,lilasarma@example.org,5127105388,Hyderabad,VALUE,2025-10-12
1132,Lakshmi Wagle,gkhare@example.net,7894156797,Pune,GROWTH,2026-01-08
1133,Odika Bhagat,lsarkar@example.org,8476259967,Kolkata,PREMIUM,2025-04-08
1134,Laksh Iyer,vanya74@example.org,6178917710,Kolkata,VALUE,2025-10-11
1135,Nimrat Shankar,aadhya58@example.com,8641189474,Chennai,VALUE,2025-12-25
1136,Diya Gole,hdara@example.org,8868487863,Delhi,VALUE,2025-04-17
1137,Vinaya Natarajan,xalak41@example.com,9871685513,Pune,NEW,2025-10-06
1138,Dhriti Bhardwaj,vrindatoor@example.com,3152815904,Bengaluru,VALUE,2024-11-22
1139,Siya Mahal,devanshkrishna@example.org,9151639451,Pune,VALUE,2024-11-15
1140,Om Dutt,aghose@example.org,3089817911,Chennai,GROWTH,2024-01-03
1141,Gaurang Dayal,orinder12@example.org,2483430674,Jaipur,VALUE,2025-08-25
1142,Pushti Raval,theodoreviswanathan@example.org,2398891399,Bengaluru,VALUE,2024-08-13
1143,Vansha Rajagopal,murthyarjun@example.org,8997243724,Jaipur,VALUE,2026-01-02
1144,Baljiwan Walla,ndas@example.org,2356371089,Kolkata,GROWTH,2026-05-06
1145,Kashvi Atwal,mannanjali@example.net,6130852471,Bengaluru,GROWTH,2026-02-27
1146,Rayaan Badami,indali67@example.com,3077218716,Hyderabad,PREMIUM,2024-09-04
1147,Yuvraj Kara,patlaamaira@example.org,8483997413,Chennai,PREMIUM,2025-08-09
1148,Devika Dayal,yraghavan@example.org,3469297837,Kolkata,VALUE,2025-11-07
1149,Leela Thakur,diya68@example.net,7101038333,Pune,NEW,2025-03-31
1150,Oliver Bhattacharyya,fradochaudhary@example.com,9744527696,Kolkata,PREMIUM,2025-04-02
1151,Chanchal Mannan,kamala76@example.com,8237663788,Bengaluru,NEW,2025-01-29
1152,Zinal Viswanathan,xratta@example.com,6671237868,Chennai,PREMIUM,2024-10-04
1153,Radha Desai,zrajan@example.com,8364548273,Hyderabad,GROWTH,2025-05-30
1154,Vrishti Parmer,cramesh@example.net,6614987108,Jaipur,VALUE,2026-06-10
1155,Nitesh Raval,jeremiah08@example.net,9245909472,Bengaluru,GROWTH,2024-07-16
1156,Vedant Kapur,logan96@example.com,3252588858,Chennai,VALUE,2024-02-12
1157,Siddharth Bains,ekani21@example.com,0238140490,Delhi,GROWTH,2024-02-20
1158,Jatin Peri,david49@example.net,1331256809,Kolkata,VALUE,2025-06-07
1159,Keya Kumer,iwadhwa@example.net,6594557017,Hyderabad,VALUE,2024-08-30
1160,Chanakya Chokshi,ddhawan@example.com,3987457364,Bengaluru,NEW,2025-02-19
1161,Chanakya D’Alia,anya22@example.org,8640181012,Chennai,PREMIUM,2026-05-05
1162,Sachi Rai,rbose@example.net,1079636690,Hyderabad,GROWTH,2024-03-09
1163,Zayyan Som,banjeet69@example.org,0932821252,Kolkata,VALUE,2024-06-06
1164,Samesh Andra,pkata@example.net,0298135283,Chennai,GROWTH,2024-07-11
1165,Osha Chaudhuri,cmajumdar@example.org,8557867963,Chennai,NEW,2025-02-15
1166,Laksh Sahota,isrinivas@example.com,9886000004,Delhi,PREMIUM,2025-09-16
1167,Yasti Dalal,msankaran@example.net,2415076523,Delhi,GROWTH,2024-06-13
1168,Ishaan Cherian,korpalnicholas@example.org,1916509298,Hyderabad,GROWTH,2024-04-07
1169,Rushil Iyengar,yug03@example.org,5270127401,Jaipur,VALUE,2024-03-18
1170,Saksham Parmar,williamkhurana@example.org,6424954767,Jaipur,PREMIUM,2025-12-21
1171,Chakrika Dyal,chopraisaac@example.net,4782213258,Pune,NEW,2024-01-27
1172,Watika Johal,ansh65@example.com,1292706536,Pune,GROWTH,2025-07-16
1173,Ganga Keer,hemal87@example.com,1237928148,Hyderabad,GROWTH,2025-06-04
1174,Agastya Chakraborty,kiaan45@example.org,5874744124,Mumbai,GROWTH,2024-03-31
1175,Wakeeta Dixit,vchawla@example.org,2883351158,Delhi,GROWTH,2025-05-12
1176,Yasti Borde,reyansh69@example.com,4528592344,Bengaluru,NEW,2024-09-15
1177,Aahana Kashyap,hiral78@example.org,1119470117,Bengaluru,PREMIUM,2025-04-08
1178,Chaman Lalla,elijah79@example.net,3190107623,Mumbai,GROWTH,2024-05-03
1179,Chandresh Chaudhry,yachanashan@example.net,6712301674,Bengaluru,GROWTH,2025-08-24
1180,Balveer Mannan,khuranafalguni@example.com,2066326739,Delhi,GROWTH,2025-12-18
1181,Dhriti Sandhu,nsamra@example.com,8328646412,Chennai,VALUE,2024-01-03
1182,Girish Bath,samarpant@example.net,5968328233,Jaipur,GROWTH,2025-04-24
1183,Lakshit Garde,ekrishna@example.com,3649335468,Pune,NEW,2025-08-05
1184,Ishita Sarma,etaram@example.org,7958780668,Hyderabad,PREMIUM,2024-01-03
1185,Girik Pradhan,choudhryrachana@example.org,8507566386,Hyderabad,VALUE,2025-10-13
1186,Qadim Comar,panini94@example.net,1017958049,Bengaluru,PREMIUM,2025-05-03
1187,Mugdha Shan,tsama@example.org,3562380255,Mumbai,PREMIUM,2024-10-02
1188,Lekha Sridhar,mayayadav@example.com,7946329514,Chennai,VALUE,2025-03-10
1189,Ojas Chowdhury,raaginivohra@example.com,0237561904,Chennai,GROWTH,2025-09-05
1190,Daniel Dutta,sundaramtanvi@example.org,2416749748,Delhi,GROWTH,2025-08-01
1191,Omaja Subramanian,ksrivastava@example.net,9604831821,Hyderabad,NEW,2025-11-29
1192,Pratyush Raghavan,chanaaayush@example.org,8506187996,Bengaluru,VALUE,2024-02-01
1193,Ayush De,mbose@example.org,6088247922,Mumbai,VALUE,2025-12-09
1194,Vinaya Chowdhury,joshua03@example.net,0991792293,Pune,GROWTH,2024-02-01
1195,Ridhi Batra,gdutt@example.org,8553277770,Chennai,VALUE,2025-08-08
1196,Advika Murthy,paufaqid@example.net,7181962476,Pune,GROWTH,2024-11-10
1197,Udarsh Nigam,mahalindira@example.net,5349757445,Pune,PREMIUM,2024-02-27
1198,Rachita Kothari,tgarg@example.net,9845554562,Jaipur,VALUE,2025-09-11
1199,Hiral Rajan,omisha22@example.org,9140186435,Kolkata,GROWTH,2025-05-12
1200,Chatura Apte,ramangayathri@example.com,7029727202,Chennai,NEW,2025-08-22
1201,Yashasvi Singh,okalla@example.org,4697261424,Jaipur,GROWTH,2024-12-04
1202,Noah Borde,irabansal@example.net,1757230896,Hyderabad,GROWTH,2024-09-07
1203,Ekani Khosla,bhavnagulati@example.net,4655173723,Jaipur,GROWTH,2025-07-16
1204,Arunima Bedi,leeladave@example.com,3892565846,Kolkata,VALUE,2024-07-13
1205,Kritika Rau,gavinmalhotra@example.org,8287425943,Pune,VALUE,2025-12-31
1206,Farhan Sharaf,chatreshtalwar@example.com,8158084994,Jaipur,PREMIUM,2025-09-06
1207,Sara Chakrabarti,bhanumati14@example.org,7387248863,Chennai,GROWTH,2026-06-18
1208,Sanya Mutti,dhaliwalbarkha@example.net,1693375361,Pune,VALUE,2024-01-25
1209,Widisha Badami,ranveer50@example.com,9953768824,Bengaluru,VALUE,2025-06-11
1210,Netra Sachar,jyoti09@example.org,1229547034,Jaipur,NEW,2025-05-16
1211,Aadi Chand,qarinvarma@example.org,1926499289,Chennai,VALUE,2026-02-10
1212,Yashoda Jhaveri,ibakshi@example.com,4494598673,Kolkata,PREMIUM,2025-01-16
1213,Harita Patla,aayush43@example.org,2196187200,Hyderabad,GROWTH,2026-04-22
1214,Udant Sha,aroraupadhriti@example.com,7182290944,Kolkata,GROWTH,2024-08-03
1215,Urvashi Patla,ghoshwarinder@example.net,7504612247,Delhi,VALUE,2026-02-07
1216,Ishaan Chatterjee,wyatt27@example.com,6739645067,Delhi,VALUE,2025-04-13
1217,Aarnav Om,vrishtisarin@example.com,1177696939,Chennai,GROWTH,2026-04-29
1218,Bishakha Vig,aarini76@example.org,9739527367,Pune,PREMIUM,2024-07-14
1219,Hitesh Bath,cdatta@example.com,4504744243,Kolkata,VALUE,2024-08-22
1220,Waida Dey,vkar@example.com,9007136591,Hyderabad,GROWTH,2025-05-22
1221,Hredhaan Kumar,hredhaan47@example.org,5549694471,Pune,GROWTH,2025-05-11
1222,Raghav Dara,loparay@example.com,3595510725,Chennai,VALUE,2024-05-14
1223,Tanveer Shankar,noriyatin@example.net,2789292147,Jaipur,GROWTH,2025-08-09
1224,Hamsini Chokshi,joshualata@example.org,4280310846,Pune,VALUE,2024-12-31
1225,Chakradhar Dasgupta,ibehl@example.org,6599387888,Hyderabad,GROWTH,2024-05-16
1226,Tanvi Thaman,daniel13@example.com,8188966727,Jaipur,VALUE,2025-04-04
1227,Wishi Agrawal,zaidbedi@example.com,8146358080,Delhi,GROWTH,2025-09-20
1228,Rachita Subramanian,urmizacharia@example.net,6339282981,Jaipur,VALUE,2024-01-29
1229,Oscar Dave,yamini24@example.com,4380118038,Mumbai,GROWTH,2026-04-08
1230,Lila Nagy,ngulati@example.net,0666557518,Bengaluru,GROWTH,2025-07-03
1231,Omya Kothari,deepcaleb@example.org,4900666322,Kolkata,NEW,2024-08-22
1232,Mitali Oza,schoudhury@example.net,0223779945,Pune,GROWTH,2025-11-06
1233,Sneha Deol,divanriya@example.com,2224986794,Jaipur,NEW,2026-01-29
1234,Nitara Vala,jananimurty@example.com,8592775130,Pune,VALUE,2026-05-10
1235,Dipta Kalla,manipratyush@example.org,2972914022,Pune,GROWTH,2025-12-12
1236,Shaurya Mannan,samarachit@example.org,4635506665,Bengaluru,VALUE,2024-07-01
1237,Kevin Gokhale,ramaneshana@example.net,3705711327,Delhi,GROWTH,2024-05-27
1238,Jack Pandey,bathaarush@example.net,6257832168,Delhi,PREMIUM,2024-07-06
1239,Omisha Walla,zayan36@example.com,5520133205,Bengaluru,NEW,2026-02-27
1240,Pahal Arya,manyaloke@example.com,9402071277,Delhi,GROWTH,2024-10-01
1241,Aryan Raj,shivansh29@example.com,0164608282,Chennai,GROWTH,2024-10-24
1242,Chatresh Bhalla,krishnanmanan@example.org,2657552932,Kolkata,VALUE,2026-03-12
1243,Amara Dyal,bhallaubika@example.net,3022930848,Jaipur,VALUE,2024-07-02
1244,Zashil Dhingra,noahsathe@example.com,6088621649,Hyderabad,PREMIUM,2025-01-01
1245,Chakrika Jani,eiravatidugar@example.com,7818325244,Jaipur,VALUE,2024-09-23
1246,Jagrati Sethi,tripathisanaya@example.net,7268215567,Jaipur,VALUE,2024-09-28
1247,Udarsh Ramachandran,vasatika10@example.net,1248441715,Kolkata,NEW,2025-06-20
1248,Yasti Mani,raghavzachariah@example.com,1890783152,Hyderabad,NEW,2025-10-29
1249,Lakshmi Ram,balveeratwal@example.org,7269951913,Bengaluru,GROWTH,2024-08-26
1250,Dhriti Bhagat,bhasinpallavi@example.org,3748580482,Jaipur,GROWTH,2024-02-04
1251,Zayan Jain,hemavarkey@example.net,3369390914,Mumbai,NEW,2025-07-29
1252,Umang Pillai,csoni@example.com,8091257378,Hyderabad,VALUE,2025-05-08
1253,Rishi Menon,neha58@example.com,6733806652,Delhi,GROWTH,2025-08-16
1254,Peter Borde,srinivasnoah@example.net,5534353565,Kolkata,GROWTH,2025-02-09
1255,Oscar Varkey,turvi03@example.com,1534557404,Pune,NEW,2025-11-30
1256,Krishna Baria,oviya33@example.org,7110837908,Delhi,NEW,2025-07-16
1257,Arya Lalla,kritika56@example.net,4186567385,Mumbai,PREMIUM,2025-11-12
1258,Naveen Kumer,dhruv54@example.net,0125390532,Chennai,VALUE,2025-10-19
1259,Ganga Shukla,viyer@example.org,3604024517,Chennai,GROWTH,2025-03-23
1260,Balveer Dube,fmunshi@example.org,5283153389,Kolkata,VALUE,2024-10-19
1261,Charan Mitra,ekansh85@example.org,5282275349,Bengaluru,NEW,2025-06-07
1262,Ishita Bora,krandhawa@example.net,6744363225,Jaipur,VALUE,2025-07-26
1263,Thomas Gour,tparmer@example.net,6778173226,Hyderabad,VALUE,2025-05-29
1264,Yashasvi Dutta,nilima56@example.org,4187347778,Kolkata,PREMIUM,2025-04-16
1265,Netra Chanda,karniktheodore@example.com,9798436201,Mumbai,GROWTH,2024-11-04
1266,Timothy Kala,mitesh29@example.com,4230818372,Delhi,NEW,2024-04-30
1267,Garima Patel,zaitra42@example.org,6317890236,Delhi,VALUE,2025-01-19
1268,Tejas Wali,duttaqarin@example.org,3699691787,Bengaluru,NEW,2026-03-04
1269,Aditya Contractor,george45@example.com,4538832219,Jaipur,VALUE,2025-10-07
1270,Sanaya Khosla,upillay@example.org,8231643035,Delhi,VALUE,2025-11-10
1271,Balveer Nagi,ode@example.com,8102105025,Bengaluru,GROWTH,2025-10-25
1272,Ishaan Raju,csachdev@example.com,0446979559,Delhi,VALUE,2026-04-09
1273,Barkha Bakshi,manemaanas@example.com,4552180859,Jaipur,GROWTH,2024-07-22
1274,Yoshita Trivedi,tanish02@example.net,3487183295,Pune,VALUE,2025-10-10
1275,Vidhi Bassi,ibatra@example.org,0998452761,Kolkata,VALUE,2024-03-03
1276,Reyansh Nagi,vidhidubey@example.org,2427434184,Pune,PREMIUM,2024-08-08
1277,Gopal Ganesh,jairajbabu@example.net,0481485396,Pune,VALUE,2024-01-27
1278,Dominic Kade,janakidixit@example.com,9249347372,Kolkata,PREMIUM,2025-01-22
1279,Panini Chawla,michaelganesan@example.net,0638556190,Delhi,PREMIUM,2024-05-06
1280,Radhika Bora,bachittar14@example.net,4258797726,Kolkata,VALUE,2024-12-14
1281,Arjun Sharaf,jdeol@example.com,2297824891,Pune,PREMIUM,2024-05-01
1282,Baljiwan Chahal,sharmarachana@example.net,5372420092,Pune,VALUE,2024-02-02
1283,Chatura Gokhale,rudra90@example.net,2807077188,Hyderabad,GROWTH,2025-03-05
1284,Ekavir Kari,nyohannan@example.net,8227935625,Kolkata,VALUE,2025-01-04
1285,Nikita Rama,wishi67@example.net,5434967097,Hyderabad,NEW,2025-01-10
1286,Nidhi Sant,bediraksha@example.net,9112811018,Delhi,GROWTH,2024-11-07
1287,Anay Ramachandran,deepamitter@example.com,5206357243,Jaipur,GROWTH,2025-01-03
1288,Abeer Bhatnagar,yramanathan@example.net,8902177207,Mumbai,NEW,2024-01-04
1289,Elijah Parmar,tristan60@example.net,2764391172,Delhi,VALUE,2025-03-06
1290,Bimala Mitra,shivansh86@example.net,5198287048,Chennai,NEW,2026-02-01
1291,Baghyawati Sarma,ishanibabu@example.net,8978726196,Mumbai,PREMIUM,2024-05-05
1292,Megha Balasubramanian,gautami92@example.com,8775411847,Kolkata,NEW,2024-05-09
1293,Naksh Walla,kgandhi@example.com,4949791617,Hyderabad,NEW,2025-12-03
1294,Laban Raman,krishnarai@example.net,6309015730,Delhi,NEW,2025-03-26
1295,Maanas Misra,shivanshdhar@example.com,1913437574,Jaipur,VALUE,2024-08-19
1296,Advay Dhaliwal,fdutt@example.org,5420986664,Chennai,PREMIUM,2025-12-07
1297,Benjamin Ahluwalia,nitara89@example.net,7318144210,Bengaluru,NEW,2024-10-19
1298,Frederick Mody,urvashibhakta@example.net,1674436193,Pune,GROWTH,2025-06-28
1299,Hemangini Kakar,unni23@example.net,8240685889,Chennai,VALUE,2025-05-15
1300,Yauvani Dhar,zehaankrishnamurthy@example.com,5246247021,Delhi,NEW,2024-06-01
1301,Qarin Kant,grao@example.org,5383697791,Kolkata,VALUE,2025-11-10
1302,Rishi Contractor,harish49@example.net,2089695825,Hyderabad,GROWTH,2025-07-10
1303,Chatura Shenoy,ichahal@example.org,4559253460,Pune,GROWTH,2024-07-06
1304,Bina Bhavsar,zvarghese@example.org,9523613775,Jaipur,VALUE,2025-11-12
1305,Guneet Hora,svenkatesh@example.net,5912536858,Chennai,PREMIUM,2025-07-12
1306,Ganga Parikh,rgara@example.com,1145939207,Pune,VALUE,2026-02-08
1307,Wahab Chaudhry,anirudh39@example.com,9540635160,Bengaluru,PREMIUM,2026-01-08
1308,Ekaraj Hari,venkateshprisha@example.net,4548303860,Mumbai,NEW,2024-10-13
1309,Vedika Seshadri,omisha13@example.net,2812184076,Hyderabad,VALUE,2026-04-23
1310,Damini Dua,anjali08@example.net,4907824336,Kolkata,PREMIUM,2024-01-31
1311,Diya Sangha,wahabchaudhuri@example.net,3025836682,Chennai,VALUE,2024-10-27
1312,Aayush Munshi,ayaandara@example.com,8346611749,Bengaluru,NEW,2025-07-01
1313,Timothy Sarin,amritasingh@example.com,6798976443,Kolkata,NEW,2025-04-26
1314,Jagvi Desai,deshmukhsamar@example.com,4756080079,Kolkata,VALUE,2024-07-22
1315,Varsha Shere,okota@example.net,2414198102,Jaipur,PREMIUM,2024-06-28
1316,Jagrati Mody,chandnakul@example.org,3733502067,Bengaluru,GROWTH,2025-12-03
1317,Ikbal Gill,boselekha@example.org,7814696767,Pune,GROWTH,2026-02-27
1318,Avni Dey,thakerjeevika@example.org,8648878873,Chennai,PREMIUM,2025-09-03
1319,Adya Bose,ahujamichael@example.org,6576024912,Hyderabad,GROWTH,2025-04-22
1320,Anirudh Tripathi,patlamax@example.org,2596816640,Hyderabad,GROWTH,2025-11-26
1321,Nidhi Kala,hayerxavier@example.com,9013028783,Delhi,VALUE,2024-08-04
1322,Abha Zacharia,ekalingamanne@example.org,7146703128,Bengaluru,GROWTH,2026-05-20
1323,Manthan Pau,fariqganesh@example.com,2147525284,Chennai,NEW,2024-04-22
1324,Udant Mannan,goswamiyash@example.org,2221705075,Jaipur,VALUE,2025-06-10
1325,Ucchal Thaker,lsule@example.org,7994126428,Kolkata,GROWTH,2024-11-02
1326,Mekhala Patla,goswamiijaya@example.net,0532686679,Mumbai,VALUE,2026-03-24
1327,William Gandhi,kondaguneet@example.net,1814762221,Pune,NEW,2024-08-08
1328,Sanaya Dutta,osunder@example.com,9526653306,Delhi,GROWTH,2025-07-31
1329,Madhav Sule,aatwal@example.net,4475568254,Pune,GROWTH,2024-05-20
1330,Banjeet Kanda,cheemafariq@example.com,8551687700,Bengaluru,VALUE,2024-06-12
1331,Vincent Bhatnagar,noommen@example.org,5648035676,Hyderabad,GROWTH,2025-01-09
1332,Kala Kaur,dayamai83@example.com,4058734222,Pune,NEW,2025-12-20
1333,Samuel Vasa,yashvisrivastava@example.org,1817314309,Hyderabad,GROWTH,2024-09-07
1334,Lipika Singh,elijah54@example.net,8183691248,Kolkata,GROWTH,2025-09-16
1335,Chakradhar Baral,bmodi@example.net,7388724002,Chennai,PREMIUM,2025-05-29
1336,Harshil Verma,comarudyati@example.net,0504911380,Jaipur,GROWTH,2026-05-30
1337,Adya Ghosh,sethiadvay@example.org,3797241742,Pune,GROWTH,2024-09-27
1338,Kritika Pau,idhaliwal@example.org,8851010211,Bengaluru,VALUE,2024-08-07
1339,Zansi Krishnamurthy,kumarchatresh@example.org,7814266327,Kolkata,VALUE,2026-03-23
1340,Udant Varty,zinalandra@example.net,8755355978,Hyderabad,PREMIUM,2024-10-26
1341,Ira Pai,barkhacomar@example.org,3238664297,Chennai,NEW,2024-07-12
1342,Vasatika Ahuja,oliverchowdhury@example.com,4175396775,Mumbai,NEW,2026-01-09
1343,Ria Gandhi,bakshikavya@example.net,0273581079,Delhi,NEW,2026-01-01
1344,Faraj Varkey,pranavlanka@example.net,5670770214,Chennai,GROWTH,2024-02-26
1345,Siddharth Doctor,kaurliam@example.net,0148234799,Mumbai,VALUE,2026-02-09
1346,Nakul Pathak,rachit76@example.org,5754317067,Jaipur,GROWTH,2025-07-23
1347,Victor Sachdeva,manbir02@example.org,6069687992,Kolkata,NEW,2024-09-07
1348,Ishaan Subramaniam,isaacchaudhary@example.com,8253900543,Pune,PREMIUM,2025-04-26
1349,Varenya Kade,upal@example.com,4049222406,Pune,GROWTH,2024-08-02
1350,Nirja Bains,tanveerganesh@example.com,4064627886,Chennai,PREMIUM,2024-05-31
1351,Caleb Datta,gbala@example.net,0331375878,Delhi,PREMIUM,2024-04-29
1352,Krish Vala,rattansanaya@example.net,7758313129,Hyderabad,NEW,2024-05-28
1353,Manan Bhalla,chowdhuryrachita@example.com,2964893988,Hyderabad,PREMIUM,2025-06-08
1354,Aarna Gole,mdeshmukh@example.org,9554340541,Jaipur,GROWTH,2025-12-30
1355,Anirudh Mander,ekajachar@example.com,8081786977,Mumbai,VALUE,2025-03-13
1356,Tarak Sen,yashicaranganathan@example.com,3605110353,Hyderabad,GROWTH,2024-01-14
1357,Vasatika Garde,rachanasavant@example.org,2580009631,Bengaluru,VALUE,2025-01-20
1358,Nirja Dhar,gardeonveer@example.org,3316659373,Mumbai,NEW,2025-11-03
1359,Yasti Lalla,fiyaz75@example.org,3800619587,Delhi,GROWTH,2026-01-21
1360,Hema Setty,mandaladvik@example.com,4418923482,Bengaluru,GROWTH,2025-10-21
1361,Victor Radhakrishnan,farasvig@example.com,1551515285,Delhi,VALUE,2024-11-28
1362,Kevin Chopra,bhathema@example.org,9871196902,Delhi,GROWTH,2025-08-07
1363,Samaksh Virk,ynaidu@example.com,8611839497,Bengaluru,GROWTH,2024-03-02
1364,Mason Char,wableaashi@example.net,2904240827,Mumbai,VALUE,2025-01-03
1365,Vamakshi Barad,nihal84@example.com,6443373090,Chennai,NEW,2025-04-28
1366,Girik Subramaniam,dsekhon@example.org,2991390410,Delhi,GROWTH,2024-01-26
1367,Aarav Sankar,qthaman@example.com,3147673009,Bengaluru,GROWTH,2024-01-13
1368,Kamala Bassi,dswamy@example.net,1915853089,Hyderabad,VALUE,2025-12-22
1369,Veer Subramaniam,karanarjun@example.net,3194523621,Jaipur,GROWTH,2024-07-17
1370,Inaya Chaudhari,rramaswamy@example.net,1654384412,Pune,PREMIUM,2024-04-23
1371,Krish Kumar,banjeet58@example.org,2376345962,Jaipur,NEW,2025-06-16
1372,Viraj Chacko,falak01@example.com,5227748076,Bengaluru,VALUE,2024-09-09
1373,Nilima Kurian,riyaganesh@example.com,5459254495,Hyderabad,NEW,2026-05-31
1374,Abdul Amble,ukibe@example.org,2493273848,Hyderabad,PREMIUM,2026-05-02
1375,Zinal Amble,atharvdalal@example.net,0059482706,Jaipur,VALUE,2026-01-11
1376,Samesh Mutti,kalpitapte@example.com,1319728580,Jaipur,VALUE,2024-09-28
1377,Janaki Chhabra,chananakul@example.org,0646028836,Jaipur,VALUE,2026-02-26
1378,Pooja Kulkarni,aadhyabala@example.com,0158043939,Kolkata,NEW,2024-08-17
1379,Pallavi Pau,leelawalla@example.org,9675044643,Chennai,VALUE,2024-08-03
1380,Mekhala Jani,baraljanuja@example.org,0780282739,Chennai,GROWTH,2026-05-26
1381,Vasudha Gola,chavvibarman@example.com,3774769304,Jaipur,PREMIUM,2025-08-29
1382,Veda Kulkarni,devansh17@example.net,8378498600,Bengaluru,NEW,2024-03-18
1383,Hemangini Rao,vaishnavi11@example.com,1886890550,Bengaluru,PREMIUM,2026-03-08
1384,Jagat Karpe,ramaswamyanita@example.net,3995091814,Jaipur,PREMIUM,2024-05-24
1385,Neel Chaudhry,ria96@example.net,0265287905,Hyderabad,VALUE,2025-09-05
1386,Yashoda Rattan,ohayer@example.net,7778108813,Mumbai,NEW,2025-01-29
1387,Charles Dyal,gadeaachal@example.org,4100316996,Chennai,VALUE,2024-01-16
1388,Abdul Chand,tbakshi@example.net,3816514243,Bengaluru,VALUE,2025-12-09
1389,Urishilla Saran,faris38@example.net,9284064533,Jaipur,NEW,2025-09-09
1390,Devansh Lall,bhatiajeet@example.org,4799419735,Jaipur,VALUE,2026-03-06
1391,Kamala Buch,gautami67@example.net,8533231951,Bengaluru,VALUE,2025-07-04
1392,Leena Rattan,cshetty@example.com,8789708746,Chennai,GROWTH,2025-11-11
1393,Dakshesh Gill,nigamkai@example.com,6143563108,Jaipur,VALUE,2026-03-26
1394,Reva Anne,gbalakrishnan@example.com,1150824861,Pune,VALUE,2026-05-28
1395,Zarna Mangal,duagirindra@example.com,3555788414,Mumbai,GROWTH,2025-05-19
1396,Bahadurjit Uppal,vmohan@example.org,3558785767,Chennai,PREMIUM,2024-01-16
1397,Omkaar Banik,wshukla@example.org,4779873311,Chennai,PREMIUM,2024-11-07
1398,William Acharya,michaeljha@example.net,5304537074,Pune,VALUE,2025-07-11
1399,Gabriel Majumdar,krishnamurthyinaya@example.org,4396926192,Delhi,GROWTH,2024-04-08
1400,Ira Rana,siya82@example.com,0750475709,Bengaluru,NEW,2024-04-14
1401,Sai Vasa,udeshpande@example.org,1745011595,Kolkata,VALUE,2024-12-21
1402,Ekapad Chana,danielpandit@example.net,7197516447,Mumbai,VALUE,2026-03-30
1403,Ijaya Palan,amritaviswanathan@example.net,4397621089,Bengaluru,VALUE,2024-10-16
1404,Upkaar Hayer,xkeer@example.net,4208481395,Bengaluru,GROWTH,2026-04-21
1405,Netra Agrawal,dghosh@example.org,7718673085,Mumbai,VALUE,2025-12-23
1406,Parth Ray,tanveernori@example.net,3924151340,Mumbai,PREMIUM,2024-09-29
1407,Elijah Thakur,kbabu@example.net,1364125418,Bengaluru,NEW,2024-07-26
1408,Harini Dada,ayushman93@example.net,6487739786,Kolkata,VALUE,2026-01-14
1409,Zashil Savant,msampath@example.net,8525274704,Delhi,GROWTH,2025-11-11
1410,Veda Kohli,leena48@example.com,7377157872,Bengaluru,VALUE,2025-07-21
1411,Tara Sharma,krishna73@example.net,0898192093,Delhi,VALUE,2026-05-30
1412,Vasatika Dada,eiravatiramaswamy@example.net,3553258788,Chennai,PREMIUM,2024-03-31
1413,Ekansh Raja,karan39@example.org,1244641616,Bengaluru,GROWTH,2024-12-13
1414,Victor Mutti,zsetty@example.org,9483074139,Kolkata,NEW,2025-06-26
1415,Ira Varty,urvashikothari@example.com,4228974347,Chennai,GROWTH,2024-03-05
1416,Adya Kothari,wahabmuni@example.org,1171396083,Kolkata,VALUE,2026-05-28
1417,Girik Rastogi,ddugar@example.org,6622416567,Pune,GROWTH,2025-05-29
1418,Faqid Gokhale,msamra@example.org,5610621756,Hyderabad,VALUE,2024-10-04
1419,Dipta Pandya,daniel14@example.net,3383312467,Kolkata,NEW,2024-08-03
1420,Amruta Goswami,georgeprasad@example.com,7988900843,Hyderabad,PREMIUM,2024-01-02
1421,Wishi Iyengar,aadhyaoza@example.org,1596981322,Jaipur,VALUE,2025-06-17
1422,Wyatt Lanka,zkakar@example.org,4329903253,Jaipur,GROWTH,2026-05-29
1423,Veer Jain,ngopal@example.org,3805158952,Chennai,PREMIUM,2024-02-02
1424,Ishani Dugal,tripti04@example.com,4046650463,Pune,PREMIUM,2025-01-07
1425,Jagdish Brar,januja51@example.net,3266808663,Bengaluru,VALUE,2025-08-18
1426,Abeer Basak,samar44@example.org,1776746620,Kolkata,VALUE,2025-01-22
1427,Kamya Murty,brahmbhatthenry@example.com,0944697895,Pune,VALUE,2025-08-08
1428,Anvi Swaminathan,alka94@example.com,7962625789,Jaipur,GROWTH,2025-10-03
1429,Yasti Mammen,vanya42@example.org,8296898192,Bengaluru,GROWTH,2026-05-19
1430,Tristan Dave,praneel46@example.org,1768215658,Kolkata,VALUE,2025-06-27
1431,Pallavi Sridhar,perifalan@example.org,2263471411,Hyderabad,GROWTH,2025-09-30
1432,Yadavi Palan,dasnikita@example.com,7762601835,Mumbai,GROWTH,2024-09-28
1433,Owen Shankar,qghose@example.net,7087014506,Mumbai,VALUE,2024-05-15
1434,Zarna Sharma,lmani@example.net,6957555266,Chennai,NEW,2024-03-30
1435,Abhiram Arora,qghose@example.com,5570991907,Bengaluru,GROWTH,2024-04-08
1436,Ladli Chaudhuri,ekantikakala@example.net,1743881804,Delhi,GROWTH,2026-01-14
1437,Janaki Lad,wprasad@example.net,6394453221,Hyderabad,GROWTH,2024-02-06
1438,Adya Khalsa,parsawriddhish@example.org,5166175963,Pune,VALUE,2025-03-11
1439,Urishilla Oza,shettydiya@example.org,3962197640,Bengaluru,NEW,2025-07-06
1440,Qarin Tara,jyoti18@example.org,7275142145,Jaipur,GROWTH,2025-08-28
1441,Shivansh Saini,varsha92@example.net,6896552086,Kolkata,GROWTH,2024-02-29
1442,Janya Rattan,chanakyanori@example.com,6942170001,Chennai,NEW,2026-02-13
1443,Shravya Gole,abhanair@example.net,7578621808,Jaipur,NEW,2025-01-28
1444,Veer Chaudhry,farajbal@example.net,0209628686,Hyderabad,NEW,2024-01-16
1445,Warinder Sankaran,deyzayan@example.com,9997570618,Mumbai,VALUE,2024-04-29
1446,Rohan Dhingra,william78@example.net,2043788158,Delhi,VALUE,2026-02-12
1447,Urvashi Andra,tganguly@example.org,8826525756,Jaipur,PREMIUM,2026-04-28
1448,Oviya Tata,bobalamruta@example.net,3944804873,Jaipur,GROWTH,2025-11-07
1449,Zansi Walla,barya@example.com,1798575394,Pune,PREMIUM,2024-10-27
1450,Vidhi Mital,ucomar@example.org,1520825802,Delhi,PREMIUM,2026-05-02
1451,Champak Rao,psachdev@example.net,1628167279,Bengaluru,VALUE,2024-09-05
1452,Nihal Bhasin,mmore@example.org,0012834492,Delhi,VALUE,2024-07-29
1453,Aachal Soni,devanshvenkataraman@example.com,0837089053,Delhi,GROWTH,2025-11-19
1454,Shivani Natt,rajuhamsini@example.org,1965284454,Mumbai,VALUE,2024-10-17
1455,Jalsa Parsa,xbrahmbhatt@example.com,7689799032,Chennai,PREMIUM,2025-04-12
1456,Hemangini Bahri,wchacko@example.net,9500015969,Delhi,PREMIUM,2025-08-18
1457,Jairaj Panchal,chaudryhritik@example.org,9893209899,Jaipur,GROWTH,2024-05-29
1458,Owen Mane,aarnav23@example.org,5236626437,Hyderabad,PREMIUM,2026-04-13
1459,Ekta Uppal,abasu@example.com,8993703872,Bengaluru,GROWTH,2024-05-29
1460,Sanya Brar,grovervasana@example.org,8829314487,Chennai,PREMIUM,2026-06-12
1461,Bhavini Sheth,ovaidya@example.net,9325726044,Kolkata,VALUE,2024-09-06
1462,Oliver Nazareth,isaiahgera@example.org,5228039098,Bengaluru,PREMIUM,2025-01-10
1463,Nidhi Bora,qbuch@example.net,3523484712,Delhi,PREMIUM,2024-08-15
1464,Neel Oza,lohit50@example.com,7872685655,Delhi,VALUE,2025-04-30
1465,Dipta Nadig,nrai@example.net,3044342464,Kolkata,GROWTH,2024-01-01
1466,Amara Rana,qtiwari@example.org,3948053318,Delhi,NEW,2024-06-02
1467,Sai Patil,bhatiaekansh@example.com,8262594583,Pune,VALUE,2025-04-12
1468,Odika Ganesh,mallanamika@example.org,4957957676,Hyderabad,PREMIUM,2025-09-16
1469,Arin Dass,manya07@example.org,0114320548,Kolkata,NEW,2026-05-16
1470,Zayan Buch,pgara@example.net,2178878441,Delhi,NEW,2026-01-23
1471,Ojas Ranganathan,tbir@example.com,8286074852,Jaipur,GROWTH,2026-04-09
1472,Girish Bhatt,omkaar85@example.net,5542283924,Pune,GROWTH,2025-12-19
1473,Chatura Bal,tanmayi57@example.net,7275525893,Hyderabad,NEW,2025-11-29
1474,Fiyaz Chawla,wkala@example.com,9623741112,Mumbai,GROWTH,2024-11-07
1475,Nachiket Chad,victorbalakrishnan@example.com,1167374976,Jaipur,VALUE,2026-03-25
1476,Dayamai Karnik,wishi79@example.com,1544238993,Bengaluru,VALUE,2026-05-16
1477,Bhanumati Savant,madhavisawhney@example.com,3740278062,Hyderabad,PREMIUM,2025-04-07
1478,Karan Vyas,singhdevika@example.net,7515895523,Hyderabad,GROWTH,2024-04-18
1479,Ayush Banerjee,bariajyoti@example.net,4246963710,Mumbai,VALUE,2024-02-08
1480,Eshana Soni,anjaliwason@example.org,4124956881,Hyderabad,VALUE,2025-03-20
1481,Anita Saxena,aayush43@example.net,2919742694,Mumbai,PREMIUM,2025-07-25
1482,Peter Shan,khalsaharita@example.com,2346603809,Delhi,GROWTH,2025-05-14
1483,Dayita Palan,deolishani@example.net,7187180363,Bengaluru,NEW,2026-03-17
1484,Utkarsh Chakraborty,brajagopal@example.net,9219032871,Delhi,PREMIUM,2025-04-27
1485,Darika Pau,sainisiddharth@example.com,6067148981,Hyderabad,NEW,2025-08-17
1486,Abha Dugal,upadhriti60@example.com,1073558310,Kolkata,NEW,2025-11-13
1487,Advaith Acharya,finn21@example.org,8891694049,Mumbai,VALUE,2026-03-16
1488,Hemangini Mangat,tellabina@example.org,0882903118,Delhi,PREMIUM,2025-07-02
1489,Abhiram Swamy,qgandhi@example.org,9166665085,Delhi,VALUE,2025-05-16
1490,Chandani Andra,pmukhopadhyay@example.com,5538109042,Chennai,NEW,2024-03-10
1491,Brinda Kashyap,vyasarin@example.org,5851379727,Bengaluru,VALUE,2025-08-01
1492,Kashvi Gulati,hemani94@example.org,4302345999,Hyderabad,PREMIUM,2024-06-10
1493,Rajeshri Rana,vivaan56@example.com,6216785557,Delhi,NEW,2024-11-27
1494,Nihal Ramakrishnan,gayathridugar@example.com,8917639029,Bengaluru,VALUE,2025-04-24
1495,Thomas Lall,upmasetty@example.net,1849580645,Hyderabad,NEW,2024-03-15
1496,Pahal Khatri,baljiwan76@example.net,1887187988,Hyderabad,VALUE,2025-09-17
1497,Bhavani Wali,ekantika73@example.com,9609586050,Chennai,GROWTH,2024-09-09
1498,Nitara Guha,ira25@example.org,4791225157,Kolkata,GROWTH,2025-04-07
1499,Qabil Deshpande,onkarnarayanan@example.net,9158849028,Hyderabad,GROWTH,2024-11-11
1500,Indrajit Shah,oni79@example.net,1109792936,Kolkata,GROWTH,2024-11-15
1501,Anita Swamy,butalavyanjana@example.com,0409337326,Chennai,NEW,2024-12-20
1502,Ekani Bahl,nakulsrinivasan@example.net,8723885656,Bengaluru,VALUE,2024-02-16
1503,Chandran Warrior,anushasangha@example.com,2026369580,Mumbai,GROWTH,2024-06-24
1504,Quincy Chaudry,shauryaranganathan@example.com,6858416511,Bengaluru,NEW,2025-12-08
1505,Amruta Dass,chatresh20@example.org,1973308689,Chennai,PREMIUM,2024-04-19
1506,Abhiram Kaul,amruta07@example.org,7042519952,Mumbai,VALUE,2025-03-23
1507,Matthew Aurora,lalagaurav@example.com,6956945974,Jaipur,NEW,2024-05-06
1508,Teerth Oommen,davebarkha@example.org,8736515854,Hyderabad,VALUE,2025-04-29
1509,Devika Tara,enagarajan@example.com,0213482024,Kolkata,GROWTH,2025-08-02
1510,Ubika Balay,harinibiswas@example.net,2802873539,Pune,GROWTH,2025-02-26
1511,Faris Dhingra,vasatikaprashad@example.net,3717845875,Bengaluru,PREMIUM,2025-11-25
1512,Amaira Ramanathan,gauridyal@example.net,7433116478,Mumbai,VALUE,2024-08-26
1513,Upma Golla,omisha14@example.org,5360743398,Pune,VALUE,2025-05-17
1514,Zashil Raj,bganesh@example.com,9075043315,Bengaluru,PREMIUM,2024-09-05
1515,Jairaj Kothari,vaidyairya@example.org,0462815933,Mumbai,VALUE,2025-04-03
1516,Saanvi Kota,raoyatan@example.org,0116064166,Jaipur,GROWTH,2024-02-27
1517,Rushil Sharma,nikita11@example.net,7631197921,Hyderabad,PREMIUM,2024-08-30
1518,Sathvik Solanki,fvora@example.org,0887453518,Delhi,PREMIUM,2025-09-28
1519,Devika Naidu,hdhawan@example.org,8584772679,Hyderabad,VALUE,2025-12-01
1520,Brijesh Verma,mpalla@example.org,5889053325,Hyderabad,VALUE,2024-09-01
1521,Zehaan Srivastava,yashicabarman@example.com,4887697042,Kolkata,NEW,2024-08-20
1522,Rushil Patel,bhattivasana@example.org,4589023702,Pune,GROWTH,2024-09-25
1523,Tejas Chowdhury,pbava@example.org,1879878592,Mumbai,VALUE,2024-09-08
1524,Radha Nair,darshthaman@example.com,7149169680,Mumbai,VALUE,2026-06-13
1525,Oliver Majumdar,baghyawati18@example.net,1011842526,Chennai,VALUE,2025-08-08
1526,Meghana Kibe,zaid66@example.org,7958921917,Delhi,NEW,2024-12-13
1527,Brijesh Soman,amolissac@example.org,1462097591,Bengaluru,VALUE,2025-02-19
1528,Kamya Chakraborty,urishillazachariah@example.org,4007203225,Mumbai,VALUE,2025-04-04
1529,Nakul Tata,ekalingabalay@example.net,8285971215,Delhi,GROWTH,2025-05-12
1530,Hamsini Bhasin,ojasvisunder@example.net,0486804987,Jaipur,VALUE,2024-12-13
1531,Ishani Dube,dtara@example.com,2169217767,Delhi,VALUE,2026-05-26
1532,Jeremiah Sura,akhatri@example.com,7593006177,Delhi,NEW,2024-09-18
1533,Edhitha Palan,tpurohit@example.com,4517030368,Jaipur,PREMIUM,2025-01-19
1534,Reyansh Bail,chanchal59@example.org,1584301313,Mumbai,VALUE,2024-01-06
1535,Ishita Desai,zashilthaman@example.org,2274993524,Kolkata,GROWTH,2025-03-18
1536,Balveer Sundaram,zashil35@example.net,0104880744,Delhi,VALUE,2026-02-08
1537,Chaitaly Suri,chokshichandresh@example.org,9276378628,Mumbai,VALUE,2026-06-16
1538,Rachit Pall,kjayaraman@example.com,2414529999,Delhi,GROWTH,2025-03-01
1539,Upadhriti Maharaj,samesh30@example.net,0406388698,Pune,GROWTH,2024-05-05
1540,Ekapad Wali,rehaankrish@example.org,1865614035,Chennai,PREMIUM,2025-10-09
1541,Shivani Merchant,jhajanya@example.net,0053258974,Hyderabad,NEW,2025-07-30
1542,Jeevika Setty,mukhopadhyayzinal@example.com,1210698357,Mumbai,VALUE,2026-05-12
1543,Yashawini Raghavan,ayush70@example.org,8341270834,Delhi,NEW,2025-03-30
1544,Anirudh Patla,bkrishna@example.com,7110252965,Chennai,GROWTH,2024-01-03
1545,Ekani Bhatnagar,pahalatwal@example.com,3341720504,Mumbai,VALUE,2026-03-21
1546,Ranveer Viswanathan,tmanda@example.org,6662713124,Chennai,NEW,2025-08-30
1547,Mitesh Mandal,jatin44@example.net,6537339785,Pune,VALUE,2025-12-21
1548,Nimrat Nagy,ksarkar@example.org,2335549920,Kolkata,GROWTH,2024-04-16
1549,Gopal Virk,jmangal@example.org,0193344365,Hyderabad,PREMIUM,2025-02-15
1550,Caleb Dayal,laban79@example.com,2763956851,Delhi,VALUE,2025-02-16
1551,Azad Jaggi,chaturaghosh@example.net,0485513138,Bengaluru,NEW,2024-08-28
1552,Vedika Handa,chatresh69@example.com,1135888457,Kolkata,VALUE,2026-02-01
1553,Azad Rama,wganguly@example.org,9759989001,Chennai,NEW,2024-06-18
1554,Aahana Bawa,dugarveer@example.net,9505285893,Chennai,VALUE,2024-03-05
1555,Timothy Bobal,yashica93@example.com,0791087798,Hyderabad,VALUE,2024-07-29
1556,Sathvik Swamy,kchoudhury@example.com,5634737283,Mumbai,GROWTH,2026-06-09
1557,Upadhriti Bhat,aishaniwali@example.net,0633861602,Jaipur,NEW,2024-04-12
1558,Ojasvi Pillay,mitalishita@example.org,2178277105,Kolkata,VALUE,2025-06-06
1559,Amaira Wadhwa,nnath@example.net,2551213830,Jaipur,NEW,2024-06-13
1560,Ekavir Modi,majumdardipta@example.com,3462264240,Kolkata,VALUE,2024-12-21
1561,Tarak Venkataraman,chanchal64@example.com,2591447383,Bengaluru,GROWTH,2025-05-11
1562,Harrison Kashyap,wazirahuja@example.org,0762809956,Bengaluru,GROWTH,2024-01-18
1563,Ranveer Hans,elijah52@example.com,4084771002,Mumbai,VALUE,2024-08-05
1564,Praneel Sagar,keyatandon@example.net,8778116490,Jaipur,NEW,2025-06-12
1565,Ishita Shanker,ganga47@example.org,8966536763,Chennai,GROWTH,2024-01-14
1566,Hemang Ganesan,thakkarupma@example.com,2757318291,Hyderabad,PREMIUM,2025-03-21
1567,Neelima Thaman,chakradev14@example.com,8607927462,Jaipur,GROWTH,2025-06-27
1568,Nakul Walla,vbassi@example.net,4463963926,Chennai,GROWTH,2024-07-12
1569,Indira Murty,pallavisuri@example.org,6963302415,Jaipur,GROWTH,2024-05-25
1570,Kamya Sachar,chaitanya28@example.net,9679484716,Jaipur,NEW,2025-03-17
1571,Ekiya Khosla,bhandaridayita@example.net,8564830988,Delhi,PREMIUM,2025-10-08
1572,Keya Kumar,shenoyveda@example.net,5506403356,Bengaluru,GROWTH,2024-01-12
1573,Sneha Sem,tandonwyatt@example.com,8595514957,Pune,GROWTH,2024-10-31
1574,Aadi Banerjee,rbasak@example.org,6059605267,Kolkata,GROWTH,2026-06-18
1575,Amol Vasa,sachdevguneet@example.org,7819767314,Mumbai,GROWTH,2024-10-29
1576,Chasmum Ahuja,advik79@example.net,7956050206,Bengaluru,GROWTH,2024-10-25
1577,Tristan Kala,gaganrajan@example.com,2024190536,Chennai,GROWTH,2025-10-25
1578,Anthony Majumdar,vasana52@example.com,3856905362,Kolkata,PREMIUM,2025-03-08
1579,Girindra Barad,bhavya28@example.net,4819011707,Delhi,NEW,2024-12-18
1580,Ishani Dugal,jeremiahratta@example.com,7643996067,Chennai,NEW,2025-12-07
1581,Alka Peri,gautam50@example.com,5071297258,Bengaluru,NEW,2024-01-28
1582,Viraj Kunda,gverma@example.org,2287542890,Mumbai,GROWTH,2025-10-03
1583,George Ratta,jagrati71@example.net,4182943050,Chennai,PREMIUM,2024-12-08
1584,Faras Nair,janya66@example.org,9173008657,Hyderabad,VALUE,2026-03-10
1585,Oscar Sura,jsachdeva@example.net,0415742994,Pune,GROWTH,2025-10-14
1586,Charita Barad,caleb93@example.com,9668292730,Bengaluru,VALUE,2026-04-27
1587,Farhan Bhalla,lipikakrishna@example.com,7073485675,Kolkata,VALUE,2024-04-25
1588,Ijaya Saraf,omkamala@example.com,0974993757,Delhi,NEW,2024-06-19
1589,Jai Karan,sachdevjackson@example.org,8553166504,Kolkata,NEW,2026-03-23
1590,Lavanya Bhagat,sarthaknatt@example.com,6611771623,Delhi,GROWTH,2024-12-17
1591,Benjamin Nagar,rachitdeep@example.com,9813202725,Pune,VALUE,2026-01-04
1592,Eta Thakkar,falan82@example.com,6255483152,Bengaluru,PREMIUM,2025-09-10
1593,Michael Bedi,eraval@example.net,1179685145,Hyderabad,GROWTH,2025-03-25
1594,Sanaya Thaman,finndhillon@example.net,9124866800,Delhi,NEW,2024-02-10
1595,Tristan Sankaran,vseshadri@example.com,1437701438,Pune,NEW,2024-03-07
1596,Meera Divan,jsunder@example.com,4635852110,Mumbai,VALUE,2025-10-07
1597,Gayathri Butala,otripathi@example.net,0770577297,Pune,VALUE,2024-03-28
1598,Chandran Rastogi,fhora@example.net,5657329460,Pune,VALUE,2024-01-05
1599,Frederick Rastogi,dkapur@example.com,5296933894,Kolkata,VALUE,2024-07-16
1600,Kalpit Deshmukh,wardabehl@example.com,0727908733,Pune,GROWTH,2026-04-02
1601,Rudra Sura,lopagoswami@example.org,9750783886,Bengaluru,VALUE,2025-07-17
1602,Rohan Viswanathan,farhan64@example.org,3546652289,Pune,VALUE,2025-10-08
1603,Xavier Bora,aayushdara@example.org,9688601025,Kolkata,VALUE,2025-08-09
1604,Qushi Naik,zmanda@example.net,9976997146,Bengaluru,VALUE,2025-05-23
1605,Isaiah Sachdev,choudhryvinaya@example.com,3277540555,Delhi,PREMIUM,2024-08-18
1606,Jasmit Pall,hritikchana@example.net,8403628995,Jaipur,VALUE,2025-01-21
1607,Ekani Padmanabhan,dkohli@example.net,7928970926,Mumbai,NEW,2025-05-05
1608,Dalaja Gara,viswanathanjanani@example.net,2118588533,Chennai,VALUE,2026-06-08
1609,Riya Dhingra,upkaar60@example.com,7865095256,Mumbai,VALUE,2026-03-20
1610,Chaitanya Kaur,oscarhans@example.org,0003810741,Mumbai,VALUE,2025-10-24
1611,Kashvi Dugal,wgulati@example.com,9103128072,Kolkata,PREMIUM,2026-01-01
1612,Isaiah Bhagat,pjhaveri@example.net,7462269640,Mumbai,VALUE,2025-12-27
1613,Manbir Mani,vritti75@example.com,3186345554,Pune,GROWTH,2025-08-23
1614,Hemal Choudhry,ojas98@example.com,7805407129,Pune,VALUE,2026-01-12
1615,Shivani Sinha,agarwalchanchal@example.org,9011762158,Delhi,NEW,2024-03-06
1616,Garima Kadakia,kallanathaniel@example.com,4503315235,Mumbai,VALUE,2024-01-20
1617,Samar Virk,andrewkamdar@example.org,2081274993,Kolkata,GROWTH,2025-02-03
1618,Vasudha Dhaliwal,owen74@example.net,0112840172,Chennai,NEW,2024-02-19
1619,Krisha Vyas,vjhaveri@example.com,7795268908,Delhi,VALUE,2024-11-01
1620,Aadhya Garde,veerom@example.com,5423829196,Jaipur,VALUE,2024-06-27
1621,Bhanumati Iyer,daliayutika@example.net,4919817001,Bengaluru,NEW,2026-05-11
1622,Chatresh Shroff,agastyakibe@example.net,7074434782,Delhi,VALUE,2025-08-12
1623,Ekalinga Rama,sanghviforum@example.net,4550564202,Jaipur,VALUE,2024-02-07
1624,Jagvi Chokshi,qdewan@example.org,2859525292,Delhi,GROWTH,2025-07-15
1625,Brinda Raju,ryan11@example.org,4258432991,Chennai,VALUE,2025-10-21
1626,Lajita Trivedi,yadavibrar@example.com,7722441463,Jaipur,NEW,2024-10-19
1627,Diya Sundaram,zbalan@example.org,5930506998,Chennai,GROWTH,2026-03-05
1628,Quincy Issac,ysamra@example.com,2572492598,Chennai,GROWTH,2026-05-25
1629,Anthony Baral,manyamodi@example.com,0696469016,Hyderabad,VALUE,2026-06-01
1630,Dalaja Nath,yashicaborah@example.net,7014155105,Mumbai,PREMIUM,2024-03-24
1631,Maya Dugar,nathansachdeva@example.com,7861235876,Chennai,PREMIUM,2025-02-08
1632,Idika Pandey,gayathri03@example.org,9119632362,Jaipur,VALUE,2025-11-30
1633,Chasmum Keer,tbawa@example.org,3070131688,Delhi,NEW,2025-02-02
1634,David Kurian,azaan37@example.com,3323164958,Jaipur,GROWTH,2025-03-08
1635,Ayushman Mammen,hemanihora@example.net,7058030714,Hyderabad,PREMIUM,2024-10-22
1636,Max Om,iyernachiket@example.net,9958724411,Chennai,VALUE,2025-01-11
1637,Laksh Chahal,hemal27@example.net,3031051968,Mumbai,VALUE,2025-09-17
1638,Utkarsh Sahni,oeshi71@example.net,0764326314,Chennai,PREMIUM,2024-01-24
1639,Michael Sandhu,champak30@example.com,2442951538,Mumbai,PREMIUM,2025-12-20
1640,Forum Sen,dthaker@example.net,4097526066,Bengaluru,GROWTH,2025-10-17
1641,Samuel Devi,shanekalinga@example.org,1309637740,Pune,VALUE,2024-05-04
1642,Lakshit More,jnarayan@example.com,2852204330,Delhi,NEW,2025-11-25
1643,Qushi Dhillon,ekbal85@example.org,0504782773,Hyderabad,VALUE,2025-04-14
1644,Eesha Bir,yashicathakkar@example.org,4652674998,Chennai,VALUE,2024-10-14
1645,Qarin Nadkarni,borahfalak@example.org,9917737660,Mumbai,GROWTH,2025-02-13
1646,Ayushman Nagar,unni77@example.com,7724574415,Bengaluru,VALUE,2025-04-10
1647,Nisha Mitter,gaurav36@example.net,0860489940,Bengaluru,VALUE,2024-07-08
1648,Anusha Doshi,regeindira@example.com,4968736894,Pune,VALUE,2025-06-29
1649,Hredhaan Deep,ipal@example.net,3493167550,Jaipur,NEW,2025-07-20
1650,Atharv Loke,krishram@example.org,8882956379,Kolkata,VALUE,2024-11-26
1651,Vincent Kashyap,amruta90@example.org,8988019622,Mumbai,PREMIUM,2025-02-18
1652,Jagrati Buch,adya94@example.org,1125340444,Delhi,NEW,2025-07-08
1653,Krish Thakkar,ekaja77@example.com,1112596679,Delhi,PREMIUM,2025-03-29
1654,Kashvi Gour,ubose@example.org,3935301936,Chennai,GROWTH,2025-01-25
1655,Vyanjana Som,ooza@example.com,9757789776,Mumbai,GROWTH,2026-05-10
1656,Nihal Hans,bandigautam@example.net,5149241009,Mumbai,GROWTH,2026-03-01
1657,Bachittar Rege,hiral67@example.net,4181366206,Kolkata,GROWTH,2024-12-07
1658,Anamika Sachar,luckyjoshi@example.net,2011745188,Kolkata,NEW,2025-10-08
1659,Samaksh Jayaraman,raghav60@example.org,7310110600,Kolkata,PREMIUM,2025-12-30
1660,Peter Sarna,gagan27@example.org,9737061245,Bengaluru,GROWTH,2024-04-09
1661,Ekta Shankar,grajagopal@example.net,1322266509,Chennai,VALUE,2025-06-16
1662,Prisha Ravel,victor60@example.net,0569490457,Chennai,NEW,2025-12-20
1663,Lajita Munshi,cwarrior@example.com,1435120045,Mumbai,VALUE,2024-02-21
1664,Balvan Verma,aadidey@example.org,8436568586,Chennai,NEW,2024-10-30
1665,Siya Shan,tanishchaudhry@example.org,3027891174,Chennai,VALUE,2025-12-19
1666,Yatan Venkataraman,advaysane@example.com,1205404834,Hyderabad,PREMIUM,2026-04-22
1667,Balveer Ram,osangha@example.com,5413214607,Kolkata,NEW,2026-06-12
1668,Ranveer Manne,anayiyengar@example.net,3939578476,Pune,GROWTH,2025-06-27
1669,Mitali Modi,skapoor@example.com,7674453138,Chennai,VALUE,2024-02-08
1670,Triya Ganesan,keyapathak@example.com,3627842374,Pune,NEW,2024-01-25
1671,Chaitaly Bhagat,dacharya@example.net,1757322836,Kolkata,GROWTH,2025-12-31
1672,Ubika Seth,agateidika@example.com,4200287340,Chennai,VALUE,2025-10-22
1673,Xiti Chowdhury,vritti43@example.net,5629522429,Bengaluru,GROWTH,2024-06-23
1674,Krishna Ramaswamy,esuresh@example.org,4520826075,Kolkata,GROWTH,2024-04-27
1675,Ekiya Seshadri,abha67@example.org,3116012403,Pune,PREMIUM,2024-05-11
1676,Praneel Setty,faqidramanathan@example.com,0827815758,Jaipur,VALUE,2026-02-28
1677,Suhani Chana,omanika@example.com,5528109319,Mumbai,GROWTH,2025-11-19
1678,Ekiya Gade,tkhosla@example.net,3552313358,Hyderabad,NEW,2026-05-03
1679,Gavin Comar,pandyazansi@example.net,0385044860,Jaipur,VALUE,2024-04-12
1680,Janani Chada,hwalla@example.org,3290004219,Chennai,GROWTH,2025-09-17
1681,Yasti Dutta,gangakala@example.org,9607331256,Jaipur,PREMIUM,2026-04-11
1682,Lajita Bassi,patricksami@example.com,0621402499,Delhi,NEW,2025-04-24
1683,Gautami Doctor,diyamagar@example.com,4217115223,Delhi,GROWTH,2025-11-27
1684,Maanav Gola,balifalak@example.net,1527765592,Kolkata,NEW,2025-06-25
1685,Oni Morar,mohanakshay@example.org,2547595762,Bengaluru,VALUE,2024-01-07
1686,Sanaya Mani,libni15@example.net,1875288281,Chennai,GROWTH,2025-01-20
1687,Jacob Deep,carya@example.org,2458522431,Hyderabad,NEW,2024-08-23
1688,Aarush Kulkarni,bhaktabakhshi@example.com,8388846108,Hyderabad,NEW,2024-03-16
1689,Tara Tank,zilmiltoor@example.com,5919406694,Jaipur,GROWTH,2025-06-20
1690,Abdul Tak,manya73@example.net,5629755933,Delhi,GROWTH,2026-04-15
1691,Teerth Soni,watika43@example.com,2198515538,Kolkata,GROWTH,2024-02-18
1692,Nimrat Sathe,bachittarmajumdar@example.org,5384736592,Jaipur,VALUE,2024-10-23
1693,Abeer Konda,hredhaanwali@example.com,1317615865,Pune,NEW,2025-08-25
1694,Sarthak Bawa,etank@example.net,0872840106,Hyderabad,NEW,2024-10-08
1695,Manbir Bhakta,lukechopra@example.org,4056020187,Mumbai,GROWTH,2024-04-14
1696,Balhaar Dhillon,pallachaaya@example.org,6580905380,Pune,VALUE,2024-06-21
1697,Chanchal Narula,parth51@example.org,5032403070,Hyderabad,VALUE,2024-01-23
1698,Chandran Chopra,barmanronith@example.com,4234898376,Mumbai,VALUE,2026-06-12
1699,Pranav Edwin,akshay94@example.org,6089736547,Bengaluru,PREMIUM,2025-03-18
1700,Peter Shah,dev25@example.net,1108439901,Jaipur,GROWTH,2026-04-28
1701,Balendra Chander,ubansal@example.net,5146002530,Bengaluru,VALUE,2025-09-09
1702,Ekantika Pillay,liamkoshy@example.net,0344991954,Mumbai,GROWTH,2024-11-10
1703,Ekansh Sane,dsahota@example.com,4950354492,Pune,NEW,2026-04-28
1704,Brinda Sinha,obansal@example.com,8135512640,Mumbai,VALUE,2024-08-22
1705,Jairaj Maharaj,ekajabobal@example.org,8755986806,Jaipur,GROWTH,2024-06-11
1706,Odika Vohra,anay39@example.net,0673875027,Kolkata,GROWTH,2025-12-25
1707,Shaurya Bhardwaj,ikamdar@example.com,2184817745,Jaipur,VALUE,2025-05-13
1708,Gagan Sule,bina30@example.net,1661734742,Jaipur,GROWTH,2025-01-15
1709,Prisha Nadig,uppalronith@example.com,4315097071,Mumbai,GROWTH,2025-06-13
1710,Irya Dayal,naveenjayaraman@example.net,3492509618,Mumbai,VALUE,2026-05-21
1711,Zinal Tank,lanand@example.com,2898189993,Bengaluru,VALUE,2024-09-09
1712,Pranit Kaul,gkibe@example.org,0782693132,Hyderabad,NEW,2026-03-22
1713,Rishi Agarwal,sodhijason@example.com,0022591633,Jaipur,VALUE,2026-03-30
1714,Arjun Shroff,fariq85@example.org,2105589119,Pune,GROWTH,2025-11-14
1715,Sarthak Sachdeva,udantcheema@example.org,3052703441,Pune,GROWTH,2024-05-21
1716,Chakradev Nath,aupadhyay@example.org,4380755405,Jaipur,NEW,2024-03-21
1717,Simon Apte,raksha76@example.com,4452646507,Pune,PREMIUM,2024-04-18
1718,Baghyawati Kumar,lbora@example.org,4191628844,Hyderabad,NEW,2025-09-23
1719,Darika Mital,bahadurjitkari@example.org,5314808102,Hyderabad,GROWTH,2024-12-25
1720,Abeer Comar,sachinagarajan@example.com,3296193002,Chennai,GROWTH,2026-06-07
1721,Harita Randhawa,bahadurjit58@example.net,6473958008,Delhi,GROWTH,2024-01-06
1722,Parth Hari,wazirarya@example.org,1170723089,Pune,GROWTH,2024-12-01
1723,Hamsini Srinivas,yarya@example.com,2981997883,Pune,GROWTH,2024-08-25
1724,Balendra Deshpande,ewagle@example.org,4176503602,Pune,VALUE,2026-03-04
1725,Nachiket Sharma,amairasodhi@example.net,0512719810,Chennai,GROWTH,2024-04-19
1726,Turvi Sachdev,kritikanaik@example.com,6524882652,Kolkata,GROWTH,2025-01-02
1727,Chandani Mutti,mbhatt@example.com,4063252956,Jaipur,VALUE,2026-02-19
1728,Sathvik Narula,oeshi74@example.net,5241544799,Chennai,VALUE,2026-05-24
1729,Dominic Dixit,girish45@example.org,0120838921,Hyderabad,PREMIUM,2026-04-04
1730,Azaan Nori,wparekh@example.org,7016541838,Delhi,GROWTH,2025-08-11
1731,Noah Ramachandran,sachi44@example.net,6317619730,Kolkata,NEW,2024-05-26
1732,Jackson Morar,ekantikadewan@example.net,1094989905,Jaipur,GROWTH,2024-03-27
1733,Azad Magar,tbava@example.org,8649079618,Pune,NEW,2025-01-04
1734,Gabriel Taneja,hemang11@example.com,1163340166,Kolkata,PREMIUM,2025-03-07
1735,Kamya Seth,psoni@example.org,9337361798,Kolkata,VALUE,2025-04-07
1736,Tarak Vohra,falan57@example.com,5874485312,Kolkata,NEW,2024-02-14
1737,Parth Choudhury,osha70@example.net,9164897046,Chennai,VALUE,2025-08-30
1738,Baljiwan Jaggi,darpan68@example.org,4913370947,Delhi,GROWTH,2024-12-21
1739,Sachi Toor,yaminikadakia@example.org,6315776157,Delhi,PREMIUM,2024-04-07
1740,Vasudha Tella,aashisaraf@example.com,1364930169,Mumbai,VALUE,2026-04-03
1741,Ranveer Oak,goelvedhika@example.com,7243470149,Hyderabad,GROWTH,2024-11-17
1742,Dayita Narang,pbehl@example.net,0269742890,Pune,GROWTH,2024-07-27
1743,Guneet Varty,hemangini63@example.net,4636430449,Hyderabad,VALUE,2025-03-19
1744,Samesh Bansal,samuelzachariah@example.net,7157606700,Delhi,VALUE,2026-05-05
1745,Lila Vig,yashmital@example.net,0243181009,Mumbai,VALUE,2026-01-12
1746,Aayush Mukhopadhyay,lakshit45@example.com,3436594702,Jaipur,VALUE,2024-03-30
1747,Gagan Nath,norifaraj@example.com,3659567997,Jaipur,GROWTH,2025-09-10
1748,Chakradhar Chauhan,upma82@example.com,7494528825,Hyderabad,GROWTH,2025-08-21
1749,Arin Muni,abhimanyujain@example.org,6780922735,Kolkata,GROWTH,2026-03-08
1750,Ekani Iyer,maanav71@example.com,7298987256,Pune,PREMIUM,2026-05-19
1751,Bhavini Malhotra,vohramadhavi@example.org,6863984055,Jaipur,VALUE,2025-11-02
1752,Ridhi Dalal,vshere@example.com,8393134036,Jaipur,VALUE,2025-08-11
1753,Manthan Dugar,usahni@example.org,7150613806,Pune,PREMIUM,2024-11-14
1754,Ishwar Aurora,upasnabakshi@example.org,2880733830,Hyderabad,NEW,2026-03-20
1755,Samuel Palla,arya78@example.com,9416123652,Pune,GROWTH,2026-04-28
1756,Anika Dhaliwal,odikavyas@example.org,3575744582,Bengaluru,VALUE,2026-06-10
1757,Yash Garg,jasondubey@example.org,3772043934,Bengaluru,PREMIUM,2026-05-09
1758,Deepa Nigam,gautam23@example.org,9519468787,Chennai,NEW,2025-07-31
1759,Chandresh De,ramanathanqasim@example.com,0385433665,Chennai,GROWTH,2026-05-10
1760,Urishilla Bedi,zashilchandran@example.net,2096672162,Chennai,VALUE,2025-12-05
1761,Leela Bhagat,anvi55@example.com,7884347585,Hyderabad,VALUE,2024-08-04
1762,Pooja Ramanathan,zacharianitesh@example.com,1057265284,Hyderabad,GROWTH,2024-01-29
1763,Sanaya Parekh,fredericklal@example.org,5439105106,Delhi,NEW,2026-06-01
1764,Gaurangi Hora,kataidika@example.com,7382265599,Chennai,PREMIUM,2025-01-19
1765,Udyati Deep,ayaanjain@example.org,2993152300,Chennai,VALUE,2026-02-25
1766,Upadhriti Chatterjee,raaginisoman@example.org,5234319465,Jaipur,GROWTH,2024-09-16
1767,Dayita Shroff,chavvi90@example.com,6484624314,Chennai,NEW,2024-11-20
1768,Vincent Kapur,xrai@example.com,3411462595,Hyderabad,GROWTH,2026-01-11
1769,Aarna Patla,sandhuyahvi@example.net,9493055340,Delhi,NEW,2025-04-17
1770,Qadim Narayanan,fdewan@example.org,7480411457,Mumbai,GROWTH,2025-09-01
1771,Sudiksha Sura,jeevikabhasin@example.net,1574606780,Bengaluru,VALUE,2024-10-15
1772,Dhruv Soman,igera@example.com,4653072299,Hyderabad,GROWTH,2025-07-06
1773,Indali Srinivas,libni43@example.com,5723148897,Bengaluru,GROWTH,2025-03-14
1774,Onkar Mandal,draju@example.net,8413892888,Hyderabad,NEW,2026-04-18
1775,Joshua Trivedi,shivanshbahri@example.net,8569202835,Kolkata,GROWTH,2025-03-18
1776,Nidra Chhabra,janakisarna@example.org,7566731584,Mumbai,GROWTH,2024-03-20
1777,Ekavir Mittal,megha73@example.com,7968519907,Bengaluru,GROWTH,2025-10-24
1778,Nandini Sachdev,farasranganathan@example.org,2035083686,Mumbai,GROWTH,2026-05-08
1779,Yagnesh Dutt,amolmemon@example.com,4964113589,Bengaluru,GROWTH,2026-03-05
1780,Leena Bhatti,chauhanupasna@example.org,6982192902,Pune,PREMIUM,2024-03-31
1781,Sathvik Sankar,gdoshi@example.org,6248644998,Delhi,GROWTH,2026-06-17
1782,Hema Keer,sarthakravel@example.com,1774340219,Bengaluru,GROWTH,2024-11-08
1783,Faras Sur,varmabhanumati@example.net,6348323486,Delhi,GROWTH,2026-01-20
1784,Ubika Nanda,kmanda@example.org,2138674171,Jaipur,VALUE,2025-07-21
1785,Sai Goda,santwriddhish@example.com,9071384568,Pune,PREMIUM,2026-05-25
1786,Nidra Boase,bakhshikarnik@example.org,1624843889,Mumbai,GROWTH,2024-11-03
1787,Ladli Narang,chaudharilipika@example.com,4981895812,Mumbai,GROWTH,2025-07-01
1788,Darsh Chana,keyasankar@example.org,3979600860,Delhi,PREMIUM,2025-09-06
1789,Liam Acharya,anushapatil@example.com,9903326312,Hyderabad,PREMIUM,2024-05-18
1790,Manthan Sethi,elijah40@example.net,6983671390,Kolkata,NEW,2025-11-28
1791,Madhavi Sekhon,sudiksha96@example.org,8542401282,Chennai,GROWTH,2024-05-09
1792,Samesh Nadig,indiraborra@example.org,4212588706,Jaipur,VALUE,2026-01-15
1793,Daksha Saran,vaidyadevika@example.net,4452098148,Bengaluru,PREMIUM,2024-04-23
1794,Gaurav Anand,cbuch@example.com,8050098516,Bengaluru,GROWTH,2024-06-10
1795,Joshua Menon,vbassi@example.net,2935410737,Hyderabad,GROWTH,2025-03-21
1796,Kala Bera,goswamilopa@example.org,2574654480,Mumbai,GROWTH,2024-06-12
1797,Jagrati Choudhary,omya90@example.net,6802340702,Jaipur,PREMIUM,2024-03-10
1798,Azaan Keer,satheadweta@example.net,0188038145,Mumbai,VALUE,2024-02-17
1799,Meera Nadkarni,ryan89@example.org,0782481494,Hyderabad,GROWTH,2024-09-14
1800,Nidra Raj,tdesai@example.com,6496494897,Chennai,VALUE,2025-03-17
1801,Siddharth Ghose,bajwaomaja@example.com,9654590008,Delhi,GROWTH,2024-02-09
1802,Liam Guha,umani@example.com,0153484298,Hyderabad,PREMIUM,2024-05-03
1803,Jagvi Sahni,manbirborra@example.com,8390909071,Hyderabad,GROWTH,2025-07-04
1804,Bhavya Dass,daksh24@example.org,2801332780,Bengaluru,GROWTH,2024-10-13
1805,Advay Bora,robertpal@example.com,4883773567,Mumbai,NEW,2025-11-13
1806,Maanas Sur,akshay71@example.org,5682106908,Delhi,PREMIUM,2026-01-26
1807,Laban Chad,shettyonveer@example.net,8753596623,Delhi,GROWTH,2024-01-28
1808,Ojasvi Shah,arjun23@example.net,9538377929,Hyderabad,NEW,2026-05-03
1809,Pranit Sha,palazaan@example.com,5793760288,Delhi,GROWTH,2025-09-07
1810,Shivani Rajagopalan,gsaxena@example.com,0246141225,Jaipur,PREMIUM,2026-01-09
1811,Upkaar Grewal,vivaan33@example.org,9511055967,Mumbai,VALUE,2025-03-06
1812,Abhimanyu Tara,qbuch@example.com,1856788632,Pune,VALUE,2024-01-01
1813,Yachana Luthra,ishanvi41@example.org,9265724443,Pune,VALUE,2026-03-07
1814,Jeevika Bandi,brindagokhale@example.org,4421495047,Hyderabad,VALUE,2025-05-26
1815,Vasudha Pillay,goleyashica@example.net,4415079585,Jaipur,GROWTH,2024-02-03
1816,Vasatika Buch,parikhpratyush@example.org,2528716944,Delhi,VALUE,2024-05-29
1817,Ati Shroff,liam17@example.com,9635784611,Mumbai,GROWTH,2024-07-04
1818,Gaurang Korpal,daranakul@example.com,1302999030,Bengaluru,VALUE,2024-12-04
1819,Faras Zacharia,vganesan@example.org,9562505752,Mumbai,VALUE,2025-02-02
1820,Chatresh Oza,dakshesh73@example.net,4210664676,Bengaluru,NEW,2025-01-20
1821,Upasna Setty,aryabhatnagar@example.org,7606942022,Bengaluru,PREMIUM,2026-02-20
1822,Garima Sama,william03@example.net,2384164979,Kolkata,NEW,2026-04-28
1823,Chaitaly Mann,jasmitbath@example.net,0180768130,Bengaluru,GROWTH,2025-09-02
1824,Balendra Modi,vidhikrishna@example.net,6149492361,Jaipur,VALUE,2025-07-24
1825,Darsh Solanki,ydoshi@example.org,4773133411,Kolkata,GROWTH,2026-02-16
1826,Charan Manne,yashasvimanda@example.com,2935597328,Jaipur,GROWTH,2024-08-28
1827,Bhavini Sundaram,katavasatika@example.net,7750248399,Delhi,VALUE,2025-05-17
1828,Jonathan Tiwari,qpant@example.org,1559892837,Jaipur,NEW,2025-08-01
1829,Arunima Krishnan,mohammed85@example.net,3565515192,Chennai,GROWTH,2024-09-13
1830,Avni Maharaj,halderumang@example.org,0675858834,Jaipur,PREMIUM,2026-05-06
1831,Akshay Choudhury,gkumar@example.com,4191116880,Bengaluru,GROWTH,2024-07-30
1832,Matthew Sekhon,ikorpal@example.net,5954250434,Jaipur,GROWTH,2024-02-23
1833,Parth Lal,varmaeiravati@example.org,0471489080,Chennai,VALUE,2024-10-18
1834,Vedhika Golla,dakshesh48@example.com,9534330666,Delhi,NEW,2026-01-04
1835,Hemal Chad,nattayaan@example.com,2369238220,Hyderabad,GROWTH,2024-12-03
1836,Mitesh Tandon,dasssiddharth@example.com,8028946830,Mumbai,VALUE,2024-07-14
1837,Leela Khanna,ggarde@example.org,0986681986,Jaipur,VALUE,2026-02-24
1838,Oliver Kade,subramanianzehaan@example.com,6659352385,Bengaluru,GROWTH,2024-05-17
1839,Chatura Lalla,upma93@example.net,2270119235,Mumbai,NEW,2024-05-22
1840,Charles Ganesh,boraurishilla@example.org,9325019227,Chennai,NEW,2026-03-19
1841,Mohini Soni,tkrishnamurthy@example.org,0310537180,Hyderabad,PREMIUM,2024-10-16
1842,Vamakshi Walia,iyeraahana@example.com,5337753128,Delhi,NEW,2024-01-02
1843,Ladli Ramakrishnan,rwable@example.net,3315216644,Kolkata,PREMIUM,2025-01-25
1844,Adweta Dhillon,meghana57@example.org,4217878300,Kolkata,VALUE,2025-10-28
1845,Advik Mani,xmemon@example.com,5758364928,Pune,GROWTH,2025-11-12
1846,Lavanya Mutti,yravel@example.org,0630072182,Chennai,VALUE,2024-03-19
1847,Gunbir Wali,odeshmukh@example.com,3821810886,Hyderabad,VALUE,2024-09-10
1848,Rachana Mahajan,xbhardwaj@example.com,3214749354,Chennai,GROWTH,2025-07-10
1849,Anamika Loke,glall@example.org,9758776987,Chennai,VALUE,2025-08-17
1850,Aadhya Raman,cherianaarav@example.org,0999354276,Mumbai,NEW,2025-07-12
1851,Wyatt Hayer,mvarughese@example.org,7707723096,Delhi,NEW,2024-10-31
1852,Pranit Munshi,ishanideo@example.net,6203159157,Bengaluru,GROWTH,2026-02-15
1853,Abhiram Bir,aayush43@example.net,0596160505,Hyderabad,PREMIUM,2024-03-11
1854,Nisha Chaudhari,janyadada@example.com,8386040081,Mumbai,GROWTH,2026-01-10
1855,Sanaya Panchal,devanmeghana@example.net,2832800655,Delhi,VALUE,2026-04-25
1856,Bhanumati Krishnamurthy,vasudha75@example.org,5819723961,Kolkata,VALUE,2025-09-08
1857,Bahadurjit Bajwa,jsahota@example.com,2616733660,Bengaluru,VALUE,2025-01-21
1858,Dakshesh Kalla,kallahardik@example.com,4524905413,Chennai,VALUE,2024-12-08
1859,Jagdish Chadha,mugdhasinghal@example.net,5357953945,Chennai,VALUE,2025-01-27
1860,Keya Goyal,sharafdivya@example.org,5154736531,Pune,VALUE,2024-05-29
1861,Qarin Kulkarni,ekalinga35@example.org,6520354612,Pune,VALUE,2024-07-18
1862,Unni Borra,rrajan@example.org,3913225560,Bengaluru,NEW,2025-07-26
1863,Aradhana Sane,thomasapte@example.org,4547836437,Kolkata,VALUE,2025-05-10
1864,Aarini Edwin,wridesh95@example.org,2329861889,Bengaluru,VALUE,2025-03-23
1865,Aradhana Bhatia,hbarman@example.net,5912470431,Kolkata,GROWTH,2025-03-03
1866,Lipika Natarajan,raghav29@example.net,1409914921,Hyderabad,GROWTH,2024-03-11
1867,Aarna Lanka,skhalsa@example.net,0191540224,Delhi,GROWTH,2026-02-19
1868,Ridhi Boase,chanderfrado@example.com,2048863320,Kolkata,VALUE,2026-05-10
1869,Sai Ramaswamy,dmodi@example.com,9700734953,Delhi,GROWTH,2024-08-08
1870,Vyanjana Chopra,vrishti37@example.com,3611506475,Kolkata,GROWTH,2024-10-09
1871,Raagini Kamdar,majumdarbalveer@example.net,9611076473,Delhi,PREMIUM,2025-07-21
1872,Riya Lad,ishanker@example.org,1840614854,Mumbai,GROWTH,2024-01-02
1873,Bakhshi Bora,janya65@example.net,1846503207,Chennai,GROWTH,2024-04-01
1874,Zashil Sehgal,oseshadri@example.net,5684933147,Jaipur,GROWTH,2026-03-22
1875,Widisha Dixit,xchandra@example.org,3883486301,Hyderabad,VALUE,2024-06-04
1876,Baljiwan Ramakrishnan,zashilbail@example.com,5025284312,Delhi,GROWTH,2025-06-03
1877,Max Narayan,zjha@example.net,1303529472,Mumbai,VALUE,2026-03-05
1878,Aarush Varma,behlzilmil@example.net,6728252442,Jaipur,VALUE,2025-10-21
1879,Vanya Sarin,memonimaran@example.net,3277342176,Pune,PREMIUM,2024-09-01
1880,Ekaraj Zachariah,bmurthy@example.net,0998452205,Delhi,VALUE,2024-05-17
1881,Aarush Rajagopalan,tanish07@example.net,5542730581,Hyderabad,VALUE,2025-10-08
1882,Jairaj Wason,hemangthakkar@example.net,8328159572,Bengaluru,PREMIUM,2024-12-30
1883,Gauri Mitter,zsetty@example.org,9876059127,Mumbai,GROWTH,2026-05-20
1884,Christopher Chana,ychaudhuri@example.com,4635859321,Kolkata,NEW,2025-08-03
1885,Harini Buch,ogolla@example.com,5657680178,Chennai,NEW,2024-01-10
1886,Bimala Jain,darikaboase@example.org,8898515519,Mumbai,NEW,2024-08-13
1887,Balveer Rajagopalan,lallagarima@example.com,6917231404,Pune,GROWTH,2025-11-01
1888,Chandani Ramakrishnan,hsengupta@example.org,4813702689,Hyderabad,VALUE,2025-09-23
1889,Jagrati Sur,znarang@example.com,8209357441,Delhi,GROWTH,2025-10-29
1890,Raksha Gupta,ekalingadhawan@example.net,9507141580,Hyderabad,GROWTH,2024-07-29
1891,Balendra Hans,ganesanvritti@example.net,2118728843,Mumbai,GROWTH,2024-08-12
1892,William Suresh,nitesh49@example.net,3565116998,Mumbai,VALUE,2024-07-07
1893,Dev Zachariah,ravelatharv@example.net,8403105953,Jaipur,VALUE,2025-09-18
1894,Xalak Walla,harish58@example.com,8042672696,Pune,VALUE,2024-01-11
1895,Amol Bansal,reyansh73@example.org,9474692597,Mumbai,VALUE,2026-01-02
1896,Daksh Nazareth,tanish76@example.org,6584035262,Kolkata,VALUE,2024-09-10
1897,Nidra Dani,wagleekani@example.com,0784437100,Chennai,NEW,2025-03-15
1898,Tara Yadav,btak@example.com,9120408063,Kolkata,VALUE,2024-08-10
1899,Viraj Bora,saranaadhya@example.com,5869045132,Pune,GROWTH,2025-01-17
1900,Lohit Suresh,madandalaja@example.org,3718348308,Bengaluru,NEW,2025-11-18
1901,Urishilla Bath,bhargavaanita@example.org,1267707941,Chennai,GROWTH,2024-06-27
1902,Kalpit Atwal,apingle@example.org,4883144682,Chennai,GROWTH,2025-05-27
1903,Chandresh Mohanty,williamdas@example.org,8079498006,Pune,PREMIUM,2024-02-21
1904,Tanmayi Garde,xmuni@example.org,4795765139,Mumbai,VALUE,2024-06-09
1905,Hitesh Comar,ksunder@example.net,1321070324,Bengaluru,GROWTH,2025-09-08
1906,Thomas Bhatnagar,vviswanathan@example.org,2246394841,Mumbai,NEW,2025-05-26
1907,Pooja Nazareth,yahvinarayanan@example.net,9350285014,Bengaluru,PREMIUM,2025-07-04
1908,Ekta Dara,mitesh73@example.net,7353686669,Mumbai,NEW,2024-07-21
1909,Ekanta Kala,aarna97@example.net,2775911072,Delhi,NEW,2024-07-04
1910,Oscar Nayak,kavyacontractor@example.net,1670103775,Jaipur,GROWTH,2025-01-17
1911,Jai Mahal,zhayer@example.com,9594673852,Delhi,PREMIUM,2024-04-26
1912,Ojasvi Ganguly,rnagy@example.com,6645807190,Jaipur,GROWTH,2026-03-10
1913,Nitesh Sarna,yashoda78@example.net,0024629566,Delhi,PREMIUM,2024-08-29
1914,Banjeet Deol,vedabhavsar@example.org,1947259487,Kolkata,PREMIUM,2025-10-09
1915,Krisha Dugar,raghav92@example.com,6853140002,Bengaluru,PREMIUM,2024-05-21
1916,Vidhi Buch,saniwarhi@example.com,3605171364,Chennai,NEW,2025-08-08
1917,Abhimanyu Gola,naikrobert@example.net,3649979851,Bengaluru,VALUE,2024-07-02
1918,Bhanumati Saha,xagate@example.net,2559569231,Hyderabad,PREMIUM,2024-09-10
1919,Jonathan Jhaveri,somanbimala@example.org,2560351837,Hyderabad,VALUE,2025-01-05
1920,Anika Virk,kuriandarsh@example.org,8486061504,Chennai,GROWTH,2024-04-22
1921,Nisha Khare,krishna00@example.com,4390020891,Hyderabad,PREMIUM,2024-04-22
1922,Baljiwan Gole,iyerhardik@example.com,4664249418,Chennai,PREMIUM,2025-11-08
1923,Gaurang Mitra,dtalwar@example.com,3071417471,Kolkata,GROWTH,2024-11-07
1924,Omya Agrawal,varshaacharya@example.com,4723661176,Hyderabad,GROWTH,2025-05-26
1925,Rehaan Dalal,dugalsara@example.net,2794049861,Bengaluru,VALUE,2025-08-04
1926,Janaki Zacharia,cchauhan@example.com,4789146534,Mumbai,VALUE,2025-07-14
1927,Ucchal Joshi,eshanaandra@example.com,4001202989,Bengaluru,VALUE,2025-07-18
1928,Chatresh Hari,pranav72@example.net,7267312934,Mumbai,NEW,2026-05-27
1929,Manthan Som,menonshivansh@example.net,1174560267,Mumbai,VALUE,2025-07-21
1930,Patrick Dutta,surniharika@example.com,2096317864,Jaipur,NEW,2024-11-09
1931,Chatura Patla,kdeshmukh@example.com,4396600986,Delhi,VALUE,2024-09-13
1932,Shaurya Saran,dhawanijaya@example.com,0133034902,Hyderabad,PREMIUM,2025-12-21
1933,Gaurika Setty,ekbalrandhawa@example.net,0819390154,Kolkata,GROWTH,2025-01-14
1934,Hemang Ben,ekalinganagar@example.net,6959519753,Jaipur,PREMIUM,2025-05-18
1935,Nakul Balakrishnan,oviya47@example.org,4769094158,Mumbai,GROWTH,2026-01-03
1936,Yutika D’Alia,omya04@example.com,9035790622,Mumbai,PREMIUM,2024-07-30
1937,Wahab Saxena,kvala@example.net,9294287276,Bengaluru,NEW,2024-07-19
1938,Oni Issac,jayaramanrajata@example.net,0200731065,Chennai,GROWTH,2024-02-17
1939,Victor Choudhary,ramanhritik@example.com,6763917104,Jaipur,VALUE,2024-03-06
1940,Vedant Chaudhari,bachittar26@example.org,6286479231,Mumbai,VALUE,2025-07-08
1941,Nitara Iyengar,aarinibalan@example.net,4788244815,Mumbai,PREMIUM,2025-03-29
1942,Thomas Borah,fkara@example.org,4396945915,Bengaluru,GROWTH,2024-09-24
1943,Vedhika Bhagat,christophersankaran@example.com,3148971955,Kolkata,GROWTH,2024-07-09
1944,Maanav Kalita,zsaran@example.com,3013718932,Delhi,GROWTH,2025-09-17
1945,Pranav Ram,aayush53@example.net,2685307440,Hyderabad,GROWTH,2024-03-17
1946,Laban Shankar,arunimadugar@example.net,6446902466,Delhi,PREMIUM,2025-09-22
1947,Jagrati Madan,sabharwalarunima@example.org,2997189331,Mumbai,PREMIUM,2026-03-25
1948,Gautami Datta,udarsh28@example.net,3524880719,Jaipur,PREMIUM,2025-02-13
1949,Darpan Mand,dborah@example.net,2918516862,Delhi,PREMIUM,2025-03-21
1950,Indrajit Shroff,pauekansh@example.org,9081597324,Bengaluru,NEW,2025-04-27
1951,Omya Garg,natarajansneha@example.org,5942968945,Jaipur,GROWTH,2024-03-26
1952,Thomas Merchant,jackkapoor@example.com,2607187097,Chennai,NEW,2025-07-17
1953,Onkar Karpe,srajan@example.com,1329097137,Delhi,VALUE,2024-11-24
1954,Nisha Vig,kashish26@example.org,9583435849,Hyderabad,GROWTH,2025-02-25
1955,Tarak Solanki,jagdish07@example.org,9134509483,Jaipur,PREMIUM,2024-01-21
1956,Arya Atwal,jasmit70@example.com,7645687946,Hyderabad,GROWTH,2026-02-28
1957,Yatin Kota,kashvibanik@example.net,7863405829,Chennai,VALUE,2024-10-27
1958,Radha Kapadia,fwali@example.com,4683227359,Chennai,GROWTH,2024-03-09
1959,Abdul Sahni,george23@example.com,5534010998,Pune,GROWTH,2025-12-04
1960,Banjeet Singhal,ughose@example.net,9907370743,Mumbai,NEW,2026-05-31
1961,Pavani Wali,zdora@example.org,0029809655,Kolkata,GROWTH,2025-04-12
1962,Varenya Chaudhari,raagini00@example.com,1685163577,Jaipur,VALUE,2024-01-31
1963,Warhi Khosla,gaurikapal@example.org,9188361645,Mumbai,GROWTH,2026-06-11
1964,Advik Ray,gagan79@example.com,1611995882,Kolkata,GROWTH,2024-07-06
1965,Kevin Parmer,faqid93@example.com,0830007537,Kolkata,VALUE,2024-08-04
1966,William Chana,gaurika31@example.org,7690362644,Pune,GROWTH,2025-09-29
1967,Varsha Mody,rhora@example.com,8855749262,Bengaluru,GROWTH,2024-10-25
1968,Tripti Bajwa,anmol19@example.com,0236031650,Hyderabad,VALUE,2024-03-17
1969,Ubika Devi,hdutta@example.org,1739920517,Kolkata,GROWTH,2025-09-06
1970,Qasim Prabhakar,omaja16@example.com,4944231811,Mumbai,GROWTH,2024-08-23
1971,Aarav Bobal,ubose@example.org,1919756832,Kolkata,PREMIUM,2026-02-14
1972,Gaurangi Wali,pnayak@example.org,5698763486,Jaipur,GROWTH,2024-05-18
1973,Chaman Sandhu,joshualal@example.com,2303085938,Pune,VALUE,2026-03-26
1974,Sarthak Buch,uppalgirish@example.org,6768020347,Bengaluru,NEW,2025-10-13
1975,Christopher Varma,madanhritik@example.org,2278081088,Chennai,GROWTH,2024-08-03
1976,Charan Choudhry,nbora@example.net,4448077383,Delhi,VALUE,2025-06-05
1977,Jasmit Shroff,caleb89@example.net,5359685683,Jaipur,NEW,2026-04-24
1978,Jasmit Peri,yatin74@example.net,0526866765,Bengaluru,VALUE,2024-02-28
1979,Ekalinga Jayaraman,deshpandeneelima@example.net,0093037400,Delhi,PREMIUM,2026-01-07
1980,Gaurika Khare,surazaid@example.org,4948403133,Kolkata,PREMIUM,2025-02-18
1981,Vanya Kadakia,vermaandrew@example.com,4284285177,Pune,NEW,2026-05-04
1982,Ekani Pandit,narayanyashoda@example.org,5884691816,Chennai,NEW,2024-07-06
1983,Yahvi Sampath,loyalamol@example.org,6805245795,Delhi,VALUE,2025-10-09
1984,Chatura Bhatnagar,barkhabakshi@example.com,4952761655,Kolkata,PREMIUM,2026-05-20
1985,Hemani Sethi,chowdhurychanakya@example.com,6426519762,Pune,VALUE,2024-11-05
1986,Yachana Vyas,vkant@example.net,3505705917,Kolkata,GROWTH,2024-04-07
1987,Upma Wali,obarad@example.org,3428332383,Kolkata,GROWTH,2024-12-18
1988,Siya Pillai,keerekapad@example.org,3711918206,Mumbai,VALUE,2025-06-22
1989,Raghav Shankar,ksachdeva@example.com,0968230113,Mumbai,VALUE,2025-07-21
1990,Faris Raman,ibains@example.net,5512878348,Jaipur,VALUE,2025-03-09
1991,Bhavya Bose,dyalbina@example.com,1463970903,Chennai,VALUE,2026-04-19
1992,Nitesh Majumdar,xsami@example.com,0965017727,Hyderabad,VALUE,2025-06-04
1993,Manbir Taneja,yashasvicontractor@example.org,2976911318,Bengaluru,NEW,2025-07-30
1994,Samarth Verma,ranveer62@example.org,5894278381,Pune,GROWTH,2026-05-10
1995,Chaaya Saha,nloke@example.net,7661418013,Kolkata,PREMIUM,2026-04-25
1996,Urvi Palan,ekani91@example.org,8711671422,Delhi,NEW,2024-11-03
1997,Sachi Bail,lagrawal@example.org,0959756854,Chennai,PREMIUM,2024-09-14
1998,Ranbir Bhatnagar,kondaudarsh@example.org,7124944348,Jaipur,GROWTH,2025-11-04
1999,Vincent Venkatesh,rachita56@example.net,9860978483,Bengaluru,NEW,2025-04-17
2000,Nisha Oza,warhi16@example.com,4281123629,Bengaluru,PREMIUM,2025-02-06
2001,Vedika Wagle,vritti81@example.org,7787313503,Jaipur,PREMIUM,2025-09-20
2002,Tanvi Modi,mangalhemani@example.org,3950397886,Delhi,NEW,2025-08-17
2003,Damini Garg,wahab89@example.net,7419888866,Hyderabad,GROWTH,2026-04-02
2004,Utkarsh Sule,pmannan@example.org,6746330349,Hyderabad,GROWTH,2024-11-25
2005,Bhavya Batta,wmadan@example.org,2768067048,Kolkata,NEW,2025-11-09
2006,Ira Mane,udhawan@example.net,4306903556,Mumbai,GROWTH,2024-07-23
2007,Ojas Dyal,ranveer22@example.org,2090691221,Hyderabad,NEW,2026-04-23
2008,Qabil Gill,sodhimanbir@example.com,3263101388,Mumbai,VALUE,2024-03-16
2009,Neel Khanna,qrajan@example.org,9662923191,Kolkata,VALUE,2025-11-06
2010,Benjamin Nadig,odikachaudhary@example.org,7555383735,Pune,GROWTH,2024-04-01
2011,Ridhi Lad,janani74@example.com,3468939185,Hyderabad,VALUE,2026-03-03
2012,Qarin Jha,gdani@example.net,9599386938,Hyderabad,NEW,2026-05-13
2013,Edhitha Padmanabhan,naiduyamini@example.org,4728959421,Mumbai,VALUE,2026-01-06
2014,Kashish Sen,devikabansal@example.net,6197804818,Jaipur,PREMIUM,2025-12-10
2015,Charvi Dara,jyotimadan@example.net,1818140729,Pune,VALUE,2025-03-06
2016,Nidhi Tata,lohit78@example.net,1810070573,Bengaluru,NEW,2024-08-08
2017,Tara Nagarajan,yashvi19@example.org,9871409619,Hyderabad,GROWTH,2026-06-06
2018,Aayush Tripathi,santleela@example.com,2032544081,Pune,VALUE,2025-04-21
2019,Chakrika Som,lhayre@example.com,7631151366,Pune,VALUE,2026-01-04
2020,Manan Sathe,ddhar@example.com,6791338434,Hyderabad,GROWTH,2025-10-04
2021,Isaiah Srinivas,liamkhatri@example.com,7612406293,Bengaluru,NEW,2025-09-23
2022,Liam Dada,fitanghosh@example.com,4047779320,Pune,NEW,2024-11-13
2023,Aryan Ratti,vihaan41@example.net,1889469584,Pune,VALUE,2025-01-19
2024,Sanaya Parikh,hemangininori@example.net,8643681281,Chennai,GROWTH,2025-01-30
2025,Eta Bhakta,kbali@example.org,0521562783,Delhi,VALUE,2025-06-26
2026,Tristan Mall,chakrabartisuhani@example.com,2992647696,Hyderabad,GROWTH,2025-10-08
2027,Arin Chacko,balaosha@example.org,1850773095,Chennai,GROWTH,2024-06-27
2028,Gagan Vala,janani02@example.net,1436917159,Jaipur,VALUE,2024-07-23
2029,Robert Swaminathan,rmangat@example.com,6444627413,Chennai,GROWTH,2024-02-13
2030,Yasti Bhalla,janyakala@example.com,6993464905,Bengaluru,NEW,2025-04-18
2031,Mitali Divan,mandayatin@example.net,7248631134,Chennai,VALUE,2025-08-24
2032,Kala Raju,balasubramanianteerth@example.org,3201607626,Mumbai,VALUE,2024-07-08
2033,Advik Mane,jatinwadhwa@example.com,0368406972,Delhi,VALUE,2025-10-02
2034,Indali Morar,ksidhu@example.net,3121072642,Pune,VALUE,2024-01-03
2035,Gagan Kale,samrapahal@example.net,6096477165,Jaipur,VALUE,2026-02-18
2036,Ojasvi Savant,ekurian@example.com,4699480571,Kolkata,GROWTH,2025-09-13
2037,Nihal Samra,charanchatterjee@example.org,8177097632,Chennai,VALUE,2025-09-06
2038,Liam Chadha,merchantaarav@example.net,3235142354,Delhi,PREMIUM,2025-09-28
2039,Sarthak Mitter,yashodharakrishna@example.org,0863283168,Jaipur,NEW,2024-11-18
2040,Gautami Bhatti,zghose@example.org,7086502136,Hyderabad,NEW,2026-06-15
2041,Gaurang Ahuja,sekhonupasna@example.net,0831742744,Bengaluru,PREMIUM,2025-11-02
2042,Anjali Sachdeva,ppal@example.org,6883484262,Jaipur,VALUE,2024-06-11
2043,Turvi Devan,barkhadhar@example.org,1855657610,Pune,VALUE,2026-04-10
2044,Quincy Raj,siddharth93@example.net,4690906955,Pune,VALUE,2025-10-27
2045,Vritti Basak,krishlalla@example.org,3525261598,Bengaluru,NEW,2024-10-06
2046,Daksha Tak,waida77@example.org,0562506680,Jaipur,NEW,2026-05-03
2047,Udarsh Bala,qshan@example.com,6516353732,Hyderabad,GROWTH,2024-08-11
2048,Mitesh Lala,dnori@example.org,0047669459,Chennai,VALUE,2025-08-03
2049,Urmi Dash,vermahemangini@example.org,8730909523,Kolkata,GROWTH,2025-08-26
2050,Omisha Gola,chaudhrybaghyawati@example.net,4546152255,Pune,VALUE,2026-05-16
2051,Yash Balakrishnan,rachana03@example.net,7577616480,Mumbai,NEW,2025-05-28
2052,Aradhana Tailor,hgupta@example.org,0062182358,Bengaluru,VALUE,2026-06-13
2053,Janaki Srivastava,fwarrior@example.net,8789314890,Bengaluru,GROWTH,2024-09-12
2054,Aarna Soni,patrick04@example.com,2666457026,Jaipur,GROWTH,2025-12-22
2055,Kashvi Vala,yatin58@example.net,4054127334,Pune,VALUE,2024-08-08
2056,Aashi Gaba,sanya70@example.com,3538476236,Bengaluru,GROWTH,2026-06-18
2057,Madhav Nagarajan,petervora@example.com,9607135796,Pune,NEW,2025-11-18
2058,Krishna Parikh,kalpitbhagat@example.org,3569513947,Pune,VALUE,2025-07-17
2059,Chatresh Mahajan,dayita61@example.com,4967787371,Hyderabad,GROWTH,2024-02-29
2060,Oni Parekh,amann@example.net,3006277271,Hyderabad,GROWTH,2025-03-23
2061,Bimala Manne,hsethi@example.net,9471267365,Jaipur,VALUE,2024-05-09
2062,Yoshita Hari,venkateshzansi@example.com,1407490068,Chennai,VALUE,2026-04-05
2063,Girindra Ganesh,oeshibrar@example.org,0212309086,Mumbai,VALUE,2024-12-07
2064,Diya Mitra,bina59@example.org,8306563353,Pune,VALUE,2026-01-17
2065,Janani Char,contractorgautami@example.net,0241865723,Chennai,GROWTH,2026-03-26
2066,Maanas Arya,oghose@example.net,0675099197,Chennai,NEW,2024-04-09
2067,Zarna Manda,charan19@example.com,9047663905,Pune,PREMIUM,2025-11-14
2068,Vedhika Sabharwal,fkala@example.com,2635904342,Jaipur,NEW,2024-09-29
2069,Nicholas Chaudry,zdevan@example.net,7661303060,Bengaluru,GROWTH,2024-04-07
2070,Mohammed Thakur,yashasviraghavan@example.com,7731884224,Hyderabad,PREMIUM,2024-08-22
2071,Raghav Vora,wakeeta79@example.org,0692905543,Mumbai,PREMIUM,2025-05-09
2072,Omisha Sharma,zdube@example.org,8294380024,Pune,VALUE,2026-02-08
2073,Jackson Deep,basujatin@example.org,3542585958,Hyderabad,VALUE,2025-09-14
2074,Varsha Pall,chatterjeeaadhya@example.org,6447398470,Bengaluru,GROWTH,2024-07-28
2075,Janani Dewan,msaha@example.org,5312855279,Pune,PREMIUM,2024-09-23
2076,Hema Gera,ugopal@example.org,2548010317,Hyderabad,GROWTH,2024-09-30
2077,Ayush Dani,vrinda59@example.com,4187786307,Hyderabad,VALUE,2025-10-24
2078,Kabir Dhar,kulkarnibrijesh@example.net,6597338143,Hyderabad,NEW,2025-04-11
2079,Damyanti Dass,gsaxena@example.net,3511552415,Bengaluru,VALUE,2024-01-22
2080,Kalpit Brar,vaidyaabhiram@example.org,5853092266,Mumbai,NEW,2024-03-09
2081,Isaac Brahmbhatt,ira87@example.org,8144932895,Kolkata,NEW,2024-03-09
2082,Veda Sankar,naksh27@example.net,8053378512,Delhi,NEW,2026-05-15
2083,Ronith Chokshi,meera65@example.net,9356460056,Bengaluru,PREMIUM,2025-03-30
2084,Yochana Bhargava,chamelivarty@example.org,4886896571,Pune,VALUE,2025-03-17
2085,Jagat Kulkarni,paiishwar@example.com,7289630812,Mumbai,GROWTH,2025-11-15
2086,Dominic Mitra,shettynachiket@example.net,3971263772,Pune,PREMIUM,2024-06-20
2087,Gopal Dasgupta,devansh23@example.com,4085070851,Pune,PREMIUM,2024-01-29
2088,Ryan Goyal,wahabnarang@example.org,1610277988,Pune,VALUE,2024-08-31
2089,Ayush Chana,xsheth@example.net,1938107828,Bengaluru,VALUE,2024-07-06
2090,Arunima Pall,fsule@example.com,1207959709,Delhi,VALUE,2025-12-19
2091,Naveen Tella,zashilde@example.com,1818439790,Jaipur,GROWTH,2026-01-06
2092,Yashasvi Bir,vasatika50@example.org,3972234215,Bengaluru,GROWTH,2025-07-24
2093,Akshay Wadhwa,andrachandani@example.net,0729236579,Kolkata,NEW,2026-03-29
2094,Rehaan Manda,qchanda@example.org,6856492260,Mumbai,PREMIUM,2025-02-22
2095,Aayush Chaudhary,esood@example.net,2540148612,Mumbai,PREMIUM,2024-08-04
2096,Yamini Soman,yashvibalan@example.com,5362617713,Kolkata,VALUE,2024-10-25
2097,Qasim Sarraf,banikvasana@example.com,9695946962,Jaipur,GROWTH,2024-05-07
2098,Pratyush Pant,tramaswamy@example.com,5807365611,Kolkata,VALUE,2026-03-21
2099,Panini Kala,emahajan@example.org,7499115539,Kolkata,VALUE,2025-06-27
2100,Nikita Chowdhury,sharafjagdish@example.org,3643507019,Mumbai,VALUE,2025-11-26
2101,Jatin Shukla,victor56@example.com,5086610916,Jaipur,VALUE,2024-09-10
2102,Zinal Deshpande,chandreshkamdar@example.org,9805044218,Pune,VALUE,2025-10-08
2103,Jalsa Mani,ronith69@example.com,3626533656,Mumbai,GROWTH,2024-10-24
2104,Fitan Narang,jananinanda@example.net,2075425523,Mumbai,VALUE,2025-02-05
2105,Jack Rajan,fraghavan@example.org,4156880728,Kolkata,VALUE,2025-08-09
2106,Tanmayi Muni,advaith78@example.org,7388950180,Bengaluru,VALUE,2026-06-02
2107,Upkaar Reddy,tatapatrick@example.net,1193145041,Kolkata,GROWTH,2025-05-17
2108,Priya Gulati,chamelishenoy@example.com,2825857702,Mumbai,GROWTH,2025-10-01
2109,Vamakshi Pillai,ojasvi12@example.net,1956052856,Bengaluru,VALUE,2025-06-19
2110,Agastya Swamy,qchakrabarti@example.net,3666188009,Bengaluru,VALUE,2025-01-16
2111,Meghana Sarma,nidhikhalsa@example.org,9552122155,Bengaluru,NEW,2026-04-19
2112,Jagdish Dhar,cgoda@example.com,4045684775,Pune,GROWTH,2026-05-14
2113,Nandini Chaudry,qmisra@example.org,4229271069,Jaipur,PREMIUM,2024-10-06
2114,Dhruv Patla,nagardevansh@example.net,5831108123,Jaipur,GROWTH,2026-03-17
2115,Hamsini Iyer,maya63@example.org,2364511865,Pune,NEW,2025-02-10
2116,Jason Kaul,rameshsai@example.com,6080794661,Mumbai,NEW,2025-10-27
2117,Xalak Mallick,jacobbhagat@example.com,3562213506,Jaipur,GROWTH,2025-04-10
2118,Mugdha Parekh,ramachandranaashi@example.org,9587601213,Chennai,PREMIUM,2025-11-21
2119,Nidhi Sundaram,duppal@example.net,1519593372,Chennai,VALUE,2026-02-23
2120,Manan Sha,mitalyachana@example.org,8639975468,Pune,PREMIUM,2025-01-16
2121,Jason Krishna,jayaramanjanuja@example.org,7312573340,Kolkata,GROWTH,2025-09-22
2122,Widisha Kashyap,mkoshy@example.com,2659266509,Jaipur,VALUE,2025-04-01
2123,Ayushman Chaudhary,nathaniel72@example.net,0163881772,Chennai,NEW,2025-12-20
2124,Ekansh Tara,manya77@example.com,3283111039,Chennai,NEW,2024-06-21
2125,Praneel Raja,nattjalsa@example.com,9564694713,Pune,VALUE,2025-10-18
2126,Michael Mitter,somgaurav@example.org,6102834960,Bengaluru,NEW,2025-06-19
2127,Faraj Venkatesh,uchar@example.com,8312306812,Bengaluru,VALUE,2025-02-10
2128,Unnati Jaggi,vanyaandra@example.org,1025270612,Pune,GROWTH,2024-11-28
2129,Widisha Swaminathan,yugkalla@example.net,1424586414,Delhi,NEW,2025-09-23
2130,Hemal Zachariah,kalakabir@example.com,1384287333,Bengaluru,VALUE,2024-11-08
2131,Azad Sani,urishillalala@example.com,7534747464,Pune,GROWTH,2024-01-30
2132,Leela Sengupta,dugardevansh@example.org,5541212428,Jaipur,PREMIUM,2026-05-03
2133,Krisha Savant,swason@example.org,6106014033,Chennai,VALUE,2025-02-07
2134,Balendra Bali,xalak71@example.net,2357910033,Hyderabad,GROWTH,2024-05-28
2135,Chavvi Gala,ekanshvora@example.com,9062070986,Hyderabad,VALUE,2024-07-22
2136,Raagini Desai,kavyabhatnagar@example.net,4316585577,Pune,PREMIUM,2026-01-16
2137,Lopa Sura,odika17@example.com,6071721566,Chennai,VALUE,2024-10-25
2138,Vritti Zacharia,gayathri89@example.org,7954930406,Delhi,VALUE,2024-09-10
2139,Vamakshi Dugar,thomaspillay@example.com,0270493964,Chennai,PREMIUM,2025-03-14
2140,Mahika Lall,ekantikaswaminathan@example.net,4494013616,Hyderabad,VALUE,2024-01-26
2141,Krishna Pandit,sarkarrobert@example.org,1000128370,Pune,GROWTH,2025-05-19
2142,Ekani Bhat,manbirgoel@example.net,0283562043,Jaipur,PREMIUM,2024-02-06
2143,Chakradev Dave,warinderparikh@example.org,0541316587,Jaipur,PREMIUM,2026-01-22
2144,Ikshita Bala,nvyas@example.com,0122327132,Chennai,VALUE,2025-01-21
2145,Lajita Chatterjee,prasadrishi@example.com,6612963115,Bengaluru,NEW,2024-07-15
2146,Hemani Parikh,fmital@example.org,7162678214,Hyderabad,PREMIUM,2025-02-13
2147,Indali Bhalla,qvora@example.com,7502615861,Mumbai,VALUE,2024-06-07
2148,Yug Keer,alata@example.com,4717613798,Jaipur,PREMIUM,2024-10-15
2149,Frado Bhatti,ekani07@example.net,4959737862,Kolkata,PREMIUM,2024-04-27
2150,Ishwar Nazareth,zinalkorpal@example.org,1799639117,Kolkata,GROWTH,2025-08-24
2151,Anmol Yohannan,dasira@example.net,4025862638,Bengaluru,GROWTH,2026-05-28
2152,Baljiwan Sharma,vorachandran@example.net,7321087377,Bengaluru,PREMIUM,2025-03-12
2153,Yutika Sama,zmutti@example.net,3564807894,Kolkata,NEW,2024-03-29
2154,Anmol Singh,indali05@example.net,9305796438,Chennai,GROWTH,2024-03-07
2155,Edhitha Purohit,aroraekaja@example.net,4622464428,Pune,NEW,2026-01-18
2156,Ekantika Chaudhari,chopraaarav@example.net,1304005129,Hyderabad,PREMIUM,2024-11-09
2157,Harish Jha,msur@example.com,5049536403,Hyderabad,NEW,2024-09-23
2158,Watika Thakkar,zehaan76@example.org,3203613626,Pune,NEW,2024-04-01
2159,Ojas Mistry,sanyawali@example.net,8424812008,Kolkata,VALUE,2025-08-20
2160,Rajata Jaggi,mpuri@example.com,3526228981,Bengaluru,VALUE,2024-02-26
2161,Faqid Wason,lipika53@example.org,0091976579,Kolkata,GROWTH,2026-03-24
2162,Bhavna Lanka,charitasawhney@example.com,0319711170,Mumbai,GROWTH,2024-07-06
2163,Chameli Ratti,nilima33@example.com,2385547684,Hyderabad,GROWTH,2024-03-03
2164,George Chandran,nachiketsani@example.org,0634470944,Jaipur,PREMIUM,2025-09-22
2165,Anjali Bhavsar,bordehemani@example.org,0766444106,Jaipur,NEW,2024-11-14
2166,Prisha Kadakia,tejassundaram@example.com,8412220387,Jaipur,GROWTH,2025-09-18
2167,Faraj Mittal,wishikonda@example.com,2918461223,Bengaluru,PREMIUM,2024-02-05
2168,Rachita Zacharia,chandresh52@example.org,4514065340,Kolkata,VALUE,2026-02-14
2169,Ryan Sachdeva,abhiram50@example.com,6731678504,Jaipur,GROWTH,2024-10-05
2170,Zayan Varma,wde@example.com,3197542397,Jaipur,VALUE,2025-11-11
2171,Pranit Bahl,sridharprisha@example.org,8705284531,Delhi,GROWTH,2026-04-22
2172,Xalak Kala,madanisha@example.net,0791481398,Pune,GROWTH,2025-04-26
2173,Amrita Walia,pseshadri@example.com,0860441593,Jaipur,PREMIUM,2024-10-27
2174,Darpan Vig,kbabu@example.net,8149696453,Kolkata,GROWTH,2024-10-08
2175,Janya Shere,ishwar98@example.org,9743334341,Mumbai,GROWTH,2025-09-09
2176,Wridesh Dora,fmisra@example.net,1486402294,Kolkata,VALUE,2024-01-06
2177,Radhika Roy,lopasarin@example.com,2048728743,Delhi,VALUE,2024-05-12
2178,Devansh Jani,ridhiwadhwa@example.net,8621318418,Hyderabad,NEW,2025-08-05
2179,Amara Mangat,shravya48@example.net,8098865985,Pune,NEW,2024-01-24
2180,Aahana Keer,janaki71@example.org,2342513861,Hyderabad,VALUE,2024-09-17
2181,William Comar,wasonzehaan@example.com,5173942620,Pune,VALUE,2025-08-05
2182,Rehaan Bala,madhavi16@example.org,3485205847,Mumbai,GROWTH,2024-08-13
2183,Dayita Shetty,pratyush57@example.com,1244788430,Chennai,PREMIUM,2026-04-17
2184,Rajata Sami,esood@example.com,3535324449,Pune,GROWTH,2026-05-27
2185,Saksham Dutta,revadugar@example.org,9786128600,Pune,VALUE,2024-01-31
2186,Laban Balakrishnan,tristantripathi@example.com,2562467751,Bengaluru,GROWTH,2024-06-05
2187,Arunima Goda,xsaxena@example.com,0317211624,Bengaluru,VALUE,2026-03-27
2188,Vedika Bahri,bumbzilmil@example.com,9617600040,Bengaluru,VALUE,2024-01-30
2189,Fiyaz Murthy,kashvi79@example.net,6666626089,Hyderabad,VALUE,2025-03-13
2190,Devansh Ray,jonathangrover@example.net,7103558453,Chennai,PREMIUM,2026-05-04
2191,Gautam Ranganathan,balakrishnandarpan@example.com,3417404715,Bengaluru,GROWTH,2025-06-13
2192,Warinder Choudhury,nagarajanbhavini@example.com,2135887043,Hyderabad,VALUE,2024-10-02
2193,Zayan Taneja,sarmavictor@example.com,4689900988,Bengaluru,GROWTH,2024-01-06
2194,Wazir Das,janya40@example.com,3345984071,Mumbai,GROWTH,2024-12-20
2195,Forum Ramakrishnan,kapuraradhana@example.com,7693895020,Pune,PREMIUM,2025-05-02
2196,Pallavi Kamdar,binarege@example.org,6426245861,Kolkata,NEW,2024-03-13
2197,Hredhaan Gill,ichauhan@example.org,1540012880,Bengaluru,VALUE,2025-04-20
2198,Anvi Sarraf,yatinbhakta@example.com,1824538806,Kolkata,NEW,2024-12-29
2199,Aachal Bhalla,warjas35@example.org,4339069542,Chennai,PREMIUM,2024-10-20
2200,Kavya Chowdhury,urmi59@example.net,1251283370,Mumbai,PREMIUM,2026-05-24
2201,Pallavi Soman,randhawanaksh@example.net,3022427931,Bengaluru,GROWTH,2026-03-15
2202,Arunima Dhillon,jagdishraval@example.org,4180814784,Delhi,VALUE,2025-09-16
2203,Vaishnavi Pillai,wsuresh@example.net,5882803124,Delhi,VALUE,2025-06-15
2204,Ansh Banerjee,upma88@example.org,1769314027,Bengaluru,NEW,2025-03-02
2205,Wriddhish Kulkarni,dgupta@example.com,9293372974,Hyderabad,GROWTH,2024-03-04
2206,Dayamai Patil,champaksingh@example.com,5062942047,Kolkata,GROWTH,2024-10-03
2207,Warjas Savant,yutikakota@example.com,1120514498,Mumbai,GROWTH,2024-01-10
2208,Abhiram Ramaswamy,bsabharwal@example.net,8857101273,Kolkata,VALUE,2024-11-25
2209,Charvi Chana,gtara@example.com,4516788505,Mumbai,VALUE,2025-03-02
2210,Chameli Kade,advay04@example.com,0131508062,Mumbai,GROWTH,2025-07-04
2211,Reva Nadig,chakradhar72@example.net,4127822234,Pune,GROWTH,2024-11-15
2212,Bahadurjit Mahal,ndugar@example.net,3097012682,Kolkata,PREMIUM,2024-08-17
2213,Vyanjana Sinha,bumbanay@example.com,2374362239,Chennai,PREMIUM,2025-10-01
2214,Gaurangi Sami,qabildivan@example.com,0662943972,Delhi,GROWTH,2024-05-16
2215,Naveen Lal,manbir78@example.org,9346290752,Delhi,NEW,2024-04-22
2216,Indira Salvi,bimala63@example.org,8887143653,Hyderabad,VALUE,2025-09-18
2217,Sudiksha Bala,daksha15@example.com,9703288404,Hyderabad,PREMIUM,2025-06-11
2218,Qarin Sawhney,edara@example.com,5948367920,Jaipur,PREMIUM,2026-02-21
2219,Aarush Rattan,nnagarajan@example.net,6121075791,Bengaluru,VALUE,2025-10-27
2220,Dalaja Murthy,rgala@example.net,6170136353,Mumbai,VALUE,2026-03-22
2221,Indrajit Dugar,gautam98@example.com,5229782807,Jaipur,VALUE,2025-08-20
2222,Zaitra De,toorxiti@example.com,8271682133,Mumbai,VALUE,2026-01-27
2223,Ekaja Seth,talwarforum@example.net,6318498341,Delhi,GROWTH,2024-06-01
2224,Kiaan Lad,sai80@example.com,0817753433,Hyderabad,VALUE,2025-04-22
2225,Falak Manda,manyanigam@example.net,5530952761,Hyderabad,PREMIUM,2026-04-30
2226,Frado Sachdeva,bdhar@example.net,5634743828,Chennai,VALUE,2025-12-10
2227,Qabil Ramaswamy,kamalabandi@example.com,8545550415,Jaipur,VALUE,2024-12-28
2228,Udarsh Bail,pallafitan@example.org,4806067924,Jaipur,VALUE,2026-04-13
2229,Veer Chakraborty,regeojasvi@example.com,3182059046,Bengaluru,VALUE,2024-10-08
2230,Rushil Lala,dhruvdave@example.net,0943474797,Jaipur,NEW,2024-01-22
2231,Chandran Rattan,nadkarnilipika@example.net,6862458314,Pune,VALUE,2025-12-17
2232,Abha Dixit,shivanibala@example.org,1472703939,Delhi,VALUE,2025-01-05
2233,Jhalak Garde,vverma@example.org,5336229677,Jaipur,VALUE,2024-01-31
2234,Akshay Vora,hdugal@example.com,7932554904,Mumbai,GROWTH,2024-07-02
2235,Sudiksha Talwar,dayitachad@example.org,8623913967,Chennai,GROWTH,2024-03-05
2236,Udarsh Jani,echauhan@example.org,1467170164,Kolkata,PREMIUM,2026-06-16
2237,Amaira Mani,sandhurehaan@example.net,5290133436,Mumbai,GROWTH,2026-02-01
2238,Lavanya De,wadhwakamya@example.net,5944500401,Bengaluru,GROWTH,2026-04-16
2239,Samuel Kale,bahadurjitreddy@example.net,5200349941,Hyderabad,GROWTH,2024-06-12
2240,Ranbir Sahota,yachana36@example.net,6440841086,Jaipur,NEW,2025-12-22
2241,Nilima Dhingra,sampathsaanvi@example.org,3054658787,Mumbai,GROWTH,2025-05-22
2242,Bina Lala,meghasandal@example.com,1932986327,Pune,VALUE,2024-09-23
2243,Shravya Kothari,zbatra@example.com,9829883804,Hyderabad,PREMIUM,2025-08-24
2244,Tara Chada,wprabhu@example.net,7697086329,Delhi,NEW,2026-05-06
2245,Upasna Deol,saumya35@example.com,8493197436,Pune,GROWTH,2025-02-18
2246,Mitali Kala,aggarwaleiravati@example.net,1722283048,Kolkata,NEW,2024-01-27
2247,Pallavi Kunda,qsrivastava@example.org,8853783814,Chennai,NEW,2026-01-28
2248,Girish Bhargava,advik40@example.org,4021646671,Mumbai,VALUE,2024-06-18
2249,Gaurangi Keer,yadavi81@example.org,9862482922,Mumbai,PREMIUM,2024-06-13
2250,Irya Bath,eshana87@example.org,2711523578,Hyderabad,GROWTH,2025-07-09
2251,Zehaan Thaman,hemasundaram@example.net,8020540582,Chennai,GROWTH,2025-12-20
2252,Chasmum Rana,jagvi72@example.org,4041869056,Chennai,GROWTH,2025-12-14
2253,Kevin Barman,duabhavya@example.org,0045525265,Mumbai,NEW,2026-02-20
2254,Abha Gara,mangatfrederick@example.com,7926888334,Chennai,GROWTH,2026-03-06
2255,Harinakshi Sidhu,sibalchavvi@example.net,9630956755,Bengaluru,GROWTH,2024-04-25
2256,Gaurav Nadig,jacksonravi@example.com,4789133900,Pune,VALUE,2024-09-27
2257,Lucky Lad,virkjagat@example.com,8691105068,Kolkata,GROWTH,2025-10-10
2258,Dhriti Basu,chadhahemal@example.net,7663161986,Pune,NEW,2024-12-17
2259,Xalak Mand,lavanya61@example.org,7670415106,Delhi,PREMIUM,2025-10-06
2260,Qushi Mandal,anay47@example.net,0605799341,Jaipur,VALUE,2025-02-13
2261,Aishani Varughese,chakradev00@example.com,1457956056,Delhi,NEW,2025-02-10
2262,Rajata Gala,charvi08@example.net,7118824205,Jaipur,NEW,2024-01-25
2263,Vyanjana Dora,kalpitsridhar@example.org,2206194173,Delhi,GROWTH,2025-07-01
2264,Chatresh Gulati,pbarad@example.com,2140209210,Chennai,VALUE,2026-02-16
2265,Chatura Karpe,darika93@example.com,8635577543,Delhi,GROWTH,2026-01-06
2266,Balendra Singhal,vpall@example.net,4125211169,Delhi,VALUE,2024-10-31
2267,Nihal Sibal,karmeera@example.org,5408004386,Pune,VALUE,2025-09-01
2268,Jack Talwar,netramaster@example.com,1860539009,Pune,GROWTH,2024-06-28
2269,Riya Parikh,niteshmodi@example.com,8136956565,Delhi,NEW,2025-07-24
2270,Tanvi Tailor,yashvi17@example.org,3080254373,Jaipur,GROWTH,2025-01-03
2271,Manbir Dasgupta,warinderpalla@example.org,9875146460,Bengaluru,NEW,2026-04-14
2272,Girik Jani,qarin44@example.net,0482801745,Bengaluru,NEW,2025-10-01
2273,Pranit Ganguly,sratti@example.org,6264897301,Bengaluru,VALUE,2024-03-06
2274,Simon Agrawal,bariabakhshi@example.com,6626979553,Hyderabad,VALUE,2026-02-22
2275,Omaja Bose,siddharth98@example.org,9621976588,Mumbai,PREMIUM,2025-10-13
2276,Wishi Chandra,omisha72@example.com,2511339897,Hyderabad,PREMIUM,2024-07-12
2277,Atharv Mane,mitraadvaith@example.net,9416840615,Mumbai,GROWTH,2024-09-11
2278,Meera Prakash,vchoudhary@example.com,5619062836,Delhi,PREMIUM,2024-06-04
2279,Ekiya Dube,thakkarsara@example.org,1168031413,Bengaluru,GROWTH,2024-10-06
2280,Finn Sharma,tankakshay@example.net,6126404079,Pune,PREMIUM,2026-04-29
2281,Sudiksha Luthra,raoniharika@example.net,3315067926,Kolkata,PREMIUM,2026-03-23
2282,Forum Bassi,kapoorandrew@example.org,1211387127,Bengaluru,VALUE,2025-05-10
2283,Ekta Dayal,ladli91@example.net,1534871340,Bengaluru,VALUE,2024-11-21
2284,Chanakya Mandal,gopalpatla@example.org,5713495522,Kolkata,VALUE,2024-11-25
2285,Christopher Bobal,rajzayyan@example.com,0074491422,Pune,NEW,2026-05-11
2286,George Rastogi,nilima62@example.com,9057417932,Kolkata,NEW,2024-06-28
2287,Pranav Khatri,hkata@example.org,0987418261,Jaipur,PREMIUM,2025-11-12
2288,Gaurav Bail,theodore61@example.org,5269814887,Kolkata,VALUE,2026-06-14
2289,Nicholas Rama,lrau@example.net,6251465892,Jaipur,GROWTH,2026-02-08
2290,Bhavani Dube,lrana@example.org,1777181306,Hyderabad,VALUE,2025-10-09
2291,Chanchal Swaminathan,wishi94@example.com,6834231966,Hyderabad,GROWTH,2026-03-20
2292,Dayita Deep,januja08@example.org,4994531102,Bengaluru,VALUE,2024-07-15
2293,Gopal Pillai,ddar@example.org,6840741983,Mumbai,NEW,2026-06-04
2294,Vrishti Sehgal,gauravnayar@example.com,1879878111,Pune,VALUE,2024-03-23
2295,Vamakshi Loyal,samrabalhaar@example.com,8210626126,Pune,GROWTH,2024-01-13
2296,Gautam Sami,lavanyabutala@example.com,6026249872,Kolkata,NEW,2024-06-28
2297,Quincy Saraf,sara16@example.com,6953020331,Mumbai,PREMIUM,2025-07-02
2298,Girik Baria,lankaadweta@example.org,9385037970,Hyderabad,VALUE,2024-08-10
2299,Ubika Kapur,qasim64@example.com,5751404445,Mumbai,NEW,2025-07-24
2300,Warhi Vyas,xiti29@example.com,0677330665,Jaipur,GROWTH,2024-04-09
2301,Bina Sidhu,jyoti41@example.net,2613716403,Bengaluru,GROWTH,2025-09-19
2302,Fariq Sridhar,kandaubika@example.net,3570007116,Mumbai,PREMIUM,2024-07-25
2303,Manthan Datta,kumaryashawini@example.com,1878614873,Chennai,NEW,2025-04-16
2304,Yuvraj Virk,bdeshmukh@example.net,1047575314,Jaipur,GROWTH,2024-04-15
2305,Chakrika Batta,rehaansawhney@example.org,1106583852,Jaipur,GROWTH,2026-05-23
2306,Chakradev Varghese,vnanda@example.org,8975855122,Delhi,GROWTH,2024-12-05
2307,Yashvi Sandal,oscar76@example.org,8870934674,Bengaluru,VALUE,2025-06-28
2308,Girindra Shetty,qmanda@example.net,9093636620,Mumbai,PREMIUM,2025-03-13
2309,Isha Kumar,mukhopadhyayrajeshri@example.com,2787711278,Bengaluru,VALUE,2025-06-19
2310,Yahvi Babu,aarush26@example.net,1688813990,Chennai,GROWTH,2025-02-13
2311,Turvi Gola,guptaindira@example.org,5665720071,Bengaluru,GROWTH,2024-03-06
2312,Maya Bath,mohammed55@example.com,3324125496,Delhi,VALUE,2026-01-16
2313,Omaja Mishra,jchadha@example.org,4853681909,Chennai,GROWTH,2025-08-01
2314,Suhani Sengupta,qushidua@example.org,7496719471,Delhi,GROWTH,2024-08-16
2315,Harita Grover,aadhyadas@example.net,7009111653,Mumbai,VALUE,2024-03-16
2316,Qasim Brar,hemangini10@example.net,6284061632,Delhi,VALUE,2026-03-09
2317,Hitesh Saraf,anjali25@example.org,7757298540,Delhi,NEW,2024-10-26
2318,Abdul Rana,anori@example.com,8916215293,Hyderabad,NEW,2026-03-28
2319,Agastya Garg,othakur@example.org,4104687156,Kolkata,GROWTH,2025-11-20
2320,Triveni Ravel,orinder07@example.org,6671555650,Kolkata,VALUE,2026-05-13
2321,Chavvi Patel,jbora@example.com,5505605723,Delhi,VALUE,2025-08-16
2322,Chasmum Chahal,sameshmohanty@example.org,8309290767,Delhi,VALUE,2024-06-11
2323,Krishna Atwal,siddharthsuresh@example.net,3511822248,Bengaluru,GROWTH,2024-02-01
2324,Isaac Babu,kotharimax@example.com,9527711315,Pune,NEW,2024-08-09
2325,Avi Kadakia,cdutt@example.org,8823551353,Pune,PREMIUM,2025-01-30
2326,Maanav Khurana,mohammedrout@example.org,3519940380,Kolkata,VALUE,2025-07-15
2327,Rayaan Chadha,usekhon@example.com,8514538852,Bengaluru,NEW,2026-03-17
2328,Ubika Divan,bmanne@example.net,6470986367,Mumbai,GROWTH,2024-05-06
2329,Pahal Bains,yashawini81@example.net,9595642231,Delhi,VALUE,2025-07-25
2330,Ojas Dua,lekha87@example.net,8172258039,Mumbai,GROWTH,2024-03-18
2331,Vedhika Sinha,lmenon@example.net,9623649569,Delhi,VALUE,2025-03-09
2332,Shivani Kibe,bimalaloyal@example.net,8401366220,Kolkata,NEW,2024-03-07
2333,Chaitaly Ramanathan,elijahjaggi@example.com,0660275945,Bengaluru,GROWTH,2024-12-02
2334,Gauri Anand,opal@example.com,3798053081,Kolkata,PREMIUM,2025-06-29
2335,Rachana Sagar,neharege@example.net,8723074459,Chennai,GROWTH,2025-10-27
2336,Bina Bansal,aayush53@example.com,1220638707,Chennai,NEW,2025-12-25
2337,Mugdha Sunder,psarna@example.net,1816977525,Hyderabad,GROWTH,2025-04-17
2338,Vincent Bhat,rachitbalay@example.org,1574808663,Kolkata,GROWTH,2024-08-20
2339,Pahal Mutti,ranganathanjatin@example.net,9353610387,Delhi,VALUE,2026-04-01
2340,Amrita Sahni,hredhaansule@example.com,6445690200,Delhi,NEW,2026-04-20
2341,Jackson Talwar,omyagnesh@example.com,6400796589,Hyderabad,GROWTH,2026-05-20
2342,Saumya Sarin,johaltimothy@example.org,6519017499,Hyderabad,VALUE,2025-12-13
2343,Neel Mani,harshnagar@example.net,9785708470,Chennai,NEW,2025-12-01
2344,Upasna Padmanabhan,valaamol@example.org,0042527695,Pune,VALUE,2024-03-10
2345,Vincent Tripathi,rrau@example.net,1074430320,Chennai,VALUE,2025-05-30
2346,Harinakshi Sidhu,dugarzaid@example.com,1841864223,Bengaluru,GROWTH,2025-01-01
2347,Chaaya Ramakrishnan,dalbirdar@example.net,5396248975,Bengaluru,VALUE,2024-08-21
2348,Jagvi Sodhi,xitiwadhwa@example.net,8712634267,Kolkata,GROWTH,2024-03-02
2349,Sarthak Mandal,rishi11@example.com,1408286631,Mumbai,VALUE,2024-07-10
2350,Vasudha Dayal,wridesh97@example.net,1544014015,Chennai,VALUE,2026-04-03
2351,Ryan Dugar,parsavedhika@example.org,0064641731,Chennai,VALUE,2026-03-28
2352,Harrison Sagar,gabriel59@example.org,9945672681,Kolkata,VALUE,2025-10-30
2353,Chavvi Keer,purohitpooja@example.org,1451749064,Pune,NEW,2024-04-01
2354,Champak Badami,pgoswami@example.net,1401908485,Hyderabad,GROWTH,2025-09-09
2355,Advika Parikh,dpandit@example.com,3895571794,Bengaluru,GROWTH,2024-04-24
2356,Owen Thakur,jbarad@example.com,3232733791,Bengaluru,GROWTH,2025-09-06
2357,Devansh Nazareth,lukemukhopadhyay@example.com,0226652826,Hyderabad,PREMIUM,2024-01-31
2358,Ishaan Karan,maanavnayar@example.org,1224304968,Mumbai,VALUE,2024-09-13
2359,Udarsh Sur,poojachaudhary@example.org,1322071084,Pune,VALUE,2024-04-20
2360,Harini Pant,caleb62@example.org,8928488159,Mumbai,PREMIUM,2026-04-20
2361,Amara Dora,waglebimala@example.org,9221426484,Pune,GROWTH,2025-05-26
2362,Chandresh Sarma,naiduvarsha@example.net,7314108878,Kolkata,PREMIUM,2026-04-10
2363,Indrajit Cherian,zbadami@example.org,8845243452,Jaipur,NEW,2024-01-19
2364,Benjamin Tripathi,baradvanya@example.net,1708387970,Delhi,NEW,2025-10-27
2365,Oliver Dalal,qarin68@example.com,3217575146,Kolkata,VALUE,2025-03-07
2366,Janaki Dugar,dprasad@example.net,0768231457,Delhi,VALUE,2025-02-26
2367,Riya Toor,omyachander@example.com,2251446484,Bengaluru,VALUE,2026-02-24
2368,Hardik Dube,ishaanmannan@example.org,9717932858,Mumbai,PREMIUM,2024-02-12
2369,Gaurika Devi,ekara@example.org,1570163943,Mumbai,NEW,2026-04-29
2370,Saksham Sarna,vorasudiksha@example.org,1227473198,Mumbai,NEW,2024-01-26
2371,Abeer Korpal,rudra90@example.org,2152738185,Delhi,VALUE,2024-11-22
2372,Harita Mangat,dubeyatharv@example.org,4571752614,Kolkata,NEW,2024-05-04
2373,Frederick Lata,mahika26@example.org,9827307220,Delhi,GROWTH,2025-04-15
2374,Oeshi Patel,oamble@example.org,4202634960,Hyderabad,NEW,2025-06-20
2375,Max Wagle,waida48@example.com,1941210315,Pune,GROWTH,2025-07-31
2376,Vedant Devi,tvirk@example.net,1615390830,Jaipur,VALUE,2025-12-19
2377,Odika Rout,devkashyap@example.org,7964439120,Kolkata,VALUE,2025-11-06
2378,Zaitra Pathak,ikari@example.org,1703548071,Mumbai,NEW,2026-05-03
2379,Saanvi Dhingra,owen29@example.org,1964076015,Jaipur,GROWTH,2025-02-08
2380,Zansi Boase,krishnasetty@example.net,8528691413,Pune,GROWTH,2024-06-06
2381,Hamsini Murty,falakkunda@example.org,3917983032,Mumbai,GROWTH,2024-05-20
2382,Nitesh Saraf,minhasyuvraj@example.net,9387881295,Hyderabad,GROWTH,2024-09-04
2383,Maya Bansal,vrishti54@example.org,5972931236,Jaipur,NEW,2025-06-26
2384,Dalbir Venkatesh,toorneelima@example.com,5698864714,Hyderabad,VALUE,2024-02-18
2385,Oni Ratti,amrita78@example.org,4692376017,Mumbai,VALUE,2026-05-09
2386,Dipta Padmanabhan,somanoscar@example.net,3378048907,Jaipur,PREMIUM,2026-06-09
2387,Ati Wable,priya36@example.com,2286835120,Jaipur,GROWTH,2024-05-28
2388,Netra Sehgal,vanyapalla@example.com,3443121690,Jaipur,VALUE,2025-12-03
2389,Riya Pai,anay45@example.net,9690682870,Jaipur,VALUE,2025-06-20
2390,Rudra Mitra,waidapatel@example.org,5996214926,Kolkata,VALUE,2025-03-08
2391,Balhaar Yogi,tataucchal@example.org,1948675683,Hyderabad,VALUE,2025-10-23
2392,Madhavi Date,guhajack@example.com,1933382466,Mumbai,VALUE,2025-06-02
2393,Tanay Chander,girishbrahmbhatt@example.org,3282015506,Chennai,VALUE,2024-10-18
2394,Harini Dutta,xiti04@example.org,1860321446,Mumbai,PREMIUM,2025-05-20
2395,Ayaan Zacharia,warjaschoudhary@example.com,9065227204,Hyderabad,NEW,2024-05-02
2396,Wyatt Modi,qsalvi@example.org,1214556644,Pune,NEW,2024-08-16
2397,Yashasvi Choudhry,bavafiyaz@example.com,0080508045,Jaipur,GROWTH,2026-05-25
2398,Kashish Lad,fbalasubramanian@example.net,2852315899,Bengaluru,VALUE,2024-06-15
2399,Jatin Batta,sathviknarain@example.org,4284973866,Bengaluru,NEW,2025-06-22
2400,Saumya Misra,saranojas@example.org,1079450985,Pune,PREMIUM,2024-09-24
2401,Sudiksha Nori,rbhagat@example.net,5795619572,Delhi,GROWTH,2025-02-22
2402,Vivaan Palla,farasrama@example.net,0266765438,Chennai,VALUE,2024-08-10
2403,Bhavani Dey,kalpit66@example.org,5334326588,Pune,VALUE,2025-05-26
2404,Zinal Kota,jacksonraghavan@example.org,5088500299,Chennai,GROWTH,2025-05-16
2405,Falak Varty,charles82@example.org,6582807273,Hyderabad,GROWTH,2025-07-09
2406,Jalsa Sha,ambledevansh@example.com,4280588691,Kolkata,VALUE,2024-10-04
2407,Manan Sandal,senjai@example.net,9137128379,Bengaluru,NEW,2025-06-04
2408,Finn Chanda,edhitha74@example.org,7363793589,Pune,GROWTH,2025-10-18
2409,Pavani De,imaran99@example.com,3725984941,Hyderabad,GROWTH,2025-10-09
2410,Tanish Sehgal,borahadvay@example.org,8502749406,Delhi,VALUE,2025-05-26
2411,Kala Vora,nitara73@example.net,7039396876,Chennai,PREMIUM,2024-09-26
2412,Zilmil Rana,nakul63@example.com,3739220307,Delhi,PREMIUM,2025-04-24
2413,Wishi Sampath,gagan76@example.org,0266079029,Jaipur,VALUE,2025-04-28
2414,Vrishti Saha,qabil41@example.org,2160490189,Chennai,GROWTH,2026-05-06
2415,Maanas Tiwari,doctorquincy@example.net,0399156834,Bengaluru,PREMIUM,2024-12-05
2416,Vedhika Shankar,gsrinivas@example.org,1351395927,Hyderabad,NEW,2024-10-17
2417,Yochana Wadhwa,usachdeva@example.net,6202688371,Chennai,VALUE,2025-11-05
2418,Simon Shah,kbains@example.com,0692471123,Bengaluru,NEW,2025-07-25
2419,Bachittar Dugar,reyanshperi@example.com,5957244937,Bengaluru,GROWTH,2025-01-19
2420,Jagat Rege,ssawhney@example.org,1085560499,Hyderabad,VALUE,2024-01-01
2421,Jai Pingle,caleb57@example.org,4941777582,Bengaluru,VALUE,2025-09-26
2422,Banjeet Virk,mnazareth@example.org,8647026016,Kolkata,VALUE,2025-10-25
2423,Jacob Prabhu,warhitak@example.net,4369468054,Delhi,VALUE,2026-04-17
2424,Kavya Mitter,nihal61@example.com,1530538637,Kolkata,GROWTH,2025-03-28
2425,Vedika Bala,nvirk@example.net,9291469685,Bengaluru,PREMIUM,2025-04-08
2426,Lucky Sama,rattanzaid@example.org,3908694383,Chennai,VALUE,2024-07-06
2427,Dalaja Mander,ucherian@example.org,5528400353,Mumbai,NEW,2025-02-17
2428,Qadim Suresh,bhavsaraarna@example.org,7688335166,Hyderabad,VALUE,2024-01-02
2429,Jason Palla,jack24@example.net,8667378868,Kolkata,GROWTH,2025-03-26
2430,Chaitanya Sahni,janya46@example.com,1320923267,Bengaluru,NEW,2025-09-28
2431,Dayita Sethi,falanjani@example.com,6723232907,Mumbai,NEW,2025-12-08
2432,Krishna Soman,singhalaishani@example.org,8819557744,Chennai,GROWTH,2025-08-19
2433,Lakshit Thaman,routneelima@example.net,1901692109,Mumbai,PREMIUM,2025-12-25
2434,Shivani Sen,dayita50@example.net,4500496870,Bengaluru,VALUE,2025-08-21
2435,Eshana Chakraborty,vamakshi03@example.com,1622270026,Hyderabad,VALUE,2025-12-02
2436,Lila Kaul,dasgautam@example.com,3432950646,Chennai,GROWTH,2025-01-28
2437,Harinakshi Zachariah,dchakraborty@example.org,5166072898,Pune,VALUE,2025-06-25
2438,Saanvi Mall,nchawla@example.net,0983664165,Pune,GROWTH,2025-07-29
2439,Noah Bakshi,comarhemang@example.net,6738575171,Kolkata,VALUE,2025-05-30
2440,Jatin Chada,siyakala@example.net,4149109053,Delhi,NEW,2025-05-29
2441,Chatresh Vig,gautamvig@example.net,0444181769,Bengaluru,NEW,2025-12-04
2442,Vamakshi Thakkar,shanicholas@example.org,7006586892,Delhi,NEW,2024-08-03
2443,Jai Wali,eeshasinghal@example.net,0638076969,Delhi,PREMIUM,2024-10-12
2444,Anirudh Maharaj,bparmar@example.com,0643842823,Mumbai,VALUE,2025-04-11
2445,Yatan Sawhney,balasubramaniandevansh@example.net,6388887052,Chennai,VALUE,2025-08-03
2446,Ekani Ratti,nadigbina@example.org,7354866914,Jaipur,PREMIUM,2025-04-08
2447,Vyanjana Bajaj,tbhandari@example.com,2555992853,Kolkata,GROWTH,2024-06-28
2448,Rajeshri Gole,binaborde@example.org,5758240834,Pune,GROWTH,2026-01-11
2449,Arjun Wable,nmammen@example.com,8393660553,Kolkata,GROWTH,2025-05-06
2450,Lavanya Kurian,chavviboase@example.org,5950716278,Mumbai,GROWTH,2025-01-25
2451,Ishwar Chaudhary,urvashi54@example.net,2905789584,Kolkata,VALUE,2026-03-01
2452,Bhavika Dhawan,jsarin@example.com,4967269619,Jaipur,VALUE,2025-01-27
2453,Aadhya Chakraborty,jonathankarnik@example.org,5083350425,Delhi,GROWTH,2024-05-25
2454,Damyanti Reddy,imemon@example.net,8351190359,Hyderabad,GROWTH,2026-06-04
2455,Daniel Nanda,buchpahal@example.net,3885685319,Kolkata,NEW,2024-12-10
2456,Avi Bhardwaj,mugdha03@example.net,4292778236,Hyderabad,GROWTH,2026-03-16
2457,Madhavi Chaudhary,guneet59@example.org,4342042493,Kolkata,PREMIUM,2025-04-10
2458,Lucky Sachar,aryasami@example.com,8490006032,Jaipur,NEW,2024-08-06
2459,Aarna Prashad,manan17@example.com,1456625282,Hyderabad,VALUE,2024-12-04
2460,Charles Jain,ukurian@example.org,6530193844,Delhi,PREMIUM,2026-03-30
2461,Warjas Tailor,guneetsant@example.com,5152566288,Bengaluru,GROWTH,2026-04-30
2462,Ishwar Luthra,aditya60@example.com,0216738047,Mumbai,GROWTH,2024-05-04
2463,Eesha Shetty,harshil13@example.com,9018384403,Hyderabad,VALUE,2026-06-07
2464,Dominic Sule,kapurbina@example.net,3490225590,Chennai,NEW,2026-02-07
2465,Nikita Kaur,okhurana@example.org,2235303367,Hyderabad,NEW,2025-08-05
2466,Amruta Chaudhuri,tanejachakradev@example.net,8916612681,Mumbai,VALUE,2024-06-13
2467,Jeremiah Modi,bwason@example.net,9328325574,Bengaluru,VALUE,2025-06-11
2468,Sanaya Chacko,sneha60@example.org,9358354103,Pune,VALUE,2025-01-18
2469,Lucky Prakash,akshaymahal@example.org,9661130144,Delhi,PREMIUM,2024-04-22
2470,Yatan Yogi,arunima47@example.com,4868906376,Mumbai,GROWTH,2026-06-04
2471,Siya Barman,pkhosla@example.com,8906593793,Jaipur,VALUE,2025-06-27
2472,Ucchal Mann,kamyasingh@example.org,0571699439,Delhi,NEW,2024-03-28
2473,Aadi Bhasin,csridhar@example.org,8674847586,Hyderabad,GROWTH,2024-11-03
2474,Anjali Krishna,xthakkar@example.com,5406570224,Mumbai,GROWTH,2026-01-25
2475,Indali Kala,jananikhurana@example.org,7713059761,Delhi,GROWTH,2025-02-01
2476,Chakradev Edwin,dnagarajan@example.com,5133412315,Hyderabad,GROWTH,2025-03-21
2477,Charita Chakraborty,kalaurvi@example.org,7747467389,Chennai,GROWTH,2024-05-08
2478,Jason Dey,daliazarna@example.com,3206631771,Mumbai,VALUE,2024-04-09
2479,Rachana Kade,rsem@example.net,4424166072,Delhi,GROWTH,2026-05-30
2480,Hema Lal,parmeromkaar@example.net,5345756834,Mumbai,NEW,2026-05-07
2481,Anjali Korpal,narangirya@example.org,7893484333,Pune,GROWTH,2024-03-26
2482,Harita Kade,vasudha92@example.net,8900019093,Kolkata,NEW,2025-05-09
2483,Falguni Babu,waliamara@example.com,4733220633,Mumbai,GROWTH,2025-09-04
2484,Aarnav Soni,madhavirao@example.net,4103455501,Bengaluru,PREMIUM,2026-03-03
2485,Aditya Ghose,ranganathansamesh@example.net,7300229007,Bengaluru,VALUE,2025-05-18
2486,Vrinda Ramaswamy,bhavnabose@example.com,5550446220,Bengaluru,PREMIUM,2026-02-21
2487,Faras Yohannan,chanahiral@example.com,7538029991,Mumbai,VALUE,2024-04-18
2488,Sai Dasgupta,rajpeter@example.net,2132640116,Delhi,VALUE,2024-01-14
2489,Krisha Parmar,pvarghese@example.net,7930815550,Chennai,VALUE,2025-02-22
2490,Peter Anand,uppalchatura@example.com,3085850017,Bengaluru,VALUE,2024-08-26
2491,Turvi Prabhakar,gauravdas@example.org,9907278090,Bengaluru,NEW,2025-11-10
2492,Sai Andra,sharmagaurangi@example.net,9463089646,Bengaluru,NEW,2024-10-30
2493,Anmol Mand,manthandyal@example.org,3413499925,Jaipur,PREMIUM,2025-01-01
2494,Rehaan Chana,finngoyal@example.com,9528921672,Chennai,VALUE,2025-04-26
2495,Timothy Kaur,fsunder@example.org,2879573637,Hyderabad,NEW,2026-05-15
2496,Janani Bansal,aarnav38@example.com,3246689676,Mumbai,PREMIUM,2024-03-05
2497,Waida Kadakia,bdasgupta@example.org,7369654035,Kolkata,VALUE,2025-05-12
2498,Rohan Randhawa,qdalia@example.org,2912930431,Jaipur,GROWTH,2024-12-16
2499,Arunima Tella,aryaghosh@example.com,2155001792,Delhi,PREMIUM,2024-02-02
2500,Onkar Hari,jgulati@example.org,4187429488,Jaipur,VALUE,2026-01-03
2501,Dhruv Dave,vyanjana37@example.com,6858069843,Pune,GROWTH,2026-04-02
2502,Joshua Lad,harrisonmore@example.net,9582324711,Delhi,PREMIUM,2024-06-04
2503,Anusha Handa,advikkrishnan@example.org,7208079483,Kolkata,VALUE,2025-11-14
2504,Zayyan Setty,sarnawilliam@example.com,0666128164,Delhi,GROWTH,2025-09-23
2505,Prisha Ben,isaac58@example.com,9635879212,Delhi,GROWTH,2025-09-26
2506,Rachana Ray,maniluke@example.com,6039989890,Delhi,PREMIUM,2025-02-18
2507,Jairaj Vasa,narayanlaban@example.net,2574192291,Hyderabad,NEW,2024-10-15
2508,Warhi Pathak,upkaar09@example.com,1919878758,Chennai,NEW,2024-03-04
2509,Udarsh Batta,vyanjana79@example.net,6232610027,Hyderabad,GROWTH,2024-02-01
2510,Osha Walia,meghamerchant@example.net,4251011090,Delhi,GROWTH,2024-06-08
2511,Diya Ahluwalia,vrindakade@example.com,0986172928,Mumbai,GROWTH,2025-04-20
2512,Robert Natt,sudiksha23@example.net,9837461220,Kolkata,GROWTH,2024-05-06
2513,Aryan Kara,samiekbal@example.org,1971757628,Jaipur,VALUE,2025-09-09
2514,Falan Krish,frederickkhatri@example.com,7566376373,Kolkata,PREMIUM,2025-07-11
2515,Nitesh Narayan,chaudryethan@example.org,2401891599,Delhi,PREMIUM,2024-11-06
2516,Dev Chatterjee,chandreshchhabra@example.org,6886155535,Kolkata,GROWTH,2024-03-19
2517,Varsha Sankaran,mnarasimhan@example.com,0766798899,Pune,NEW,2025-04-10
2518,Gaurika Krishna,gokhaleabha@example.com,7584662344,Chennai,PREMIUM,2026-01-10
2519,Hritik Solanki,bhavya12@example.org,7876187057,Mumbai,GROWTH,2024-12-20
2520,Harini Bhagat,jonathangolla@example.org,9134342966,Jaipur,VALUE,2025-12-26
2521,Zinal Khalsa,bahadurjitsule@example.org,1885182164,Hyderabad,VALUE,2024-09-14
2522,Reva Chandran,urvi09@example.com,9098786972,Delhi,GROWTH,2024-03-13
2523,Jeet Chada,henrykothari@example.com,7810103530,Mumbai,GROWTH,2025-08-07
2524,Bahadurjit Purohit,vyasira@example.net,6973971647,Hyderabad,VALUE,2026-03-10
2525,Dhruv Datta,nvenkataraman@example.com,4223502913,Delhi,VALUE,2026-03-06
2526,Riya Bhakta,jatinkar@example.org,3929149673,Bengaluru,VALUE,2026-05-13
2527,Rachana Bhatti,igrewal@example.com,0096215948,Hyderabad,PREMIUM,2024-04-06
2528,Daksh Ben,vartyabeer@example.net,9195639386,Jaipur,PREMIUM,2024-02-09
2529,Lakshmi Ratti,sanyabir@example.com,4869129065,Delhi,GROWTH,2025-05-27
2530,Nirja Kaul,katafalan@example.com,1135916136,Chennai,VALUE,2026-05-05
2531,Sudiksha Rajagopalan,anamika98@example.net,9482929847,Jaipur,VALUE,2026-06-17
2532,Priya Chaudhuri,aarushhora@example.com,1693933615,Kolkata,VALUE,2024-09-08
2533,Atharv Setty,raksha38@example.org,6671625626,Jaipur,GROWTH,2024-12-03
2534,Reyansh Chokshi,kapoorsathvik@example.com,6574580282,Mumbai,VALUE,2025-08-21
2535,Advik Bir,krishnaamaira@example.com,0192370266,Kolkata,VALUE,2026-04-02
2536,Jonathan Upadhyay,daminiperi@example.com,5726521365,Jaipur,NEW,2024-06-06
2537,Isha Sama,azaan77@example.org,3568400658,Bengaluru,GROWTH,2026-05-28
2538,Sai Grewal,nagiviraj@example.com,3581491882,Hyderabad,NEW,2026-01-05
2539,Laksh Basu,yashica82@example.org,5800662277,Chennai,VALUE,2024-03-02
2540,Joshua Muni,harrison18@example.org,2074321056,Hyderabad,VALUE,2026-01-27
2541,Yochana Parmar,vincentvarughese@example.com,1645441125,Bengaluru,NEW,2025-07-31
2542,Madhav Din,deshpandeavni@example.com,1750227831,Jaipur,GROWTH,2026-05-30
2543,Dayamai Oza,vgandhi@example.net,2359392209,Jaipur,GROWTH,2024-07-07
2544,Jyoti Anand,opandya@example.com,0072121878,Hyderabad,NEW,2026-06-12
2545,Dakshesh Khanna,prabhupooja@example.com,0209455746,Kolkata,GROWTH,2024-02-12
2546,Pahal Padmanabhan,nagiwahab@example.org,4331682077,Hyderabad,VALUE,2024-03-09
2547,Sai Jaggi,sehgalamol@example.com,5320613419,Kolkata,GROWTH,2025-02-06
2548,Harita Gulati,rsaha@example.com,3974502145,Chennai,VALUE,2025-08-15
2549,Unni Narula,rattitanay@example.org,9749786643,Hyderabad,VALUE,2024-05-30
2550,Chandani Sahota,chaudhryekapad@example.net,6145509254,Mumbai,VALUE,2024-09-02
2551,Nicholas Cheema,gchander@example.net,5129195870,Pune,NEW,2024-12-16
2552,Brijesh Tandon,geetika30@example.net,3627422585,Bengaluru,PREMIUM,2024-04-23
2553,Aarush Kapoor,vrishtijha@example.net,5029983557,Mumbai,VALUE,2024-06-07
2554,Unnati Kala,guptaaadhya@example.net,7652868384,Mumbai,VALUE,2024-05-13
2555,Vasana Narula,karpevinaya@example.com,6114343833,Jaipur,PREMIUM,2026-05-08
2556,Samesh Ratta,shuklaabhiram@example.org,4446871749,Delhi,NEW,2026-04-22
2557,Abeer Patil,bkakar@example.com,2980717965,Kolkata,VALUE,2025-07-19
2558,Ethan Parmar,yohannanlaksh@example.org,0911778649,Kolkata,VALUE,2025-09-07
2559,Ishwar Dhar,mangatkamala@example.net,8894921475,Delhi,NEW,2024-05-03
2560,Ria Hayer,chakradevsood@example.org,4099264369,Chennai,NEW,2024-02-15
2561,Caleb Balan,ramanqabil@example.com,5251612954,Chennai,NEW,2024-12-05
2562,Rudra Mander,imisra@example.com,5989834370,Bengaluru,VALUE,2026-06-04
2563,Theodore Lala,emadan@example.org,5283596330,Pune,VALUE,2025-03-06
2564,Harinakshi Korpal,jagvinagi@example.org,1727147780,Hyderabad,GROWTH,2025-12-28
2565,Rohan Bains,inarasimhan@example.net,0158128704,Hyderabad,VALUE,2024-11-28
2566,Adweta Chaudhuri,nayaktheodore@example.com,0024263632,Hyderabad,NEW,2024-10-05
2567,Laksh Raghavan,idar@example.org,7606937121,Kolkata,VALUE,2025-12-31
2568,Hamsini Kade,vdutt@example.net,8412731063,Pune,GROWTH,2025-02-27
2569,Tanmayi Khatri,paivansha@example.net,8049637702,Hyderabad,NEW,2025-10-20
2570,Kashish Garg,kaurdipta@example.net,1005809982,Jaipur,NEW,2025-10-15
2571,Dhruv Dani,advay81@example.net,5680428503,Kolkata,PREMIUM,2025-10-16
2572,Kalpit Gupta,zzacharia@example.net,6717653473,Jaipur,NEW,2025-08-31
2573,Kritika Prasad,arunima56@example.com,1418047188,Pune,VALUE,2025-12-29
2574,Pushti Konda,xyohannan@example.org,0112747054,Hyderabad,GROWTH,2025-02-20
2575,Ranbir Wason,slall@example.org,6706215446,Kolkata,VALUE,2024-09-29
2576,Manthan Narang,murtyabha@example.org,6185743866,Bengaluru,NEW,2025-04-06
2577,Chatresh Mammen,frado55@example.com,8451818538,Bengaluru,NEW,2024-10-19
2578,Yashoda Suresh,amand@example.net,8311410095,Hyderabad,VALUE,2024-02-08
2579,Finn Singhal,chanakyadada@example.net,1997653048,Jaipur,VALUE,2024-11-21
2580,Oliver Trivedi,ztara@example.com,5503968011,Chennai,GROWTH,2025-03-26
2581,Yashodhara Prasad,balendrabajwa@example.org,8740649220,Hyderabad,VALUE,2025-04-13
2582,Zilmil Shetty,aarinibrar@example.com,6202294945,Hyderabad,NEW,2024-11-02
2583,Ekanta Prakash,pallacharles@example.com,8470717302,Bengaluru,VALUE,2025-10-14
2584,Warda Som,kbahl@example.org,1399476598,Pune,PREMIUM,2024-09-13
2585,Nandini Bansal,anita65@example.com,2105206810,Bengaluru,GROWTH,2025-08-05
2586,Theodore Jain,abdul00@example.org,3873435711,Chennai,GROWTH,2024-08-30
2587,Wahab Randhawa,baljiwan04@example.net,7704729023,Bengaluru,VALUE,2026-06-06
2588,Damini Sandal,wkumar@example.com,9372998187,Bengaluru,NEW,2025-08-07
2589,Naksh Prasad,hrajan@example.org,1081440930,Jaipur,GROWTH,2025-05-16
2590,Frado Desai,ridhi52@example.com,7214846346,Bengaluru,GROWTH,2025-01-21
2591,Chakrika Saxena,sbahl@example.net,4254633072,Delhi,GROWTH,2025-11-11
2592,Victor Barman,baghyawatirandhawa@example.com,5696614695,Hyderabad,NEW,2025-01-18
2593,Yauvani Nayar,diyasawhney@example.com,6605339203,Chennai,NEW,2025-12-23
2594,Shravya Sibal,chackoreyansh@example.net,9615744342,Delhi,NEW,2024-05-23
2595,Nilima Pillai,singhalgarima@example.net,8462982010,Bengaluru,GROWTH,2026-01-08
2596,Edhitha Mahajan,chakrabortyyashica@example.org,1164887898,Mumbai,NEW,2026-05-15
2597,Aryan Gola,hredhaanrajagopalan@example.com,2025353965,Chennai,VALUE,2024-08-06
2598,Vivaan Lanka,kashishbhasin@example.net,8656074168,Pune,PREMIUM,2024-07-20
2599,Jagrati Butala,pillaiforum@example.net,4698419855,Jaipur,GROWTH,2026-05-09
2600,Yachana Varghese,morarwridesh@example.org,1750095614,Hyderabad,GROWTH,2024-12-31
2601,Aradhana Kari,anthony71@example.com,9394349387,Kolkata,NEW,2025-09-17
2602,Jagat Bora,ekavir64@example.com,3915936753,Mumbai,NEW,2024-06-20
2603,Balvan Iyer,mram@example.org,4575262133,Kolkata,GROWTH,2025-01-19
2604,Ronith Narayan,karniknaksh@example.net,0204155830,Chennai,GROWTH,2025-09-24
2605,Chasmum Maharaj,jairajshanker@example.com,4631212833,Kolkata,NEW,2026-03-16
2606,Lakshit Lal,kbhardwaj@example.com,6929512490,Kolkata,NEW,2025-01-27
2607,Chandani Manda,keya16@example.net,0091325311,Chennai,PREMIUM,2024-03-08
2608,Netra Ravi,brinda46@example.net,7270031851,Bengaluru,VALUE,2025-01-07
2609,Urmi Vala,xmandal@example.net,5303465855,Chennai,VALUE,2025-08-01
2610,Mitali Kari,zayanmorar@example.org,3604110374,Kolkata,NEW,2026-02-26
2611,Shaurya Som,qasimtrivedi@example.org,0451266497,Jaipur,PREMIUM,2026-01-20
2612,Zaitra Sidhu,khuranasachi@example.net,7610925944,Jaipur,PREMIUM,2025-11-14
2613,Harini Chada,anitamallick@example.com,9148813415,Mumbai,PREMIUM,2024-05-28
2614,Raghav Sanghvi,tanvinair@example.net,9126847167,Chennai,GROWTH,2025-04-12
2615,Shaurya Sarna,latachandani@example.net,7985192180,Delhi,GROWTH,2025-06-02
2616,Ayushman Prasad,anmol09@example.net,9271769343,Pune,NEW,2025-02-25
2617,Kabir Mody,leena58@example.com,3035260248,Jaipur,VALUE,2026-04-10
2618,Xalak Pant,ykeer@example.net,3573462321,Delhi,PREMIUM,2026-05-13
2619,Umang Saini,bimalathakur@example.com,1975332840,Pune,PREMIUM,2024-07-08
2620,Netra Yogi,soodyagnesh@example.com,2350333656,Jaipur,NEW,2026-05-10
2621,Eshana Bajaj,asood@example.com,6230927078,Kolkata,VALUE,2026-01-31
2622,Liam Dube,cjha@example.net,0087292429,Hyderabad,PREMIUM,2025-09-26
2623,Mahika Raj,nagyyuvraj@example.com,3967739232,Delhi,VALUE,2024-12-09
2624,Mahika Bhatt,indalichoudhury@example.net,6833174301,Jaipur,VALUE,2025-11-15
2625,Raghav Soman,yogisuhani@example.org,0651745809,Jaipur,GROWTH,2025-06-11
2626,Falguni Seth,idate@example.net,6492730559,Chennai,VALUE,2026-03-20
2627,Girik Garg,cmohan@example.com,2602181299,Jaipur,NEW,2025-10-02
2628,Peter Balay,bsankaran@example.net,8900167807,Delhi,NEW,2026-05-17
2629,Avi Grover,sbhandari@example.net,2381277840,Chennai,VALUE,2025-01-12
2630,Ekaraj Raju,dararanveer@example.com,2748561366,Delhi,NEW,2024-03-15
2631,Samesh Kaul,lajitakulkarni@example.org,3448762198,Jaipur,GROWTH,2025-03-18
2632,Ekaraj Sha,shivansh17@example.com,1785901260,Pune,PREMIUM,2026-06-16
2633,Jyoti Vasa,haurora@example.com,4840599147,Jaipur,NEW,2025-08-12
2634,Onveer Narain,usem@example.net,5064823796,Chennai,GROWTH,2025-09-24
2635,Mahika Dugar,balkavya@example.net,8261832941,Delhi,VALUE,2025-07-16
2636,Kai Yadav,ykala@example.net,6989094951,Delhi,VALUE,2025-06-17
2637,Vanya Biswas,csundaram@example.net,0509227728,Bengaluru,GROWTH,2024-02-25
2638,Samuel De,arunima77@example.com,5300470319,Pune,NEW,2025-01-06
2639,Dayita Sankaran,magarbahadurjit@example.com,4433584246,Mumbai,GROWTH,2024-03-18
2640,Nathan Mukherjee,dsidhu@example.org,5043737125,Kolkata,GROWTH,2024-10-29
2641,Yadavi Shanker,andrew15@example.com,1047485318,Mumbai,VALUE,2025-10-09
2642,Saksham Amble,aahana94@example.org,0178813543,Hyderabad,NEW,2025-12-24
2643,Sanaya Bhatt,tara52@example.com,2641507956,Mumbai,VALUE,2024-07-20
2644,Yatin Vora,fkalita@example.com,9120135834,Hyderabad,PREMIUM,2025-08-11
2645,Vritti Sharma,amruta55@example.net,6961952545,Hyderabad,PREMIUM,2024-07-22
2646,Balveer Chand,urvashi66@example.org,3622767927,Delhi,VALUE,2024-06-29
2647,Tanmayi Palan,hamsinimagar@example.org,1331794623,Chennai,VALUE,2026-05-13
2648,Mahika Gill,nathavi@example.net,6905073144,Kolkata,GROWTH,2025-07-02
2649,Zaid Gola,tanveer07@example.org,7463952466,Jaipur,VALUE,2024-06-26
2650,Tanvi Rajagopalan,isinghal@example.net,0380807365,Bengaluru,PREMIUM,2024-05-07
2651,Girish Ramaswamy,vaishnaviramachandran@example.net,2744975014,Jaipur,NEW,2024-02-14
2652,Wriddhish Dugar,yashica87@example.org,9790143735,Jaipur,VALUE,2025-03-23
2653,Bishakha Bhavsar,nakul66@example.org,1226330019,Jaipur,GROWTH,2024-04-01
2654,Wakeeta Sabharwal,nimratsampath@example.net,9288200550,Bengaluru,VALUE,2025-06-09
2655,Jyoti Bose,groverucchal@example.com,8759462613,Kolkata,VALUE,2025-01-25
2656,Yamini Nanda,aishani82@example.net,8280816217,Chennai,PREMIUM,2025-07-26
2657,Shravya Gala,ronith50@example.org,7134625384,Delhi,PREMIUM,2024-07-05
2658,Sarthak Toor,zrao@example.org,5204102680,Bengaluru,PREMIUM,2024-05-10
2659,Turvi Bala,opant@example.com,6950087233,Pune,VALUE,2024-03-31
2660,Triya Raj,rsibal@example.net,8801431222,Mumbai,GROWTH,2024-03-27
2661,Mohini Hayer,liam47@example.org,6425826244,Hyderabad,GROWTH,2024-03-06
2662,Baljiwan Anne,kmani@example.org,7156510018,Kolkata,NEW,2024-08-20
2663,Ishwar Deshpande,ramachandranreyansh@example.net,7215240938,Mumbai,PREMIUM,2025-12-21
2664,Ucchal Sundaram,bnath@example.net,5617139796,Hyderabad,NEW,2025-06-30
2665,Ekansh Butala,vghose@example.net,0412562487,Mumbai,VALUE,2024-08-13
2666,Raksha Dey,hemanginibanik@example.org,5725637008,Chennai,GROWTH,2026-04-18
2667,Arya Edwin,wborah@example.com,3819626336,Mumbai,PREMIUM,2025-11-15
2668,Andrew Chaudhry,dwagle@example.com,7773362342,Jaipur,GROWTH,2025-12-02
2669,Chaitaly Dash,sathvikbera@example.com,6064753255,Delhi,GROWTH,2026-03-19
2670,Om Brahmbhatt,baildev@example.org,4079365289,Jaipur,GROWTH,2025-11-02
2671,Anjali Dube,darikabadami@example.org,5059206337,Kolkata,NEW,2026-05-11
2672,Ishita Gokhale,varshamistry@example.org,0428557987,Kolkata,VALUE,2024-10-24
2673,Bakhshi Walia,rachanagill@example.com,2823088035,Kolkata,NEW,2026-02-09
2674,Riya Batta,guneet80@example.org,1421923646,Mumbai,GROWTH,2024-04-10
2675,Madhavi Morar,npandey@example.net,5894532843,Jaipur,GROWTH,2024-09-27
2676,Charles Agrawal,dalalowen@example.net,7154159705,Chennai,GROWTH,2026-03-13
2677,Krishna Jaggi,osha40@example.org,5304533566,Jaipur,VALUE,2024-04-30
2678,Kavya Khare,chhabranachiket@example.net,2562658596,Jaipur,NEW,2025-03-26
2679,Gavin Babu,qchandra@example.com,8108578800,Chennai,NEW,2024-11-02
2680,Ayaan Atwal,ikshita11@example.net,4199617644,Bengaluru,NEW,2024-03-31
2681,Rehaan Bhatnagar,ayaangulati@example.org,7658244898,Delhi,NEW,2024-07-31
2682,Gopal Ganesh,pillailekha@example.com,4850678144,Delhi,PREMIUM,2025-04-26
2683,Chaitanya Sagar,jkulkarni@example.org,5992485910,Hyderabad,GROWTH,2025-07-21
2684,Eta Naidu,ranbir83@example.net,4336671288,Kolkata,NEW,2025-08-30
2685,Sarthak Rana,rparikh@example.net,0848241794,Chennai,VALUE,2024-04-28
2686,Jai Kata,nathan88@example.com,5662952305,Hyderabad,NEW,2024-10-14
2687,Hitesh Parikh,ekibe@example.net,3270872546,Mumbai,GROWTH,2024-04-03
2688,Oscar Aurora,tkhurana@example.net,0886158925,Chennai,PREMIUM,2024-01-09
2689,Diya Arora,chatresh30@example.net,3395975235,Pune,GROWTH,2024-12-17
2690,Simon Shanker,saumyasoman@example.org,9314917077,Jaipur,GROWTH,2025-07-13
2691,Dominic Mallick,settysamarth@example.org,9360242011,Pune,VALUE,2024-11-29
2692,Caleb Bhavsar,wdutt@example.org,5623640638,Chennai,GROWTH,2024-02-06
2693,Nirja Mitra,indira32@example.com,5747076703,Jaipur,GROWTH,2024-07-16
2694,Harsh Yadav,rdhingra@example.net,1112776138,Hyderabad,VALUE,2025-01-24
2695,Zayan Chandran,yasti37@example.org,8358655812,Jaipur,VALUE,2024-11-16
2696,Lipika Deol,wshenoy@example.net,5056353067,Bengaluru,GROWTH,2026-01-12
2697,Parth Nadkarni,ukhosla@example.net,1107342946,Mumbai,VALUE,2025-06-22
2698,Ekansh Nayak,fariq28@example.com,1393863085,Hyderabad,NEW,2026-06-17
2699,Saumya Raja,ggandhi@example.com,9828122816,Mumbai,VALUE,2024-06-06
2700,Yahvi Arya,fkurian@example.net,3294194600,Delhi,GROWTH,2024-11-29
2701,Ansh Dash,dchacko@example.com,8157750411,Jaipur,VALUE,2024-03-19
2702,Warjas Sangha,savantladli@example.net,7831269223,Kolkata,GROWTH,2024-01-19
2703,Fariq Bhasin,krishnaraj@example.com,2936317868,Mumbai,GROWTH,2026-04-11
2704,Kavya Tara,baghyawatichaudhry@example.net,3900522389,Kolkata,GROWTH,2025-03-19
2705,Saksham Doshi,vedika31@example.net,5637476266,Delhi,GROWTH,2025-08-16
2706,Samarth Barad,dhaliwalandrew@example.com,7087371161,Bengaluru,GROWTH,2024-09-05
2707,Sachi Narasimhan,lallafaras@example.net,5270087803,Pune,VALUE,2024-02-16
2708,Arunima Nadkarni,sharmaharsh@example.net,1628347548,Bengaluru,GROWTH,2026-03-14
2709,Oeshi Mani,desaiati@example.org,4672608860,Pune,GROWTH,2025-08-15
2710,Veer Narula,tanmayibhalla@example.org,2238970895,Kolkata,PREMIUM,2025-10-02
2711,Xavier Jha,cpatla@example.net,1490018710,Delhi,GROWTH,2025-04-25
2712,Yuvraj Kapadia,mannemeghana@example.org,7618182831,Delhi,PREMIUM,2024-12-29
2713,Ekanta Goswami,eesha01@example.net,9810357412,Jaipur,GROWTH,2025-01-15
2714,Abeer Bhattacharyya,kalakadakia@example.org,7073301928,Chennai,VALUE,2025-11-16
2715,Ekaraj Hans,balasubramanianishaan@example.net,3103163098,Chennai,VALUE,2024-07-23
2716,Lohit Jayaraman,yasti45@example.com,3093645885,Hyderabad,VALUE,2024-11-03
2717,Gavin Ghose,fkar@example.org,4078858618,Hyderabad,GROWTH,2024-10-03
2718,Warinder Tripathi,sbhandari@example.org,9319826303,Pune,NEW,2025-04-14
2719,Pooja Sibal,shenoyanvi@example.net,0123616603,Chennai,PREMIUM,2026-05-20
2720,Nitesh Hora,georgeseshadri@example.com,9058861565,Mumbai,GROWTH,2026-04-10
2721,Panini Goda,zbala@example.com,4157750144,Pune,VALUE,2025-05-05
2722,Chavvi Mangal,abeergoyal@example.org,0771232127,Pune,NEW,2024-06-29
2723,Saksham Magar,dkala@example.org,4487372277,Delhi,VALUE,2026-04-26
2724,Fariq Parsa,vasanabasu@example.org,9005376130,Hyderabad,GROWTH,2024-10-08
2725,Krishna Ganesh,chaudharibimala@example.net,7208096492,Kolkata,NEW,2024-11-16
2726,Ridhi Sami,odikadugar@example.org,2969136095,Chennai,GROWTH,2026-03-08
2727,Nachiket Subramaniam,nathaniellal@example.org,9230679467,Mumbai,VALUE,2024-08-24
2728,Lakshmi Sane,sagarfaras@example.org,7198846613,Delhi,VALUE,2025-02-19
2729,Charita Yogi,rnatt@example.net,2891837895,Chennai,GROWTH,2026-04-05
2730,Parth Kurian,drau@example.org,5452524161,Hyderabad,VALUE,2024-10-13
2731,Ubika Mohan,frederick43@example.com,2395174518,Jaipur,PREMIUM,2025-07-15
2732,Bhanumati Prashad,malhotraurishilla@example.org,2673344168,Chennai,GROWTH,2024-02-03
2733,Ekbal Nath,balasubramanianbachittar@example.com,6549527971,Jaipur,VALUE,2026-06-15
2734,Upasna Hayre,charles15@example.net,1331033733,Mumbai,VALUE,2025-01-12
2735,Ranveer Agrawal,ekarajchowdhury@example.net,3431691733,Hyderabad,NEW,2025-08-26
2736,Xiti Prasad,niharika02@example.com,2550118528,Mumbai,GROWTH,2025-03-26
2737,Nidhi Sagar,zhalder@example.net,8253077601,Chennai,PREMIUM,2025-01-25
2738,Kashvi Rajagopalan,warda79@example.com,3114906046,Mumbai,GROWTH,2024-12-31
2739,Darika Bobal,ubawa@example.com,3670536105,Hyderabad,VALUE,2024-01-16
2740,Balvan Dash,krisha25@example.com,4907282551,Bengaluru,GROWTH,2024-09-06
2741,Nicholas Hari,abhiram42@example.org,6153399613,Mumbai,GROWTH,2024-12-08
2742,Aadhya Pall,nandini40@example.com,5339719022,Delhi,GROWTH,2024-11-28
2743,Jyoti Bhardwaj,xiti61@example.net,8460060300,Chennai,NEW,2024-09-03
2744,Panini Koshy,qnazareth@example.org,4999279242,Jaipur,NEW,2025-08-01
2745,Vanya Banerjee,wishitara@example.org,8560918944,Mumbai,PREMIUM,2026-01-16
2746,Ayaan Divan,mitalgunbir@example.com,5652919305,Hyderabad,GROWTH,2026-03-13
2747,Tamanna Din,pillayansh@example.org,4726789044,Mumbai,GROWTH,2026-05-25
2748,Yug Edwin,wnarayanan@example.com,6884819033,Kolkata,GROWTH,2025-08-07
2749,Jackson Chanda,gardeneelima@example.com,3516454653,Hyderabad,VALUE,2025-01-04
2750,Mitali Buch,cnanda@example.com,6037310251,Jaipur,NEW,2025-08-04
2751,Pallavi Gandhi,bimala14@example.com,3777124920,Mumbai,NEW,2024-04-29
2752,Zayyan Mittal,abhadhillon@example.net,4595041810,Delhi,VALUE,2026-01-05
2753,Darika Sabharwal,ytak@example.net,8709837832,Chennai,NEW,2025-04-26
2754,Ikbal Padmanabhan,wagledarsh@example.net,0937380338,Pune,NEW,2024-05-28
2755,Amruta Kadakia,caleb15@example.org,2790332253,Jaipur,GROWTH,2025-01-18
2756,Darika Ahuja,rakshavala@example.net,0089145823,Kolkata,NEW,2024-09-27
2757,Vyanjana Agarwal,agoel@example.net,6427725947,Jaipur,VALUE,2024-11-10
2758,Ekaraj Sahni,sachi04@example.org,2702295728,Pune,VALUE,2024-02-15
2759,Bhavya Sankar,dev69@example.net,2767168580,Bengaluru,VALUE,2024-01-15
2760,Patrick Prasad,menonmason@example.org,7286455188,Hyderabad,GROWTH,2024-11-10
2761,Krish Hora,qraja@example.net,3328291171,Mumbai,GROWTH,2024-09-28
2762,Qabil Thakkar,sarnaadvaith@example.org,5554139817,Hyderabad,NEW,2026-06-17
2763,Shravya Kala,ewarrior@example.com,2139742458,Bengaluru,VALUE,2024-08-24
2764,Sai Bhargava,poojaparsa@example.net,7073433272,Delhi,VALUE,2024-10-23
2765,Rehaan Lad,qdube@example.org,9087672544,Mumbai,GROWTH,2026-04-03
2766,Ridhi Chopra,araman@example.net,2803514586,Chennai,VALUE,2026-02-12
2767,Fariq Memon,battadhriti@example.com,7409616862,Bengaluru,PREMIUM,2024-02-21
2768,Krishna Dash,sharaffiyaz@example.com,4346820725,Jaipur,GROWTH,2024-03-18
2769,Devansh Oommen,balakrishnanwarda@example.com,4684568600,Hyderabad,NEW,2024-03-26
2770,Wahab Sridhar,buchtanvi@example.com,9986133708,Jaipur,PREMIUM,2025-02-17
2771,Harrison Andra,yadavabeer@example.org,4506736324,Pune,VALUE,2025-05-30
2772,Amaira Amble,jsolanki@example.com,6714820165,Delhi,VALUE,2024-11-12
2773,Gunbir Kakar,yashicamander@example.com,7773813416,Mumbai,VALUE,2024-01-12
2774,Keya Venkatesh,tanmayi61@example.net,6571932844,Pune,NEW,2024-06-30
2775,Vedika Solanki,esubramanian@example.org,8596831748,Chennai,PREMIUM,2025-07-07
2776,Pushti Nayar,fsangha@example.org,0149820225,Bengaluru,GROWTH,2024-12-01
2777,Hemal Murty,duttapeter@example.net,6518516634,Chennai,VALUE,2024-04-21
2778,Jalsa Rastogi,chandanidalal@example.com,3941705287,Jaipur,NEW,2025-08-09
2779,Dakshesh Parekh,advaithdora@example.org,6821243209,Hyderabad,VALUE,2025-07-06
2780,Harish Aggarwal,nathan72@example.net,8802227869,Delhi,PREMIUM,2025-03-17
2781,Neelima Dewan,vedhika83@example.org,3003191026,Bengaluru,PREMIUM,2026-04-26
2782,Jason Wali,rsheth@example.net,4676164729,Jaipur,VALUE,2026-01-29
2783,Yuvraj Pillay,viswanathanharsh@example.org,8426400887,Kolkata,GROWTH,2024-02-05
2784,Vaishnavi Varma,paiamrita@example.com,2075256363,Kolkata,VALUE,2026-03-25
2785,Raghav Aggarwal,lraman@example.net,0621309966,Jaipur,GROWTH,2024-02-14
2786,Anay Parsa,chanapatrick@example.net,6347013635,Delhi,NEW,2025-03-09
2787,Eshana Sawhney,hemaravel@example.org,4264939071,Bengaluru,PREMIUM,2026-03-22
2788,Vedhika Ratta,walitarak@example.com,5335736105,Delhi,NEW,2026-06-02
2789,Ijaya Sangha,atwalbalvan@example.org,0684435108,Delhi,GROWTH,2024-01-21
2790,Harish Rajan,vritti01@example.com,8512990650,Kolkata,VALUE,2024-03-05
2791,Robert Dhar,champakrao@example.net,8928866095,Jaipur,PREMIUM,2024-08-05
2792,Joshua Tank,tanvibhatia@example.org,4995666372,Mumbai,GROWTH,2024-09-05
2793,Charvi Sibal,geetika95@example.net,5803766507,Pune,VALUE,2024-09-08
2794,Sanaya D’Alia,nadkarnijatin@example.com,4838348303,Chennai,GROWTH,2025-01-10
2795,Wridesh Kohli,wradhakrishnan@example.org,8454313742,Delhi,GROWTH,2024-10-13
2796,Onkar Chakraborty,jsachdev@example.net,8108843832,Jaipur,PREMIUM,2025-06-08
2797,Radhika Balakrishnan,ipalan@example.com,3191075278,Kolkata,VALUE,2026-02-07
2798,Eta Rajagopal,libnibhagat@example.org,7815896859,Chennai,NEW,2025-05-06
2799,Thomas Kurian,yagnesh68@example.com,2608213591,Pune,GROWTH,2024-10-25
2800,Jatin Deshpande,maanasbhat@example.net,1078466956,Hyderabad,VALUE,2025-05-26
2801,Gautam Natarajan,pranavnarain@example.com,3273882797,Kolkata,VALUE,2025-07-12
2802,Dhruv Oza,chakradhar80@example.com,3177067561,Hyderabad,NEW,2026-03-17
2803,Lakshmi Sarkar,andrew97@example.net,8584521129,Jaipur,GROWTH,2026-05-02
2804,Udant Lad,pjayaraman@example.net,4006217488,Delhi,GROWTH,2024-09-06
2805,Bina Chahal,ichatterjee@example.org,0760456501,Mumbai,VALUE,2026-04-06
2806,Gaurav Oak,jacob00@example.net,7319684708,Jaipur,PREMIUM,2026-01-05
2807,Jack Pillai,sarkarlopa@example.com,8237838526,Bengaluru,PREMIUM,2024-04-25
2808,Dhriti Rai,yutika43@example.net,5658993173,Bengaluru,VALUE,2025-05-17
2809,Deepa Bhatia,aviahluwalia@example.com,9134680036,Kolkata,NEW,2024-05-16
2810,Lipika Sampath,obhatia@example.net,4260267615,Mumbai,VALUE,2025-03-17
2811,Janya Date,oeshi08@example.net,3104347465,Chennai,VALUE,2024-02-10
2812,Hredhaan Rana,ybarad@example.com,6381288614,Bengaluru,GROWTH,2024-09-26
2813,Triveni Mutti,upmapradhan@example.net,4898545749,Mumbai,PREMIUM,2025-06-13
2814,Chaman Kanda,manebarkha@example.com,7388025444,Jaipur,VALUE,2024-09-30
2815,Tamanna Din,murtyxavier@example.org,9775556779,Mumbai,GROWTH,2024-01-10
2816,Madhav Banerjee,upma02@example.com,9090959444,Delhi,VALUE,2024-12-15
2817,Dayamai Thakkar,duttatamanna@example.com,5551971718,Pune,GROWTH,2025-05-02
2818,Anusha Sridhar,jyoti13@example.org,0078152778,Kolkata,PREMIUM,2025-11-18
2819,Warda Manne,nagichandresh@example.org,6854027723,Mumbai,NEW,2024-05-02
2820,Daniel Nath,vritti54@example.com,2621819892,Pune,GROWTH,2025-03-05
2821,Shivansh Kar,yashodaacharya@example.net,8653863645,Chennai,GROWTH,2024-06-27
2822,Praneel Sura,pranit74@example.org,9671608906,Kolkata,GROWTH,2024-05-18
2823,Chandani Dutta,gdutta@example.org,2213155090,Mumbai,VALUE,2024-04-19
2824,Manya Nazareth,aarnav72@example.com,5049168426,Jaipur,VALUE,2025-11-14
2825,Urvashi Pall,udarsh20@example.com,5336598964,Chennai,NEW,2026-04-07
2826,Mahika Bora,jalsabora@example.com,9017936354,Kolkata,VALUE,2025-08-20
2827,Barkha Hayer,daksh13@example.com,8063928238,Bengaluru,PREMIUM,2024-12-06
2828,Gunbir Deep,zayyansidhu@example.org,6212999445,Jaipur,VALUE,2026-05-04
2829,Chatura Modi,sarmayashvi@example.com,9029659176,Pune,NEW,2025-03-23
2830,Nihal Devan,agastya51@example.org,3002830668,Mumbai,VALUE,2025-04-21
2831,Vasudha Manne,waliamara@example.org,2775843088,Jaipur,NEW,2025-07-25
2832,Shaurya Kamdar,parmergeorge@example.com,1369987904,Kolkata,PREMIUM,2025-08-11
2833,Aditya Pathak,dattaanthony@example.net,3738167474,Bengaluru,VALUE,2025-03-18
2834,Manbir Puri,tailoraarna@example.net,5146124465,Chennai,PREMIUM,2025-03-07
2835,Om Bhalla,maharajkashvi@example.org,8216135264,Hyderabad,GROWTH,2024-10-13
2836,Ishani Som,priya99@example.org,5433974808,Chennai,VALUE,2025-09-04
2837,Charles Dalal,miteshsolanki@example.com,6918434517,Jaipur,VALUE,2025-08-28
2838,Radha Dixit,lavanyalanka@example.com,8772918844,Jaipur,PREMIUM,2025-01-27
2839,Yash Bandi,yastishroff@example.net,2772864093,Mumbai,PREMIUM,2025-10-02
2840,Wridesh Ranganathan,brijeshdora@example.net,9268132241,Jaipur,VALUE,2024-05-04
2841,Chasmum Gera,pranav39@example.org,2452656284,Hyderabad,NEW,2025-01-09
2842,Gaurav Sheth,xbehl@example.com,6474946595,Pune,VALUE,2026-06-07
2843,Anvi Saxena,nishabath@example.com,6985887138,Kolkata,VALUE,2025-10-22
2844,Advay Dar,dixitcharvi@example.org,4923365508,Hyderabad,GROWTH,2025-10-10
2845,Fitan Dara,vanshajha@example.net,1301672507,Hyderabad,VALUE,2026-02-15
2846,Yashodhara Kar,gabriel25@example.net,8365156238,Hyderabad,VALUE,2025-07-01
2847,Varsha Mahal,kapadiaqushi@example.com,3369224947,Kolkata,GROWTH,2025-08-19
2848,Pratyush Rajagopalan,ranveer64@example.org,0188505354,Hyderabad,VALUE,2025-03-09
2849,Radha Misra,rpalla@example.net,3622809375,Bengaluru,VALUE,2026-01-13
2850,Hardik Nanda,fradomohan@example.net,5872542907,Bengaluru,PREMIUM,2025-10-02
2851,Qasim Ravi,ati56@example.net,6562319399,Mumbai,GROWTH,2025-04-16
2852,Meera Yadav,pillaiazad@example.net,0412150684,Hyderabad,NEW,2024-04-24
2853,Devansh Venkataraman,ikbal46@example.net,4951294226,Delhi,GROWTH,2025-12-26
2854,Sarthak Dalal,hritikwalla@example.com,2640592826,Delhi,GROWTH,2024-10-20
2855,Pranit Ahluwalia,xroy@example.org,4882718467,Pune,VALUE,2024-11-19
2856,Dipta Das,chakradhardave@example.org,2974401216,Delhi,PREMIUM,2024-04-22
2857,Kabir Jhaveri,mandnachiket@example.org,6558988406,Chennai,VALUE,2024-07-14
2858,Gagan Kunda,tristanvasa@example.net,1813410597,Kolkata,VALUE,2024-04-23
2859,Frado Dash,hemangraju@example.org,2362452761,Pune,NEW,2024-03-28
2860,Januja Garg,ektabala@example.net,8728008839,Hyderabad,PREMIUM,2024-01-20
2861,Aadi Kothari,warhibabu@example.com,7299923353,Mumbai,GROWTH,2024-09-22
2862,Chakradhar Venkataraman,bajwadayita@example.org,1032256483,Jaipur,VALUE,2025-11-11
2863,Sai Dey,braghavan@example.net,7164061294,Kolkata,VALUE,2026-02-16
2864,Dhriti Virk,unni07@example.net,5177575251,Chennai,GROWTH,2024-07-23
2865,Yashvi Kadakia,lopabasak@example.net,1822281073,Delhi,PREMIUM,2025-01-16
2866,Chaitanya Khalsa,ucchalmurty@example.com,3391222462,Delhi,GROWTH,2026-01-18
2867,Raghav Dhar,msandhu@example.com,1007179170,Bengaluru,VALUE,2025-09-28
2868,Tanveer Desai,parikhsamesh@example.com,6870288977,Mumbai,VALUE,2026-03-24
2869,Jagrati Mall,dalbirvora@example.org,7505675395,Kolkata,GROWTH,2025-01-13
2870,Pahal Borde,ranveerbassi@example.net,0363532438,Mumbai,PREMIUM,2024-05-31
2871,Abha Raj,fbalan@example.net,1637039548,Bengaluru,VALUE,2024-05-08
2872,Mugdha Shan,chaitalyshetty@example.com,3679082112,Jaipur,VALUE,2025-09-29
2873,Aachal Sandal,shuklajanaki@example.org,9414627602,Kolkata,VALUE,2024-01-24
2874,Samar Bobal,gdevi@example.org,0663817781,Mumbai,VALUE,2025-02-18
2875,Reyansh Pradhan,zguha@example.com,4518916867,Hyderabad,GROWTH,2024-11-13
2876,Oni Dube,yashasvibir@example.com,3256292892,Chennai,VALUE,2026-04-07
2877,Radha Raghavan,aapte@example.com,6039492583,Pune,GROWTH,2026-06-17
2878,Yug Brahmbhatt,rthaman@example.net,7320998071,Jaipur,PREMIUM,2025-03-11
2879,Jeet Wali,duttavidhi@example.net,6606124056,Kolkata,NEW,2025-06-06
2880,Niharika Bhatti,muninihal@example.com,9474230654,Jaipur,NEW,2024-12-06
2881,Gaurav Patil,amairapurohit@example.com,0979525521,Delhi,VALUE,2025-11-30
2882,Anjali Dhingra,samifalan@example.net,1259007109,Mumbai,VALUE,2024-09-22
2883,Anusha Anne,kdesai@example.net,1736280532,Chennai,VALUE,2025-10-31
2884,Krishna Kapadia,harrison99@example.com,0460757196,Delhi,PREMIUM,2026-03-24
2885,Henry Dasgupta,nanand@example.org,6704391324,Bengaluru,VALUE,2024-06-03
2886,Damini Suri,bhatiasimon@example.com,8179948995,Mumbai,GROWTH,2024-07-22
2887,Ikshita Manda,palaarna@example.com,9253141124,Jaipur,VALUE,2024-12-06
2888,Hardik Bava,zbasu@example.com,4958672378,Delhi,VALUE,2026-01-14
2889,Eesha Ramachandran,reyanshkumer@example.com,1151840635,Mumbai,PREMIUM,2025-07-30
2890,Hemani Wali,krishna72@example.com,8786895355,Mumbai,PREMIUM,2024-06-23
2891,Vansha Datta,goswamiharish@example.org,9339309367,Mumbai,GROWTH,2024-11-27
2892,Aditya Varghese,thamanayushman@example.com,6829403683,Chennai,NEW,2025-08-02
2893,Jonathan Dhar,tsachdeva@example.org,6273083120,Bengaluru,VALUE,2026-05-18
2894,Amara Bera,vamakshi43@example.net,4527326194,Jaipur,VALUE,2025-02-09
2895,Zaid Sahota,waliwishi@example.net,6348345270,Bengaluru,GROWTH,2024-03-08
2896,Qadim Sarna,kakarsai@example.net,3653339029,Chennai,PREMIUM,2024-04-04
2897,Upadhriti Thakkar,gaurikakhosla@example.com,6213936216,Pune,GROWTH,2024-01-26
2898,Anya Sangha,dateomya@example.net,5639033482,Pune,VALUE,2024-04-23
2899,Dalaja Chahal,sbajaj@example.org,4005735737,Kolkata,NEW,2025-01-06
2900,Niharika Munshi,ekaja78@example.net,0795152709,Mumbai,VALUE,2024-09-10
2901,Fariq Bose,keerria@example.org,7735846775,Chennai,GROWTH,2024-09-27
2902,Girik Gandhi,manderoliver@example.org,8867826515,Kolkata,GROWTH,2025-11-20
2903,Frado Mangal,ynigam@example.org,5093971147,Kolkata,NEW,2025-03-05
2904,Advaith Samra,vasana99@example.com,5427722144,Chennai,PREMIUM,2025-10-18
2905,Varsha Tank,yatin31@example.com,4751625471,Pune,NEW,2025-05-02
2906,Nidra Atwal,shivanikara@example.net,2899981495,Kolkata,VALUE,2024-07-03
2907,Abhimanyu Sandal,pandeyvanya@example.com,7196041768,Chennai,GROWTH,2026-05-03
2908,Yash Wable,cdeshmukh@example.net,7000696268,Jaipur,NEW,2025-03-04
2909,Saumya Ganguly,akshay78@example.com,4101672221,Mumbai,GROWTH,2026-01-22
2910,Parth Borde,akulkarni@example.org,8786465815,Bengaluru,GROWTH,2024-03-28
2911,Kiaan Varkey,riya74@example.com,9270562254,Delhi,NEW,2026-02-03
2912,Charan Sami,hdewan@example.net,9835257890,Delhi,VALUE,2025-10-06
2913,Ladli Garde,qvaidya@example.com,9582143086,Hyderabad,GROWTH,2024-08-12
2914,Isaiah Nigam,ooza@example.org,1742797925,Mumbai,NEW,2025-12-14
2915,Jacob Mannan,hemal42@example.com,2786291581,Hyderabad,NEW,2025-10-30
2916,Vasudha Memon,pahal67@example.org,7374427513,Hyderabad,NEW,2026-03-15
2917,Tanay Agate,christophersheth@example.org,1007163131,Chennai,NEW,2024-07-07
2918,Teerth Mody,oshasodhi@example.net,7771133204,Jaipur,VALUE,2026-03-08
2919,Ubika Sura,caleb60@example.org,3966332662,Kolkata,NEW,2025-11-16
2920,Ishani Ahuja,abha13@example.net,6229651539,Hyderabad,GROWTH,2024-10-31
2921,Falguni Misra,rakshakaul@example.net,6159168661,Bengaluru,PREMIUM,2024-11-11
2922,Hredhaan Ahluwalia,hyogi@example.org,0294062898,Kolkata,GROWTH,2024-08-17
2923,Quincy Ratti,krishnajain@example.net,2514974634,Delhi,NEW,2025-03-05
2924,Aditya Chaudhuri,jdevi@example.com,5374952525,Chennai,GROWTH,2026-03-17
2925,Vyanjana Hora,pallavi86@example.org,7071176336,Hyderabad,NEW,2026-01-23
2926,Yoshita Dube,fsankar@example.org,5159472841,Mumbai,VALUE,2024-05-11
2927,Jatin Sura,jalsaratti@example.com,5300198363,Chennai,VALUE,2024-04-28
2928,Nachiket Krishna,pluthra@example.net,5894551609,Bengaluru,GROWTH,2024-02-23
2929,Upma Rana,munisai@example.com,9382328715,Mumbai,VALUE,2025-07-06
2930,Chandani Patla,modynaveen@example.com,7175847019,Pune,PREMIUM,2024-10-09
2931,Qabil Yadav,vasanakata@example.net,1090904337,Mumbai,VALUE,2025-11-15
2932,Ikbal Sarna,aayush60@example.org,8728217477,Pune,GROWTH,2025-11-15
2933,Neel Dey,dixitpriya@example.com,7611796167,Mumbai,VALUE,2024-06-26
2934,Radha Ahluwalia,madhavi09@example.com,5718718201,Hyderabad,VALUE,2025-09-16
2935,Rushil Choudhry,manebalhaar@example.net,7587545961,Kolkata,GROWTH,2025-11-19
2936,Bhavani Baria,ahujachampak@example.net,7934674885,Mumbai,VALUE,2026-06-07
2937,Megha Sama,sanimanya@example.com,1363621379,Kolkata,VALUE,2025-10-12
2938,Azad Dyal,dayamai54@example.net,1773555636,Pune,VALUE,2024-11-19
2939,Varenya Lata,balvanbhagat@example.org,9440333670,Jaipur,VALUE,2026-06-18
2940,Oviya Suresh,rvenkataraman@example.com,7610352331,Mumbai,GROWTH,2024-09-05
2941,Joshua Nair,vrittimisra@example.net,9701033894,Pune,VALUE,2025-12-25
2942,Yachana Ramachandran,aayushmurty@example.org,3610180196,Jaipur,GROWTH,2024-12-06
2943,Imaran Chokshi,harinitoor@example.com,8195985186,Kolkata,PREMIUM,2026-04-21
2944,Jonathan Dugal,dakshtata@example.org,4951349859,Mumbai,GROWTH,2025-12-05
2945,Xiti Arya,ikbalsabharwal@example.com,2377683268,Kolkata,GROWTH,2025-06-23
2946,Charles Oommen,mugdha91@example.org,9461106508,Delhi,VALUE,2024-07-11
2947,Abhiram Saraf,obhargava@example.net,6967745658,Chennai,NEW,2024-06-18
2948,Bimala Manda,hbhatti@example.com,3356348379,Hyderabad,GROWTH,2026-05-02
2949,Fitan Sanghvi,kalazayyan@example.org,6997174503,Chennai,VALUE,2025-12-22
2950,Michael Vaidya,ishitabandi@example.org,7726691646,Chennai,NEW,2025-04-06
2951,Zaid Mand,lmadan@example.org,6159980375,Delhi,PREMIUM,2026-02-28
2952,Adya Kota,ysalvi@example.com,9311026431,Chennai,GROWTH,2025-12-05
2953,Rushil Som,dayitamohan@example.net,5222991184,Jaipur,NEW,2024-12-14
2954,Yadavi Golla,inigam@example.com,2074346481,Hyderabad,VALUE,2026-01-14
2955,Manthan Karnik,darsh53@example.com,2563799738,Bengaluru,NEW,2025-12-17
2956,Kevin Rattan,rswaminathan@example.com,8509656865,Jaipur,PREMIUM,2025-03-06
2957,Anusha Handa,bumbnisha@example.org,2472323887,Delhi,GROWTH,2024-01-18
2958,Pooja Badami,yashodaprakash@example.net,9980682132,Hyderabad,VALUE,2025-10-29
2959,Gavin Behl,rehaan88@example.net,0915931649,Chennai,VALUE,2024-11-01
2960,Nikita Vohra,woza@example.net,8507900894,Hyderabad,NEW,2024-11-24
2961,Vihaan Kapadia,knadig@example.net,2196938102,Jaipur,VALUE,2025-10-04
2962,Pooja Srinivas,daniellad@example.net,1858237918,Hyderabad,VALUE,2025-12-30
2963,Yashvi Sane,padmanabhanekantika@example.org,7842721798,Jaipur,PREMIUM,2024-03-20
2964,Daksha Choudhary,vedantbawa@example.org,5320815937,Delhi,PREMIUM,2026-01-11
2965,Januja Mand,umahal@example.org,3357465365,Pune,VALUE,2024-09-20
2966,Omya Koshy,koshykrish@example.net,9050458047,Chennai,NEW,2025-05-24
2967,Champak Gopal,tshankar@example.com,0599755951,Mumbai,GROWTH,2026-02-20
2968,Aadi Ben,bhavna33@example.net,9820254200,Mumbai,NEW,2024-07-15
2969,Simon Mangal,dayamaipai@example.net,7801561641,Pune,VALUE,2024-07-17
2970,Ati Chaudhuri,bvohra@example.com,8032821427,Pune,VALUE,2026-05-23
2971,Qasim Krishnan,chatura47@example.com,8468425168,Chennai,GROWTH,2024-12-01
2972,Januja Natt,adwetaramaswamy@example.net,6564232454,Delhi,VALUE,2026-05-02
2973,Isaac Chatterjee,vasana28@example.org,3545422726,Chennai,GROWTH,2024-11-17
2974,Kalpit Narula,harshil90@example.com,8489359985,Jaipur,VALUE,2025-07-11
2975,Janaki Wadhwa,bborde@example.org,7114672657,Delhi,PREMIUM,2025-04-04
2976,Wazir Majumdar,smanne@example.org,1877359508,Hyderabad,NEW,2026-06-04
2977,Leena Chahal,yugbhatti@example.com,4669601740,Hyderabad,NEW,2025-05-10
2978,Kalpit Dara,karan12@example.net,2234629791,Jaipur,NEW,2025-03-28
2979,Rayaan Hans,pallaviparekh@example.net,0917788600,Bengaluru,NEW,2025-02-23
2980,Hardik Borde,upma02@example.com,6178610649,Hyderabad,GROWTH,2024-12-03
2981,Charvi Som,agarwalhema@example.net,6923812904,Pune,GROWTH,2025-01-31
2982,Mitesh Bassi,upasna99@example.net,8017483836,Delhi,NEW,2025-02-18
2983,Rehaan Sahota,pathakadvika@example.org,3274807304,Kolkata,NEW,2025-11-18
2984,Idika Pau,indali65@example.org,7534357605,Kolkata,NEW,2024-02-11
2985,Jacob Sarin,udantmangat@example.org,0353943384,Pune,PREMIUM,2025-03-26
2986,Vasudha Saini,anvi07@example.net,6378074515,Pune,VALUE,2025-05-09
2987,Ojas Mahal,varkeyanmol@example.com,7317998514,Pune,NEW,2025-11-08
2988,Bimala Bath,ekavirkhatri@example.net,2286651616,Kolkata,NEW,2025-08-22
2989,Ranveer Rao,brinda35@example.com,0636030482,Jaipur,PREMIUM,2025-01-23
2990,Yochana Borde,eshana90@example.net,6899189277,Hyderabad,NEW,2024-04-08
2991,Raksha Upadhyay,skadakia@example.net,6032099152,Hyderabad,GROWTH,2024-11-30
2992,Madhavi Rattan,dugalnihal@example.org,6460923855,Pune,NEW,2024-08-18
2993,Samuel Gour,boraqabil@example.com,2864414183,Mumbai,VALUE,2024-07-02
2994,Nathaniel Kamdar,max18@example.org,9508418436,Kolkata,NEW,2025-10-11
2995,Yochana Shah,aahana47@example.net,8093274350,Kolkata,VALUE,2025-03-06
2996,Chavvi Kannan,ucchalshah@example.org,0308300409,Pune,VALUE,2025-12-15
2997,Amrita Dani,xbhardwaj@example.org,2589444553,Bengaluru,VALUE,2024-05-04
2998,Udarsh Bath,nbakshi@example.com,5998188534,Bengaluru,GROWTH,2026-06-06
2999,Bishakha Baral,rattikalpit@example.com,9007274959,Hyderabad,VALUE,2025-03-02
3000,Arunima Deol,qasimsawhney@example.com,0841114407,Pune,NEW,2024-08-15
3001,Charan Kothari,aadhyajain@example.org,2572591300,Kolkata,GROWTH,2024-11-22
3002,Jack Agarwal,cnatt@example.org,2994558275,Pune,NEW,2026-01-27
3003,Jyoti Nair,tandoncharles@example.com,3712751999,Jaipur,VALUE,2025-09-30
3004,Aishani Deol,ebaria@example.net,8416359679,Jaipur,VALUE,2024-06-03
3005,Chaitaly Nair,ridhivarughese@example.com,1090102284,Pune,PREMIUM,2026-06-10
3006,Advaith Parekh,knarasimhan@example.net,0748377681,Bengaluru,PREMIUM,2024-04-27
3007,Ati Goda,radhikahayer@example.com,7173565860,Chennai,GROWTH,2024-09-04
3008,Amol Yogi,venkataramancharita@example.com,3516709257,Hyderabad,NEW,2025-10-18
3009,Lavanya Kurian,amrita19@example.net,5891619723,Pune,NEW,2025-04-21
3010,Riya Kannan,yashicapatil@example.com,3528098769,Kolkata,GROWTH,2025-02-05
3011,Amruta Jani,noahratta@example.org,0652796124,Bengaluru,NEW,2026-04-13
3012,Nachiket Sehgal,chaudhurioni@example.com,9210161481,Chennai,PREMIUM,2025-12-15
3013,Radha Pillay,muttidipta@example.org,5276309650,Delhi,PREMIUM,2026-05-15
3014,Varenya Chander,cmander@example.net,1645817978,Pune,GROWTH,2024-09-11
3015,Pratyush Sharaf,xchaudhary@example.net,1406123142,Hyderabad,VALUE,2026-02-04
3016,Patrick Gulati,udarsh33@example.org,3897731265,Hyderabad,VALUE,2024-07-10
3017,Pranit Manda,ekari@example.net,4063122555,Chennai,PREMIUM,2025-12-26
3018,Dayita Gaba,chanchaltalwar@example.com,2631727206,Mumbai,PREMIUM,2025-05-08
3019,Meera Guha,nbhatt@example.com,9738636202,Chennai,VALUE,2025-06-22
3020,Luke Bora,shettyladli@example.com,7252831870,Pune,GROWTH,2024-04-13
3021,Yatan Sha,dharisaiah@example.org,7403476334,Bengaluru,VALUE,2026-03-02
3022,Harish Vyas,bassionveer@example.com,9333169650,Mumbai,VALUE,2024-09-07
3023,Advik Chaudhry,qmorar@example.net,5270008676,Hyderabad,NEW,2025-06-22
3024,Leena Bail,ucchal00@example.com,8825951911,Mumbai,GROWTH,2024-05-29
3025,Agastya Bassi,dasseshana@example.org,1059307830,Bengaluru,VALUE,2026-04-13
3026,Yuvraj Chacko,samareyansh@example.org,7744830755,Pune,GROWTH,2024-10-15
3027,Luke Arya,narayanantanveer@example.com,9231387042,Delhi,GROWTH,2025-11-17
3028,Hitesh Nigam,kjoshi@example.net,0978722358,Pune,PREMIUM,2025-11-19
3029,Samaksh Dewan,tganesh@example.com,9265119204,Mumbai,NEW,2025-05-10
3030,Sachi Gade,lekha22@example.com,7033900464,Jaipur,GROWTH,2024-04-18
3031,Garima Srinivas,mnadig@example.org,5464030372,Pune,GROWTH,2024-09-08
3032,Yagnesh Bhalla,pallnihal@example.net,9759984320,Bengaluru,GROWTH,2025-07-04
3033,Jatin Bail,samuel87@example.org,7908405877,Chennai,GROWTH,2025-04-27
3034,Harshil Minhas,saxenaekta@example.com,9120210914,Delhi,VALUE,2025-06-10
3035,Yasti Sagar,gunbirmukherjee@example.net,5749222008,Delhi,VALUE,2024-08-12
3036,Aarav Kapur,zayan94@example.org,8645746672,Jaipur,NEW,2025-04-29
3037,Utkarsh Sane,umadan@example.net,4872892467,Kolkata,GROWTH,2024-03-17
3038,Manan Pandit,ogoda@example.com,7984750882,Mumbai,GROWTH,2025-03-11
3039,Upkaar Rajagopalan,arunimaahuja@example.net,6570083118,Bengaluru,VALUE,2024-03-23
3040,Vyanjana Gara,waidasekhon@example.net,2317551348,Mumbai,NEW,2025-08-20
3041,Udarsh Chaudry,pantshravya@example.org,6994170709,Hyderabad,VALUE,2025-05-25
3042,Ishanvi Bose,vwable@example.org,6407829936,Bengaluru,GROWTH,2026-02-05
3043,Jagat Patel,ubhargava@example.net,4095026418,Bengaluru,NEW,2025-02-19
3044,Caleb Dora,dugalikshita@example.org,9686159206,Chennai,GROWTH,2024-05-25
3045,Priya Wali,balasubramanianrehaan@example.org,1808116680,Mumbai,NEW,2024-07-30
3046,Pratyush Sandal,isethi@example.org,0393223497,Jaipur,VALUE,2026-01-02
3047,Charvi Mangat,lpant@example.org,8347080429,Pune,PREMIUM,2026-05-12
3048,Hemang Madan,arunima56@example.com,0349342330,Kolkata,NEW,2024-02-25
3049,Jyoti Lanka,reddyneha@example.net,1102310380,Mumbai,GROWTH,2025-08-31
3050,Aarnav Dixit,ypuri@example.org,9364913364,Pune,PREMIUM,2025-03-09
3051,Ekaja Divan,natarajanchatura@example.net,8257910026,Kolkata,GROWTH,2024-08-20
3052,Sanya Sridhar,wahab40@example.org,6753624878,Mumbai,PREMIUM,2025-04-05
3053,Isaiah Sane,goyalmanya@example.net,1287499176,Kolkata,NEW,2026-04-22
3054,Maanav Chana,hema76@example.net,5542011738,Bengaluru,PREMIUM,2024-06-26
3055,Joshua Gopal,triya56@example.net,4611919839,Kolkata,NEW,2026-01-23
3056,Ira Nagar,vpatil@example.com,3153061084,Hyderabad,GROWTH,2024-03-21
3057,Panini Srivastava,liamsood@example.com,2014873544,Kolkata,GROWTH,2025-10-10
3058,Gauri Devi,fiyaz05@example.org,4015171435,Mumbai,VALUE,2024-03-08
3059,Leela Sahota,uvenkatesh@example.net,5154083563,Hyderabad,PREMIUM,2024-02-24
3060,Waida Walia,doshiwyatt@example.org,1649876746,Bengaluru,NEW,2024-02-03
3061,Leena Chacko,mishrapooja@example.net,6251459309,Mumbai,GROWTH,2025-12-25
3062,Theodore Chahal,jacobmukhopadhyay@example.net,4211070288,Bengaluru,VALUE,2025-05-31
3063,Janaki Agate,abajaj@example.org,6336454950,Hyderabad,GROWTH,2025-09-13
3064,Anay Patil,onatt@example.com,1481864516,Mumbai,PREMIUM,2024-05-19
3065,Kiaan Choudhary,adviknagy@example.org,4122774144,Pune,NEW,2026-04-09
3066,Ikshita Patel,nitesh89@example.org,1081119215,Chennai,VALUE,2025-12-28
3067,Chaitaly Sharma,ewable@example.net,9196568546,Kolkata,VALUE,2025-03-15
3068,Oviya Kibe,ldixit@example.org,7897127767,Pune,GROWTH,2026-03-20
3069,Udarsh Bhalla,purohitisaac@example.com,6788537683,Mumbai,VALUE,2024-05-08
3070,Jacob Dhar,srinivasisaac@example.org,6220769377,Delhi,NEW,2024-09-20
3071,Atharv Samra,hrao@example.com,0997236587,Hyderabad,GROWTH,2024-02-13
3072,Chatura Cherian,kannanrachita@example.com,8691340822,Hyderabad,GROWTH,2024-05-28
3073,Vansha Dugar,naruladaniel@example.com,2113600578,Mumbai,VALUE,2026-01-27
3074,Manan Pau,dartriveni@example.net,0274094087,Kolkata,GROWTH,2025-01-03
3075,Farhan Konda,msavant@example.com,6590888250,Chennai,NEW,2025-08-03
3076,Advik Saha,hemangmane@example.com,4678268037,Pune,GROWTH,2026-03-04
3077,Qabil Singhal,kbali@example.net,4553934589,Delhi,VALUE,2025-11-18
3078,Chandani Singhal,jbava@example.com,7415728122,Kolkata,VALUE,2024-12-25
3079,Geetika Sawhney,osha12@example.org,4876329424,Mumbai,NEW,2024-11-09
3080,Bhavini Choudhry,andrewvarghese@example.net,8827963101,Hyderabad,NEW,2024-04-07
3081,Darpan Balay,tvarughese@example.net,5424955926,Hyderabad,VALUE,2026-01-16
3082,Yahvi Dyal,ksethi@example.net,6833971311,Kolkata,GROWTH,2026-06-05
3083,Meghana Sampath,aahanakalita@example.com,5881665981,Bengaluru,VALUE,2025-03-26
3084,Aarna Thaker,neha86@example.net,7108555407,Mumbai,GROWTH,2025-03-25
3085,Utkarsh Sampath,cgoel@example.com,7918396341,Bengaluru,VALUE,2026-02-02
3086,Anita Chanda,vivaanarora@example.org,2267991166,Bengaluru,NEW,2024-11-04
3087,Jeremiah Kakar,ubhattacharyya@example.com,1174104339,Mumbai,NEW,2024-12-31
3088,Daksh Kanda,lnatarajan@example.com,2267887090,Mumbai,VALUE,2026-03-15
3089,Qarin Brahmbhatt,daliarobert@example.org,6360052493,Mumbai,GROWTH,2024-12-07
3090,Vansha Munshi,jsethi@example.net,9038215862,Hyderabad,VALUE,2026-04-14
3091,Lajita Gala,bhattifalak@example.com,3215573279,Bengaluru,VALUE,2024-05-25
3092,Kamya Samra,evig@example.com,1458223370,Hyderabad,VALUE,2025-03-23
3093,Anamika Chopra,wasonnathaniel@example.net,0807101595,Pune,VALUE,2025-03-16
3094,Faras Patil,chaayaravi@example.com,9703721408,Mumbai,NEW,2024-10-03
3095,Ayaan Khatri,khatrishivani@example.org,6064193375,Jaipur,VALUE,2026-05-16
3096,Nicholas Chhabra,dnanda@example.net,5027713697,Kolkata,NEW,2025-03-10
3097,Siddharth Apte,oliver31@example.com,9513413063,Mumbai,VALUE,2026-03-02
3098,Raghav Jaggi,ekeer@example.net,9396304461,Bengaluru,GROWTH,2024-07-16
3099,Wridesh Luthra,kapoorjacob@example.net,7027702538,Mumbai,GROWTH,2024-11-10
3100,Chaitanya Sule,patlahitesh@example.net,6184746127,Bengaluru,NEW,2025-03-06
3101,Chanakya Murty,khuranalakshmi@example.net,3609361230,Bengaluru,VALUE,2025-05-22
3102,Dayamai Anand,balanya@example.com,0128077212,Mumbai,VALUE,2024-07-25
3103,Barkha Rao,modirachana@example.net,6425124267,Delhi,PREMIUM,2024-10-08
3104,Divya Raman,baghyawati94@example.org,1312246174,Hyderabad,PREMIUM,2025-07-13
3105,Kai Chatterjee,dhruv51@example.net,1603569661,Pune,PREMIUM,2024-09-07
3106,Nikita Thakur,aadhyadugal@example.com,2885141292,Bengaluru,VALUE,2025-11-14
3107,Yadavi Doctor,boranaveen@example.com,7119958790,Kolkata,VALUE,2025-03-05
3108,Lavanya Sood,bailxiti@example.com,0678642359,Bengaluru,NEW,2026-05-22
3109,Bina Edwin,samielijah@example.com,7877142797,Jaipur,GROWTH,2024-08-01
3110,Ubika Brar,faris66@example.net,5742696934,Mumbai,GROWTH,2026-01-28
3111,Vincent Kale,gchar@example.com,1051381015,Chennai,VALUE,2025-03-17
3112,Naveen Thaker,mdoshi@example.com,4155512342,Kolkata,VALUE,2024-03-18
3113,Sara Deep,aarnavrout@example.com,2892165160,Delhi,NEW,2025-09-26
3114,Bina Parsa,balanhema@example.net,1507238954,Jaipur,PREMIUM,2024-07-09
3115,Balveer Ram,mitesh40@example.com,8293042071,Bengaluru,VALUE,2024-05-04
3116,Sathvik Borde,tsundaram@example.net,2106539039,Hyderabad,NEW,2025-04-23
3117,Widisha Chatterjee,veda24@example.org,9603844570,Pune,GROWTH,2025-12-08
3118,Luke More,kashyapdaniel@example.org,5167500456,Pune,VALUE,2024-08-19
3119,Wishi Chandra,paudhruv@example.net,8734324923,Delhi,GROWTH,2025-07-14
3120,Dipta Gara,cchanda@example.com,5000046367,Kolkata,PREMIUM,2024-01-13
3121,Neel Bir,xgokhale@example.org,8963206771,Chennai,GROWTH,2024-06-15
3122,Januja Pandit,daksha76@example.com,6269222553,Jaipur,GROWTH,2025-11-10
3123,Ekavir Gola,madanhiral@example.net,5007763120,Hyderabad,PREMIUM,2024-01-12
3124,Aarna Solanki,pratyushpatil@example.org,8573756846,Chennai,VALUE,2024-11-17
3125,Riya Dey,butalaadvaith@example.org,1218024051,Hyderabad,NEW,2025-04-02
3126,Vinaya Baral,nkata@example.com,2719593281,Jaipur,GROWTH,2024-02-29
3127,Bhavini Rattan,maanavsavant@example.com,6028790231,Kolkata,GROWTH,2026-05-30
3128,Kai Sastry,ibhakta@example.com,1775657023,Jaipur,PREMIUM,2025-04-02
3129,Yauvani Murthy,noah68@example.org,2983123585,Chennai,GROWTH,2024-10-31
3130,Fiyaz Sachdev,jalsaprabhakar@example.com,1979750758,Kolkata,GROWTH,2026-05-29
3131,Adya Basak,arunimakunda@example.net,3588244167,Bengaluru,GROWTH,2025-05-17
3132,Yash Anand,gavinkhosla@example.net,3940535722,Hyderabad,NEW,2025-09-02
3133,Henry Mannan,dalaljai@example.com,3675805520,Kolkata,NEW,2024-03-22
3134,Nathan Rastogi,vansha69@example.com,9757601108,Delhi,NEW,2024-05-22
3135,Udant Rama,prabhakarharshil@example.org,9465940216,Pune,VALUE,2024-02-10
3136,Girik Palla,jyoti32@example.org,0912569525,Delhi,GROWTH,2025-04-07
3137,Upadhriti Warrior,apathak@example.net,7616741483,Chennai,GROWTH,2026-01-22
3138,Ikbal Chada,wardakibe@example.org,5260644900,Hyderabad,VALUE,2026-03-22
3139,Hritik Ranganathan,knagarajan@example.com,0794467959,Hyderabad,PREMIUM,2025-05-31
3140,Ryan Ratti,thomasdin@example.com,7814690233,Hyderabad,VALUE,2024-02-18
3141,Dhruv Nadig,zayandhillon@example.org,7958322077,Hyderabad,VALUE,2025-07-17
3142,Vedika Kala,ikshitasubramanian@example.net,1257026580,Hyderabad,VALUE,2025-07-28
3143,Ishwar Mallick,bnanda@example.org,3878539806,Hyderabad,VALUE,2025-06-21
3144,Balvan Dugal,swaminathanrudra@example.org,8196684292,Chennai,VALUE,2025-10-11
3145,Madhav Kala,anirudh06@example.net,2356309755,Kolkata,GROWTH,2025-05-16
3146,Azad Rai,eshana58@example.org,6380617339,Chennai,GROWTH,2025-09-25
3147,Janaki Sani,zarna29@example.com,3248236883,Pune,VALUE,2025-03-13
3148,Tanay Bhagat,soninathaniel@example.net,9832044083,Kolkata,VALUE,2024-05-15
3149,Arin Sampath,xgrover@example.net,4868968392,Jaipur,NEW,2024-03-12
3150,Zayyan Goda,ridhi29@example.org,1348814844,Delhi,VALUE,2026-03-27
3151,Lucky Biswas,xbajaj@example.com,2389367003,Pune,GROWTH,2025-01-31
3152,Nidhi Bumb,jalsatoor@example.com,2605057251,Mumbai,GROWTH,2024-10-17
3153,Siya Saini,lajitabahl@example.net,7314682570,Mumbai,GROWTH,2024-09-20
3154,Aashi Gour,pillaiindira@example.net,2003745209,Kolkata,NEW,2024-02-16
3155,George Sangha,labansahota@example.org,8158939209,Delhi,GROWTH,2026-04-30
3156,Chameli Gala,fitanrege@example.com,7244223235,Kolkata,NEW,2024-03-15
3157,Ikshita Saini,anmol11@example.com,6005330055,Kolkata,NEW,2024-07-16
3158,Vaishnavi Wason,krishnasengupta@example.net,3850992901,Jaipur,VALUE,2025-02-15
3159,Rajeshri Pant,kalecharita@example.org,7880625291,Pune,VALUE,2024-11-18
3160,Advaith Issac,sachi75@example.com,4220377032,Kolkata,VALUE,2024-02-05
3161,Maanav Naik,vkakar@example.com,0767759577,Delhi,GROWTH,2024-10-23
3162,Akshay Dora,khalsaria@example.net,2156323739,Jaipur,GROWTH,2025-12-02
3163,Manbir Tata,hanand@example.org,2690726310,Mumbai,VALUE,2024-08-13
3164,Ishaan Ray,yuvraj82@example.net,4444452376,Bengaluru,VALUE,2026-02-18
3165,Aarush Seshadri,godamason@example.net,1897125165,Mumbai,GROWTH,2024-11-20
3166,Shivani Chatterjee,madhavinarayanan@example.com,4409230132,Hyderabad,PREMIUM,2024-01-13
3167,Tejas Guha,robert76@example.com,0071424476,Pune,PREMIUM,2024-04-08
3168,Ojas Purohit,gaurangi12@example.net,4586592446,Bengaluru,NEW,2025-12-30
3169,Ijaya Kadakia,leela22@example.org,9304821334,Kolkata,VALUE,2024-12-30
3170,Akshay Prabhakar,jhaavni@example.com,7483491887,Chennai,GROWTH,2026-06-02
3171,Amol Mittal,amruta29@example.net,4926713290,Pune,NEW,2025-12-10
3172,Yadavi Dash,ndara@example.net,1571834241,Jaipur,PREMIUM,2024-01-28
3173,Tamanna Sachdev,semfalan@example.net,8872480656,Hyderabad,GROWTH,2024-10-08
3174,Indira Pandey,ubasu@example.com,0938012660,Bengaluru,GROWTH,2025-10-14
3175,Gautami Comar,adyaoak@example.org,4093251450,Jaipur,VALUE,2024-02-26
3176,Tara Sangha,rajagopalanryan@example.net,5424310701,Chennai,NEW,2026-06-18
3177,Peter Gaba,lohitbobal@example.com,8097281090,Chennai,GROWTH,2024-05-29
3178,Lakshmi Mane,zaitrapurohit@example.org,2730634436,Bengaluru,GROWTH,2025-12-18
3179,Bhanumati Chaudhary,qasim78@example.com,3948111297,Mumbai,GROWTH,2026-01-26
3180,Hemang Chakraborty,wcherian@example.org,2051585331,Mumbai,GROWTH,2025-03-30
3181,Nisha Chawla,oviyahalder@example.net,4688130100,Mumbai,VALUE,2025-12-24
3182,Harish Sawhney,parsakrisha@example.net,8990363703,Mumbai,PREMIUM,2026-03-07
3183,Bimala Salvi,ojasvi25@example.net,2359366293,Pune,GROWTH,2025-10-22
3184,Udant Sha,rajagopalcharita@example.org,4080208525,Delhi,VALUE,2025-09-29
3185,Ishwar Hayre,tanishnagar@example.org,7991727802,Pune,GROWTH,2024-12-15
3186,Jeet Panchal,varkeyzilmil@example.com,9875622567,Jaipur,NEW,2024-09-20
3187,Nitara Randhawa,vohraekapad@example.org,4267748711,Kolkata,GROWTH,2026-02-19
3188,Kavya Kapur,sharmahardik@example.com,3085824305,Hyderabad,GROWTH,2024-07-20
3189,Amrita Lalla,samarthratta@example.org,3825436597,Delhi,GROWTH,2025-01-08
3190,Oeshi Khurana,odikavaidya@example.org,5626922684,Kolkata,NEW,2025-04-06
3191,Oeshi Bali,yashasvi44@example.com,2136057979,Delhi,PREMIUM,2024-12-17
3192,Atharv Dube,vinayadesai@example.org,3729534322,Pune,NEW,2024-12-01
3193,Zilmil Nadkarni,oscarsankar@example.net,3944572826,Pune,VALUE,2025-06-23
3194,Onkar Sani,atandon@example.org,9679272599,Mumbai,NEW,2024-10-23
3195,Mahika Hans,elijahborra@example.net,0177556221,Pune,NEW,2026-06-08
3196,Charan Sanghvi,modiviraj@example.net,7418805058,Mumbai,GROWTH,2024-06-09
3197,Madhavi Ghose,wridesh09@example.com,4621894179,Mumbai,GROWTH,2024-12-16
3198,Eesha Varughese,xnarayan@example.com,1863690766,Kolkata,VALUE,2026-01-30
3199,Rajeshri Kashyap,patrick18@example.org,1732714583,Jaipur,GROWTH,2025-03-03
3200,Jonathan Thaman,bhattiurmi@example.com,3251454606,Bengaluru,VALUE,2025-09-26
3201,Manya Lad,mganesan@example.org,9037918944,Jaipur,VALUE,2025-08-05
3202,Ekantika Jani,henrydas@example.org,7045482135,Jaipur,NEW,2024-10-25
3203,Girik Bal,nparikh@example.net,9935384961,Kolkata,VALUE,2025-10-31
3204,Advay Dua,ymore@example.org,9221463287,Mumbai,GROWTH,2024-08-01
3205,Farhan Raja,daksheshdeep@example.net,2598391350,Bengaluru,VALUE,2025-11-05
3206,Kalpit Setty,hredhaandeol@example.org,2359166107,Pune,GROWTH,2024-04-25
3207,Rachit Khatri,hwable@example.com,3992061104,Jaipur,GROWTH,2025-09-16
3208,Chameli Hari,morarpeter@example.net,8295787755,Kolkata,VALUE,2024-04-11
3209,Kritika Lad,logantak@example.com,0255084323,Hyderabad,GROWTH,2026-02-20
3210,Anvi Butala,bucheesha@example.net,2755567070,Mumbai,NEW,2025-07-16
3211,Arin Chauhan,arjunsachdeva@example.org,7084609456,Jaipur,GROWTH,2024-02-06
3212,Tripti Das,laljackson@example.com,9483013395,Bengaluru,NEW,2024-04-07
3213,Lucky Mandal,kalpit72@example.com,4118324102,Bengaluru,PREMIUM,2024-06-17
3214,Pranit Chander,chauhanaditya@example.net,6349890419,Jaipur,GROWTH,2026-05-14
3215,Warda Pathak,umang10@example.org,1902441361,Chennai,VALUE,2025-06-14
3216,Mahika Chaudhuri,sharafpratyush@example.com,8772078324,Bengaluru,VALUE,2024-09-08
3217,Anthony Sachdev,karmekhala@example.net,1161733871,Delhi,NEW,2024-09-06
3218,Vidhi Bose,nachikethayer@example.net,8783326876,Hyderabad,GROWTH,2024-01-24
3219,Oni Prashad,bordetanveer@example.net,0603617928,Jaipur,GROWTH,2024-07-01
3220,Shravya Dyal,lbalay@example.org,7327528820,Hyderabad,NEW,2026-02-08
3221,Chanchal Anne,muniabdul@example.org,4990580987,Pune,VALUE,2025-06-22
3222,Azad Dalal,lipika96@example.org,9158834524,Bengaluru,PREMIUM,2024-11-26
3223,Idika Sule,nehabanik@example.com,7521082191,Kolkata,VALUE,2024-01-20
3224,Nathan Vig,fdhar@example.org,2089671919,Kolkata,NEW,2024-11-04
3225,Jairaj Hans,mandaljanya@example.org,2689753953,Chennai,VALUE,2024-12-10
3226,Arin Vasa,sarafsamarth@example.net,8658271336,Kolkata,VALUE,2024-04-16
3227,Tarak Patla,veer33@example.com,1949199964,Chennai,PREMIUM,2025-06-30
3228,Teerth Balan,choudhuryneelima@example.net,5977814658,Hyderabad,VALUE,2025-08-17
3229,Lakshit Kannan,oviyadeo@example.com,5070078281,Pune,NEW,2026-06-17
3230,Jonathan Loyal,banikdevika@example.net,3046588639,Kolkata,PREMIUM,2024-11-18
3231,Vasatika Iyengar,krishna17@example.org,8709720688,Kolkata,VALUE,2024-09-05
3232,Ijaya Menon,patilfalan@example.net,3126473868,Mumbai,VALUE,2026-01-10
3233,Warhi Sarin,harish33@example.net,2618079007,Pune,NEW,2024-11-11
3234,Reyansh Krishna,ayushmanrandhawa@example.com,1017516768,Delhi,GROWTH,2025-07-21
3235,Rudra Mand,christopherdoctor@example.com,9035911014,Chennai,NEW,2025-10-25
3236,Harshil Muni,sridhardayamai@example.org,3882926571,Chennai,VALUE,2026-03-02
3237,Samesh Sura,hamsinisaini@example.com,0440488746,Bengaluru,NEW,2024-10-13
3238,Sanaya Sampath,william39@example.org,5991237677,Jaipur,GROWTH,2025-07-14
3239,Eiravati Chokshi,leenakar@example.net,7865520548,Jaipur,PREMIUM,2024-04-27
3240,Pushti Iyengar,vasana43@example.org,9064764059,Delhi,GROWTH,2025-12-02
3241,Kashvi Bhatt,nagarajanyamini@example.org,8336921526,Mumbai,VALUE,2024-02-10
3242,Oliver Bandi,balachanchal@example.org,1622034684,Mumbai,NEW,2025-09-18
3243,Nimrat Memon,rdhar@example.com,4771604805,Jaipur,NEW,2024-07-07
3244,Mitali Balan,cpatel@example.org,4548124615,Chennai,GROWTH,2025-02-20
3245,Pranit Naidu,qushi83@example.net,7290892903,Pune,NEW,2024-03-09
3246,Quincy Parmar,loyalmahika@example.com,3558103909,Kolkata,VALUE,2025-09-11
3247,Elijah Kale,badamiumang@example.net,2542864449,Kolkata,VALUE,2025-03-09
3248,Kamya Dhillon,kamala58@example.net,1425857934,Delhi,VALUE,2025-08-20
3249,Jason Andra,lipika42@example.org,5124179424,Mumbai,GROWTH,2024-11-08
3250,Advay Narasimhan,thakkarhitesh@example.net,0301952285,Hyderabad,VALUE,2024-01-07
3251,Udyati Nagy,deytanay@example.org,1527636687,Bengaluru,GROWTH,2025-06-06
3252,Dominic Rajan,chandrankeya@example.com,4508394720,Pune,VALUE,2025-09-20
3253,Simon Vyas,vigabhimanyu@example.com,3689222898,Mumbai,PREMIUM,2025-08-21
3254,Harshil Mall,choudhuryvidhi@example.com,6970367588,Bengaluru,NEW,2024-08-23
3255,Oviya Saran,shanhemal@example.org,8590765955,Mumbai,PREMIUM,2025-10-06
3256,Ekaja Hora,madhavishenoy@example.com,3984970470,Mumbai,VALUE,2025-05-02
3257,Chandran Tak,ansh46@example.org,2941914589,Mumbai,PREMIUM,2024-07-08
3258,Chakradhar Maharaj,qdutta@example.org,8206808636,Mumbai,VALUE,2024-04-10
3259,Jagdish Dash,rohan96@example.com,1307169521,Chennai,PREMIUM,2024-10-19
3260,Onveer Narain,vyogi@example.net,6987352690,Hyderabad,GROWTH,2024-01-21
3261,Warjas Bail,agala@example.org,8975484119,Hyderabad,GROWTH,2025-10-06
3262,Andrew Agrawal,kurianvedika@example.org,6338793323,Hyderabad,VALUE,2024-01-14
3263,Bhavani Deep,karanleela@example.net,0710726456,Pune,NEW,2024-02-13
3264,Balhaar Walla,utkarsh47@example.com,2210694379,Kolkata,NEW,2024-05-22
3265,Geetika Babu,gaurang44@example.org,4648782787,Chennai,PREMIUM,2024-10-20
3266,Upma Chandran,rcontractor@example.net,5823630627,Pune,NEW,2024-01-18
3267,Charvi Maharaj,vmerchant@example.org,8388129856,Pune,NEW,2025-07-20
3268,Hiral Ratta,minhasjanuja@example.net,6569502267,Pune,VALUE,2024-04-29
3269,Dhriti Tak,isha08@example.org,7916469487,Mumbai,PREMIUM,2025-12-23
3270,Maya Misra,dhillonandrew@example.com,6738627743,Jaipur,VALUE,2025-05-18
3271,Wakeeta Dara,dalaja73@example.com,9396218359,Mumbai,GROWTH,2024-03-16
3272,Harshil Balakrishnan,ikumar@example.com,6161266818,Hyderabad,VALUE,2024-12-26
3273,Champak Anne,aachaljani@example.com,4576492292,Pune,NEW,2024-05-06
3274,Henry Naidu,baradaryan@example.net,8573594053,Hyderabad,PREMIUM,2026-06-01
3275,Upkaar Garde,advikanaik@example.org,5510611638,Mumbai,VALUE,2025-06-17
3276,Rayaan Pillay,lallaqushi@example.net,1302493726,Jaipur,GROWTH,2025-12-28
3277,Charles Lad,riya02@example.org,2753262612,Delhi,GROWTH,2024-12-02
3278,Indrajit Bava,cahuja@example.com,7647672245,Mumbai,PREMIUM,2024-05-12
3279,Falan Lalla,swamydaniel@example.com,6308483013,Jaipur,NEW,2024-07-30
3280,Ladli Madan,ganeshoscar@example.com,3345375021,Pune,VALUE,2025-01-10
3281,Lakshit Sharma,gautaminaidu@example.org,4413322457,Delhi,GROWTH,2025-11-24
3282,Jonathan Nagar,guhaaachal@example.net,7937086382,Kolkata,GROWTH,2025-01-22
3283,Odika Sekhon,senguptaoviya@example.org,2496721113,Jaipur,GROWTH,2026-04-15
3284,Wridesh Sridhar,ayaanpal@example.com,5426950019,Delhi,GROWTH,2024-11-21
3285,Avni Nagy,swamykala@example.com,8737561681,Hyderabad,VALUE,2024-07-28
3286,Upkaar Chanda,charlipika@example.org,4740140525,Hyderabad,VALUE,2025-03-22
3287,Chaman Butala,wbansal@example.net,3509263690,Mumbai,GROWTH,2024-04-10
3288,Xavier Jha,nitesh81@example.com,7763032718,Mumbai,NEW,2025-08-25
3289,Falan Talwar,samarthkakar@example.net,2750708604,Mumbai,VALUE,2024-03-31
3290,Simon Arya,bchauhan@example.net,6034611738,Mumbai,VALUE,2025-07-30
3291,Upadhriti Rajan,pallavipandya@example.com,6315593041,Hyderabad,PREMIUM,2024-12-10
3292,Vinaya Cheema,deshpandedarsh@example.com,7672809504,Hyderabad,NEW,2024-11-17
3293,Sathvik Wable,libni46@example.com,1290631479,Mumbai,GROWTH,2025-07-03
3294,Devika Setty,dlad@example.net,2577513824,Bengaluru,VALUE,2025-09-26
3295,Yamini Cherian,lavanya25@example.org,4546266575,Mumbai,PREMIUM,2026-04-16
3296,Theodore Patla,ira01@example.net,2094403020,Kolkata,GROWTH,2024-09-17
3297,Sneha Varghese,yug99@example.net,2141067943,Mumbai,PREMIUM,2025-12-31
3298,Mugdha Guha,ishanisidhu@example.org,1006523211,Jaipur,VALUE,2026-01-21
3299,Arunima Sampath,yoshitasankaran@example.org,4244149171,Chennai,VALUE,2026-06-15
3300,Damyanti Chaudry,dhawanhemangini@example.net,3939925358,Kolkata,VALUE,2026-05-17
3301,Triya Chhabra,hredhaan43@example.net,0365841075,Pune,PREMIUM,2025-12-12
3302,Wridesh Babu,ekantikanath@example.org,1626117132,Bengaluru,GROWTH,2024-09-22
3303,Rachit Loke,koshyquincy@example.net,6888511632,Chennai,VALUE,2025-09-17
3304,Vamakshi Wali,knazareth@example.org,9276516035,Bengaluru,GROWTH,2025-12-07
3305,Indira Lanka,wadhwabalendra@example.com,9744625653,Delhi,PREMIUM,2024-09-19
3306,Frado Pandya,sameshbasak@example.com,3540974344,Bengaluru,VALUE,2026-01-02
3307,Simon Dora,alexandersant@example.com,0719210714,Bengaluru,PREMIUM,2025-09-23
3308,Yadavi Sankar,alexanderkar@example.org,3860420190,Mumbai,PREMIUM,2025-03-17
3309,Chatresh Sastry,bimalabahl@example.org,4739406164,Delhi,GROWTH,2026-02-14
3310,Kala Chaudhari,dsoman@example.com,4315772385,Jaipur,NEW,2024-03-19
3311,Lavanya Sami,dhruvdas@example.net,9106699475,Chennai,NEW,2025-09-07
3312,Chaitaly Gulati,narasimhanagastya@example.com,7573059621,Hyderabad,VALUE,2025-12-08
3313,Patrick Majumdar,shankerbakhshi@example.net,1672633248,Jaipur,VALUE,2024-02-06
3314,Zilmil Sant,vedhika44@example.com,0586830826,Mumbai,VALUE,2025-01-01
3315,Chandresh Kothari,aryan69@example.org,5015538531,Hyderabad,VALUE,2025-04-10
3316,Theodore Contractor,yug87@example.com,4769634172,Kolkata,GROWTH,2024-07-06
3317,Balendra Lata,jjohal@example.net,8792008687,Pune,NEW,2026-03-02
3318,Dominic Wali,yatan15@example.net,9419743627,Hyderabad,NEW,2025-07-17
3319,Anya Kara,odika76@example.net,7145919322,Bengaluru,VALUE,2024-09-04
3320,Manya Ramaswamy,triya92@example.net,9416612156,Delhi,GROWTH,2025-01-28
3321,Thomas Loyal,vgole@example.com,1197664967,Delhi,VALUE,2024-04-10
3322,Samesh Garg,niteshsoni@example.org,1400456815,Mumbai,GROWTH,2024-03-19
3323,Idika Mani,aishanikari@example.com,7152832642,Kolkata,VALUE,2025-11-02
3324,Aarush Chandra,halderfarhan@example.net,6640091417,Pune,NEW,2026-06-04
3325,Yahvi Sood,narainnilima@example.com,3201901909,Hyderabad,NEW,2024-09-06
3326,William Garde,ikbal41@example.net,7659296671,Kolkata,VALUE,2024-08-08
3327,Ekaraj Ganesan,darikahalder@example.org,9768457494,Mumbai,PREMIUM,2025-09-07
3328,Gaurangi Shah,hranganathan@example.net,7307178535,Mumbai,GROWTH,2025-04-04
3329,Agastya Som,masontripathi@example.com,9800265018,Hyderabad,NEW,2024-05-05
3330,Gaurika Bail,pchada@example.net,5589596355,Jaipur,GROWTH,2025-08-23
3331,Aishani Bose,wbandi@example.net,1477008286,Chennai,VALUE,2024-07-07
3332,Aditya Pandey,chauhanurishilla@example.org,0366474682,Kolkata,GROWTH,2024-04-13
3333,Aarav Suresh,amritagrewal@example.org,9765301770,Mumbai,VALUE,2025-02-21
3334,Urmi Choudhary,ckhosla@example.com,5746523208,Kolkata,GROWTH,2025-10-27
3335,Anay Mannan,turvikrish@example.net,1333365761,Delhi,VALUE,2025-04-14
3336,Yahvi Ganesh,bhavsartejas@example.org,8715139234,Mumbai,PREMIUM,2025-08-06
3337,Girindra Chaudhry,reyansh41@example.org,7424590564,Chennai,NEW,2024-08-02
3338,Gautami Sethi,vasatika16@example.net,5714374832,Delhi,VALUE,2025-03-20
3339,Indali Kurian,odikadash@example.org,3800694666,Kolkata,GROWTH,2025-10-03
3340,Zehaan Patla,mangattriya@example.com,5718866892,Kolkata,PREMIUM,2025-04-20
3341,Agastya Pandit,aryansaxena@example.org,1725202366,Chennai,VALUE,2024-08-03
3342,Gauri Vasa,triya87@example.org,2866988264,Bengaluru,GROWTH,2026-05-09
3343,Isaiah Madan,devika14@example.com,7217127336,Delhi,PREMIUM,2024-03-01
3344,Manbir Roy,omisha47@example.org,3533928288,Chennai,GROWTH,2026-03-30
3345,Lucky Parikh,chaudharimeghana@example.net,3876032991,Chennai,NEW,2025-10-14
3346,Azaan Konda,patrick66@example.org,2423952896,Kolkata,GROWTH,2024-04-10
3347,Jagvi Jhaveri,abahl@example.net,5813243365,Chennai,GROWTH,2024-08-17
3348,Rishi Purohit,udant83@example.org,3032733178,Mumbai,VALUE,2024-11-27
3349,Anusha Sengupta,misrajasmit@example.com,6048591313,Delhi,VALUE,2026-05-11
3350,Alka Palla,ravelkashvi@example.com,5599767910,Kolkata,VALUE,2025-04-10
3351,Mahika Sahni,venkataramanchampak@example.net,6460098777,Mumbai,NEW,2024-08-20
3352,Dayamai Halder,ekapad89@example.org,4848789995,Jaipur,NEW,2026-04-07
3353,Zinal Oza,baghyawatimane@example.com,3979064546,Delhi,NEW,2024-04-16
3354,Rachita Sha,onkarsankaran@example.org,4847451566,Pune,VALUE,2026-01-04
3355,Bhavya Choudhary,qjha@example.net,7537389350,Jaipur,GROWTH,2026-01-17
3356,Wishi Din,zbandi@example.net,4810737863,Hyderabad,PREMIUM,2024-12-13
3357,Mason Virk,wkalla@example.com,0057964834,Delhi,PREMIUM,2024-02-08
3358,Nicholas Mitter,farhanlala@example.net,3376669916,Jaipur,VALUE,2026-03-08
3359,Bhavya Bhattacharyya,girikvarty@example.org,3976239783,Mumbai,NEW,2026-05-20
3360,Alexander Setty,siyadeol@example.org,0238184467,Chennai,VALUE,2024-12-06
3361,Teerth Mandal,zinalamble@example.com,0440112850,Jaipur,VALUE,2024-06-16
3362,Chatresh Suresh,abeer30@example.net,4760492846,Pune,NEW,2024-09-01
3363,Abdul Sani,aradhanachoudhury@example.net,4133780143,Delhi,GROWTH,2024-05-02
3364,Aadi Bedi,rattibhavini@example.com,9544549952,Kolkata,GROWTH,2025-07-02
3365,Lakshit Palla,lkumer@example.org,4924498392,Mumbai,GROWTH,2025-04-11
3366,Yadavi Dubey,jhora@example.net,4664875032,Pune,NEW,2024-11-16
3367,Anika Dhar,nchar@example.org,4057599559,Chennai,VALUE,2025-08-08
3368,Rachana Buch,sdeep@example.org,1280151153,Bengaluru,PREMIUM,2025-07-14
3369,Theodore Balay,jchauhan@example.org,0384675741,Hyderabad,VALUE,2024-01-11
3370,Isha Kothari,hemani39@example.org,5941518122,Delhi,VALUE,2025-01-03
3371,Pahal Rastogi,yahvi83@example.org,9575022719,Jaipur,GROWTH,2026-02-16
3372,Advika Mittal,gaurangiyengar@example.com,9337732864,Mumbai,GROWTH,2025-12-17
3373,Oscar Sarin,abhatnagar@example.org,9712840555,Bengaluru,VALUE,2026-02-08
3374,Liam Iyengar,yashthakur@example.com,7297027864,Chennai,GROWTH,2026-05-08
3375,Krishna Saha,solankisuhani@example.com,1614538747,Pune,GROWTH,2024-02-25
3376,Charvi Mody,dubeyyasti@example.com,5402642718,Chennai,GROWTH,2024-08-31
3377,Chameli Shenoy,akshay72@example.com,5373368602,Chennai,PREMIUM,2025-02-17
3378,Keya Sarkar,yashodhara10@example.com,5134579648,Chennai,NEW,2025-04-04
3379,Lakshit Vyas,kotharigaurang@example.com,9919411014,Kolkata,GROWTH,2025-12-08
3380,Dhriti Thakur,eyadav@example.org,6150729196,Hyderabad,GROWTH,2025-10-13
3381,Upadhriti Pandya,sachikant@example.net,4948220277,Kolkata,GROWTH,2025-09-27
3382,Unnati Salvi,udant08@example.org,0993585227,Kolkata,GROWTH,2024-05-22
3383,Triya Bala,saravarughese@example.org,7199212818,Jaipur,VALUE,2025-09-01
3384,Oviya Chakrabarti,pavani95@example.org,3103010339,Jaipur,VALUE,2025-12-17
3385,Chasmum Kibe,yash69@example.net,5155795364,Kolkata,VALUE,2025-11-07
3386,Joshua Memon,xavierghosh@example.org,9115699715,Mumbai,GROWTH,2025-06-08
3387,Maya Dass,oganesh@example.com,7669791783,Kolkata,NEW,2024-03-20
3388,Abeer Shere,rchaudhary@example.org,3803672300,Pune,GROWTH,2024-05-14
3389,Chatura Chad,rachana23@example.org,4606015482,Bengaluru,GROWTH,2025-10-30
3390,Anamika Chhabra,jtara@example.org,0697878489,Pune,GROWTH,2026-02-20
3391,Gunbir Mannan,mammenlekha@example.com,4675280754,Bengaluru,PREMIUM,2026-01-12
3392,Garima Bhat,chadaradhana@example.net,2969988579,Chennai,GROWTH,2025-01-19
3393,Yasti Bera,doraaadi@example.com,1381391405,Kolkata,GROWTH,2025-06-12
3394,Zaitra Dhawan,raksha12@example.org,2594018980,Mumbai,PREMIUM,2024-06-07
3395,Laban Kapoor,onidave@example.com,9723611857,Bengaluru,VALUE,2025-06-16
3396,Charvi Mukhopadhyay,gmohanty@example.com,1241798433,Kolkata,GROWTH,2024-06-24
3397,Vedhika Iyer,ngrewal@example.com,0419224506,Hyderabad,GROWTH,2025-12-16
3398,Ekalinga Acharya,eboase@example.org,4168702811,Jaipur,PREMIUM,2025-12-07
3399,Jai Venkatesh,siyasharaf@example.com,2209924607,Delhi,NEW,2024-02-16
3400,Yug Jayaraman,sagarraghav@example.net,2749256128,Pune,PREMIUM,2026-04-22
3401,Urvi Bakshi,dominic36@example.net,3113200820,Kolkata,GROWTH,2025-12-17
3402,Mahika Bhakta,sandhujagvi@example.com,7693813602,Jaipur,VALUE,2024-12-06
3403,Charita Ravel,falan69@example.net,1618576247,Mumbai,GROWTH,2025-02-10
3404,Qarin Keer,theodore66@example.net,9081548500,Jaipur,NEW,2024-03-11
3405,Reva Dasgupta,yatinsoni@example.net,7731640975,Hyderabad,NEW,2026-04-22
3406,Madhav Bains,omaja18@example.com,0003409488,Bengaluru,NEW,2024-03-31
3407,Lucky Khosla,timothy57@example.com,7319788785,Bengaluru,VALUE,2026-04-10
3408,Yasti Iyer,htandon@example.com,6823711757,Pune,PREMIUM,2025-08-12
3409,Varsha Mann,aradhananori@example.net,3211513027,Pune,NEW,2026-04-06
3410,Harish Tailor,odikaborah@example.net,9989595628,Hyderabad,PREMIUM,2024-11-29
3411,Anvi Raman,riamanne@example.com,3428661921,Delhi,PREMIUM,2026-03-17
3412,Hredhaan Shetty,ranveerpurohit@example.org,7229355336,Jaipur,GROWTH,2025-01-18
3413,Pavani Divan,kalpit44@example.com,9857043023,Mumbai,GROWTH,2024-11-11
3414,Bhanumati Shankar,gopalindali@example.com,1481814792,Delhi,VALUE,2024-10-30
3415,Lopa Apte,jbhatia@example.org,0900037730,Chennai,VALUE,2026-05-06
3416,Bahadurjit Saxena,lvarughese@example.net,4125383974,Hyderabad,NEW,2025-02-22
3417,Isha Dewan,ekbal61@example.net,2375582204,Chennai,NEW,2025-03-06
3418,Tara Malhotra,kaurraksha@example.net,4830243909,Jaipur,NEW,2025-08-02
3419,Nathan Parmar,wjoshi@example.org,7347918902,Delhi,VALUE,2025-05-15
3420,Ikshita Vohra,aarnav38@example.net,9370774420,Bengaluru,VALUE,2025-05-02
3421,Yochana Bhatnagar,moditanish@example.com,4037103795,Chennai,VALUE,2024-12-07
3422,Max Pandey,gautam26@example.net,1735345811,Kolkata,NEW,2024-05-27
3423,Tripti Dey,valakeya@example.com,9270810643,Chennai,PREMIUM,2026-06-14
3424,Chavvi Ramesh,jai08@example.com,1236623740,Hyderabad,NEW,2025-03-18
3425,Veda Puri,shereaarush@example.com,5757158770,Chennai,VALUE,2026-05-25
3426,Pranit Tripathi,samuelbuch@example.org,5174126831,Jaipur,GROWTH,2025-02-18
3427,Kai Naik,dakshabali@example.org,9951283531,Hyderabad,PREMIUM,2025-06-23
3428,Netra Bir,lperi@example.com,7515473824,Jaipur,VALUE,2025-05-06
3429,Ayushman Dutt,jagratibasak@example.org,8072317504,Kolkata,NEW,2026-05-19
3430,Gopal Cherian,cprakash@example.com,9479342051,Bengaluru,GROWTH,2024-04-09
3431,Vamakshi Naik,ekaja74@example.net,2637302355,Mumbai,VALUE,2025-04-10
3432,Warjas Cheema,okala@example.org,3157029841,Kolkata,VALUE,2024-05-18
3433,Leena Salvi,aptewarhi@example.net,2611337399,Mumbai,NEW,2026-02-20
3434,David Krishna,ommeera@example.org,0140430445,Bengaluru,GROWTH,2025-04-22
3435,Baljiwan Bora,divya73@example.net,2326091731,Mumbai,PREMIUM,2026-04-10
3436,Kavya Balan,jack09@example.com,5025482974,Chennai,PREMIUM,2024-09-04
3437,Ekani Chokshi,balakrishnanraagini@example.com,3741030113,Bengaluru,GROWTH,2024-05-26
3438,Krishna Deol,reddyekalinga@example.net,2715957696,Pune,PREMIUM,2025-07-20
3439,Rohan Krishnan,rishi17@example.com,3624089623,Jaipur,NEW,2024-05-11
3440,Raksha Mangal,zbail@example.net,4310082245,Kolkata,VALUE,2024-12-01
3441,Saksham Edwin,chaayamanne@example.net,2987384451,Jaipur,PREMIUM,2024-10-09
3442,Rehaan Chadha,krisha97@example.net,8856169712,Delhi,VALUE,2024-07-17
3443,Gopal Jani,uppalfrado@example.com,3828545826,Hyderabad,VALUE,2024-04-27
3444,Logan Ahluwalia,victorram@example.net,8829611850,Mumbai,GROWTH,2025-08-13
3445,Nikita Bora,dnarasimhan@example.com,0305445940,Jaipur,NEW,2025-11-13
3446,Qasim Wable,adya60@example.com,2581445422,Pune,VALUE,2024-12-20
3447,Ranveer Johal,amritagole@example.com,4011349976,Bengaluru,GROWTH,2024-09-09
3448,Xiti Pandey,pradhanrobert@example.org,6878105404,Chennai,PREMIUM,2024-05-21
3449,Lakshit Bhavsar,dayitasaran@example.net,3928392853,Chennai,VALUE,2025-09-01
3450,Prisha Puri,upurohit@example.org,7507727990,Hyderabad,PREMIUM,2025-12-28
3451,Farhan Datta,varkeyunnati@example.com,9117626378,Hyderabad,NEW,2025-05-08
3452,Harrison Dalal,manihritik@example.com,1091940936,Delhi,VALUE,2025-01-23
3453,Vihaan Behl,hansoni@example.org,4982734929,Hyderabad,VALUE,2025-08-06
3454,Arin Kapur,sai45@example.org,3994499780,Bengaluru,NEW,2026-04-03
3455,Zayan Ramakrishnan,madhavidara@example.net,9056546364,Kolkata,VALUE,2026-06-09
3456,Ekansh Dugar,shivanibhalla@example.org,6455436710,Kolkata,VALUE,2024-06-23
3457,Falan Warrior,sathvikbains@example.net,7701812344,Kolkata,NEW,2025-03-05
3458,Zarna Tella,chaitaly31@example.net,2387197276,Delhi,NEW,2026-02-27
3459,Mohini Bhandari,fradohora@example.com,8412315611,Kolkata,PREMIUM,2025-07-23
3460,Urishilla Lall,ganga79@example.net,8463700446,Hyderabad,GROWTH,2026-01-04
3461,Bachittar Nigam,bariavaishnavi@example.org,8156439211,Hyderabad,NEW,2026-06-15
3462,Advika Iyer,nandini68@example.com,3091906774,Jaipur,PREMIUM,2024-04-03
3463,Daniel Dewan,zaidbhandari@example.com,9075611389,Kolkata,PREMIUM,2025-07-05
3464,Forum Bhatia,onipall@example.com,2674917455,Delhi,NEW,2025-04-23
3465,Wakeeta Bora,riyaborah@example.net,5957696258,Bengaluru,PREMIUM,2024-09-13
3466,Hiral Bobal,ikbal04@example.org,0496618032,Pune,GROWTH,2025-08-11
3467,Faris Srinivas,mohinisunder@example.com,6490858794,Chennai,GROWTH,2024-04-03
3468,Anika Barman,fraghavan@example.net,0830248876,Bengaluru,GROWTH,2025-03-21
3469,Balendra Taneja,saksham22@example.com,3298833361,Chennai,GROWTH,2025-01-08
3470,Inaya Sankar,nsrinivas@example.com,0711775802,Kolkata,GROWTH,2024-12-17
3471,Chavvi Kari,samaurishilla@example.com,4290380695,Mumbai,GROWTH,2025-07-06
3472,Christopher Bal,siya91@example.org,1769311031,Pune,NEW,2026-04-29
3473,Ladli Badami,mohangaurika@example.com,7993570176,Pune,GROWTH,2026-05-02
3474,Charles Ram,gadearunima@example.com,6138690601,Jaipur,VALUE,2025-09-22
3475,Jeremiah Sani,lakshitpurohit@example.net,6298145105,Bengaluru,VALUE,2024-10-24
3476,Lakshit D’Alia,kraval@example.com,4490878015,Mumbai,VALUE,2026-05-19
3477,Jacob Pillai,keerlipika@example.com,1408099125,Chennai,PREMIUM,2026-06-17
3478,Rishi Oza,xmadan@example.net,4505808015,Chennai,GROWTH,2026-01-31
3479,Dalbir Khanna,mtoor@example.net,4903479477,Hyderabad,VALUE,2026-02-24
3480,George Anne,hanand@example.com,7722745177,Kolkata,NEW,2026-01-05
3481,Nitara Yadav,kkata@example.org,9315311412,Kolkata,VALUE,2025-11-15
3482,Alexander Krish,jason83@example.com,3836428551,Mumbai,VALUE,2025-10-15
3483,Faraj Bhandari,mangalchatresh@example.net,3377318093,Kolkata,NEW,2025-07-28
3484,Reva Gole,bishakha47@example.com,3840383642,Mumbai,GROWTH,2025-08-04
3485,Caleb Murthy,tarabera@example.com,9087577774,Hyderabad,PREMIUM,2024-12-16
3486,Yash Master,janakimital@example.com,6090100995,Delhi,NEW,2026-03-09
3487,Mitali Srinivas,matthew78@example.com,1532276034,Bengaluru,NEW,2025-07-25
3488,Faraj Bose,bhatgaurika@example.com,0472457126,Jaipur,VALUE,2025-07-06
3489,Samesh Talwar,jgade@example.com,7200901546,Hyderabad,PREMIUM,2025-10-29
3490,Thomas Sawhney,christopher75@example.org,9784255396,Pune,PREMIUM,2024-03-08
3491,Jeevika Master,jatinkrishnan@example.com,7804057245,Delhi,VALUE,2026-04-07
3492,Amara Nagar,kharesaumya@example.net,1964537573,Pune,NEW,2025-06-08
3493,Chatura Pal,azaankari@example.com,6109958330,Bengaluru,GROWTH,2026-04-29
3494,Vedika Mammen,mvirk@example.net,9371759927,Pune,NEW,2024-04-02
3495,Samar Devan,bahlkashish@example.net,9344236659,Jaipur,GROWTH,2024-07-29
3496,Dalaja Kade,dsrinivasan@example.org,3617896141,Chennai,GROWTH,2026-05-04
3497,Kashish Dhar,bparmar@example.org,6445370752,Delhi,VALUE,2025-09-15
3498,Wahab Sarraf,tanveerghose@example.com,0932065670,Hyderabad,NEW,2025-08-05
3499,Ishaan Bail,nseth@example.com,6149981291,Delhi,GROWTH,2024-12-29
3500,Bahadurjit Madan,meera31@example.com,8839067672,Hyderabad,VALUE,2025-05-15
3501,Leena Mital,hbhavsar@example.com,1987161020,Delhi,VALUE,2025-05-06
3502,Darpan Mallick,niharikaray@example.net,5149922892,Pune,PREMIUM,2024-06-27
3503,Warhi Bahl,awable@example.org,5841531747,Bengaluru,VALUE,2025-05-24
3504,Leena Sawhney,ykaul@example.org,8564175046,Mumbai,GROWTH,2025-04-09
3505,Udarsh Jha,yjohal@example.net,5142202129,Delhi,PREMIUM,2024-10-08
3506,Qarin Sankar,khuranaadvaith@example.org,6162657712,Jaipur,VALUE,2024-11-04
3507,Dalaja Balay,nimratdayal@example.com,0028558232,Kolkata,GROWTH,2025-11-22
3508,Atharv Nayar,bmitter@example.net,6019033271,Kolkata,VALUE,2025-08-30
3509,Tarak Bala,neha65@example.com,4163423097,Delhi,NEW,2025-02-26
3510,Radha Sane,bsethi@example.com,5448808736,Bengaluru,NEW,2025-06-27
3511,Ikbal Rama,meeramishra@example.com,2639833504,Jaipur,VALUE,2024-08-05
3512,Ubika Samra,aahananayar@example.com,7763985726,Chennai,GROWTH,2025-03-25
3513,Nicholas Raj,deoikbal@example.net,6141892341,Mumbai,GROWTH,2025-05-20
3514,Wazir Deo,krai@example.org,2992842508,Mumbai,NEW,2024-08-15
3515,Avni Mahal,bosepatrick@example.net,1910338928,Bengaluru,GROWTH,2024-06-01
3516,Zaid Merchant,aachaltripathi@example.org,1971024519,Jaipur,GROWTH,2025-04-18
3517,Megha Barad,bajwanicholas@example.org,9316974627,Mumbai,NEW,2026-04-26
3518,Janaki Luthra,yatin65@example.org,7909182490,Jaipur,VALUE,2025-02-19
3519,Advik Dash,isha68@example.com,3363301996,Pune,GROWTH,2026-03-22
3520,Ekani Lalla,cbaral@example.org,6746885016,Jaipur,VALUE,2026-02-05
3521,Sachi Shere,tejasguha@example.org,8152138022,Kolkata,GROWTH,2025-11-01
3522,Ria Andra,kiaan40@example.com,0942215057,Bengaluru,GROWTH,2026-03-15
3523,Balhaar Parmer,munshitanmayi@example.com,0098619188,Kolkata,NEW,2025-01-05
3524,Tejas Rege,maanav76@example.net,0577790554,Mumbai,GROWTH,2025-11-14
3525,Fariq Malhotra,pchander@example.org,5598927058,Bengaluru,VALUE,2024-05-10
3526,Devansh Sastry,usen@example.net,3356559488,Mumbai,NEW,2024-10-14
3527,Aarna Majumdar,wyattkara@example.org,5413260494,Mumbai,NEW,2025-05-24
3528,Warda Datta,rajata94@example.org,3056115272,Delhi,PREMIUM,2024-02-04
3529,Owen Din,chanderamrita@example.com,0264076558,Mumbai,PREMIUM,2025-11-19
3530,Viraj Contractor,sara66@example.org,8720000234,Delhi,VALUE,2026-04-12
3531,Qarin Toor,kgill@example.net,3535575514,Hyderabad,GROWTH,2024-04-04
3532,Edhitha Barman,chatresh64@example.org,8337908460,Delhi,VALUE,2026-06-11
3533,Darsh Lad,kalafaras@example.net,5845769415,Delhi,VALUE,2024-03-20
3534,Amol Pandit,dev73@example.net,5111711812,Jaipur,NEW,2024-04-24
3535,Wahab Palla,nikitapillay@example.org,6945554812,Delhi,PREMIUM,2025-11-17
3536,Faras Tripathi,aadhyasangha@example.com,2208775462,Delhi,VALUE,2025-09-09
3537,Isaiah Vaidya,baghyawati61@example.org,4721508421,Delhi,VALUE,2026-04-22
3538,Warjas Jani,kannanavni@example.net,0973520006,Mumbai,NEW,2025-01-17
3539,Kamya Sagar,rsha@example.org,0007901319,Chennai,VALUE,2025-05-30
3540,Pooja Mandal,tlad@example.net,5205618741,Kolkata,VALUE,2024-05-13
3541,Aryan Narain,borrayochana@example.net,4746847337,Pune,VALUE,2025-09-14
3542,Gautami Reddy,yashvicontractor@example.com,1042883222,Chennai,VALUE,2026-06-17
3543,Upma Menon,gaurikala@example.com,2033482899,Delhi,VALUE,2025-06-21
3544,Naveen Pillay,pranit56@example.org,7697224601,Kolkata,NEW,2026-04-19
3545,Bina Doctor,fagate@example.net,4709452253,Delhi,VALUE,2024-12-20
3546,Hitesh Kakar,kothariyashawini@example.com,6842838883,Pune,GROWTH,2026-06-03
3547,Yasti Trivedi,enath@example.org,3347052434,Hyderabad,PREMIUM,2025-04-28
3548,Tanveer Radhakrishnan,caleb74@example.net,7863211851,Jaipur,GROWTH,2024-05-09
3549,Mason Raj,thakuredhitha@example.org,9834378453,Bengaluru,PREMIUM,2024-11-22
3550,Faras Kapur,lakshit40@example.com,4483459961,Pune,PREMIUM,2025-03-18
3551,Jairaj Wable,amruta65@example.org,8730721026,Hyderabad,GROWTH,2024-03-01
3552,Urmi Vohra,danielratti@example.net,5067550576,Chennai,GROWTH,2026-03-17
3553,Edhitha Luthra,sankarikbal@example.org,4346748802,Jaipur,PREMIUM,2024-08-03
3554,Chaaya Kohli,suhani37@example.org,2561476862,Pune,PREMIUM,2025-08-30
3555,Xavier Pathak,william03@example.org,6775393930,Hyderabad,PREMIUM,2026-04-07
3556,Tamanna Murty,anjali64@example.org,6479114246,Hyderabad,VALUE,2025-01-26
3557,Wridesh Saxena,anika28@example.org,0056161846,Pune,PREMIUM,2025-07-02
3558,Janaki Buch,aachal00@example.net,7078896085,Bengaluru,PREMIUM,2025-04-10
3559,Yashasvi Bose,shivanshchokshi@example.net,9623409104,Mumbai,VALUE,2025-11-18
3560,Veda Karpe,champak78@example.com,0650943106,Hyderabad,NEW,2024-02-04
3561,Omya Karpe,alexanderoommen@example.net,9357234796,Delhi,VALUE,2024-11-19
3562,Yash Reddy,avibarad@example.org,0947859911,Mumbai,VALUE,2025-07-04
3563,Abha Mangat,shaurya29@example.org,6260933317,Hyderabad,NEW,2024-03-23
3564,Dipta Dalal,bdhar@example.com,3778746187,Kolkata,VALUE,2026-02-12
3565,Nilima Sama,jhalak56@example.org,9584238236,Kolkata,GROWTH,2025-07-22
3566,Warda Hora,widisha56@example.com,4300536854,Bengaluru,GROWTH,2024-01-03
3567,Sudiksha Aurora,zkanda@example.org,7248303759,Hyderabad,NEW,2024-01-11
3568,Jai Sahota,bimalajohal@example.org,4121329140,Mumbai,GROWTH,2024-05-23
3569,Upma Chaudhuri,panchalfariq@example.net,9146715658,Kolkata,PREMIUM,2025-08-20
3570,Bahadurjit Sankar,sai87@example.net,6932898281,Mumbai,PREMIUM,2025-04-11
3571,Ojas Bora,alexanderoak@example.com,3652808475,Kolkata,GROWTH,2025-03-10
3572,Yutika Wagle,yashodharakibe@example.net,2637027311,Kolkata,NEW,2025-05-19
3573,Pahal Pandya,mvasa@example.org,9662432449,Pune,NEW,2025-03-21
3574,Neelima Khurana,sankaranjanaki@example.net,7761615031,Bengaluru,GROWTH,2024-11-05
3575,Jagat Nayar,netra07@example.com,2456710681,Jaipur,NEW,2024-01-07
3576,Hritik Bath,oni25@example.net,1789070916,Pune,GROWTH,2024-01-26
3577,Isha Sen,asibal@example.org,7461082808,Pune,VALUE,2025-09-12
3578,Shivani Sarin,sarachaudhary@example.net,9266992950,Kolkata,VALUE,2025-10-31
3579,Vansha Desai,hparikh@example.com,0028443132,Jaipur,GROWTH,2024-08-03
3580,Yashodhara Chacko,chatresh98@example.org,3243936364,Delhi,VALUE,2024-08-06
3581,Abhimanyu Pingle,bakhshisunder@example.com,7060425612,Jaipur,GROWTH,2025-01-02
3582,Ladli Nagi,chakradevkrishnan@example.com,7697033944,Kolkata,GROWTH,2025-08-03
3583,Patrick Trivedi,sherebhavna@example.org,3723972821,Mumbai,GROWTH,2025-06-18
3584,Gunbir Kata,rastogiaashi@example.net,2897826381,Bengaluru,VALUE,2025-05-18
3585,Wakeeta Om,varsha73@example.net,0497763801,Kolkata,NEW,2024-02-03
3586,Zarna Vohra,benjamindixit@example.com,6584106922,Mumbai,GROWTH,2025-01-22
3587,Bhavika Naidu,amruta07@example.org,9911908781,Hyderabad,VALUE,2025-11-08
3588,Eiravati Gokhale,sulefaris@example.net,0973051149,Pune,GROWTH,2025-06-15
3589,Benjamin Kade,daraekansh@example.org,6185959782,Pune,GROWTH,2025-12-27
3590,Zilmil Mall,hayremitali@example.com,7492571483,Jaipur,GROWTH,2025-09-17
3591,Hardik Palan,ekbalrana@example.net,4566739419,Delhi,GROWTH,2026-03-20
3592,Noah Dani,jeremiah61@example.net,1272710679,Bengaluru,VALUE,2025-05-30
3593,Anusha Sur,qsagar@example.com,1258010079,Jaipur,NEW,2025-05-27
3594,Udarsh Gara,veda10@example.com,6768453811,Chennai,GROWTH,2025-05-16
3595,Aashi Cherian,hiralgoswami@example.com,6721011962,Mumbai,VALUE,2024-08-26
3596,Arya Dhaliwal,osha52@example.net,9871288496,Bengaluru,PREMIUM,2025-01-27
3597,Samuel Trivedi,kotahitesh@example.net,3150689464,Bengaluru,PREMIUM,2024-05-31
3598,Ayaan Baral,advayahluwalia@example.org,3163062743,Chennai,GROWTH,2025-01-22
3599,Abeer Suresh,obuch@example.net,0145364512,Bengaluru,GROWTH,2024-05-14
3600,Kala Jani,pranavchana@example.com,4448912478,Chennai,GROWTH,2025-03-17
3601,Pooja Saxena,chakradharbhargava@example.com,0926449760,Hyderabad,GROWTH,2026-05-08
3602,Sudiksha Merchant,ekaraj66@example.net,6472020795,Chennai,VALUE,2025-02-10
3603,Jagdish Saxena,shivansh08@example.com,9873229165,Mumbai,VALUE,2025-10-26
3604,Wakeeta Lall,minhasmanbir@example.net,4907667042,Chennai,NEW,2025-01-30
3605,Laksh Mallick,gopalrao@example.com,5680664002,Jaipur,PREMIUM,2026-03-26
3606,Irya Brar,simonde@example.com,2364556254,Mumbai,GROWTH,2024-07-08
3607,Falan Narain,rkrishnan@example.com,0630441672,Bengaluru,VALUE,2026-01-20
3608,Yashica Nayak,baradlajita@example.org,5352561036,Pune,PREMIUM,2025-10-14
3609,Sudiksha Varghese,bbhat@example.com,8875086506,Chennai,VALUE,2026-03-10
3610,Divya Barad,vyanjanasetty@example.net,9232975029,Pune,VALUE,2024-04-29
3611,Harish Verma,elijahkumer@example.org,4364967731,Chennai,VALUE,2026-03-16
3612,Ranveer Banik,baraldarpan@example.com,2408218131,Pune,PREMIUM,2026-03-28
3613,Yatan Devan,atharvthakur@example.net,9474288100,Chennai,GROWTH,2024-09-23
3614,Thomas Hayre,urishilla98@example.net,9920127760,Delhi,VALUE,2025-07-16
3615,Upma Doshi,cheemagirish@example.com,1575945113,Kolkata,VALUE,2025-06-11
3616,Rachit Taneja,paimahika@example.com,6077131314,Hyderabad,GROWTH,2024-02-14
3617,Karan Issac,vsangha@example.com,2563372592,Delhi,GROWTH,2025-04-17
3618,Zaitra Kala,suhani57@example.net,0315103007,Hyderabad,PREMIUM,2025-08-16
3619,Radha Bhavsar,karumang@example.com,0073272342,Hyderabad,VALUE,2024-07-03
3620,Sathvik Gokhale,onagarajan@example.net,1247412754,Delhi,PREMIUM,2024-11-21
3621,Omya Lall,vrinda91@example.org,2699984508,Jaipur,NEW,2025-06-10
3622,Wahab Palla,vasudhawadhwa@example.com,6989560924,Mumbai,GROWTH,2026-04-16
3623,Pranit Mital,kmurty@example.org,0042202158,Bengaluru,VALUE,2024-02-24
3624,Brinda Sundaram,yogiaayush@example.com,4435929653,Hyderabad,PREMIUM,2026-04-22
3625,Manya Parikh,tanish34@example.org,2234174397,Kolkata,VALUE,2026-01-04
3626,Chakrika Char,lallaowen@example.org,1433931434,Pune,VALUE,2026-01-31
3627,Isaiah Mani,abali@example.org,8853426301,Kolkata,VALUE,2024-02-12
3628,Sanya Nanda,mayasidhu@example.com,0905969037,Mumbai,NEW,2025-05-26
3629,Pavani D’Alia,adweta75@example.org,7683841236,Kolkata,GROWTH,2024-11-27
3630,Ucchal Nagar,ymannan@example.net,6979380619,Kolkata,NEW,2026-04-07
3631,Idika Rao,samrashivansh@example.net,2564987674,Hyderabad,GROWTH,2025-10-28
3632,Veda Suresh,haritabuch@example.org,4213170589,Chennai,GROWTH,2025-08-07
3633,Wahab Balakrishnan,odhaliwal@example.org,4577623050,Delhi,VALUE,2024-01-26
3634,Amrita Tripathi,hansikshita@example.net,0001025325,Kolkata,GROWTH,2026-02-26
3635,Nilima Bhat,gauravsoman@example.org,3317763310,Jaipur,VALUE,2025-03-16
3636,Advika Nadkarni,rkar@example.org,8388190254,Hyderabad,GROWTH,2024-05-24
3637,Mahika Sathe,beraaarna@example.net,6217392230,Chennai,VALUE,2026-02-25
3638,Mohini Lad,wasonyutika@example.net,7924117038,Hyderabad,GROWTH,2026-03-24
3639,Amrita Sunder,gbrar@example.org,7479145252,Delhi,GROWTH,2025-03-22
3640,Harinakshi Bath,yadavi04@example.com,4135818801,Chennai,VALUE,2025-08-18
3641,Sara Rout,darpanrao@example.com,1794405914,Pune,VALUE,2025-07-03
3642,Ojas Wason,isule@example.org,5552232742,Jaipur,NEW,2024-09-29
3643,Imaran Narayan,deolsai@example.org,2232069068,Jaipur,VALUE,2025-11-04
3644,Anmol Bail,gvarty@example.org,0903018620,Hyderabad,VALUE,2026-06-17
3645,Gautam Nath,settyojasvi@example.com,8542811887,Jaipur,VALUE,2026-04-20
3646,Dev Bawa,jhalakdave@example.org,7672649408,Chennai,GROWTH,2025-09-10
3647,Janaki Wason,max67@example.org,6337144118,Pune,PREMIUM,2024-11-20
3648,Naksh Wason,econtractor@example.org,9300523384,Chennai,VALUE,2026-03-28
3649,Veer Mannan,zahuja@example.net,3348141676,Jaipur,GROWTH,2026-04-14
3650,Kashvi Narula,pvora@example.com,8640977777,Pune,GROWTH,2024-01-06
3651,Tanveer Kothari,oni41@example.com,2272449119,Delhi,VALUE,2024-10-31
3652,Balendra Bahri,wkeer@example.net,3081365946,Delhi,NEW,2025-05-12
3653,Yachana Rao,prisha89@example.com,9540927051,Hyderabad,NEW,2025-06-04
3654,Brijesh Dugar,unnatimanne@example.org,6132490690,Chennai,VALUE,2025-10-03
3655,Charvi Bajwa,orinder57@example.com,4245989478,Pune,VALUE,2025-04-07
3656,Yug Bandi,lyohannan@example.net,1586285323,Hyderabad,VALUE,2024-01-13
3657,Jatin Purohit,zsubramaniam@example.org,6446776982,Chennai,VALUE,2024-05-29
3658,Karan Madan,gaurang66@example.org,6542120285,Jaipur,GROWTH,2025-11-17
3659,Faraj Borah,naveenkrish@example.net,3924425466,Bengaluru,GROWTH,2025-09-16
3660,Anmol Aurora,gbalan@example.com,8831662245,Hyderabad,GROWTH,2025-08-09
3661,Girish Raman,panditdavid@example.net,8857784088,Chennai,VALUE,2025-01-31
3662,Devika Naik,wbose@example.net,1099295989,Hyderabad,VALUE,2024-09-04
3663,Yauvani Bajaj,raitristan@example.org,2709086600,Jaipur,NEW,2024-10-04
3664,Anusha Shanker,dalbirmohanty@example.com,5762796112,Jaipur,NEW,2025-09-12
3665,Harish Lalla,vdora@example.net,2220742925,Chennai,VALUE,2025-03-29
3666,Krisha Manne,sborra@example.org,7677074068,Hyderabad,PREMIUM,2024-04-27
3667,Girik Kapadia,hemangini33@example.net,6385524524,Chennai,GROWTH,2024-12-25
3668,Arya Subramanian,gavin62@example.net,7705913618,Mumbai,PREMIUM,2026-01-11
3669,Yashawini Konda,sarafqasim@example.net,1861145167,Hyderabad,GROWTH,2025-06-23
3670,Anay Taneja,naginilima@example.com,5961635023,Mumbai,NEW,2026-02-18
3671,Kashish Chokshi,hansavi@example.net,2235480149,Mumbai,VALUE,2025-04-02
3672,Udarsh Bakshi,panchalfiyaz@example.net,4478538057,Delhi,VALUE,2025-03-12
3673,Vincent Sekhon,adyaiyengar@example.com,3328348410,Chennai,NEW,2026-05-04
3674,Vansha Chopra,nikitakrish@example.com,8482018565,Delhi,VALUE,2025-04-01
3675,Gaurangi Dhawan,dwable@example.net,2625703462,Pune,VALUE,2024-05-01
3676,Girish Gara,nsavant@example.net,6683121136,Hyderabad,PREMIUM,2024-12-27
3677,Vrishti Krish,bhavanisur@example.org,2773491053,Bengaluru,PREMIUM,2025-08-05
3678,Lohit Rau,abha16@example.com,2997267934,Kolkata,PREMIUM,2024-11-06
3679,Viraj Bhargava,gdhawan@example.net,5931002298,Chennai,PREMIUM,2025-01-04
3680,Zayyan Sabharwal,pmannan@example.org,6518133822,Pune,PREMIUM,2026-02-24
3681,Geetika Dora,fmangal@example.com,4424919846,Pune,VALUE,2025-01-26
3682,Ekanta Ray,saidey@example.com,5626121362,Delhi,GROWTH,2024-10-01
3683,Amrita Kadakia,chasmumvirk@example.com,4344772879,Mumbai,PREMIUM,2024-04-07
3684,Xalak Munshi,geragautami@example.org,3637923013,Chennai,NEW,2024-12-28
3685,Ekanta Shenoy,jganguly@example.net,8222534236,Jaipur,VALUE,2025-11-20
3686,Yoshita Bumb,muniijaya@example.com,1132350213,Mumbai,VALUE,2024-09-26
3687,Pavani Brahmbhatt,krishnadey@example.com,8599027367,Delhi,PREMIUM,2025-02-27
3688,Joshua Arya,ojha@example.org,9420680282,Jaipur,VALUE,2025-08-14
3689,Zinal Dara,geetikaverma@example.org,5303165393,Jaipur,VALUE,2026-04-15
3690,Rudra Sarma,udyatiramaswamy@example.com,6913885320,Mumbai,NEW,2026-01-02
3691,Balvan Samra,amairaamble@example.com,5794706705,Hyderabad,GROWTH,2024-09-14
3692,Onkar Vohra,sathezayyan@example.com,2737520906,Pune,VALUE,2024-05-27
3693,Logan Sahota,vsandal@example.net,7975405319,Mumbai,VALUE,2025-08-26
3694,Aditya Minhas,kaimitter@example.com,7949593682,Bengaluru,VALUE,2024-08-17
3695,Radhika Menon,zvarty@example.com,1802130925,Hyderabad,PREMIUM,2024-12-19
3696,Ekantika Prabhu,sacharpranav@example.org,1744386073,Pune,GROWTH,2024-04-03
3697,Lohit Mannan,eprabhakar@example.com,3959118996,Bengaluru,VALUE,2025-11-27
3698,Kamya Venkataraman,kotakamya@example.net,3279307830,Hyderabad,GROWTH,2024-05-24
3699,Urmi Shere,chamelinarang@example.com,3356722438,Bengaluru,VALUE,2024-12-08
3700,Ganga Deshmukh,tbalakrishnan@example.net,4091116091,Kolkata,VALUE,2025-01-01
3701,Urvi Anne,abhimanyu05@example.com,9965431753,Mumbai,VALUE,2024-02-08
3702,Omaja Gola,gaurangi80@example.com,6985000735,Mumbai,GROWTH,2025-11-29
3703,Upma Bhavsar,tsaini@example.net,4012366649,Mumbai,VALUE,2025-07-10
3704,Devika Guha,tvasa@example.org,0636617187,Jaipur,VALUE,2025-05-02
3705,Girindra Yogi,zaiddani@example.org,5299043678,Jaipur,GROWTH,2024-06-09
3706,Ganga Chandra,csarin@example.com,7569878636,Chennai,GROWTH,2024-02-17
3707,Upadhriti Dugar,ronithpalla@example.net,4133445376,Mumbai,VALUE,2024-02-20
3708,Inaya Kara,patrick24@example.com,5622923752,Kolkata,VALUE,2025-07-16
3709,Akshay Hans,bhaviniyadav@example.org,5887064491,Hyderabad,VALUE,2025-11-04
3710,Bhavani Sandhu,qaurora@example.org,3755876760,Kolkata,GROWTH,2025-12-16
3711,Jhalak Rau,yuvraj41@example.com,9821983962,Bengaluru,PREMIUM,2025-12-21
3712,Samaksh Brahmbhatt,tpandit@example.com,6889883375,Jaipur,VALUE,2024-12-20
3713,Harshil Kalita,lalahardik@example.org,8210597815,Kolkata,PREMIUM,2024-01-02
3714,Pranav Lall,baliharish@example.com,5346169500,Mumbai,PREMIUM,2024-08-08
3715,Jonathan Vig,kkapadia@example.net,5204579474,Pune,VALUE,2025-12-09
3716,Ganga Malhotra,garayashawini@example.net,6172967178,Bengaluru,VALUE,2025-11-18
3717,Shaurya Ganguly,dhritivenkatesh@example.com,9444772433,Bengaluru,VALUE,2025-04-01
3718,Vincent Kalita,abhiram12@example.com,4239028798,Bengaluru,VALUE,2024-01-22
3719,Manan Dhar,iborah@example.com,3698294298,Pune,GROWTH,2025-11-30
3720,Vaishnavi Acharya,ucheema@example.com,4033597829,Bengaluru,VALUE,2026-01-04
3721,Faras Ben,robert90@example.net,5571849620,Pune,NEW,2024-07-23
3722,Yasti Sarraf,seshadribaghyawati@example.com,5983469648,Chennai,GROWTH,2025-12-24
3723,Urmi Narain,akrishnan@example.net,9302728602,Kolkata,PREMIUM,2025-07-29
3724,Xiti Dalal,handaayush@example.net,5463999891,Jaipur,PREMIUM,2026-03-10
3725,Maya Purohit,ojasbasu@example.com,5811337974,Delhi,GROWTH,2025-07-17
3726,Urvi Pant,gunbir99@example.com,4318912009,Jaipur,NEW,2024-03-21
3727,Edhitha Wali,chakrika02@example.net,7597026353,Delhi,NEW,2025-08-05
3728,Tanish Ganesan,ucchalsalvi@example.com,5013963772,Chennai,GROWTH,2024-04-06
3729,Luke Sarkar,jonathan65@example.net,0736361407,Bengaluru,VALUE,2024-08-20
3730,Vrishti Krishna,hdayal@example.org,0824169951,Pune,GROWTH,2026-02-24
3731,Radhika Pall,wazirrajan@example.com,3844741384,Pune,VALUE,2026-05-21
3732,Aryan Pau,agokhale@example.org,1184287738,Kolkata,GROWTH,2025-03-03
3733,Hiral Samra,anandjanya@example.net,7532090071,Hyderabad,GROWTH,2024-09-19
3734,Rayaan Raja,darayasti@example.org,4718507734,Jaipur,GROWTH,2024-12-19
3735,Praneel Anne,kotaaadi@example.org,0627370685,Bengaluru,PREMIUM,2024-08-05
3736,Riya Patel,robert78@example.org,4455373133,Mumbai,VALUE,2025-05-30
3737,Abdul Mukherjee,vviswanathan@example.com,1298765354,Hyderabad,GROWTH,2025-01-14
3738,Girindra Pillay,mohammedbehl@example.org,7082177622,Chennai,VALUE,2024-02-22
3739,Yadavi Arya,shaekavir@example.org,1127710709,Pune,PREMIUM,2025-07-03
3740,Bahadurjit Maharaj,samraonkar@example.org,6281118796,Kolkata,GROWTH,2025-08-02
3741,Mitali Bassi,unniradhakrishnan@example.net,8501026439,Mumbai,VALUE,2025-08-23
3742,Anusha Bhandari,hganesh@example.com,0870797748,Bengaluru,PREMIUM,2026-04-30
3743,Urishilla Sha,ekapad51@example.net,1707593494,Jaipur,VALUE,2025-09-25
3744,Oscar Solanki,sehgalaarnav@example.net,7654518307,Hyderabad,PREMIUM,2025-08-31
3745,Balvan Pingle,suhanidesai@example.net,1279948544,Mumbai,GROWTH,2024-07-09
3746,Michael Goel,darikadubey@example.net,6356558243,Jaipur,GROWTH,2025-02-22
3747,Fitan Saini,vkalita@example.net,9673373388,Hyderabad,PREMIUM,2025-01-26
3748,Daksh Sawhney,daminiganesh@example.net,1556915344,Jaipur,NEW,2026-05-14
3749,Dipta Chatterjee,jiyer@example.net,3373052225,Jaipur,PREMIUM,2025-03-02
3750,Rishi Badal,nluthra@example.com,3505682632,Jaipur,GROWTH,2025-09-11
3751,Edhitha Gara,gaurang09@example.org,0672000781,Chennai,PREMIUM,2025-05-01
3752,Zaitra Atwal,wriddhishparsa@example.com,9483702952,Kolkata,GROWTH,2024-02-21
3753,Omaja Bhat,tamanna28@example.net,5921465582,Jaipur,PREMIUM,2026-04-22
3754,Reyansh Thaker,adwetaratta@example.net,7031328239,Bengaluru,NEW,2025-08-26
3755,Amara Chacko,zaitrachatterjee@example.com,1431649134,Delhi,VALUE,2024-07-26
3756,Sachi Basu,balainaya@example.com,3418698667,Bengaluru,VALUE,2024-02-23
3757,Rushil Tiwari,npau@example.org,5280857412,Pune,VALUE,2026-04-23
3758,Oscar Aggarwal,nimratchadha@example.com,1391590762,Chennai,VALUE,2024-10-03
3759,Anusha Panchal,mishradhruv@example.com,6772722926,Delhi,GROWTH,2024-01-16
3760,Harita Shukla,onarang@example.net,8308506720,Chennai,VALUE,2025-07-08
3761,Ubika Chakrabarti,brijeshgrover@example.com,9133743992,Mumbai,GROWTH,2024-01-15
3762,Gautam Gopal,maharajfalguni@example.com,2108787044,Chennai,VALUE,2024-07-13
3763,Quincy Nadkarni,bobaljai@example.com,6333874699,Chennai,VALUE,2026-03-15
3764,Omkaar Anne,yochanamammen@example.com,3158425614,Pune,PREMIUM,2024-02-04
3765,Kavya Sharma,veda49@example.com,1159247015,Hyderabad,GROWTH,2025-11-07
3766,Yatin Morar,basuowen@example.com,2854789410,Hyderabad,GROWTH,2025-07-10
3767,Kevin Mukherjee,zansirao@example.com,9713066679,Pune,PREMIUM,2024-10-02
3768,Ladli Mangat,takqasim@example.org,7599882297,Pune,NEW,2024-09-14
3769,Arya Dey,bajajishani@example.com,7686548662,Kolkata,GROWTH,2025-03-03
3770,Odika Kara,buchwidisha@example.com,8158269243,Bengaluru,VALUE,2025-04-24
3771,Anjali Iyengar,ekantasekhon@example.com,1090837775,Hyderabad,VALUE,2026-03-12
3772,Chakrika Lad,kabirnarayanan@example.com,9683309335,Bengaluru,NEW,2024-08-23
3773,Aishani Chanda,oviya80@example.net,1091753373,Chennai,PREMIUM,2025-06-15
3774,Isha Patla,panini90@example.org,0827641277,Mumbai,PREMIUM,2025-09-09
3775,Shivani Garde,noriindrajit@example.org,5920985202,Hyderabad,PREMIUM,2024-01-12
3776,Lekha Dugal,lajitadua@example.com,3296125103,Mumbai,VALUE,2026-03-17
3777,Radha Palan,chaayamangal@example.com,8618907877,Chennai,GROWTH,2026-06-11
3778,Sarthak Oommen,agrawalkrishna@example.com,8866154550,Kolkata,PREMIUM,2024-03-18
3779,Gautam Varghese,baralmaya@example.net,0176578496,Jaipur,NEW,2024-08-23
3780,Aarna Kamdar,tdewan@example.net,6872878874,Hyderabad,VALUE,2025-12-08
3781,Advika Balay,pavani09@example.com,7189405676,Delhi,GROWTH,2025-12-29
3782,Zansi Grewal,ksundaram@example.com,9615133594,Mumbai,VALUE,2024-05-20
3783,Logan Sibal,ssundaram@example.com,2552875287,Delhi,NEW,2026-04-05
3784,Kashish Purohit,dkibe@example.net,3264353471,Kolkata,VALUE,2024-10-23
3785,Ekantika Cheema,gaurisarraf@example.org,5112463531,Jaipur,PREMIUM,2024-09-21
3786,Abhiram Dutt,chandradakshesh@example.org,2499317800,Chennai,VALUE,2024-11-17
3787,Vaishnavi Natt,rkrish@example.net,5910668448,Mumbai,GROWTH,2025-08-27
3788,Harish Grover,omohanty@example.net,7202927596,Delhi,PREMIUM,2024-07-04
3789,Damini Gaba,tiwariakshay@example.com,0389520781,Jaipur,VALUE,2025-05-03
3790,Quincy Bains,chakradevdube@example.org,3570518915,Bengaluru,NEW,2024-03-08
3791,Tanmayi Saran,alexandermutti@example.net,1937290705,Delhi,NEW,2024-05-12
3792,Urvashi Kohli,dpadmanabhan@example.org,6418590332,Mumbai,NEW,2025-11-22
3793,Kashvi Nazareth,rachitagrover@example.net,8630142117,Bengaluru,VALUE,2024-12-11
3794,Nandini Mital,wradhakrishnan@example.com,9540980715,Pune,PREMIUM,2025-12-15
3795,Vivaan Tripathi,ishanvi52@example.com,5047441075,Jaipur,GROWTH,2025-10-25
3796,Oviya Sandhu,ynaik@example.net,6860752776,Bengaluru,GROWTH,2026-06-16
3797,Nandini Balakrishnan,aryan66@example.com,0366802746,Pune,GROWTH,2024-05-03
3798,Yauvani Ganesan,kvohra@example.net,8762756183,Delhi,GROWTH,2026-04-21
3799,Rushil Dewan,gmukherjee@example.com,3766886391,Delhi,VALUE,2026-03-13
3800,Gauri Bhagat,kapurchakradev@example.org,4775204747,Delhi,GROWTH,2025-01-26
3801,Dayamai Dhaliwal,gillhemal@example.com,2644876964,Jaipur,VALUE,2024-05-01
3802,Tara Randhawa,nidhi45@example.org,6264141246,Chennai,VALUE,2024-04-30
3803,Triveni Acharya,bhavikasaxena@example.net,5893899025,Kolkata,VALUE,2025-04-04
3804,Sai Gera,laban94@example.net,7894207604,Delhi,VALUE,2024-01-10
3805,Damyanti Buch,bhavna70@example.com,6267455363,Delhi,PREMIUM,2024-03-27
3806,Warinder Jani,mukhopadhyaykamya@example.org,2580552611,Kolkata,GROWTH,2025-04-23
3807,Gautam Konda,lekha33@example.com,2552906069,Delhi,VALUE,2025-05-21
3808,Kavya Ahluwalia,sanegaurika@example.net,7340095515,Mumbai,PREMIUM,2026-02-13
3809,Nathaniel Padmanabhan,bhattihemang@example.net,1820813805,Chennai,NEW,2026-05-26
3810,Urishilla Ramesh,mdara@example.net,2269575657,Chennai,NEW,2024-08-29
3811,Urmi Puri,ppatla@example.net,9501853873,Mumbai,NEW,2024-10-24
3812,Xavier Char,eshana94@example.org,9758735279,Hyderabad,NEW,2024-06-28
3813,Kabir Nadkarni,harshilhalder@example.org,0908362754,Pune,GROWTH,2024-07-21
3814,Mugdha Narain,bhavyabose@example.net,9727799588,Hyderabad,NEW,2025-01-30
3815,Panini Ramesh,ushere@example.org,6194697814,Hyderabad,NEW,2026-06-12
3816,Idika Suresh,venkateshabdul@example.org,7315061820,Delhi,VALUE,2026-03-15
3817,Tristan Gokhale,ssathe@example.com,4277781173,Hyderabad,NEW,2026-04-01
3818,Jyoti Pathak,rishi60@example.com,8391808046,Kolkata,PREMIUM,2025-02-10
3819,Yachana Agarwal,venkateshgarima@example.net,5053664277,Pune,PREMIUM,2025-08-14
3820,Faras Karpe,revachaudhary@example.com,2299572160,Jaipur,NEW,2025-10-12
3821,Xalak Guha,ojasvimadan@example.com,1181354823,Mumbai,GROWTH,2024-08-06
3822,Siddharth Mittal,samesh47@example.com,9642598394,Delhi,GROWTH,2025-02-20
3823,Girik Nori,yashasvisahni@example.org,6375406824,Chennai,GROWTH,2025-05-10
3824,Pranit Sandal,schana@example.net,4565146829,Mumbai,PREMIUM,2024-12-01
3825,Bhavani Mukhopadhyay,ysharaf@example.com,8533441257,Chennai,NEW,2025-03-01
3826,Vasana Banerjee,daksh84@example.org,9937086402,Jaipur,NEW,2025-01-31
3827,Oviya Gola,sachdevaeesha@example.org,0650859859,Bengaluru,PREMIUM,2024-02-25
3828,Mitali Varughese,sekhonbalhaar@example.net,4527318243,Chennai,NEW,2025-11-22
3829,Udyati Butala,nagirishi@example.net,4211644681,Pune,VALUE,2026-03-21
3830,Harrison Ravel,desaioni@example.org,3912657852,Mumbai,NEW,2025-11-09
3831,Naveen Nagar,eiravati74@example.org,4011171487,Jaipur,VALUE,2026-04-20
3832,Yashica Rajagopalan,chasmumnayar@example.net,6189377598,Mumbai,GROWTH,2025-01-23
3833,Advay Sunder,riya69@example.com,2312999367,Kolkata,VALUE,2024-02-20
3834,Pahal Bhagat,girindra26@example.net,3163791401,Pune,GROWTH,2024-08-28
3835,Pavani Kuruvilla,karanbakhshi@example.com,1046795563,Mumbai,GROWTH,2026-02-07
3836,Shravya Thakkar,shravyakadakia@example.org,9132364207,Pune,VALUE,2024-05-05
3837,Urvashi Nayak,ijayamohanty@example.org,4976477311,Mumbai,GROWTH,2025-05-07
3838,Isaac Gola,warinderlal@example.com,1811998897,Chennai,PREMIUM,2024-01-02
3839,Leela Buch,sakshamgoda@example.com,8624313872,Jaipur,VALUE,2024-10-18
3840,Abhimanyu Nazareth,gollabhavya@example.com,1500921101,Jaipur,PREMIUM,2024-04-11
3841,Rudra Varma,xalak11@example.com,9442389671,Kolkata,VALUE,2024-04-12
3842,Radhika Bava,udyatimadan@example.org,7096760886,Hyderabad,VALUE,2024-05-28
3843,Baghyawati Baral,harshil49@example.org,0737996491,Chennai,VALUE,2025-04-29
3844,Vrishti Sharma,iiyer@example.com,8982862879,Bengaluru,GROWTH,2025-09-12
3845,Chandresh Pingle,dubesamesh@example.org,9399059812,Jaipur,PREMIUM,2024-09-16
3846,Pavani Nazareth,okunda@example.org,2429981194,Hyderabad,GROWTH,2026-01-06
3847,Arjun Loke,falanbasu@example.com,7206204251,Kolkata,NEW,2024-12-18
3848,Chaaya Parikh,sundaramlipika@example.org,6368924452,Bengaluru,GROWTH,2025-10-25
3849,Anay Sekhon,anusha33@example.com,5383342253,Pune,PREMIUM,2025-04-21
3850,Chameli Banik,lagate@example.net,7881052490,Mumbai,NEW,2025-10-12
3851,Ishanvi Bansal,pjoshi@example.net,7998288684,Pune,GROWTH,2026-05-30
3852,Yuvraj Gill,mitali41@example.net,4298014813,Delhi,VALUE,2026-06-13
3853,Girindra Date,lgola@example.net,2900721378,Delhi,VALUE,2025-06-12
3854,Wakeeta Sankar,zbarad@example.org,3981673435,Bengaluru,GROWTH,2026-05-16
3855,Hemani Shanker,matthew15@example.net,4874186520,Hyderabad,GROWTH,2025-09-23
3856,Tara Baria,luthravedant@example.com,9222688084,Pune,VALUE,2024-08-29
3857,Eta Pradhan,somankalpit@example.net,6068642348,Bengaluru,NEW,2026-04-21
3858,Manan Chaudhuri,lakshmitripathi@example.com,5866644314,Delhi,NEW,2024-05-10
3859,Yauvani Brar,lalldevika@example.net,8966766641,Bengaluru,VALUE,2025-02-25
3860,Chasmum Sami,omkaar60@example.net,2682933724,Hyderabad,VALUE,2024-05-17
3861,Anthony Gour,yatannath@example.com,9672769192,Chennai,VALUE,2025-12-06
3862,Fariq Sant,kdube@example.com,4280988379,Pune,GROWTH,2026-03-17
3863,Rehaan Lal,nagarajanjagvi@example.org,5509223063,Mumbai,NEW,2026-01-06
3864,Yoshita Zacharia,ravifaraj@example.org,4492004357,Chennai,GROWTH,2024-04-02
3865,Chandran Prasad,anayagrawal@example.com,3639228628,Pune,VALUE,2024-08-31
3866,Tanveer Sarkar,krishna75@example.net,3494841352,Kolkata,GROWTH,2024-11-02
3867,Quincy Malhotra,ronithloyal@example.org,1467411815,Chennai,VALUE,2024-04-14
3868,Mohini Golla,wbanik@example.com,5344143997,Kolkata,GROWTH,2025-04-22
3869,Anjali Ahluwalia,okar@example.com,6768403714,Mumbai,GROWTH,2024-01-31
3870,Sarthak Bahl,ishita63@example.net,7348623388,Pune,GROWTH,2025-07-06
3871,Kai Maharaj,dev82@example.net,0610298217,Delhi,GROWTH,2025-06-01
3872,Turvi Nadkarni,shaurya99@example.com,6447939706,Delhi,NEW,2025-06-20
3873,Timothy Kar,lopa98@example.org,0640415365,Kolkata,VALUE,2026-04-01
3874,Ekta Kant,paijagvi@example.com,7915425189,Hyderabad,PREMIUM,2025-12-08
3875,Bhavna Sharma,samakshvohra@example.org,7792996131,Chennai,VALUE,2024-08-21
3876,Falguni Ramachandran,zdass@example.net,9107562427,Chennai,VALUE,2025-05-29
3877,Advik Oza,kacharya@example.net,9870208582,Pune,NEW,2025-12-23
3878,Ekaja Pal,advaith44@example.com,6564122165,Mumbai,PREMIUM,2026-02-04
3879,Max Shere,atharv17@example.com,0957854138,Mumbai,VALUE,2025-08-01
3880,Shivansh Walia,nathnitara@example.net,0533389121,Delhi,GROWTH,2024-03-17
3881,Madhavi Kumer,ypalan@example.com,0324890056,Kolkata,PREMIUM,2025-01-26
3882,Bachittar Brar,raoekantika@example.net,2097332174,Mumbai,NEW,2026-02-12
3883,Hemani Chacko,ytaneja@example.net,5616732271,Chennai,GROWTH,2024-03-07
3884,Kala Modi,nihaljaggi@example.org,1130233295,Hyderabad,VALUE,2025-06-15
3885,Divya Seth,qabil04@example.org,9115519250,Mumbai,GROWTH,2025-05-01
3886,Ayushman Dugal,bhatmohini@example.org,1567951735,Hyderabad,VALUE,2024-07-19
3887,Indira Sankar,cheemabaljiwan@example.com,5731009550,Delhi,VALUE,2024-11-05
3888,Arin Mander,vchaudhuri@example.org,2809956736,Mumbai,GROWTH,2026-05-29
3889,Wahab Prashad,vkhurana@example.net,1931516640,Mumbai,PREMIUM,2025-06-20
3890,Kritika Dasgupta,chandcharvi@example.net,3679727435,Kolkata,VALUE,2026-04-25
3891,Meghana Kamdar,chandrandube@example.net,9062440437,Chennai,PREMIUM,2025-02-28
3892,Indrajit Mann,ichopra@example.org,8372704472,Jaipur,PREMIUM,2026-01-31
3893,Nathan Rattan,nakulsabharwal@example.net,9380089066,Hyderabad,PREMIUM,2025-07-11
3894,Indira Kalla,madanaarnav@example.net,0884136105,Mumbai,VALUE,2026-03-31
3895,Arya Nagarajan,bhavnanarayan@example.com,2401951589,Chennai,GROWTH,2024-10-21
3896,Hitesh Nadkarni,madhavlal@example.net,7965063789,Jaipur,VALUE,2024-12-09
3897,Umang Raval,onkarmani@example.org,7697210654,Chennai,VALUE,2024-02-06
3898,Ucchal Mangat,dixitvihaan@example.net,7345041032,Delhi,VALUE,2024-07-24
3899,Naksh Goel,dakshaurora@example.org,3355197687,Bengaluru,VALUE,2024-05-04
3900,Bhavya Aggarwal,halderkai@example.com,5815535458,Jaipur,VALUE,2024-06-13
3901,Ucchal Gera,naveenlanka@example.net,4497985922,Chennai,VALUE,2024-10-04
3902,Leela Sahota,gaurangibhat@example.net,2908966901,Jaipur,NEW,2026-02-25
3903,Nirja Gulati,tchar@example.org,6055457465,Chennai,PREMIUM,2024-12-06
3904,Udarsh Devi,victor29@example.com,7978795934,Delhi,VALUE,2026-01-13
3905,Nilima Bajaj,odada@example.com,8249043493,Kolkata,NEW,2026-01-03
3906,Zaid Ganesan,lgour@example.com,8096418636,Kolkata,VALUE,2026-06-01
3907,Gavin Prabhakar,nikita76@example.com,9354893070,Pune,GROWTH,2025-04-02
3908,Lopa Vaidya,yogisuhani@example.com,9124128048,Jaipur,NEW,2026-02-02
3909,Neel Shankar,tanveer61@example.com,1697922307,Mumbai,GROWTH,2025-01-12
3910,Wriddhish Gill,gulatiaadi@example.net,8228064204,Jaipur,VALUE,2025-07-23
3911,Ryan Naidu,mbaral@example.org,2149406988,Mumbai,GROWTH,2025-12-30
3912,Chaaya Bhattacharyya,pkorpal@example.com,0786872032,Jaipur,GROWTH,2024-05-08
3913,Samuel Shenoy,davevedhika@example.org,5519822167,Mumbai,GROWTH,2024-02-21
3914,Yash Sawhney,nattpallavi@example.com,5032507271,Chennai,GROWTH,2024-05-28
3915,Peter Shenoy,oviyabiswas@example.com,6997939828,Kolkata,GROWTH,2025-10-10
3916,Garima Dutta,pushtigrover@example.net,2623762965,Delhi,VALUE,2025-03-02
3917,Turvi Boase,bishakhanagi@example.net,4244165863,Delhi,GROWTH,2024-09-09
3918,Bachittar Ray,dseshadri@example.org,2624991443,Kolkata,VALUE,2025-11-22
3919,Lekha Bobal,charitahari@example.net,8763647643,Delhi,NEW,2024-01-14
3920,Abha Yogi,devanshmammen@example.com,4459233364,Chennai,PREMIUM,2024-06-04
3921,Arjun Sarna,nathanielgandhi@example.org,7030501061,Jaipur,GROWTH,2025-02-26
3922,Darpan Master,udanthegde@example.net,1697816864,Chennai,PREMIUM,2026-04-03
3923,Balveer Patla,hegdexiti@example.com,7222315687,Hyderabad,VALUE,2025-11-05
3924,Yasti Sarraf,nihalkalla@example.com,8128318445,Hyderabad,VALUE,2025-09-07
3925,Jeet Chawla,rajanmaanav@example.com,5822649710,Pune,GROWTH,2025-10-01
3926,Adweta Choudhury,mannebrijesh@example.net,1718152094,Chennai,GROWTH,2024-10-08
3927,Jeevika Sachar,mallchandani@example.org,7862180353,Chennai,PREMIUM,2025-02-07
3928,Lucky Kibe,deepanigam@example.org,5753365889,Mumbai,NEW,2026-03-08
3929,Shivansh Lalla,mohammedkrishnamurthy@example.com,9011427479,Pune,GROWTH,2025-10-18
3930,Forum Borah,rsavant@example.org,7602493282,Pune,GROWTH,2025-06-22
3931,Vyanjana Konda,utkarshpall@example.org,8574430491,Pune,GROWTH,2024-03-15
3932,Hema Merchant,oeshi29@example.net,2575504410,Delhi,VALUE,2025-10-21
3933,Ganga Seshadri,ronithsharaf@example.com,2784819285,Pune,VALUE,2024-11-25
3934,Anvi Banik,pandeyronith@example.com,4997292779,Pune,NEW,2024-12-12
3935,Manbir Vig,sarthakvig@example.com,0259495572,Mumbai,NEW,2025-08-29
3936,Atharv Kant,fariq90@example.com,0975324249,Kolkata,NEW,2024-12-20
3937,Janani Manne,bachittarloyal@example.com,2577352413,Chennai,VALUE,2025-05-30
3938,Nathan Mody,kpathak@example.com,6674691966,Hyderabad,VALUE,2024-01-12
3939,Ria Menon,trivediqasim@example.com,8886258420,Pune,GROWTH,2024-06-15
3940,Kabir Din,odayal@example.org,4422991724,Chennai,NEW,2025-04-29
3941,Leena Kurian,akshayahluwalia@example.com,7222249304,Chennai,VALUE,2026-05-11
3942,Ayaan Kakar,samaekaraj@example.net,8150497813,Bengaluru,VALUE,2025-11-15
3943,Manbir Arora,gmitter@example.com,7248723985,Jaipur,VALUE,2025-01-10
3944,Januja Trivedi,sshan@example.com,0163159910,Jaipur,PREMIUM,2026-05-21
3945,Vansha Garde,om91@example.com,8167528977,Mumbai,PREMIUM,2024-09-04
3946,Nachiket Thaker,jeevikarai@example.com,5100747164,Pune,PREMIUM,2026-03-14
3947,Kavya Radhakrishnan,rajlaban@example.net,1424799395,Delhi,VALUE,2024-12-29
3948,Omkaar Vohra,taraacharya@example.net,7755949583,Bengaluru,PREMIUM,2024-03-19
3949,Parth Sule,gaurangide@example.net,4331875357,Jaipur,GROWTH,2024-01-03
3950,Akshay Bhattacharyya,aishani11@example.net,7824434706,Mumbai,VALUE,2026-06-01
3951,Umang More,pillaiisha@example.net,6956860177,Hyderabad,VALUE,2025-07-31
3952,Udarsh Doctor,pgokhale@example.com,7421567398,Mumbai,GROWTH,2024-05-14
3953,Jagdish Hegde,dharpahal@example.net,8230074629,Pune,VALUE,2026-06-11
3954,Wishi Sharaf,asehgal@example.net,6142421466,Hyderabad,NEW,2024-02-07
3955,Vedant Jain,lankachandran@example.net,2226157696,Chennai,GROWTH,2024-10-28
3956,Bachittar Rastogi,neelima47@example.org,2254170940,Jaipur,GROWTH,2025-11-05
3957,Forum Tripathi,saisamra@example.com,3752319531,Chennai,PREMIUM,2024-02-17
3958,Anika Warrior,bhavyanair@example.org,6842658171,Pune,PREMIUM,2026-03-26
3959,Daksh Sekhon,arjunsani@example.com,5304300411,Delhi,VALUE,2025-09-02
3960,Yash Kunda,umang26@example.net,8065267497,Mumbai,GROWTH,2026-05-04
3961,Yash Kari,merchantthomas@example.com,1667201707,Jaipur,VALUE,2026-01-23
3962,Peter Baria,johalvanya@example.org,2410285630,Kolkata,GROWTH,2026-01-12
3963,Arunima Chand,manthan43@example.org,6825801941,Pune,PREMIUM,2024-07-23
3964,Devansh Deo,bhattacharyyagautami@example.net,2059380207,Hyderabad,GROWTH,2024-07-03
3965,Darsh Johal,pwalla@example.net,1176546304,Mumbai,GROWTH,2024-08-05
3966,Yagnesh Sood,patlawridesh@example.net,7011548908,Kolkata,VALUE,2024-05-18
3967,Guneet Yadav,grewalnihal@example.com,7800334280,Kolkata,GROWTH,2025-08-20
3968,Eiravati Bora,neelimamajumdar@example.net,4094052224,Mumbai,VALUE,2024-02-23
3969,Vanya Dada,cmanda@example.net,2526753490,Chennai,NEW,2025-01-20
3970,Fiyaz Soni,bbhatia@example.com,3742870118,Chennai,GROWTH,2025-06-07
3971,Harish Kale,smannan@example.org,9071969140,Hyderabad,NEW,2025-04-30
3972,Charita Andra,ckaul@example.com,4550732981,Jaipur,GROWTH,2025-03-14
3973,Isaac Savant,sharmafariq@example.net,7312743981,Delhi,NEW,2024-07-19
3974,Tanmayi Acharya,biswasbalhaar@example.org,4097310114,Bengaluru,VALUE,2024-04-08
3975,Niharika Madan,chaitalymann@example.net,4690130393,Delhi,VALUE,2026-06-08
3976,Patrick Narasimhan,prabhumanya@example.net,1207411328,Pune,VALUE,2025-02-22
3977,Yoshita Mander,kabir11@example.net,4200952969,Pune,VALUE,2025-06-19
3978,Aishani Wali,tmohanty@example.net,7534813404,Jaipur,NEW,2025-05-25
3979,Harita Maharaj,balati@example.com,5025717601,Chennai,PREMIUM,2024-11-28
3980,Ria Choudhury,bhagatdavid@example.com,4456969159,Mumbai,GROWTH,2025-10-12
3981,Vinaya Ahuja,rehaanbora@example.net,9286795006,Hyderabad,GROWTH,2024-12-04
3982,Yashodhara Singhal,oscar04@example.net,2531218319,Delhi,GROWTH,2025-01-07
3983,Nihal Gola,amolsachdeva@example.com,2788128169,Pune,GROWTH,2025-12-24
3984,Rachana Modi,lankafrederick@example.org,5920881846,Pune,NEW,2024-10-13
3985,Saanvi Oommen,bhargavatara@example.org,9841076860,Kolkata,GROWTH,2025-09-21
3986,Rishi Chopra,samuel10@example.com,6666320665,Bengaluru,PREMIUM,2025-08-22
3987,Tanay Mohanty,aditya31@example.com,6527538363,Bengaluru,VALUE,2024-01-28
3988,Ekaja Wali,cnadig@example.com,6696936100,Delhi,NEW,2025-09-07
3989,Harshil Mital,xaurora@example.com,5066072875,Hyderabad,VALUE,2025-12-22
3990,Mohammed Naik,pparmar@example.org,0443964151,Hyderabad,GROWTH,2024-08-31
3991,Rehaan Randhawa,jack48@example.org,2190934426,Kolkata,NEW,2026-04-02
3992,Nakul Dugar,ekbal56@example.org,2882761317,Kolkata,VALUE,2024-01-18
3993,Zaitra Som,jai42@example.com,8006005002,Mumbai,VALUE,2024-06-10
3994,Amruta Karnik,rbehl@example.org,3132255706,Bengaluru,GROWTH,2026-05-01
3995,Urmi Mitter,oommenvictor@example.net,0948954792,Chennai,GROWTH,2026-02-08
3996,Maanav Mohan,gcontractor@example.com,8303361925,Bengaluru,NEW,2025-11-10
3997,Irya Murty,dalalfariq@example.net,5643162948,Delhi,NEW,2025-06-27
3998,Darika Sandal,ughosh@example.com,4308363924,Kolkata,GROWTH,2024-06-29
3999,Omisha Ahluwalia,kundasarthak@example.com,3993492588,Pune,NEW,2025-03-16
4000,Christopher Rege,adyachoudhury@example.org,0738780971,Chennai,GROWTH,2025-05-24
4001,Logan Shan,pcheema@example.com,7914869960,Bengaluru,NEW,2024-03-21
4002,Anirudh Jain,advaith47@example.org,6173269879,Kolkata,VALUE,2025-06-19
4003,Aahana Menon,ijaya31@example.net,2604432569,Delhi,GROWTH,2024-03-21
4004,Arjun Nagy,tanejaryan@example.com,2887580014,Hyderabad,VALUE,2024-04-23
4005,Lavanya Nanda,grovermadhav@example.org,2381937965,Kolkata,VALUE,2024-06-02
4006,Tanveer Thakur,udhillon@example.net,1985894490,Jaipur,PREMIUM,2024-06-21
4007,Anusha Chhabra,mohanekani@example.net,2285406782,Bengaluru,VALUE,2024-03-14
4008,Xavier Dyal,charitabahri@example.net,5273433472,Pune,GROWTH,2026-05-11
4009,Varsha Singhal,vbanerjee@example.net,3020805680,Mumbai,PREMIUM,2025-12-23
4010,Madhavi Sur,udave@example.org,4717444491,Delhi,VALUE,2025-04-02
4011,Ati Prashad,nikitabarad@example.org,4061880471,Bengaluru,GROWTH,2024-11-27
4012,Harrison Bhalla,khannafalan@example.net,5634425406,Jaipur,PREMIUM,2024-06-21
4013,Anya Yogi,luthradaniel@example.org,8221717219,Pune,NEW,2026-05-04
4014,Raksha Mane,galasiya@example.net,6759256673,Hyderabad,VALUE,2025-12-18
4015,Urmi Desai,deshmukhqasim@example.net,0477941696,Bengaluru,NEW,2025-11-07
4016,Ekta Sachdev,umohan@example.org,7674997679,Mumbai,NEW,2025-02-27
4017,Matthew Mistry,aarini92@example.com,4367363333,Bengaluru,PREMIUM,2024-01-25
4018,Gaurang Sarma,rehaan45@example.org,0914489659,Mumbai,GROWTH,2025-07-28
4019,Falak Lad,nidhisandhu@example.com,8400027541,Mumbai,PREMIUM,2025-03-14
4020,Anthony Dey,varenyakibe@example.net,8558465286,Pune,NEW,2024-09-24
4021,Dipta Patel,bramesh@example.com,1955151720,Mumbai,VALUE,2024-10-10
4022,Tanish Gour,chackobaljiwan@example.com,0807131309,Delhi,NEW,2024-02-22
4023,Upadhriti Kari,gargkrishna@example.net,6962012028,Chennai,NEW,2026-02-23
4024,Janaki Nath,rdivan@example.org,5055996973,Bengaluru,GROWTH,2024-05-28
4025,Aashi Kumer,sandhuwaida@example.com,6735127612,Hyderabad,PREMIUM,2026-01-01
4026,Logan Dar,ovarughese@example.net,1614055684,Mumbai,GROWTH,2026-05-25
4027,Prisha Randhawa,dshah@example.net,8355555355,Mumbai,PREMIUM,2024-02-11
4028,Chanakya Wadhwa,aptewakeeta@example.org,7232641818,Hyderabad,NEW,2025-07-15
4029,Yauvani Prakash,zayanbhagat@example.net,0253946895,Pune,VALUE,2024-03-01
4030,Rajeshri Balay,jagratichacko@example.net,3877224288,Hyderabad,VALUE,2026-01-17
4031,Vyanjana Mandal,rayaanchatterjee@example.com,8016487615,Chennai,VALUE,2025-04-01
4032,Ekalinga Borra,dgokhale@example.net,8977404396,Chennai,NEW,2024-01-20
4033,Isaiah Wali,yuvrajsankaran@example.com,3118130918,Bengaluru,GROWTH,2025-11-26
4034,Yochana Chahal,ramnihal@example.org,3091286928,Bengaluru,NEW,2025-11-19
4035,Rayaan Bora,sehgalmatthew@example.net,5359055042,Hyderabad,GROWTH,2026-04-12
4036,Aradhana Shroff,jackson26@example.net,8826960269,Delhi,VALUE,2025-03-12
4037,Max Narayanan,rbhardwaj@example.net,6723747843,Pune,NEW,2026-04-19
4038,Qabil Nori,xsampath@example.org,7015989020,Chennai,GROWTH,2025-08-21
4039,Rachana Bail,bahrianika@example.org,4883591596,Bengaluru,GROWTH,2025-04-18
4040,Chaaya Ahuja,avigole@example.net,7871350552,Bengaluru,VALUE,2024-11-18
4041,Anirudh Anand,eraman@example.org,0054830305,Bengaluru,VALUE,2024-09-20
4042,Ekantika Sane,xbail@example.net,3564433671,Pune,VALUE,2025-07-12
4043,Aashi Kapoor,zkarnik@example.org,1418481243,Kolkata,GROWTH,2025-10-27
4044,Tanvi Iyer,hiralbasu@example.com,5756793770,Delhi,GROWTH,2024-02-02
4045,Michael Gulati,pravel@example.com,2987987994,Hyderabad,VALUE,2025-01-05
4046,Samuel Morar,yanand@example.net,4599995579,Delhi,VALUE,2024-02-11
4047,Harrison Bal,irya08@example.net,9468010467,Hyderabad,VALUE,2024-12-22
4048,Joshua Zachariah,bansalharinakshi@example.org,1919338318,Mumbai,GROWTH,2025-12-19
4049,Ekapad Narang,kamdarcaleb@example.com,8663888150,Bengaluru,NEW,2025-09-13
4050,Victor Joshi,jalsabava@example.net,8573845431,Hyderabad,GROWTH,2024-04-22
4051,Chavvi Gade,panchalkamala@example.com,6242274176,Bengaluru,VALUE,2025-10-07
4052,Anika Kaul,devika19@example.net,9205785422,Hyderabad,GROWTH,2024-01-13
4053,Isha Bala,ekansh24@example.org,0134987632,Kolkata,NEW,2024-01-12
4054,Ria Dasgupta,zbhatti@example.org,2041387795,Kolkata,PREMIUM,2026-04-01
4055,Atharv Sawhney,agastya29@example.net,1050949772,Delhi,NEW,2024-01-30
4056,Lajita Bawa,sarrafmohini@example.org,9982938232,Hyderabad,NEW,2024-08-26
4057,Reva Rastogi,thamanimaran@example.net,5910274897,Kolkata,GROWTH,2024-04-28
4058,Samesh Rai,shivansh67@example.net,6169662890,Chennai,NEW,2025-06-08
4059,Girik Gill,akshay32@example.org,1309987862,Mumbai,VALUE,2025-04-15
4060,Nicholas Kadakia,rsavant@example.net,1301723739,Chennai,NEW,2026-01-25
4061,Vrinda Parmar,danivanya@example.com,1206255280,Mumbai,NEW,2026-06-07
4062,Ojasvi Halder,xnatarajan@example.org,7109055449,Delhi,NEW,2025-11-02
4063,Gautam Tripathi,mallickraghav@example.com,7983742791,Pune,GROWTH,2025-02-24
4064,Vanya Kumer,rushil15@example.com,3033499660,Chennai,PREMIUM,2024-02-11
4065,Tanmayi Babu,kevin29@example.com,6255618021,Kolkata,VALUE,2026-04-10
4066,Lajita Salvi,yohannanyug@example.net,4599278938,Bengaluru,GROWTH,2025-05-19
4067,Harish Pant,mbanik@example.net,2448741116,Kolkata,GROWTH,2024-07-14
4068,Dayita Bhattacharyya,kalapanini@example.com,2432654346,Hyderabad,GROWTH,2025-05-02
4069,Charita Karnik,pushti75@example.com,3428722122,Pune,PREMIUM,2024-12-18
4070,Madhavi Sinha,npillai@example.com,3847699901,Delhi,VALUE,2024-11-11
4071,Anvi Naik,muttiyuvraj@example.com,9324352348,Delhi,VALUE,2025-02-11
4072,Lohit Kothari,mmane@example.net,7347492850,Kolkata,VALUE,2025-11-09
4073,Aditya Dave,watikaagarwal@example.net,6838205322,Kolkata,PREMIUM,2024-05-27
4074,Logan Singhal,gardedakshesh@example.com,6079648733,Jaipur,PREMIUM,2026-05-17
4075,Darsh Kadakia,balsarthak@example.com,3894199428,Bengaluru,PREMIUM,2024-02-26
4076,Kamya Sachdeva,agatejack@example.org,6865570917,Delhi,VALUE,2024-05-12
4077,Oni Gera,lukeahluwalia@example.net,1404503872,Jaipur,NEW,2025-08-31
4078,Zilmil Doshi,wriddhishkurian@example.org,8892061253,Chennai,PREMIUM,2024-05-10
4079,Janya Choudhary,mandra@example.net,4361584564,Mumbai,VALUE,2025-11-30
4080,Ayushman Tank,shettyidika@example.com,7267887067,Kolkata,VALUE,2025-10-23
4081,Damini Raval,ishaan66@example.org,9306627476,Jaipur,GROWTH,2025-01-21
4082,Alka Nagi,tarameghana@example.com,1102086138,Bengaluru,GROWTH,2025-02-12
4083,Atharv Narula,amaira90@example.com,7825030337,Kolkata,VALUE,2026-06-18
4084,Upma Banerjee,bhavyarastogi@example.net,0902638001,Kolkata,VALUE,2025-12-16
4085,Nikita Batra,saraflohit@example.org,8079819001,Chennai,VALUE,2025-07-22
4086,Omkaar Dugar,unnatisawhney@example.org,1634089197,Pune,VALUE,2024-05-06
4087,Alexander Palla,bcheema@example.com,8574482147,Bengaluru,VALUE,2025-06-14
4088,George Saini,baljiwan26@example.org,2380427205,Jaipur,NEW,2024-02-05
4089,Isaiah Soni,chasmumsachar@example.com,2236163643,Jaipur,GROWTH,2024-08-14
4090,Ojasvi Yadav,lucky18@example.net,6922115208,Jaipur,GROWTH,2025-09-20
4091,Krish Acharya,leela88@example.com,0443094784,Pune,PREMIUM,2025-01-01
4092,Vamakshi Singh,teerth39@example.com,4258427581,Delhi,GROWTH,2026-06-14
4093,Kabir Naidu,indira39@example.org,7159938886,Bengaluru,VALUE,2026-04-25
4094,Gopal Sridhar,godaviraj@example.net,6623853402,Hyderabad,VALUE,2024-03-26
4095,Rohan Dass,ridhi61@example.net,7635023717,Jaipur,VALUE,2026-03-06
4096,Yutika Dayal,chavvi43@example.net,4533145321,Chennai,GROWTH,2026-02-16
4097,Umang Butala,ridhikata@example.com,4832029697,Chennai,GROWTH,2024-04-05
4098,Netra Mandal,bhatiayauvani@example.com,0906201335,Mumbai,GROWTH,2024-12-12
4099,Zaid Kara,onori@example.net,1649369392,Kolkata,GROWTH,2026-05-03
4100,Qasim Mitra,cmohan@example.com,3430087312,Bengaluru,NEW,2024-01-16
4101,Turvi Venkatesh,henrywadhwa@example.net,7168350299,Delhi,VALUE,2024-02-22
4102,Karan Narang,aadhyagole@example.net,1444550561,Jaipur,GROWTH,2025-04-04
4103,Kavya Dhillon,aryanathan@example.com,4068286700,Mumbai,GROWTH,2026-05-07
4104,Lekha Bava,vidhiyogi@example.com,5601309646,Delhi,PREMIUM,2024-09-07
4105,Qabil Atwal,samakshmerchant@example.com,4224242534,Delhi,PREMIUM,2025-11-26
4106,Bahadurjit Khanna,nadigekaraj@example.org,8118750816,Hyderabad,PREMIUM,2025-09-16
4107,Mekhala Naidu,sandhuvyanjana@example.com,1332453953,Delhi,VALUE,2024-05-11
4108,Vasana Sule,virknilima@example.org,9199813852,Kolkata,GROWTH,2024-09-16
4109,Raghav Ravi,bahrikritika@example.com,6076471733,Chennai,NEW,2025-07-15
4110,Tanish Setty,yashasvi97@example.net,1516492010,Bengaluru,GROWTH,2025-03-09
4111,Ria Dalal,dayitadayal@example.net,1044768385,Delhi,NEW,2024-08-01
4112,Yoshita Nazareth,oviya58@example.org,9334271050,Hyderabad,GROWTH,2024-06-29
4113,Quincy Kumer,forumkrishna@example.net,1713562754,Mumbai,GROWTH,2025-05-16
4114,Vinaya Shan,mitalchaitaly@example.net,6325404365,Jaipur,GROWTH,2026-01-15
4115,Hema Venkataraman,andrew39@example.net,8701502434,Bengaluru,GROWTH,2025-01-06
4116,Dev Pau,hhari@example.org,9185438115,Hyderabad,NEW,2026-04-12
4117,Atharv Date,krishna69@example.org,0914189652,Delhi,VALUE,2025-08-23
4118,Utkarsh Shankar,kurianchaitaly@example.net,3047633985,Mumbai,GROWTH,2024-12-29
4119,Jai Merchant,ibassi@example.net,7566131378,Mumbai,GROWTH,2025-09-28
4120,Idika Mohanty,onarayanan@example.org,0034292861,Delhi,NEW,2025-02-07
4121,Rajata Butala,farajpadmanabhan@example.net,7529896961,Pune,GROWTH,2025-11-12
4122,Mitali Vaidya,anthonysrinivas@example.org,8870337363,Jaipur,NEW,2026-06-03
4123,Lucky Kapadia,nchawla@example.org,9469603314,Jaipur,NEW,2025-12-10
4124,Rushil Pandya,watika86@example.org,0368419234,Bengaluru,VALUE,2024-05-07
4125,Champak Walia,parmerdavid@example.net,3907525037,Kolkata,NEW,2024-03-05
4126,Victor Wali,williammalhotra@example.com,8503366653,Chennai,NEW,2025-12-28
4127,Kavya Dutt,golamanthan@example.net,6215438530,Delhi,VALUE,2026-02-01
4128,Noah Kara,idika41@example.net,1170233921,Delhi,GROWTH,2025-05-25
4129,Panini Jain,ryantaneja@example.net,0307427228,Chennai,VALUE,2024-08-08
4130,Chandran Rattan,modivyanjana@example.net,8075938392,Hyderabad,GROWTH,2026-03-03
4131,Madhavi Vig,maanav50@example.com,0386827609,Delhi,VALUE,2025-02-07
4132,Vamakshi Sidhu,tristan82@example.org,3498520573,Jaipur,PREMIUM,2024-09-20
4133,Laban Mital,ishanibhargava@example.net,1502732224,Pune,GROWTH,2024-11-25
4134,Falan Krishnamurthy,savantyashoda@example.com,5810858582,Chennai,GROWTH,2024-09-23
4135,Sathvik Bhavsar,vsekhon@example.com,7881847849,Jaipur,VALUE,2024-09-11
4136,Nirja Dey,banerjeeekani@example.org,7626507649,Jaipur,PREMIUM,2024-10-20
4137,Vasana Dyal,veda60@example.net,3902709485,Jaipur,GROWTH,2025-08-29
4138,Mahika Dutta,manyasethi@example.org,4911689768,Bengaluru,GROWTH,2024-01-15
4139,Mahika Hari,lopabir@example.com,4955831929,Jaipur,VALUE,2024-11-22
4140,Inaya Bobal,zehaansodhi@example.com,2945784930,Chennai,VALUE,2024-06-01
4141,Anya Dey,parekhgirik@example.com,6593153990,Pune,GROWTH,2025-08-06
4142,Jatin Doshi,masonmutti@example.com,1977650719,Kolkata,NEW,2026-06-14
4143,Sachi Dhar,pbhatt@example.com,9429217590,Mumbai,VALUE,2025-12-10
4144,Falak Apte,aishanikhurana@example.com,3841284537,Hyderabad,PREMIUM,2024-08-12
4145,Deepa Viswanathan,hema17@example.net,7734303544,Mumbai,VALUE,2025-04-06
4146,Urishilla Kata,shivanipathak@example.net,5543706954,Bengaluru,PREMIUM,2024-01-18
4147,Chanchal Dash,msom@example.org,1144995006,Hyderabad,VALUE,2025-01-06
4148,Mitesh Bobal,qbir@example.com,2585664603,Kolkata,GROWTH,2024-09-07
4149,Anita Baria,buchwaida@example.net,0564529678,Kolkata,GROWTH,2025-03-27
4150,Aadhya Chowdhury,gabriel96@example.com,3488165280,Hyderabad,VALUE,2025-01-02
4151,Pooja Ganguly,bhasindarsh@example.net,5130256260,Bengaluru,VALUE,2025-09-06
4152,Bishakha Kar,falaksachar@example.net,9944097279,Chennai,GROWTH,2025-05-08
4153,Gaurang Patil,forumsandhu@example.org,9533005068,Jaipur,GROWTH,2026-04-25
4154,Warda Sankaran,pvenkatesh@example.net,3593227777,Jaipur,NEW,2024-03-02
4155,Dakshesh Cheema,esridhar@example.com,6018728129,Mumbai,GROWTH,2026-04-30
4156,Anya Krishnamurthy,abha02@example.org,7996400633,Mumbai,NEW,2025-12-12
4157,Oni Krishnamurthy,urishilla14@example.com,0389449912,Pune,GROWTH,2025-10-03
4158,Fiyaz Arya,hanssiya@example.com,5488575227,Bengaluru,VALUE,2026-01-12
4159,Vedika Kibe,dattanihal@example.com,8619571414,Mumbai,VALUE,2024-02-15
4160,Timothy Saraf,raagini52@example.net,3431230221,Delhi,GROWTH,2024-07-10
4161,Hemang Sura,krishasrinivas@example.com,1359246812,Hyderabad,VALUE,2024-01-01
4162,Zilmil Raja,dgola@example.com,0591784289,Hyderabad,NEW,2025-12-19
4163,Hritik Chaudhari,harita40@example.org,5558471336,Chennai,PREMIUM,2024-11-15
4164,Jacob Khare,yashvi93@example.net,1557630657,Mumbai,GROWTH,2024-11-21
4165,Oviya Ramesh,npatel@example.com,1989067386,Pune,GROWTH,2025-07-03
4166,Idika Sarraf,warjas64@example.net,6928072229,Pune,GROWTH,2025-01-15
4167,Baljiwan Rastogi,pratyushbawa@example.net,8944053536,Hyderabad,GROWTH,2025-07-27
4168,Atharv Kalita,raksha05@example.com,5673953874,Mumbai,VALUE,2026-04-22
4169,Arjun Narasimhan,warda65@example.net,1339736911,Chennai,VALUE,2024-10-25
4170,Brinda Sachar,advaybir@example.net,4217308068,Pune,VALUE,2026-03-13
4171,Tanmayi Kulkarni,xrajan@example.net,5630773924,Bengaluru,VALUE,2025-04-24
4172,Hemangini Pandey,sanayabhatia@example.com,5386306315,Bengaluru,PREMIUM,2024-12-03
4173,Aradhana Sehgal,yastizachariah@example.com,0199737915,Chennai,VALUE,2026-04-07
4174,Ekta Shanker,zilmilseshadri@example.org,5936328052,Bengaluru,VALUE,2025-03-15
4175,Naveen Kadakia,zarna34@example.net,3851328994,Hyderabad,NEW,2024-04-24
4176,Nandini Pall,umang02@example.net,2877127723,Bengaluru,NEW,2024-09-14
4177,Xalak Chakraborty,jkhatri@example.com,6787769902,Bengaluru,GROWTH,2026-01-30
4178,Indira Yohannan,anamika24@example.org,5414395174,Pune,GROWTH,2025-04-08
4179,Edhitha Mohan,aashiwason@example.org,9099201658,Hyderabad,PREMIUM,2025-05-19
4180,Gautam Ravi,panini88@example.com,5662830733,Hyderabad,VALUE,2025-09-05
4181,Widisha Grewal,zachariasiya@example.com,8406182528,Pune,GROWTH,2024-06-24
4182,Samaksh Lanka,aadhyaghosh@example.com,8215183104,Bengaluru,VALUE,2024-03-24
4183,Indali Nazareth,damyantisarna@example.com,9314840759,Delhi,GROWTH,2025-01-31
4184,Janaki Dutta,choudhuryindali@example.com,6721248987,Kolkata,NEW,2026-04-07
4185,Ekantika Babu,ehari@example.net,1438597158,Delhi,PREMIUM,2024-04-24
4186,Ranveer Mukherjee,omniharika@example.org,4812043198,Chennai,NEW,2025-10-08
4187,Pranav Rao,edugar@example.net,7588552373,Bengaluru,PREMIUM,2026-05-31
4188,Rushil Chander,ykakar@example.com,2429903723,Mumbai,GROWTH,2024-03-28
4189,Nidhi Lall,keerwarhi@example.org,1139955265,Delhi,PREMIUM,2024-04-29
4190,Harini Walia,manneanmol@example.net,8727394168,Jaipur,PREMIUM,2026-02-21
4191,Mekhala Deol,faqiddalal@example.com,1229225755,Hyderabad,GROWTH,2024-04-07
4192,Hemang Memon,xsagar@example.net,9783855508,Bengaluru,VALUE,2025-10-31
4193,Ekiya Kar,samraomkaar@example.com,7969411393,Pune,GROWTH,2025-12-18
4194,Banjeet Korpal,uvirk@example.net,3802207493,Delhi,VALUE,2024-10-08
4195,Anusha Bal,zsrinivasan@example.org,3514984228,Chennai,GROWTH,2024-09-19
4196,Udarsh Kanda,thakkarlakshit@example.org,2207907834,Hyderabad,VALUE,2025-04-14
4197,Upkaar Sarraf,ucchal92@example.org,6257693222,Chennai,GROWTH,2025-03-31
4198,Maanav Arora,wakeeta68@example.com,0224652681,Delhi,VALUE,2026-02-13
4199,Yagnesh Bail,rbasak@example.com,9748684549,Jaipur,VALUE,2025-06-17
4200,Reva Sachdeva,ramanathansaanvi@example.org,9700259267,Mumbai,GROWTH,2026-05-21
4201,Nitara Grewal,zilmil95@example.com,3354927152,Pune,VALUE,2024-08-03
4202,Lila Lal,gaurishan@example.net,9368145491,Pune,NEW,2024-09-09
4203,Adya Sankar,orinder35@example.org,3579612275,Bengaluru,GROWTH,2024-08-04
4204,Janya Keer,balranbir@example.com,3404822615,Mumbai,GROWTH,2025-08-08
4205,Ishanvi Bose,kapoorriya@example.org,6128437321,Bengaluru,VALUE,2024-01-31
4206,Ekanta Koshy,harita42@example.com,2169983360,Kolkata,NEW,2026-02-13
4207,Gopal Tripathi,echar@example.com,7034665202,Jaipur,GROWTH,2025-11-25
4208,Dipta Cheema,zarna22@example.org,9273712391,Jaipur,GROWTH,2026-06-08
4209,Ijaya Kapur,nathfrado@example.com,1122918546,Mumbai,VALUE,2026-05-12
4210,Amruta Bera,agarwalshravya@example.org,1537771831,Chennai,PREMIUM,2024-03-04
4211,Raksha Tank,eshan@example.net,4486270126,Mumbai,NEW,2025-11-03
4212,Dhruv Garg,hhora@example.org,3365507516,Pune,GROWTH,2025-03-29
4213,Saumya Bhandari,ramanchameli@example.com,2532832570,Hyderabad,VALUE,2025-10-23
4214,Vansha Divan,ronithhans@example.com,3859916729,Pune,VALUE,2026-02-25
4215,Irya Bhattacharyya,neel55@example.org,7562927211,Pune,VALUE,2025-06-08
4216,Zayyan Bala,jalsakonda@example.org,4804263481,Jaipur,PREMIUM,2024-01-03
4217,Raagini Deol,gaurangbali@example.org,3483394619,Hyderabad,NEW,2026-02-17
4218,Tanveer Seth,geetikamital@example.net,9648120003,Bengaluru,NEW,2025-01-28
4219,Daksha Narayanan,useshadri@example.net,2060875233,Chennai,PREMIUM,2025-02-16
4220,Yashoda Ray,masterishita@example.net,9019814665,Mumbai,VALUE,2025-06-09
4221,Divya Ahuja,csinha@example.org,5993851628,Delhi,NEW,2026-03-31
4222,Ishita Dar,srinivasanaarav@example.com,1225105585,Chennai,VALUE,2025-04-18
4223,Devansh Wagle,qwalia@example.net,3528046575,Kolkata,VALUE,2024-07-05
4224,Neel Hayer,kalahayre@example.org,3841319752,Chennai,PREMIUM,2025-10-21
4225,Praneel Golla,bhavsaramaira@example.org,8701817889,Kolkata,VALUE,2025-07-23
4226,Warda Dar,damini56@example.org,8146365589,Mumbai,NEW,2024-02-28
4227,Gaurav Chandra,nsinha@example.net,4663389363,Hyderabad,NEW,2025-04-24
4228,Lila Reddy,rajeshritella@example.com,3854389384,Chennai,PREMIUM,2025-12-07
4229,Urvi Devi,onimital@example.net,5656254340,Bengaluru,PREMIUM,2026-03-06
4230,Qadim Char,dayamai98@example.org,4059125810,Delhi,GROWTH,2024-09-11
4231,Isha Goel,ravalrishi@example.org,7524400797,Delhi,VALUE,2025-04-15
4232,Zayyan Tata,wsen@example.org,1534215199,Jaipur,PREMIUM,2026-01-11
4233,Qarin Lad,avipurohit@example.net,6262774843,Chennai,GROWTH,2025-06-09
4234,Sai Karan,maharajlogan@example.net,2611108680,Bengaluru,NEW,2025-01-12
4235,Finn Nori,manan99@example.org,2891368306,Bengaluru,VALUE,2024-06-14
4236,Girindra Viswanathan,chakrabortyparth@example.com,8366856220,Delhi,VALUE,2024-02-08
4237,Anmol Bhat,nlala@example.net,5794689960,Jaipur,GROWTH,2025-09-13
4238,Kashvi Chandran,chandresh69@example.net,2292497899,Delhi,PREMIUM,2026-05-17
4239,Aarav Wadhwa,dgara@example.net,0115180236,Kolkata,PREMIUM,2025-06-24
4240,Aayush Narain,yadavisrinivasan@example.org,0076013124,Mumbai,NEW,2025-12-03
4241,Damini Bala,chandralakshit@example.org,3837582976,Bengaluru,VALUE,2025-09-01
4242,Ekaraj Gera,yastidora@example.net,0583215284,Bengaluru,GROWTH,2024-11-09
4243,Wishi Gopal,banjeetcheema@example.com,9651201633,Kolkata,VALUE,2025-04-15
4244,Hemani Chatterjee,pillaiikshita@example.com,3458126917,Delhi,VALUE,2024-08-31
4245,Kavya Goel,fsandhu@example.com,4500511904,Bengaluru,GROWTH,2024-07-19
4246,Peter Tripathi,ramayochana@example.org,7044217085,Bengaluru,GROWTH,2025-06-14
4247,Sai Balasubramanian,balvanmukherjee@example.net,0605300030,Bengaluru,GROWTH,2025-08-04
4248,Jai Muni,ahujaeta@example.net,2441425515,Mumbai,GROWTH,2026-06-07
4249,Hritik Palla,osha80@example.org,7136567666,Jaipur,GROWTH,2024-07-31
4250,Zarna Ganesh,jagatmahal@example.org,9468931846,Hyderabad,NEW,2024-09-18
4251,Widisha Hans,omajaacharya@example.com,4641961772,Hyderabad,VALUE,2024-05-29
4252,Geetika Sha,mlala@example.org,4123042497,Hyderabad,VALUE,2026-05-03
4253,Sara Dada,chokshijagdish@example.com,1198707821,Jaipur,PREMIUM,2025-12-04
4254,Hamsini Koshy,gaurangi99@example.org,8814858982,Bengaluru,PREMIUM,2024-10-24
4255,Lohit Khatri,somhritik@example.net,7744300520,Bengaluru,NEW,2026-05-22
4256,Raghav Raval,mbatta@example.org,6558116692,Bengaluru,VALUE,2025-09-25
4257,Ishita Bhargava,ladlimaster@example.org,2138267153,Bengaluru,GROWTH,2025-03-04
4258,Hardik Venkatesh,usaha@example.net,3962558144,Delhi,NEW,2024-12-09
4259,Ekani Vyas,andrewpillay@example.net,4288269283,Chennai,GROWTH,2025-05-27
4260,Sai Mandal,samar60@example.net,1293414554,Delhi,GROWTH,2024-03-17
4261,Krishna Sem,bordeosha@example.net,9239190817,Mumbai,NEW,2024-06-03
4262,Brinda Sandhu,chhabrafitan@example.com,1604886476,Mumbai,VALUE,2026-04-22
4263,Radhika Purohit,omajabadami@example.net,9527829101,Bengaluru,PREMIUM,2024-07-04
4264,Vritti Bajwa,nmanne@example.net,6268482507,Kolkata,NEW,2024-05-27
4265,Hemang Nagy,januja34@example.net,9857171770,Chennai,VALUE,2026-02-12
4266,Lopa Mohan,ijohal@example.org,7207091200,Jaipur,PREMIUM,2026-04-30
4267,Bhavna Bhakta,sachdevbahadurjit@example.org,8587470335,Bengaluru,GROWTH,2026-01-06
4268,Raghav Chakraborty,ronith53@example.net,8969284997,Jaipur,NEW,2024-04-02
4269,Oscar Murthy,parmerthomas@example.org,8183973363,Delhi,NEW,2026-01-25
4270,Ayaan Batta,rachana24@example.net,4413069666,Chennai,NEW,2024-08-28
4271,Lekha Guha,mitalwarhi@example.org,5109920220,Kolkata,VALUE,2024-01-10
4272,Charles Saraf,nisha48@example.net,8650324496,Chennai,PREMIUM,2026-04-08
4273,Yashoda Prabhakar,ekantika51@example.net,7206762755,Jaipur,NEW,2024-08-28
4274,Tanish Chaudhary,kkade@example.net,9247684288,Bengaluru,GROWTH,2025-08-15
4275,Quincy Kant,azad57@example.net,7213622949,Delhi,GROWTH,2024-03-07
4276,Elijah Jani,harish19@example.org,1436337785,Kolkata,VALUE,2024-06-19
4277,Samuel Aurora,rushil91@example.net,3704038010,Delhi,NEW,2026-03-03
4278,Lakshmi Jha,keeryochana@example.net,2115889708,Kolkata,VALUE,2025-06-16
4279,Bina Agrawal,randhawamugdha@example.com,7763636251,Pune,VALUE,2026-06-17
4280,Ganga Goel,nbala@example.net,6429273220,Kolkata,NEW,2024-06-11
4281,Vedant Prabhu,mohammed18@example.com,2076952900,Hyderabad,NEW,2026-03-12
4282,Chaitanya Dugal,twali@example.org,4347676728,Jaipur,NEW,2026-02-25
4283,Yatin Kuruvilla,ranbir94@example.org,4704483807,Mumbai,GROWTH,2026-04-11
4284,Dayita Jayaraman,baliyutika@example.net,8901454743,Hyderabad,VALUE,2024-02-14
4285,Nimrat Anne,etazacharia@example.net,2120830370,Delhi,GROWTH,2024-04-04
4286,Odika Purohit,veda83@example.net,3328422216,Kolkata,VALUE,2025-04-21
4287,Ranveer Sura,handavanya@example.org,4102313568,Pune,NEW,2024-04-14
4288,Advaith Rana,snehasinha@example.org,0538290327,Kolkata,GROWTH,2024-02-27
4289,Saumya Dave,dubecharan@example.com,2673336592,Kolkata,GROWTH,2025-12-31
4290,Ekavir Contractor,hmohan@example.com,8218074100,Bengaluru,VALUE,2025-09-17
4291,Nathan Suresh,davidshan@example.com,2584872057,Delhi,GROWTH,2026-01-29
4292,Qadim Yadav,zbrahmbhatt@example.org,8276862140,Jaipur,NEW,2026-04-22
4293,Oliver Kunda,anthony95@example.net,7635558947,Hyderabad,PREMIUM,2024-05-08
4294,Bhavani Yadav,mahalakshay@example.com,1457112608,Delhi,VALUE,2026-01-17
4295,Bhavani Lal,boraharrison@example.org,9891850336,Jaipur,VALUE,2024-02-09
4296,Jagdish Rana,fborde@example.org,7171500280,Jaipur,GROWTH,2024-11-30
4297,Gabriel Tank,baradanya@example.net,2850182847,Hyderabad,VALUE,2024-09-24
4298,Joshua Vasa,daksha12@example.net,4244205702,Kolkata,NEW,2024-08-01
4299,Upasna Srinivas,zashiltoor@example.org,2010385183,Delhi,PREMIUM,2025-10-08
4300,Isaac Karnik,maneeshana@example.org,6551644347,Delhi,VALUE,2024-04-18
4301,Lipika Gour,eta39@example.com,5673844277,Bengaluru,PREMIUM,2025-12-29
4302,Ekansh Khurana,ekantikapatel@example.com,3203724884,Pune,GROWTH,2026-02-25
4303,Kamala Sarma,magaramruta@example.org,6926426289,Mumbai,VALUE,2025-08-22
4304,Riya Barman,sanayabhat@example.org,0328243435,Delhi,GROWTH,2024-03-13
4305,Shivansh Nadkarni,halderkai@example.org,2289492723,Pune,VALUE,2025-06-20
4306,Akshay Dua,madhav94@example.org,2446004045,Kolkata,GROWTH,2025-07-19
4307,Zashil Gill,hsankar@example.org,4709817037,Pune,NEW,2024-12-01
4308,Turvi Iyer,moraryutika@example.org,5062161175,Kolkata,NEW,2024-11-26
4309,Mahika Rai,zashilbarad@example.net,0734225364,Kolkata,VALUE,2025-02-26
4310,Bishakha Tiwari,woza@example.org,6385669784,Chennai,GROWTH,2026-06-15
4311,Umang Gour,ibose@example.org,0005918680,Chennai,VALUE,2024-01-04
4312,Gautami Sarna,tsachar@example.net,9621172515,Kolkata,GROWTH,2025-04-02
4313,Ridhi Boase,zaitra10@example.org,5547640116,Bengaluru,VALUE,2024-10-12
4314,Bhavna Dyal,bhattnitesh@example.net,3451343115,Delhi,GROWTH,2025-05-08
4315,Eesha Bhandari,theodorebajaj@example.org,8059107023,Kolkata,VALUE,2024-01-04
4316,Dhruv Rout,lsha@example.com,4387526119,Bengaluru,NEW,2026-04-06
4317,Omkaar Nagy,jyoti67@example.org,0219775998,Jaipur,NEW,2025-02-15
4318,Balvan Dhar,timothyhanda@example.com,0182529644,Hyderabad,VALUE,2026-05-22
4319,Vivaan Ahuja,hardik43@example.com,7783920493,Kolkata,PREMIUM,2024-05-18
4320,Aarush Bhardwaj,maya22@example.net,4225788150,Delhi,VALUE,2025-06-09
4321,Jagdish Kapur,suraishani@example.net,6201696753,Pune,PREMIUM,2025-09-03
4322,Ethan Bahri,murthyryan@example.net,6195317236,Hyderabad,VALUE,2025-12-17
4323,Libni Mandal,oommenjhalak@example.org,3892039283,Hyderabad,VALUE,2024-01-09
4324,Shivani Khanna,neel81@example.com,0481963883,Bengaluru,PREMIUM,2025-07-25
4325,Zashil Pai,mekhaladua@example.com,7597527634,Jaipur,GROWTH,2024-05-13
4326,Varenya Dua,lswamy@example.org,3276744475,Hyderabad,GROWTH,2025-01-19
4327,Jagvi Kapur,thakervritti@example.org,3037915439,Kolkata,GROWTH,2024-02-18
4328,Bhavini Ghosh,hmangat@example.org,8741161345,Hyderabad,VALUE,2024-02-21
4329,Aarini Dyal,fariq57@example.net,7137602212,Delhi,VALUE,2025-11-20
4330,Ansh Sankaran,prakashharinakshi@example.com,4643338499,Jaipur,GROWTH,2025-10-07
4331,Maanas Basak,muniishanvi@example.net,8310214518,Mumbai,GROWTH,2026-03-16
4332,Nirja Karan,oliver96@example.com,5204623306,Bengaluru,VALUE,2025-09-22
4333,Jeremiah Pandit,eeshadey@example.org,7548437579,Kolkata,GROWTH,2025-06-20
4334,Nidra Sama,sulerushil@example.org,2345575941,Jaipur,GROWTH,2024-04-15
4335,Triveni Sethi,lohit48@example.com,6139000774,Jaipur,PREMIUM,2025-11-19
4336,Lipika Sheth,darpanedwin@example.org,8355108322,Hyderabad,NEW,2024-07-26
4337,Geetika Nanda,faqidshanker@example.org,2404631475,Kolkata,GROWTH,2024-04-05
4338,Kiaan Wagle,xmurthy@example.org,1117602170,Bengaluru,GROWTH,2025-10-20
4339,Yatan Kalla,adyadhingra@example.org,8898742958,Pune,GROWTH,2025-06-13
4340,Robert Patla,gautami78@example.org,4878164710,Chennai,VALUE,2024-05-14
4341,Nilima Prasad,hredhaanmannan@example.com,2417845043,Delhi,VALUE,2025-05-09
4342,Tanay Ramaswamy,udevan@example.com,4291673244,Hyderabad,VALUE,2025-09-13
4343,Upma Chopra,darshkamdar@example.org,0959661690,Hyderabad,NEW,2025-03-24
4344,Charita Sachar,avnibhattacharyya@example.org,1284461060,Bengaluru,VALUE,2025-10-08
4345,Ryan Kalla,aurorajack@example.org,0698512468,Bengaluru,GROWTH,2025-03-30
4346,Naksh Rajagopalan,dominicmanda@example.com,0581731323,Chennai,GROWTH,2024-11-14
4347,Pranit Savant,damyanti21@example.com,1190120874,Delhi,GROWTH,2024-07-20
4348,Samuel Raju,udyatisridhar@example.net,3812198201,Mumbai,NEW,2024-08-20
4349,Anjali Dugal,prabhugautami@example.net,7902035637,Kolkata,PREMIUM,2025-12-29
4350,Rudra Dora,kiaansridhar@example.com,9687701793,Bengaluru,VALUE,2024-12-01
4351,Edhitha Sidhu,dateprisha@example.org,0717456378,Chennai,PREMIUM,2025-10-06
4352,Kalpit Sur,unnati69@example.net,4635479093,Chennai,GROWTH,2024-11-19
4353,Balendra Chatterjee,cvasa@example.net,9004369655,Chennai,VALUE,2025-04-17
4354,Frederick Bail,indalirau@example.net,7019696648,Hyderabad,PREMIUM,2025-06-30
4355,Chatresh Narula,emohan@example.org,7339119769,Hyderabad,PREMIUM,2025-03-05
4356,Dhriti Parikh,ijayaaurora@example.com,6252920183,Kolkata,VALUE,2025-10-31
4357,Matthew Kala,nmann@example.net,0721795742,Jaipur,NEW,2026-04-11
4358,Dominic Patil,kseth@example.net,2483023335,Bengaluru,GROWTH,2026-02-14
4359,Sanya Soman,mrau@example.org,8534244551,Pune,GROWTH,2026-04-09
4360,Parth Mann,btoor@example.org,1916136641,Jaipur,VALUE,2024-01-27
4361,Harrison Dutta,gchowdhury@example.net,0315484145,Delhi,VALUE,2025-11-14
4362,Nihal Sagar,xalak50@example.net,7451769848,Kolkata,GROWTH,2025-10-15
4363,Nimrat Dutt,qarin20@example.org,0757927030,Hyderabad,GROWTH,2025-01-06
4364,Avni Krish,dhawanveda@example.org,9760850926,Jaipur,GROWTH,2024-10-09
4365,Manan Saxena,lucky25@example.net,3468839354,Chennai,PREMIUM,2024-02-17
4366,Balveer Deshmukh,warinderdevi@example.org,6547597848,Kolkata,VALUE,2026-01-24
4367,Urvashi Raghavan,modivincent@example.org,9738268776,Mumbai,PREMIUM,2026-01-26
4368,Onkar Bahri,rayfalan@example.com,4292577341,Mumbai,NEW,2024-03-09
4369,Ridhi Gopal,tsinha@example.net,5424730417,Jaipur,PREMIUM,2025-06-07
4370,Anmol Swamy,odika97@example.org,3566817803,Chennai,PREMIUM,2025-05-11
4371,Harinakshi Chada,hcontractor@example.net,8755638041,Chennai,NEW,2024-06-04
4372,Ekapad Goel,ekansh11@example.com,1484449931,Mumbai,VALUE,2025-05-08
4373,Charita Ramesh,isetty@example.org,0219146566,Mumbai,PREMIUM,2025-12-31
4374,Indrajit Hegde,hegdewarda@example.org,7960705018,Kolkata,NEW,2024-10-20
4375,Brinda Chacko,jyoti86@example.org,2597366875,Bengaluru,GROWTH,2025-10-15
4376,Warda Babu,neelimamitra@example.org,1092732480,Chennai,VALUE,2026-05-23
4377,Omkaar Patla,nehagokhale@example.net,6343457746,Bengaluru,NEW,2025-02-13
4378,Rehaan Varghese,harinakshi88@example.net,3025547465,Bengaluru,VALUE,2024-04-06
4379,Zinal Bajwa,krisha93@example.com,8182039735,Mumbai,VALUE,2024-09-24
4380,Eiravati Ganesan,mandtriya@example.net,4352792996,Jaipur,VALUE,2024-05-02
4381,William Mohan,bpal@example.net,4475163090,Jaipur,GROWTH,2024-11-13
4382,Saumya Sant,parikhtripti@example.net,8432235942,Delhi,GROWTH,2025-08-02
4383,Banjeet Mahajan,birwidisha@example.net,8293870241,Bengaluru,GROWTH,2024-07-01
4384,Faris Natarajan,damyanti40@example.org,3063142054,Chennai,NEW,2025-04-07
4385,Kalpit Anne,vinayalad@example.net,8487900682,Hyderabad,GROWTH,2026-06-17
4386,Chasmum Rai,onkar44@example.org,6995399698,Pune,GROWTH,2024-08-26
4387,Upma Rai,zjayaraman@example.com,5621134612,Bengaluru,NEW,2026-03-02
4388,Balendra Madan,sben@example.com,0984440413,Delhi,NEW,2024-09-30
4389,Gautami Peri,hshanker@example.org,9131825511,Bengaluru,VALUE,2025-07-06
4390,Niharika Oommen,rayekansh@example.net,1912182160,Chennai,VALUE,2024-05-21
4391,Hiral Lal,vrishtisastry@example.net,8032452698,Mumbai,GROWTH,2024-08-29
4392,Vrinda Manda,chakrikasehgal@example.com,5942377329,Kolkata,NEW,2026-02-19
4393,Fiyaz Sengupta,omisha78@example.net,5653043527,Delhi,GROWTH,2025-06-14
4394,Eiravati Upadhyay,kavya27@example.org,1904523656,Delhi,VALUE,2025-05-27
4395,Arin Dave,harshvarty@example.net,9474473366,Chennai,PREMIUM,2025-04-04
4396,Xavier Borde,nadkarniojasvi@example.com,0994494094,Chennai,PREMIUM,2024-08-08
4397,Kashvi Bhattacharyya,bhavani13@example.com,1611137692,Bengaluru,GROWTH,2026-04-16
4398,Warjas Chahal,indira57@example.net,4905410892,Bengaluru,NEW,2024-12-20
4399,Aditya Arya,ubalan@example.com,3280858555,Delhi,PREMIUM,2024-01-11
4400,Ekavir Dugal,soniriya@example.net,7739551766,Pune,PREMIUM,2026-03-27
4401,Ganga Cherian,morekashvi@example.com,7726955328,Hyderabad,PREMIUM,2024-02-11
4402,Daksh Dewan,avibahri@example.org,9396808354,Delhi,PREMIUM,2026-03-09
4403,Finn Grewal,ghayre@example.com,9933685561,Hyderabad,GROWTH,2024-08-27
4404,Gavin Aggarwal,doraurishilla@example.org,3340868393,Jaipur,GROWTH,2024-03-03
4405,Viraj Kade,parth12@example.net,5055500333,Bengaluru,PREMIUM,2024-07-17
4406,Fariq Ram,lavanya72@example.com,9496855712,Jaipur,GROWTH,2025-08-11
4407,Reyansh Soni,perijasmit@example.com,1503343143,Bengaluru,GROWTH,2025-05-06
4408,Warhi Grewal,etacheema@example.com,9598734526,Mumbai,VALUE,2024-05-17
4409,Bhavna Bhat,omani@example.net,6317145487,Bengaluru,PREMIUM,2024-09-27
4410,Qasim Tripathi,raagini52@example.net,4768747567,Bengaluru,GROWTH,2024-07-08
4411,Fariq Goda,jmorar@example.net,8900433749,Delhi,VALUE,2025-08-10
4412,Adya Dhawan,tarak74@example.org,4038031977,Chennai,GROWTH,2026-02-16
4413,Jatin Borra,miteshbajwa@example.org,6469137275,Bengaluru,VALUE,2024-08-17
4414,Rachit Nagy,charanmaharaj@example.org,4046604551,Pune,NEW,2026-03-16
4415,Nicholas Rana,sahotabrinda@example.net,4961036977,Hyderabad,NEW,2025-01-02
4416,Nitara Toor,dbarman@example.org,8955329286,Hyderabad,GROWTH,2024-03-15
4417,Tejas Sandhu,koak@example.net,3436385649,Hyderabad,GROWTH,2024-10-17
4418,Hemani Khosla,chhabraarya@example.net,7074958358,Mumbai,PREMIUM,2026-02-25
4419,Zayan Manda,dsaini@example.net,2406993117,Pune,GROWTH,2025-12-28
4420,Dhruv Bhatia,oseth@example.com,5052288815,Delhi,NEW,2025-10-17
4421,Wakeeta Padmanabhan,kashvibandi@example.org,3138005134,Pune,VALUE,2024-12-24
4422,Qushi Buch,naveendalal@example.net,2472427011,Jaipur,VALUE,2025-11-29
4423,Advik Chakrabarti,madhavi93@example.org,9486861409,Kolkata,GROWTH,2025-10-01
4424,Janaki Bhatti,prasadaarav@example.com,0543494103,Hyderabad,VALUE,2025-12-13
4425,Eiravati Seshadri,benjamin69@example.com,2552926261,Bengaluru,GROWTH,2025-05-16
4426,Varsha Prabhakar,nayakzinal@example.com,8596390676,Kolkata,PREMIUM,2025-04-01
4427,Charita Suresh,indali23@example.com,2260672833,Bengaluru,VALUE,2026-05-20
4428,Ranveer Kari,aishani11@example.net,1234426300,Hyderabad,GROWTH,2026-05-02
4429,Brijesh Pandit,bandionkar@example.org,9581307504,Kolkata,PREMIUM,2025-04-27
4430,Udyati Shenoy,zswamy@example.net,1863147158,Jaipur,NEW,2024-06-29
4431,Neha Sheth,mishradalbir@example.com,0900023738,Jaipur,GROWTH,2025-01-03
4432,Sneha Dua,yashgrewal@example.org,2801289124,Delhi,VALUE,2025-03-30
4433,Lekha Saini,jagdish75@example.org,8737823780,Jaipur,GROWTH,2025-09-01
4434,Liam Nadig,lsolanki@example.org,6211156743,Delhi,GROWTH,2024-10-13
4435,Manthan Ratta,vbala@example.net,1463651191,Chennai,PREMIUM,2024-02-10
4436,Akshay Saraf,opandya@example.org,4036406247,Jaipur,GROWTH,2026-01-10
4437,Matthew Gour,siddharth42@example.org,8103149496,Pune,VALUE,2026-05-04
4438,Girish Babu,tandonchakradhar@example.com,7004225836,Jaipur,PREMIUM,2024-03-15
4439,Urmi Doctor,farhanbath@example.com,3921783055,Bengaluru,GROWTH,2024-10-13
4440,Geetika Hora,kganguly@example.org,1338326319,Bengaluru,VALUE,2025-01-25
4441,Widisha Ramanathan,nkulkarni@example.net,3235115634,Bengaluru,GROWTH,2025-11-15
4442,Chavvi Mall,yashawini93@example.net,9614020857,Bengaluru,NEW,2025-11-27
4443,Ranveer Sur,ssur@example.org,4488375185,Pune,PREMIUM,2024-11-04
4444,Rachita Saran,fbali@example.com,7441728895,Hyderabad,VALUE,2024-10-08
4445,Vinaya Bhasin,qsinha@example.net,7471248344,Pune,PREMIUM,2024-12-30
4446,Hitesh Bhavsar,gkala@example.net,9535780319,Hyderabad,VALUE,2024-08-04
4447,Vansha Mann,dalalhemang@example.org,2075844421,Bengaluru,GROWTH,2025-01-27
4448,Wahab Venkataraman,bachittarpalla@example.org,3452499630,Mumbai,GROWTH,2024-08-24
4449,Tarak Saha,sarthakwagle@example.org,0379762946,Chennai,VALUE,2024-02-24
4450,Agastya Morar,nitesh23@example.com,5244562837,Jaipur,VALUE,2025-10-04
4451,Hamsini Mukhopadhyay,cnayak@example.com,4951225449,Kolkata,NEW,2025-12-09
4452,Jairaj Dayal,ayushman63@example.net,4639981829,Bengaluru,VALUE,2024-09-15
4453,Harita Prakash,aishanimallick@example.net,8291731436,Hyderabad,NEW,2024-12-26
4454,Kala Solanki,akrishna@example.org,0496929528,Pune,PREMIUM,2024-12-28
4455,Andrew Sekhon,imaran26@example.org,8073754760,Chennai,GROWTH,2024-01-20
4456,Omisha Koshy,uperi@example.net,4566533119,Delhi,VALUE,2025-05-06
4457,Eta Kaur,kai79@example.org,8532081213,Chennai,VALUE,2025-02-16
4458,Vamakshi Mand,upasnabhalla@example.org,5188999045,Delhi,VALUE,2026-04-26
4459,Garima Hayer,mishralakshmi@example.org,1416790855,Delhi,GROWTH,2024-11-30
4460,Ekanta Karnik,tbanerjee@example.com,5973791231,Pune,NEW,2025-12-15
4461,Zaid Suresh,dbora@example.org,3610434166,Delhi,NEW,2024-12-17
4462,Anirudh Munshi,qperi@example.com,6332371856,Bengaluru,VALUE,2024-06-15
4463,Leena Divan,basualka@example.org,0519234763,Chennai,VALUE,2024-11-09
4464,Finn Wadhwa,cshroff@example.org,0999642808,Pune,VALUE,2026-03-05
4465,Turvi Lata,cshanker@example.com,9725933381,Hyderabad,NEW,2024-08-18
4466,Shivani Ramachandran,jhaekanta@example.com,5579031073,Delhi,VALUE,2026-01-30
4467,Anya Dhar,wazirseshadri@example.org,3834173578,Kolkata,VALUE,2025-08-21
4468,Daniel Som,mekhala45@example.com,8096833978,Jaipur,GROWTH,2025-11-01
4469,Udant Aggarwal,menonishanvi@example.org,2351567466,Jaipur,GROWTH,2025-11-08
4470,Ishani Subramanian,balaynidhi@example.com,0170630936,Pune,VALUE,2025-04-10
4471,Anjali Nagarajan,lkeer@example.org,1021748497,Hyderabad,PREMIUM,2025-06-25
4472,Dipta Yadav,msundaram@example.org,0512303352,Jaipur,VALUE,2024-03-03
4473,Raghav Dara,bosevyanjana@example.net,5503398582,Hyderabad,VALUE,2025-09-21
4474,Darsh Hayer,ishaan25@example.net,6400141858,Mumbai,VALUE,2025-10-02
4475,Yuvraj Puri,suhanigokhale@example.net,0911319983,Kolkata,GROWTH,2024-04-03
4476,Advay Misra,ravibishakha@example.org,7223313573,Bengaluru,NEW,2025-04-11
4477,Samarth Dhawan,kalpitdhar@example.com,9575304800,Jaipur,GROWTH,2025-04-03
4478,Aryan Balakrishnan,aarinibobal@example.net,7010901609,Bengaluru,PREMIUM,2024-10-05
4479,Farhan Pillay,ynarayanan@example.com,2787504391,Kolkata,VALUE,2024-02-29
4480,Manbir Sekhon,fchadha@example.com,6727600220,Chennai,PREMIUM,2024-01-09
4481,Naksh Sawhney,vedhika22@example.net,9397242562,Hyderabad,NEW,2024-07-06
4482,Hritik Mahal,januja88@example.org,8747755668,Bengaluru,GROWTH,2024-07-26
4483,Anya Hora,asant@example.com,7048543511,Kolkata,NEW,2024-07-09
4484,Bhavani Gaba,wahabmandal@example.org,6275204258,Delhi,GROWTH,2025-06-29
4485,Ekantika Badal,robertsodhi@example.net,4976726326,Hyderabad,PREMIUM,2025-01-14
4486,Charles Narain,manyachowdhury@example.com,0135416273,Bengaluru,VALUE,2024-04-11
4487,Jyoti Dhar,lopasachdeva@example.net,3401855297,Chennai,GROWTH,2024-03-16
4488,Keya Bal,praja@example.net,5075883763,Bengaluru,GROWTH,2025-08-12
4489,Ekiya Randhawa,bainsvasana@example.net,0798043145,Pune,NEW,2026-04-21
4490,Eta Banerjee,omisha53@example.org,5017125793,Hyderabad,NEW,2026-01-07
4491,Ekiya Baral,bawaquincy@example.org,1203763670,Mumbai,GROWTH,2025-11-12
4492,Kevin Taneja,apatla@example.net,3473774295,Mumbai,NEW,2024-10-13
4493,Ekansh Dey,nilimababu@example.com,6669881980,Pune,NEW,2025-09-25
4494,Harsh Virk,nahluwalia@example.org,1553740076,Bengaluru,GROWTH,2024-03-14
4495,Wahab Chanda,keertristan@example.com,1363491209,Bengaluru,VALUE,2024-06-03
4496,Ishanvi Nigam,lankalucky@example.net,1825415156,Pune,VALUE,2024-05-05
4497,Nitara Oza,kalitaurmi@example.com,4243844858,Bengaluru,VALUE,2024-06-14
4498,Waida Rattan,fgoda@example.net,3303722182,Hyderabad,VALUE,2024-11-18
4499,Omaja Randhawa,parthdhawan@example.net,3714287748,Mumbai,NEW,2024-02-09
4500,Gaurav Johal,nthakur@example.com,0902739955,Bengaluru,VALUE,2026-01-02
4501,Nathan D’Alia,abha27@example.com,2101616876,Pune,PREMIUM,2025-10-05
4502,Utkarsh Khatri,yatinkoshy@example.com,9184945689,Chennai,GROWTH,2025-07-24
4503,Arjun Ben,lohitmore@example.org,7995439218,Jaipur,GROWTH,2024-06-06
4504,Varenya Basak,zghosh@example.net,2458268480,Kolkata,VALUE,2026-02-20
4505,Theodore Kaul,paiyadavi@example.org,1501132792,Delhi,GROWTH,2024-01-06
4506,Laksh Tella,qborra@example.net,2517283357,Hyderabad,GROWTH,2026-06-13
4507,Ekantika Ram,toorazaan@example.net,8715161714,Bengaluru,GROWTH,2025-10-16
4508,Anirudh Uppal,lallanirudh@example.net,0523805636,Chennai,VALUE,2024-07-01
4509,Waida Bajwa,vihaanramesh@example.net,5923981365,Bengaluru,PREMIUM,2024-06-26
4510,Ekansh Baria,rakshadin@example.com,5878995522,Jaipur,VALUE,2025-09-17
4511,Balendra Joshi,forum22@example.com,7972468984,Bengaluru,GROWTH,2025-12-28
4512,Vyanjana Amble,aashi26@example.com,7269082201,Chennai,GROWTH,2025-02-23
4513,Faris Pillai,krishsule@example.org,9778561026,Delhi,VALUE,2024-02-24
4514,Mekhala Kala,manbirchaudry@example.com,4822879903,Jaipur,NEW,2025-03-20
4515,Abhimanyu Manda,wazir25@example.org,9941395608,Jaipur,VALUE,2025-03-07
4516,Kavya Vaidya,ramanathanraghav@example.org,6210887056,Kolkata,NEW,2024-10-20
4517,Nathaniel Jaggi,xkulkarni@example.org,9173476239,Bengaluru,NEW,2026-03-23
4518,Gaurika Hayre,ranahamsini@example.net,8940516843,Delhi,GROWTH,2024-11-04
4519,Abha Ramaswamy,samiaayush@example.net,2887141862,Pune,VALUE,2024-08-07
4520,Bhavika Seth,xghose@example.com,8643005423,Hyderabad,VALUE,2025-08-31
4521,Sanaya Vala,hitesh33@example.net,5379715362,Jaipur,NEW,2025-07-10
4522,Samarth Goyal,usandhu@example.org,3052216894,Pune,GROWTH,2025-07-12
4523,Benjamin Ram,ucchal52@example.net,6354664044,Chennai,VALUE,2025-03-29
4524,Samesh Iyengar,vrana@example.com,9245749492,Jaipur,GROWTH,2024-10-13
4525,Tanish Mitter,rbhatti@example.org,4481519036,Kolkata,VALUE,2024-08-19
4526,Ubika Bhagat,kalakrish@example.net,7470046243,Hyderabad,GROWTH,2024-04-16
4527,Zayyan Kalla,settymohammed@example.org,8779391272,Delhi,GROWTH,2024-06-16
4528,Dayita Arora,chahaladya@example.com,3615673978,Delhi,VALUE,2025-06-04
4529,Pratyush Nath,janya06@example.org,5009182561,Hyderabad,NEW,2024-12-31
4530,Xalak Rama,vtrivedi@example.org,5512169906,Chennai,VALUE,2025-10-27
4531,Tanvi Raman,vshanker@example.com,9754569777,Delhi,GROWTH,2025-12-24
4532,Vyanjana Srinivasan,isha99@example.net,0207182534,Mumbai,GROWTH,2025-05-17
4533,Yuvraj Brahmbhatt,raghavannitara@example.net,7978360825,Pune,NEW,2024-04-04
4534,Aadi Balasubramanian,dravi@example.net,2010466379,Kolkata,GROWTH,2024-01-04
4535,Advay Mahal,lakshithora@example.com,0541616841,Delhi,NEW,2024-07-24
4536,Chavvi Saxena,damini99@example.com,8801400476,Chennai,GROWTH,2024-09-11
4537,Nathaniel Chatterjee,mannwahab@example.com,0275237780,Delhi,NEW,2024-03-07
4538,Jhalak Kale,luthraronith@example.net,8965887212,Pune,VALUE,2025-12-01
4539,Pallavi Pradhan,mohammed49@example.org,7909059618,Kolkata,PREMIUM,2024-11-26
4540,Ati Sahni,bdugal@example.org,7046538736,Kolkata,VALUE,2025-10-30
4541,Chameli Banerjee,tankupadhriti@example.com,7067553834,Chennai,NEW,2024-07-06
4542,Chasmum Dhar,anjali22@example.org,8005640029,Pune,NEW,2024-01-10
4543,Tanmayi Jayaraman,grewalcharvi@example.org,9901929761,Jaipur,GROWTH,2024-05-03
4544,Azaan Soni,srinivasanrehaan@example.net,3450384257,Chennai,GROWTH,2025-02-27
4545,Akshay Chowdhury,balaviraj@example.com,6078132877,Hyderabad,GROWTH,2025-03-07
4546,Wahab Shah,gjani@example.com,1466045096,Kolkata,VALUE,2025-01-28
4547,Anamika Bajaj,harrison02@example.net,6865186381,Chennai,PREMIUM,2026-05-13
4548,Dev Dua,warjas85@example.org,1386037944,Kolkata,PREMIUM,2025-08-10
4549,Dhruv Rao,wahabganguly@example.com,2698967229,Chennai,GROWTH,2025-10-20
4550,Ayushman Barad,bajwachanchal@example.com,8858686624,Kolkata,VALUE,2024-04-22
4551,Rachana Shroff,ekantikachahal@example.org,4045445457,Delhi,NEW,2025-02-23
4552,Parth Arya,pooja34@example.org,6843722881,Delhi,VALUE,2025-07-13
4553,Dev Mand,sarraffaras@example.net,5024147634,Delhi,GROWTH,2025-06-10
4554,Varenya Jain,raivictor@example.org,6828054920,Chennai,VALUE,2026-05-02
4555,Arjun Magar,advika71@example.net,1481004332,Pune,VALUE,2025-03-04
4556,Wahab Sem,abha33@example.net,1896895715,Mumbai,VALUE,2024-11-30
4557,Chaitanya Saran,ekiyamittal@example.org,5628081142,Mumbai,GROWTH,2026-04-29
4558,Vincent Batta,iroy@example.net,2442472569,Kolkata,GROWTH,2024-10-30
4559,Januja Chakrabarti,mananbali@example.com,0108404820,Kolkata,GROWTH,2025-05-28
4560,Tanmayi Sodhi,aachalom@example.net,3521356536,Pune,PREMIUM,2024-01-26
4561,Kashvi Prabhu,ghoseyauvani@example.com,3978835661,Hyderabad,PREMIUM,2024-05-29
4562,Ekani Palan,triveni18@example.com,8251269513,Hyderabad,VALUE,2024-02-21
4563,Owen Ratti,varkeyfrederick@example.com,4083081113,Delhi,VALUE,2025-01-11
4564,Unni Palan,kalamemon@example.net,9494921755,Mumbai,GROWTH,2026-04-18
4565,Manbir Talwar,hredhaanmittal@example.com,5116841620,Jaipur,PREMIUM,2024-03-05
4566,Jagvi Sankaran,omyanigam@example.org,1861189179,Bengaluru,GROWTH,2026-05-27
4567,Zehaan Devan,teerthvarughese@example.com,9156440219,Pune,VALUE,2026-02-21
4568,Jagrati Shukla,kapooroeshi@example.com,9861150408,Pune,NEW,2024-01-06
4569,Nitesh Basak,libni16@example.org,7544232114,Bengaluru,VALUE,2024-01-14
4570,Yashawini Dhillon,uapte@example.com,0735284141,Mumbai,GROWTH,2026-03-21
4571,Nathaniel Dewan,upkaarsethi@example.net,8300315791,Pune,VALUE,2025-06-10
4572,Meghana Bumb,sulewarjas@example.com,1824366141,Delhi,PREMIUM,2024-06-05
4573,Isaac Thaker,ibrar@example.com,1172391468,Hyderabad,GROWTH,2026-05-08
4574,Zinal Chawla,veda06@example.net,4941769116,Jaipur,PREMIUM,2025-05-20
4575,Aachal Gala,wriddhish12@example.org,7615449330,Pune,VALUE,2025-07-25
4576,Gaurika Suresh,xwadhwa@example.net,2175175240,Kolkata,GROWTH,2025-09-02
4577,Eshana Prakash,aadi69@example.com,7609549006,Delhi,VALUE,2024-06-30
4578,Maya Kanda,poojasekhon@example.org,2250446054,Mumbai,PREMIUM,2024-11-19
4579,Nikita Cherian,mahajangaurav@example.net,2580857782,Bengaluru,VALUE,2024-04-25
4580,Sudiksha Dugal,ngara@example.org,2129580213,Bengaluru,VALUE,2025-04-21
4581,Aadi Thaman,cheriankrishna@example.com,0487652034,Mumbai,PREMIUM,2026-06-07
4582,Warhi Dhawan,vmurthy@example.net,7230301803,Jaipur,VALUE,2025-07-18
4583,Damini Khurana,fkuruvilla@example.com,8199466466,Mumbai,VALUE,2025-09-14
4584,Chavvi Kadakia,dadamaanas@example.net,8011481419,Pune,NEW,2024-06-23
4585,Rayaan Bajwa,hemangini31@example.com,7827560839,Chennai,NEW,2025-05-02
4586,Azaan Merchant,eta04@example.com,2776282549,Chennai,NEW,2026-06-13
4587,Sarthak Grewal,sarafisaac@example.com,1064513047,Mumbai,VALUE,2024-03-20
4588,Ekalinga Kulkarni,anitabawa@example.org,6258339303,Bengaluru,GROWTH,2024-07-02
4589,Jagat Sami,ydass@example.com,5255750936,Chennai,PREMIUM,2025-10-09
4590,Neha Anne,baghyawati57@example.com,0881251433,Bengaluru,VALUE,2024-01-10
4591,Hemal Rama,menongaurav@example.com,1091571030,Pune,PREMIUM,2024-07-04
4592,Sathvik Modi,ishanibhatia@example.net,8076425080,Delhi,VALUE,2026-04-29
4593,Vanya Barman,manya36@example.net,8819077602,Delhi,NEW,2024-01-18
4594,Azad Tata,kamdaryashodhara@example.com,5580918622,Pune,GROWTH,2025-01-21
4595,Indali Balasubramanian,naveen88@example.org,6766874961,Chennai,GROWTH,2024-10-23
4596,Urvashi Rajagopal,jackkade@example.org,7237485312,Delhi,GROWTH,2024-12-24
4597,Pahal Panchal,gsunder@example.org,3483338931,Jaipur,VALUE,2024-08-20
4598,Avi Rai,samaksh58@example.net,7949810634,Delhi,VALUE,2024-09-05
4599,Vinaya Chadha,hritik97@example.com,8608912716,Jaipur,PREMIUM,2025-11-15
4600,Zayyan Chanda,gkota@example.com,4874391837,Pune,GROWTH,2024-01-24
4601,Yatan Chandra,jdivan@example.com,5548148100,Jaipur,GROWTH,2024-04-26
4602,Ladli Nazareth,utkarsh76@example.org,5802998042,Jaipur,VALUE,2024-08-26
4603,Upasna Banerjee,lravel@example.net,2818276243,Bengaluru,PREMIUM,2026-01-13
4604,Dayita Seth,echatterjee@example.com,8344611278,Kolkata,GROWTH,2024-12-19
4605,Nirja Chandran,sarkarkamala@example.org,5385919128,Mumbai,VALUE,2024-02-01
4606,Kabir Bala,gaurangi53@example.net,0034746492,Hyderabad,NEW,2025-04-13
4607,Ekapad Thakkar,kala06@example.net,0597384803,Mumbai,GROWTH,2025-07-18
4608,Ubika Maharaj,yadavi29@example.com,1597590330,Hyderabad,GROWTH,2025-02-15
4609,Chanakya Kulkarni,ykeer@example.org,9109992748,Kolkata,NEW,2024-03-20
4610,Zansi Swaminathan,hdora@example.com,8560646673,Hyderabad,GROWTH,2026-03-02
4611,Siya Memon,aradhana17@example.net,9126220452,Delhi,NEW,2026-02-11
4612,Balveer Mannan,chandanikanda@example.org,4441908656,Bengaluru,PREMIUM,2026-03-31
4613,Pooja Choudhary,jagat42@example.org,3190690161,Kolkata,GROWTH,2026-05-17
4614,Faraj Issac,zayyan40@example.net,6118471070,Chennai,VALUE,2024-10-12
4615,Vedika Krish,yshere@example.org,0374327531,Chennai,VALUE,2025-01-14
4616,Lila Goda,luke85@example.com,5371487427,Hyderabad,GROWTH,2026-05-13
4617,Caleb Mittal,bachittar40@example.com,1086547153,Bengaluru,VALUE,2025-02-08
4618,Udant Oak,vedhikashroff@example.org,6493316617,Chennai,VALUE,2026-02-17
4619,Veer Saxena,jyotikrishnamurthy@example.com,4647121233,Pune,GROWTH,2025-08-05
4620,Harrison Gala,zrai@example.org,1791809193,Jaipur,PREMIUM,2026-04-14
4621,Kevin Bajwa,sethiriya@example.net,8976274821,Chennai,VALUE,2024-01-10
4622,Watika Peri,enagi@example.net,4317862066,Jaipur,PREMIUM,2025-09-27
4623,Ansh Vohra,balamegha@example.net,1376731793,Kolkata,NEW,2025-12-21
4624,Hitesh Sahota,guneet94@example.org,0375476859,Delhi,PREMIUM,2024-06-27
4625,Bahadurjit Mallick,zgara@example.org,5216612232,Hyderabad,PREMIUM,2025-10-23
4626,Pahal Bhavsar,nikita15@example.net,2206141316,Hyderabad,PREMIUM,2024-06-24
4627,Gagan Lall,magarjagat@example.net,6917110630,Delhi,VALUE,2026-03-25
4628,Vaishnavi Rattan,tatachandresh@example.net,3858389833,Mumbai,GROWTH,2026-03-28
4629,Laksh Dara,maxdewan@example.org,5043571401,Kolkata,NEW,2024-01-04
4630,Neel Chadha,eeshachakrabarti@example.net,7304146929,Bengaluru,PREMIUM,2025-04-01
4631,Ronith Sehgal,ayushagrawal@example.org,0167412248,Mumbai,PREMIUM,2024-12-10
4632,Adya Sridhar,chaitanya11@example.com,9425174320,Bengaluru,NEW,2026-03-12
4633,Qasim Sachdev,rkunda@example.com,4557387421,Bengaluru,VALUE,2024-10-15
4634,Balveer Kata,christopherpalan@example.com,5689667249,Mumbai,VALUE,2025-10-10
4635,Manan Mital,jonathan37@example.net,9379645641,Delhi,GROWTH,2024-04-15
4636,Mahika Apte,ayaankrishnan@example.net,8997098870,Kolkata,VALUE,2024-07-10
4637,Darpan Uppal,epai@example.net,7119695941,Kolkata,GROWTH,2026-06-05
4638,Isaiah Vohra,dhriti68@example.com,0933611479,Hyderabad,NEW,2024-12-12
4639,Aditya Mitter,laban63@example.org,5940841810,Chennai,GROWTH,2025-11-20
4640,Ekaja Kohli,yatanmohanty@example.net,3126073443,Jaipur,VALUE,2026-05-21
4641,Tanay Gulati,eoommen@example.net,5686838590,Kolkata,PREMIUM,2026-05-18
4642,Vanya Srinivas,johalbina@example.net,6063607773,Delhi,VALUE,2024-01-18
4643,Hardik Gera,chatreshdevi@example.com,1467045444,Jaipur,NEW,2024-07-28
4644,Ekavir Dhingra,joshibenjamin@example.org,7782635316,Delhi,VALUE,2025-10-05
4645,Yashvi Dhillon,zbawa@example.net,3560659728,Delhi,NEW,2026-04-14
4646,Vanya Varghese,adya90@example.org,3868345482,Hyderabad,GROWTH,2026-05-30
4647,Nitesh Koshy,xavier41@example.com,5277003980,Pune,GROWTH,2025-10-10
4648,Janaki Kar,nhayer@example.com,2535303545,Delhi,GROWTH,2024-04-03
4649,Niharika Bhasin,brijeshsetty@example.org,2422588722,Bengaluru,VALUE,2025-10-30
4650,Brijesh Nagi,harishwali@example.org,8608492515,Bengaluru,GROWTH,2024-09-01
4651,Ayaan Hans,rajagopalanay@example.com,6238483132,Hyderabad,NEW,2025-12-28
4652,Mahika Sengupta,niteshkannan@example.org,7568135190,Jaipur,NEW,2025-05-07
4653,Joshua Srinivas,oshenoy@example.net,7789057012,Bengaluru,VALUE,2024-06-14
4654,Nakul Khurana,chadavi@example.net,7964192085,Mumbai,PREMIUM,2026-01-29
4655,Widisha Borde,dubewarinder@example.net,0150283571,Delhi,NEW,2026-06-08
4656,Azaan Sahni,mohinisrinivasan@example.org,8722728998,Mumbai,NEW,2025-03-31
4657,Frado Dhingra,ishanisengupta@example.net,9977473791,Mumbai,GROWTH,2026-01-01
4658,Kala Mall,wriddhish56@example.com,2732392394,Chennai,VALUE,2024-02-23
4659,Avni Shetty,devansh19@example.net,8614290081,Hyderabad,NEW,2024-09-01
4660,Chavvi Wason,ikshitamanne@example.com,0455353024,Hyderabad,GROWTH,2024-04-24
4661,Darika Singhal,mahikakothari@example.net,9581759745,Kolkata,GROWTH,2024-09-12
4662,Libni Devan,tgaba@example.org,3908877314,Chennai,PREMIUM,2024-12-04
4663,Geetika Chand,vincentthakkar@example.net,4249743077,Mumbai,VALUE,2025-01-23
4664,Hema Walia,maanas03@example.org,5599438385,Hyderabad,NEW,2024-10-17
4665,Zayan Loyal,npai@example.org,1151645208,Bengaluru,VALUE,2025-05-05
4666,Bhavya Varghese,ekani09@example.org,8798502110,Kolkata,PREMIUM,2024-07-16
4667,Dhriti Naik,halderjanya@example.com,9224634000,Bengaluru,NEW,2024-11-09
4668,Rayaan Pall,krishakhurana@example.net,3632528094,Mumbai,NEW,2026-01-26
4669,Rehaan Nayak,warinder91@example.org,7342776270,Pune,NEW,2025-05-21
4670,Arya Lalla,osrivastava@example.org,4268487148,Hyderabad,NEW,2024-01-25
4671,Raghav Dewan,zinalgour@example.com,8842241403,Delhi,VALUE,2024-10-22
4672,Ranveer Pathak,nnagarajan@example.com,3888999047,Pune,NEW,2026-01-16
4673,Samarth Shere,gokhalecharita@example.net,6747672735,Mumbai,NEW,2024-06-11
4674,Jacob Manne,hraman@example.net,8409525690,Kolkata,GROWTH,2026-04-09
4675,Samesh Nazareth,warinderpathak@example.net,1465212181,Kolkata,GROWTH,2024-09-23
4676,Watika Prasad,garima20@example.org,3242786916,Bengaluru,VALUE,2025-07-21
4677,Manya Sule,choudhuryjanuja@example.net,5268337472,Chennai,GROWTH,2025-03-03
4678,Tripti Yogi,chavvi48@example.com,6537093087,Chennai,PREMIUM,2025-07-16
4679,Madhav Kumar,adhaliwal@example.com,4560015264,Pune,GROWTH,2025-12-18
4680,Zayyan Dash,dakshesh51@example.net,9898502348,Delhi,GROWTH,2024-05-14
4681,Maya Aggarwal,matwal@example.net,0442886020,Bengaluru,GROWTH,2024-11-12
4682,Ranbir Kumar,onkarchauhan@example.net,1931345731,Mumbai,VALUE,2025-05-26
4683,Suhani Malhotra,vshan@example.net,0809369587,Pune,NEW,2024-08-22
4684,Rushil Lata,desaihemangini@example.com,5662868004,Delhi,VALUE,2024-12-03
4685,Prisha Suri,falanbal@example.org,5388112628,Chennai,VALUE,2026-03-08
4686,Vamakshi Sarkar,abeermahal@example.org,6229977678,Pune,VALUE,2024-07-25
4687,Dhriti Dar,karpevidhi@example.org,6022996139,Jaipur,NEW,2024-06-19
4688,Pratyush Das,bhaktamason@example.net,1642818114,Bengaluru,NEW,2025-06-08
4689,Chatura Barman,mgera@example.com,8332693315,Delhi,VALUE,2024-03-30
4690,Arunima Chokshi,wnarain@example.org,4984816144,Pune,VALUE,2024-01-02
4691,Joshua Char,raaginikala@example.com,9747782220,Delhi,GROWTH,2026-02-21
4692,Samarth Baral,bhallawakeeta@example.net,0294427610,Delhi,VALUE,2024-09-05
4693,Advaith Choudhury,nkakar@example.net,4815654037,Jaipur,PREMIUM,2024-04-18
4694,Aradhana Mane,gollanathan@example.com,5995197227,Kolkata,VALUE,2025-08-13
4695,Wridesh Kashyap,siballila@example.com,1859363445,Pune,GROWTH,2025-03-08
4696,Amara Pandya,nwalia@example.net,0609074869,Kolkata,GROWTH,2025-02-13
4697,Max Bajaj,jacobgala@example.com,7215609071,Delhi,GROWTH,2025-01-29
4698,Thomas Garg,omisha21@example.org,7890407406,Delhi,GROWTH,2024-05-11
4699,Samar Badal,chavvipatla@example.net,3640959148,Bengaluru,VALUE,2026-02-11
4700,Gavin Madan,peter95@example.com,8324973768,Delhi,VALUE,2024-01-02
4701,Jeet Chandran,mitali21@example.net,6567779202,Jaipur,VALUE,2025-03-10
4702,Niharika Kant,eshanabali@example.net,5813944010,Delhi,VALUE,2024-08-31
4703,Tripti Gandhi,chameli14@example.com,5177090182,Chennai,NEW,2025-07-31
4704,Thomas Mammen,sathvik76@example.org,8797822971,Kolkata,VALUE,2025-05-09
4705,Aarush Khare,wgill@example.com,2334807775,Pune,VALUE,2024-12-12
4706,Radhika Raju,yashoda58@example.com,1230477866,Mumbai,VALUE,2025-04-26
4707,Tanay Kata,widisha66@example.net,2954068283,Hyderabad,PREMIUM,2024-07-23
4708,Finn Rege,ekiya77@example.net,1724583802,Chennai,NEW,2024-04-27
4709,Saanvi Doctor,nagyjacob@example.net,1430669493,Kolkata,PREMIUM,2026-03-25
4710,Lajita Bajaj,dpau@example.com,5518029566,Hyderabad,GROWTH,2025-07-06
4711,Samesh Swamy,rsachdev@example.com,4006417890,Bengaluru,NEW,2025-08-11
4712,Hema Nagy,chaudharykavya@example.net,2424280386,Kolkata,GROWTH,2026-06-18
4713,Xalak Tripathi,munshilaksh@example.com,0016906854,Jaipur,NEW,2026-03-24
4714,Riya Jha,dthakur@example.org,2679270439,Hyderabad,PREMIUM,2025-06-10
4715,Maanas Brahmbhatt,noah64@example.com,3473101383,Delhi,VALUE,2025-12-14
4716,Om Raval,cparikh@example.net,0986229671,Chennai,GROWTH,2025-04-19
4717,Tejas Murthy,mistrymekhala@example.com,3687856095,Jaipur,VALUE,2024-08-02
4718,Nidhi Mahal,ramakrishnanthomas@example.net,8225984363,Jaipur,VALUE,2025-07-14
4719,Bina Kashyap,yaminiprabhu@example.org,9440127920,Hyderabad,NEW,2026-04-01
4720,Upasna Bajwa,harsh62@example.com,2361477354,Mumbai,VALUE,2026-03-02
4721,Dhruv Sethi,aadi20@example.net,3995582129,Chennai,PREMIUM,2025-03-30
4722,Lopa Pai,pranitnatt@example.org,7228056922,Kolkata,NEW,2026-05-01
4723,Lakshmi Bahri,gourudarsh@example.net,5455123006,Jaipur,GROWTH,2024-06-26
4724,Rajata Sehgal,ghoshbaghyawati@example.com,1033898282,Delhi,GROWTH,2024-02-06
4725,Gaurav Sarkar,fdesai@example.com,3343132162,Bengaluru,GROWTH,2024-12-28
4726,Ijaya Karnik,ekiyachar@example.com,4598010271,Hyderabad,NEW,2024-07-03
4727,Jeevika Lad,llall@example.com,7516182785,Delhi,VALUE,2026-05-11
4728,Nakul Ganguly,murtygunbir@example.org,8859845381,Jaipur,VALUE,2024-04-14
4729,Zansi Wali,anya58@example.net,8064002096,Delhi,GROWTH,2025-04-26
4730,Balhaar Raj,dhritikapoor@example.net,8981006345,Pune,NEW,2025-11-26
4731,Chanakya Karnik,garimatella@example.net,2582325556,Jaipur,VALUE,2024-04-09
4732,Nathan Chanda,ekalinga69@example.com,7584478213,Pune,GROWTH,2024-02-11
4733,Zashil Buch,ijayanori@example.org,0248211916,Kolkata,NEW,2025-05-13
4734,Sneha Dixit,urvashinagy@example.org,0496368415,Bengaluru,VALUE,2026-03-23
4735,Lucky Sarin,abhimanyubasu@example.org,0468837653,Kolkata,VALUE,2024-01-15
4736,Quincy Karnik,tanejachasmum@example.net,6391805374,Hyderabad,GROWTH,2024-01-19
4737,Devika Ganesan,xkrish@example.org,8165727311,Delhi,VALUE,2026-04-12
4738,Vincent Chanda,buchbhavna@example.net,4877946735,Bengaluru,VALUE,2025-06-26
4739,Patrick Mani,nkhare@example.com,8113734181,Bengaluru,GROWTH,2025-09-23
4740,Pallavi Ganesh,charchatura@example.com,4309099748,Chennai,PREMIUM,2024-09-05
4741,Anay Hayre,mandaekanta@example.net,1265165532,Bengaluru,GROWTH,2024-10-08
4742,Ekalinga Chaudhuri,nchaudry@example.net,9345564867,Hyderabad,GROWTH,2025-02-27
4743,Praneel Walla,dluthra@example.org,6254522997,Hyderabad,GROWTH,2024-07-11
4744,Turvi Pillay,vritti58@example.org,5883861927,Bengaluru,GROWTH,2025-02-01
4745,Michael Walla,bina59@example.net,7995089898,Pune,NEW,2026-05-08
4746,Yatan Anand,om10@example.net,6804019387,Bengaluru,PREMIUM,2025-11-05
4747,Onveer Magar,nicholas08@example.com,2859834023,Kolkata,PREMIUM,2026-02-21
4748,Xiti Thaman,varkeyrachit@example.net,7263973658,Bengaluru,NEW,2025-03-22
4749,Meera Deshmukh,rnagi@example.net,4730742422,Kolkata,NEW,2025-12-09
4750,Chanakya Singh,shroffsaanvi@example.org,8591224139,Bengaluru,VALUE,2025-01-14
4751,Kevin Khurana,falguni05@example.com,1511404300,Delhi,NEW,2025-07-09
4752,Arya Shere,nattjai@example.net,9352012377,Mumbai,NEW,2025-10-19
4753,Suhani Gill,jayaramantanvi@example.com,2862203504,Kolkata,VALUE,2026-01-12
4754,Yuvraj Edwin,ashukla@example.com,2267177209,Kolkata,VALUE,2026-04-13
4755,Ekalinga Purohit,rbalan@example.com,5188237937,Mumbai,GROWTH,2024-04-04
4756,Aadi Mani,sampathanya@example.org,5107838062,Chennai,GROWTH,2025-12-15
4757,Vrishti Rana,janyachaudhry@example.org,6195261325,Chennai,PREMIUM,2025-09-30
4758,Unnati Venkatesh,samarth69@example.com,7890462706,Mumbai,GROWTH,2025-10-25
4759,Nidhi Krishnamurthy,janya82@example.com,0400718486,Hyderabad,VALUE,2024-01-14
4760,Ojas Thakur,sbhatia@example.com,3706632928,Pune,VALUE,2025-03-14
4761,Jonathan Bansal,labansagar@example.net,2606104726,Jaipur,NEW,2026-05-14
4762,Ethan Pillai,prasadlipika@example.net,1332770566,Kolkata,VALUE,2026-03-21
4763,Jack Sachar,ayush60@example.net,4875439981,Delhi,PREMIUM,2024-07-26
4764,Keya Mistry,widishasamra@example.org,3663095307,Mumbai,VALUE,2025-03-13
4765,Arjun Murty,apteomkaar@example.net,2154164918,Hyderabad,GROWTH,2026-02-16
4766,Rushil Babu,iryabose@example.net,6999487060,Mumbai,GROWTH,2026-04-17
4767,Radhika Din,avilad@example.com,1533079376,Chennai,VALUE,2024-10-25
4768,Logan Mittal,vchoudhary@example.com,5016196699,Delhi,PREMIUM,2025-12-23
4769,Yash Dhar,advikalal@example.org,6290638747,Delhi,PREMIUM,2026-01-21
4770,Utkarsh Sarna,pallavi33@example.com,4758064318,Delhi,VALUE,2024-05-15
4771,Vidhi Rastogi,yauvani49@example.net,2374337015,Bengaluru,GROWTH,2024-01-29
4772,Udyati Prabhu,kibeurvashi@example.net,2640624945,Kolkata,PREMIUM,2024-02-12
4773,Ubika De,hagate@example.net,5019227004,Mumbai,PREMIUM,2024-05-10
4774,Charan Korpal,chahaljagdish@example.net,4743762689,Jaipur,GROWTH,2025-10-28
4775,Harrison Merchant,vivaansolanki@example.net,9295269030,Bengaluru,PREMIUM,2024-12-16
4776,Chatresh Palla,nathaniel33@example.org,9445224143,Delhi,VALUE,2025-09-09
4777,Libni Sant,wahab24@example.org,5561788459,Bengaluru,VALUE,2024-03-21
4778,Chaitaly Pant,qarora@example.com,3941884643,Pune,PREMIUM,2025-06-25
4779,Banjeet Srinivas,dhillonvrishti@example.net,9683809142,Delhi,PREMIUM,2025-11-01
4780,Indira Narula,psaha@example.org,2233087247,Delhi,NEW,2026-05-28
4781,Dayita Toor,gbaria@example.net,0617479653,Kolkata,VALUE,2024-10-14
4782,Advay Chaudhuri,handaorinder@example.org,8828310366,Chennai,GROWTH,2025-05-05
4783,Anamika Bhasin,tripathilucky@example.org,8783799583,Bengaluru,PREMIUM,2025-03-10
4784,Yashodhara Kamdar,modybaghyawati@example.net,1934220509,Kolkata,VALUE,2024-11-09
4785,Arjun Sen,william51@example.net,7627765702,Kolkata,GROWTH,2025-07-29
4786,Gaurika Sharma,xvarma@example.net,2923214533,Bengaluru,GROWTH,2025-05-23
4787,Eta Mane,sagaraadhya@example.net,9499357277,Chennai,VALUE,2026-01-19
4788,Charan Varughese,vamakshi10@example.com,1696030426,Delhi,GROWTH,2024-01-26
4789,Raksha Sura,harinibadal@example.org,9384163954,Bengaluru,VALUE,2024-07-18
4790,Yoshita Bansal,yastimenon@example.org,7431063970,Chennai,NEW,2025-06-05
4791,Mitesh Purohit,anvichatterjee@example.com,0680208151,Mumbai,VALUE,2025-05-31
4792,Ria Loke,dashudant@example.net,5548180937,Jaipur,VALUE,2026-03-23
4793,Lucky Hegde,kharewarda@example.com,7865185191,Jaipur,VALUE,2025-08-30
4794,Leena Majumdar,shaurya40@example.org,9405339867,Bengaluru,VALUE,2024-01-04
4795,Thomas Barman,omurvashi@example.net,5601364016,Hyderabad,VALUE,2025-03-16
4796,Chavvi Arora,gaurangichand@example.com,0217486109,Mumbai,GROWTH,2026-01-30
4797,Robert Sahota,udantkorpal@example.com,7175580611,Chennai,VALUE,2026-02-24
4798,Omisha Doshi,kaulnilima@example.net,8468438110,Delhi,VALUE,2025-12-22
4799,Aadhya Kade,nicholasbatta@example.org,1106566759,Hyderabad,VALUE,2025-03-05
4800,Dominic Gade,nachiket97@example.net,8853096209,Chennai,GROWTH,2024-04-05
4801,Alka Subramanian,spillai@example.com,0842052604,Chennai,VALUE,2024-07-10
4802,Theodore Sidhu,finnchanda@example.com,6181493631,Chennai,GROWTH,2026-02-01
4803,Wakeeta Comar,oanand@example.org,8331663590,Mumbai,PREMIUM,2024-11-02
4804,Tripti Oommen,cgala@example.net,9244427096,Kolkata,PREMIUM,2025-11-18
4805,Upasna Kuruvilla,hiteshdeo@example.com,2273127915,Pune,VALUE,2024-02-02
4806,Eta Vyas,shankarkrishna@example.com,4931906138,Kolkata,NEW,2025-03-17
4807,Zinal Mallick,geetika36@example.org,5045261822,Hyderabad,PREMIUM,2026-05-05
4808,Upkaar Bains,jacksonkorpal@example.net,8435487626,Jaipur,VALUE,2024-08-08
4809,Vasudha Magar,caleb11@example.org,9179099404,Hyderabad,GROWTH,2024-01-28
4810,Yashodhara Mital,aahana96@example.net,7211622878,Kolkata,PREMIUM,2024-09-16
4811,Nidhi Behl,avi92@example.net,7401937867,Mumbai,VALUE,2024-02-26
4812,Aarini Chhabra,vyasbhavika@example.net,6561127406,Mumbai,GROWTH,2025-07-05
4813,Udant Kanda,ishani49@example.com,7185877534,Chennai,GROWTH,2024-06-21
4814,Ucchal Dua,wdhaliwal@example.com,4114374815,Chennai,VALUE,2024-08-09
4815,Yashasvi Patil,qdin@example.org,5042379699,Pune,NEW,2025-06-12
4816,Mugdha Saini,vrishti44@example.org,9009301217,Bengaluru,VALUE,2024-10-19
4817,Chandani Bumb,semjalsa@example.com,2102242014,Kolkata,VALUE,2025-08-08
4818,Nicholas Srivastava,aariniagarwal@example.com,7365038898,Bengaluru,VALUE,2026-04-17
4819,Dipta Bhandari,gnanda@example.com,0384741347,Chennai,GROWTH,2026-04-18
4820,Nidra Sankaran,aarna46@example.net,1307473702,Jaipur,NEW,2025-10-18
4821,Oeshi Solanki,vedhika48@example.org,3154695364,Chennai,NEW,2026-05-21
4822,Gauri Prabhakar,eesha25@example.org,6352936556,Pune,NEW,2025-10-24
4823,Darika Keer,ymisra@example.com,2462097327,Jaipur,GROWTH,2024-03-02
4824,Vyanjana Randhawa,karnikaryan@example.com,1434163350,Jaipur,GROWTH,2026-05-10
4825,Nidra Sani,fitansoni@example.net,6050535736,Hyderabad,GROWTH,2025-05-25
4826,Bhavini Kohli,mohammed13@example.net,2747584876,Hyderabad,VALUE,2024-01-06
4827,Gayathri Dutta,kapurrajeshri@example.net,9432558844,Mumbai,NEW,2025-07-12
4828,Krisha Butala,qoak@example.net,6034483871,Chennai,GROWTH,2024-08-08
4829,Fitan Butala,tanishsura@example.com,7993516413,Jaipur,GROWTH,2025-04-25
4830,Mason Zachariah,vdeo@example.com,1855146329,Hyderabad,GROWTH,2025-08-15
4831,Waida Chanda,pathakzayan@example.org,6213055782,Bengaluru,PREMIUM,2024-01-25
4832,Charan Agate,aarinidalia@example.org,5987961931,Delhi,VALUE,2025-01-29
4833,Peter Bali,aarav38@example.net,4975749925,Hyderabad,PREMIUM,2024-02-19
4834,Bishakha Peri,anvichaudhari@example.org,5142085967,Mumbai,PREMIUM,2024-04-11
4835,Gagan Baria,vaishnavi22@example.org,2664314698,Jaipur,NEW,2024-07-09
4836,Dayita Narayanan,cdhingra@example.com,8448435885,Chennai,VALUE,2025-12-04
4837,Balvan Butala,ekapad97@example.com,1236098581,Mumbai,VALUE,2025-01-06
4838,Aadi Handa,vanshabawa@example.net,9322906080,Delhi,GROWTH,2024-02-12
4839,Mahika Swaminathan,sanghviwarinder@example.org,4954638221,Kolkata,NEW,2025-11-03
4840,Amara Manne,vrishtishah@example.org,9980041499,Jaipur,NEW,2025-05-04
4841,Bhavani Devi,kashishdutta@example.org,8603998337,Kolkata,GROWTH,2024-05-07
4842,Turvi Lad,waliharita@example.net,7915083214,Delhi,VALUE,2025-05-21
4843,Yutika Char,trivenipau@example.com,5395774875,Delhi,VALUE,2024-08-11
4844,Udarsh Mander,ojasvikara@example.org,5982377214,Mumbai,GROWTH,2025-07-26
4845,Maya Nigam,wableavni@example.com,3828896124,Kolkata,VALUE,2026-05-02
4846,Urvashi Sethi,bhathiral@example.net,5116280095,Kolkata,GROWTH,2024-10-11
4847,Yashodhara Mohan,wablejason@example.org,4244313479,Kolkata,NEW,2025-11-01
4848,Nandini Sahota,pratyush81@example.com,1210008207,Delhi,GROWTH,2024-01-22
4849,Dayamai Narain,bhavikadeshmukh@example.net,7621765174,Mumbai,GROWTH,2025-01-01
4850,Wridesh Shenoy,sabharwalaadhya@example.org,7519773522,Jaipur,VALUE,2026-03-11
4851,Mohammed Bansal,eiravatinori@example.org,3513300551,Jaipur,VALUE,2024-03-08
4852,Daniel Dalal,rohan34@example.net,7333468803,Pune,PREMIUM,2026-04-16
4853,Hritik Sen,xchaudhary@example.net,9290655710,Delhi,GROWTH,2024-03-25
4854,Manthan Borah,odatta@example.org,5493174896,Delhi,VALUE,2025-03-09
4855,Gaurangi Nagarajan,chandresh93@example.org,2640055295,Delhi,VALUE,2024-06-11
4856,Vasatika Saran,manbir43@example.net,9651725728,Pune,VALUE,2024-01-19
4857,Jason Mittal,bakshifaris@example.net,9765240347,Kolkata,PREMIUM,2024-11-10
4858,Urvashi Bandi,hkar@example.com,6837205251,Pune,GROWTH,2025-06-06
4859,Naksh Raman,timothydeol@example.com,9105724187,Bengaluru,GROWTH,2025-10-12
4860,Hemani Bhatti,aarushvarty@example.net,4119771344,Kolkata,GROWTH,2024-10-11
4861,Azad Krishnan,tgarde@example.com,8347209002,Delhi,VALUE,2025-03-19
4862,Rachit Tank,pthakkar@example.net,0516497642,Kolkata,GROWTH,2024-06-13
4863,Mitali Naik,sunderjagat@example.org,2540795571,Jaipur,VALUE,2025-10-18
4864,Kiaan Narain,ganeshjasmit@example.com,8779913941,Pune,NEW,2024-06-01
4865,Divya Gour,dbrahmbhatt@example.org,4212297505,Jaipur,VALUE,2026-02-13
4866,Nitesh Krishna,isaac98@example.net,1539792944,Chennai,GROWTH,2024-06-10
4867,Girik Sur,urishillagaba@example.com,7747256148,Hyderabad,VALUE,2025-08-20
4868,Manbir Basak,jagvi20@example.com,1134544807,Bengaluru,PREMIUM,2024-10-24
4869,Wriddhish Varghese,wbose@example.org,4876570535,Jaipur,VALUE,2026-06-15
4870,Arunima Jain,frederickchana@example.net,2511871650,Pune,NEW,2024-09-09
4871,Omisha Barad,gtailor@example.net,5400743313,Mumbai,VALUE,2026-05-03
4872,Jalsa Oza,hredhaan66@example.com,8915958129,Jaipur,NEW,2026-01-22
4873,Geetika Agate,chhabrachanakya@example.org,8795970452,Delhi,PREMIUM,2025-02-25
4874,Vasudha Thaker,anya40@example.org,0580152833,Chennai,VALUE,2025-03-21
4875,Siddharth Divan,ysarma@example.org,9091628500,Mumbai,VALUE,2024-11-14
4876,Yashasvi Mahal,datetristan@example.org,6546832750,Pune,GROWTH,2025-01-19
4877,Ronith Saran,vdevan@example.com,7509691685,Hyderabad,NEW,2025-02-23
4878,Suhani Mannan,george00@example.org,3675695096,Hyderabad,NEW,2024-05-11
4879,Chaitanya Mane,libniroy@example.net,1736237359,Pune,VALUE,2024-10-17
4880,Andrew Reddy,urishilla43@example.net,6608386628,Kolkata,GROWTH,2026-02-27
4881,Urvi Sahni,jkhalsa@example.com,8029996762,Hyderabad,VALUE,2026-05-31
4882,Vihaan Murty,vchand@example.net,7726511659,Jaipur,VALUE,2024-02-19
4883,Shivani Lanka,jasmit81@example.com,3445819153,Hyderabad,GROWTH,2025-10-21
4884,Balvan Karnik,champakgoda@example.org,9602959465,Mumbai,VALUE,2024-08-03
4885,Megha Lanka,faraswason@example.org,3350755761,Delhi,VALUE,2025-08-11
4886,Veer Baria,niharikahari@example.com,5565882890,Mumbai,NEW,2025-07-13
4887,Shivani Khare,gangachowdhury@example.org,9917626240,Pune,PREMIUM,2026-03-01
4888,Aarnav Sani,azadjha@example.net,7024404729,Chennai,PREMIUM,2025-09-24
4889,Faqid Mahal,benmitesh@example.com,3741062769,Bengaluru,VALUE,2026-01-11
4890,Amol Thaker,virajsastry@example.org,0935467751,Hyderabad,NEW,2025-12-22
4891,Charan Taneja,balhaar67@example.net,0503085009,Kolkata,GROWTH,2025-08-05
4892,Bhavna D’Alia,owen52@example.org,8020178847,Chennai,GROWTH,2025-01-04
4893,Lopa Narasimhan,eshanamanda@example.com,3167641570,Delhi,VALUE,2024-10-30
4894,Sai Atwal,arya76@example.org,6684577092,Delhi,NEW,2024-11-08
4895,Fariq Narasimhan,sankarangeorge@example.com,9569273447,Hyderabad,GROWTH,2024-11-18
4896,Varsha Bail,irya90@example.org,6608455543,Hyderabad,NEW,2024-09-16
4897,Kai Kuruvilla,onigam@example.com,6703870688,Kolkata,PREMIUM,2024-10-06
4898,Brinda Kurian,nathan37@example.org,7644031563,Chennai,PREMIUM,2025-05-26
4899,Neel Sandhu,rajeshri67@example.com,9363174250,Kolkata,PREMIUM,2024-08-31
4900,Nihal Pathak,oliverrout@example.net,6673271459,Chennai,NEW,2024-11-09
4901,Bhavya More,eramakrishnan@example.com,9247693097,Bengaluru,VALUE,2025-09-30
4902,Faraj Dugal,ria90@example.com,3928979227,Pune,VALUE,2024-10-22
4903,Aarush Khatri,gautami22@example.com,4172619406,Chennai,PREMIUM,2024-04-05
4904,Anamika Gola,calebparsa@example.net,2597945437,Pune,GROWTH,2024-01-16
4905,Siya Nazareth,jlad@example.com,8631204897,Mumbai,GROWTH,2025-11-19
4906,Xiti Warrior,shivani80@example.com,4733903784,Pune,PREMIUM,2026-05-03
4907,Yasti Das,veer71@example.net,1130675121,Bengaluru,GROWTH,2025-09-06
4908,Arunima Chacko,sbaral@example.net,8497024601,Kolkata,PREMIUM,2024-02-24
4909,George Pandit,binavaidya@example.net,5294975930,Kolkata,VALUE,2025-05-22
4910,Lipika Gulati,ekapadia@example.org,8029277610,Chennai,NEW,2024-08-31
4911,Andrew Chadha,hbatra@example.com,4976944656,Jaipur,VALUE,2024-10-15
4912,Nicholas Dhingra,poza@example.net,0874244355,Chennai,GROWTH,2026-04-09
4913,Naveen Vig,qasim11@example.net,6945288210,Delhi,NEW,2026-01-11
4914,Varenya Panchal,ati24@example.org,1661111038,Chennai,VALUE,2025-10-23
4915,Harini Ramachandran,palanarin@example.net,5068013915,Kolkata,VALUE,2025-03-26
4916,Hemang Vala,tanay79@example.org,1758462639,Delhi,VALUE,2025-06-04
4917,Simon Ganesh,hbala@example.net,5875885769,Delhi,GROWTH,2026-04-04
4918,Veda Bhavsar,hamsinivyas@example.net,4400192711,Bengaluru,GROWTH,2025-08-17
4919,Warda Shankar,indira83@example.com,1417717385,Kolkata,VALUE,2025-06-05
4920,Ekanta Pillay,ekani48@example.com,0561097429,Chennai,NEW,2024-03-28
4921,Benjamin Bansal,saumya99@example.net,6450612588,Jaipur,VALUE,2026-06-15
4922,Raghav Aggarwal,ilad@example.com,9917006282,Kolkata,GROWTH,2025-12-28
4923,Anay Pradhan,neel90@example.net,2945089369,Chennai,GROWTH,2024-11-24
4924,Ojasvi Amble,tanay68@example.org,5292731335,Pune,VALUE,2024-08-13
4925,Ubika Chada,znarain@example.net,3428581019,Bengaluru,VALUE,2026-05-21
4926,Gopal Verma,warda85@example.org,9628938043,Delhi,NEW,2026-05-10
4927,Laban Solanki,pvirk@example.com,8642148363,Hyderabad,PREMIUM,2025-01-13
4928,Harini Dar,wgolla@example.com,5630222439,Chennai,VALUE,2024-07-27
4929,Edhitha Korpal,daksheshvaidya@example.org,2862951414,Mumbai,PREMIUM,2025-12-19
4930,Pavani Memon,abdul86@example.com,6289881167,Mumbai,GROWTH,2025-07-16
4931,Hredhaan Bhakta,kashvi11@example.net,8415369445,Delhi,VALUE,2026-03-21
4932,Laksh Kuruvilla,nathanmander@example.com,4561092551,Pune,PREMIUM,2025-05-05
4933,Michael Mand,pbobal@example.net,8900608553,Jaipur,GROWTH,2025-05-11
4934,Nisha Borde,ucchalnayar@example.org,5977507935,Kolkata,VALUE,2024-05-08
4935,Falan Tara,revacherian@example.org,3459726523,Hyderabad,NEW,2025-06-26
4936,Charita Ray,dinjhalak@example.net,5449317508,Chennai,VALUE,2024-11-22
4937,Atharv Mane,uhalder@example.org,2309760692,Jaipur,VALUE,2024-07-03
4938,Qasim Chander,cpanchal@example.org,9251558281,Chennai,VALUE,2025-12-04
4939,Harish Patil,samar20@example.net,2062807386,Bengaluru,PREMIUM,2024-11-07
4940,Girish Lalla,krishabose@example.org,4728512994,Bengaluru,PREMIUM,2024-07-10
4941,Eesha Dasgupta,bhattacharyyabhavya@example.com,6714434256,Pune,NEW,2026-05-14
4942,Simon Brar,ymahal@example.org,9699781933,Hyderabad,VALUE,2026-05-16
4943,Chandran Malhotra,tdugar@example.net,0018794018,Kolkata,PREMIUM,2025-03-21
4944,Fariq Mishra,ekavir03@example.com,5364888763,Kolkata,GROWTH,2024-09-22
4945,Harish Raval,hnarang@example.org,6859267913,Delhi,VALUE,2024-05-25
4946,Devika Salvi,jkapadia@example.net,6497567117,Pune,VALUE,2025-07-18
4947,Gauri Luthra,balveer11@example.com,8220415817,Bengaluru,NEW,2025-07-03
4948,Laksh Biswas,guptabahadurjit@example.org,8947663128,Chennai,VALUE,2025-07-10
4949,Aayush Chhabra,nbala@example.com,4382296825,Bengaluru,GROWTH,2025-11-21
4950,Brijesh Singh,wadhwaaishani@example.com,5490484448,Bengaluru,GROWTH,2025-02-27
4951,Nidra Chhabra,jbhandari@example.com,5407132094,Bengaluru,VALUE,2025-09-06
4952,Nathan Kota,ekaur@example.org,2320908780,Delhi,NEW,2025-08-12
4953,Gaurika Ganguly,sahaluke@example.com,5799760520,Kolkata,NEW,2025-12-17
4954,Hemang Badal,omkaar74@example.com,7766858425,Mumbai,GROWTH,2025-10-31
4955,Tejas Date,chadcaleb@example.org,1318417833,Hyderabad,PREMIUM,2024-02-02
4956,Yashodhara Khare,esavant@example.com,1154023183,Mumbai,GROWTH,2025-07-11
4957,Abdul Virk,agarwalturvi@example.org,4709128487,Mumbai,PREMIUM,2026-05-27
4958,Raghav Tailor,varghesetanveer@example.org,8128113743,Bengaluru,VALUE,2025-05-18
4959,Daniel Sani,mitali61@example.net,4110592677,Jaipur,GROWTH,2025-04-21
4960,Lipika Hans,purohitgirindra@example.org,6362352767,Jaipur,VALUE,2025-06-29
4961,Hemangini Deshpande,yagnesh70@example.org,9783298760,Hyderabad,GROWTH,2025-05-18
4962,Nisha Mani,bbhatia@example.org,5594672677,Chennai,GROWTH,2024-12-27
4963,Zaid Dash,doctorlogan@example.org,0747807729,Jaipur,VALUE,2026-06-13
4964,Aadhya Tank,garameghana@example.net,4189065841,Mumbai,NEW,2024-03-04
4965,Ishwar Ravi,benjaminnagar@example.org,3423944532,Jaipur,VALUE,2026-01-02
4966,Zehaan Dave,darafaraj@example.net,1960528825,Delhi,VALUE,2024-05-23
4967,Jagdish Kothari,radhakrishnanrohan@example.com,0617036534,Mumbai,GROWTH,2024-07-04
4968,Banjeet Kashyap,ahluwalialavanya@example.com,2179552522,Bengaluru,GROWTH,2025-06-30
4969,Chakradhar Bora,evasa@example.org,0036828879,Delhi,VALUE,2025-07-28
4970,Kiaan Kamdar,choudharybaghyawati@example.net,3650376917,Kolkata,GROWTH,2026-04-14
4971,Isaiah Agate,fariq16@example.org,3856132501,Kolkata,PREMIUM,2024-09-21
4972,Indrajit Atwal,masondoshi@example.com,6219718938,Hyderabad,VALUE,2024-01-24
4973,Hredhaan Om,rajaarini@example.org,7433330700,Kolkata,NEW,2024-08-17
4974,Sanya Dhawan,yashica61@example.com,7772169310,Kolkata,VALUE,2025-05-04
4975,Jatin Pillay,gdhingra@example.org,3864314908,Kolkata,GROWTH,2024-11-17
4976,Nirja Radhakrishnan,ybahri@example.org,7823132886,Kolkata,VALUE,2024-08-14
4977,Sachi Jaggi,zehaan49@example.com,8152567925,Chennai,PREMIUM,2026-04-02
4978,Samuel Ramachandran,eta02@example.net,9159939052,Delhi,NEW,2025-05-20
4979,Raghav Kibe,naksh18@example.net,0649354693,Jaipur,VALUE,2025-08-27
4980,Vrinda Mahal,eshanalall@example.net,9790837316,Chennai,VALUE,2025-11-05
4981,Chandran Krishnan,narulaunnati@example.com,3459988656,Jaipur,VALUE,2025-01-03
4982,Rachita Sheth,aarnav24@example.org,8340597790,Jaipur,VALUE,2025-10-23
4983,Darsh Bhasin,lakshit63@example.org,3346842720,Mumbai,NEW,2026-05-17
4984,Bimala Jani,praneel31@example.net,0111165407,Hyderabad,GROWTH,2025-10-14
4985,Indrajit Mani,snagi@example.net,8163763256,Mumbai,GROWTH,2024-09-24
4986,Bhanumati Mammen,htank@example.net,7981207665,Delhi,NEW,2025-12-02
4987,Pooja Atwal,miteshagate@example.org,6217481969,Jaipur,NEW,2024-07-31
4988,Dhruv Sha,rattangautam@example.net,6669712764,Jaipur,NEW,2024-03-06
4989,Chavvi Kapur,kalpitatwal@example.org,9177779607,Jaipur,VALUE,2025-02-03
4990,Sai Majumdar,viswanathanojasvi@example.com,3572397258,Jaipur,VALUE,2025-04-03
4991,Madhavi Madan,rshere@example.com,7247687938,Pune,VALUE,2025-02-26
4992,Varsha Kannan,pranavuppal@example.net,7731149606,Chennai,VALUE,2024-08-23
4993,Kiaan Badal,fapte@example.org,4940014792,Jaipur,GROWTH,2024-09-02
4994,Vedika Rajagopalan,bassichandani@example.net,7763331614,Chennai,VALUE,2026-04-09
4995,Yashodhara Dhillon,ckarpe@example.net,6716029395,Pune,GROWTH,2024-09-19
4996,Amrita Prabhakar,zsahni@example.com,5173136504,Mumbai,GROWTH,2025-12-05
4997,Hardik Magar,kghosh@example.com,5068929646,Pune,VALUE,2024-08-19
4998,Netra Bahri,dugarradha@example.net,1210008720,Kolkata,VALUE,2024-04-06
4999,Hredhaan Khurana,ekaraj04@example.net,3316699846,Pune,GROWTH,2024-02-26
5000,Zayyan Konda,adas@example.com,8495894835,Hyderabad,GROWTH,2024-08-06
5001,Watika Wadhwa,aarini58@example.com,2355545126,Mumbai,PREMIUM,2026-01-27
5002,Manthan Bahri,niharika57@example.com,0659309184,Delhi,PREMIUM,2025-02-13
5003,Oni Om,korpalshravya@example.org,9421533385,Pune,VALUE,2025-09-17
5004,Vasana Hari,rudra42@example.com,8655918587,Pune,VALUE,2026-05-16
5005,Ikbal Mohan,owenverma@example.com,0011389547,Kolkata,VALUE,2024-02-13
5006,Zayan Magar,madhavghose@example.com,5456497577,Jaipur,VALUE,2024-04-08
5007,Neelima Parikh,usandhu@example.com,4939567997,Hyderabad,GROWTH,2026-04-08
5008,Lajita Sodhi,kabir74@example.net,3867125723,Kolkata,NEW,2025-05-26
5009,Yash Nair,priya45@example.net,1447381471,Pune,VALUE,2025-07-10
5010,Gayathri Parikh,daniel30@example.net,9432398908,Bengaluru,VALUE,2024-11-03
5011,Wridesh Walia,dugalharish@example.com,7482282186,Kolkata,PREMIUM,2026-01-14
5012,Waida Kari,leenasagar@example.com,1242901583,Delhi,GROWTH,2025-08-04
5013,Amol Bose,jagrati38@example.net,9346618319,Chennai,VALUE,2024-08-19
5014,Laksh Kashyap,tanveerdeshpande@example.org,7851311398,Jaipur,VALUE,2025-08-06
5015,Caleb Jayaraman,gaurangi33@example.com,1977168006,Pune,NEW,2024-01-04
5016,Nitara Warrior,gsahni@example.org,0124055060,Jaipur,VALUE,2024-08-04
5017,Harshil Sastry,ojasvipatla@example.com,1270584155,Delhi,GROWTH,2024-07-02
5018,Timothy Kala,chavvi92@example.net,9932456984,Chennai,PREMIUM,2025-12-08
5019,Kamala Chatterjee,kantaadi@example.org,6944357356,Kolkata,VALUE,2025-10-23
5020,Aahana Apte,virajshukla@example.net,6670828823,Pune,PREMIUM,2024-03-23
5021,Jai Mand,ybora@example.net,6360588656,Jaipur,VALUE,2026-03-26
5022,Shaurya Chander,pautanmayi@example.com,0815211507,Hyderabad,VALUE,2026-01-06
5023,Warjas Dani,chaudharydeepa@example.org,4504526580,Pune,VALUE,2025-01-26
5024,Zashil Yadav,brarishani@example.net,3268575849,Hyderabad,NEW,2024-07-09
5025,Chaitanya Soni,raimitesh@example.org,4035295897,Kolkata,VALUE,2025-01-13
5026,Oliver Ahuja,pandyayagnesh@example.net,0853301828,Delhi,VALUE,2025-06-14
5027,Tarak Sabharwal,naveen81@example.org,8995984723,Bengaluru,NEW,2025-07-21
5028,Harish Chakrabarti,turvi65@example.org,7686910274,Delhi,VALUE,2024-11-08
5029,Arunima Acharya,purisaksham@example.net,0333751453,Pune,NEW,2024-04-01
5030,Ikshita Parikh,bpatla@example.com,4426840278,Mumbai,PREMIUM,2025-07-02
5031,Nitesh Bala,hdevan@example.com,6490660317,Bengaluru,GROWTH,2025-09-26
5032,Ansh Maharaj,baradgeorge@example.org,2777337922,Kolkata,PREMIUM,2024-08-28
5033,Orinder Dugar,lankachaitaly@example.org,2854595218,Bengaluru,PREMIUM,2025-07-29
5034,Chakradev Gola,banikliam@example.com,1072319959,Mumbai,VALUE,2025-05-27
5035,Shaurya Hora,ikar@example.org,9300229099,Delhi,NEW,2025-03-27
5036,Chakrika Sharma,znayak@example.net,0074930934,Mumbai,NEW,2024-01-08
5037,Shivani Kara,madhav76@example.net,3234581170,Jaipur,NEW,2024-10-03
5038,Azad Dalal,abhiramvora@example.org,8157186109,Chennai,GROWTH,2024-12-03
5039,Jeevika Mistry,khora@example.com,8516126998,Jaipur,GROWTH,2026-01-20
5040,Mitesh Bhatnagar,vsahni@example.org,7769633795,Mumbai,GROWTH,2026-01-13
5041,Urvi Radhakrishnan,chahaldayamai@example.org,6816484817,Bengaluru,VALUE,2026-02-25
5042,Onveer Prasad,bhattara@example.com,2520875939,Mumbai,GROWTH,2025-02-20
5043,Parth Salvi,yahvisoni@example.org,2137950477,Hyderabad,GROWTH,2024-10-21
5044,Frado Dugar,ikbal42@example.com,9596567023,Chennai,PREMIUM,2025-03-25
5045,Elijah Dube,krish93@example.org,4621624483,Kolkata,VALUE,2025-12-13
5046,Ikbal Saran,ukurian@example.com,0444802339,Bengaluru,GROWTH,2025-07-13
5047,Ojas Lata,mandarushil@example.net,3005787776,Kolkata,GROWTH,2025-06-25
5048,Sneha Dugar,yashawinibhatnagar@example.com,1651631155,Pune,GROWTH,2025-01-25
5049,Saumya Sandal,tmital@example.net,6800400424,Bengaluru,NEW,2025-09-18
5050,Sai Mallick,dhritimukhopadhyay@example.org,0786550344,Jaipur,PREMIUM,2026-02-19
5051,Abha Kala,bhavani74@example.org,5166556251,Hyderabad,VALUE,2025-08-24
5052,Rohan Ravi,vrinda52@example.net,7626854058,Mumbai,VALUE,2024-12-28
5053,Keya Wason,pedwin@example.com,4204651180,Jaipur,PREMIUM,2026-01-25
5054,Gavin D’Alia,tara98@example.net,0459873591,Jaipur,GROWTH,2026-04-28
5055,Chatura Karpe,rachitmani@example.com,0036271308,Delhi,NEW,2025-12-17
5056,Varenya Rana,chakrika04@example.org,4062112650,Jaipur,VALUE,2026-02-28
5057,Chatresh Vasa,bailaditya@example.org,4607091727,Jaipur,VALUE,2024-08-26
5058,Vincent Date,mugdha11@example.com,4281925794,Kolkata,GROWTH,2025-01-13
5059,Chandresh Trivedi,uvyas@example.com,3183734132,Bengaluru,PREMIUM,2024-08-12
5060,Wyatt Yohannan,sathvik90@example.net,1700963874,Pune,NEW,2024-11-25
5061,Harinakshi Vohra,ria98@example.com,7474237796,Chennai,NEW,2025-10-22
5062,Aashi Lal,vdave@example.com,2732663202,Chennai,GROWTH,2025-08-31
5063,Laban Gokhale,tanveerkhalsa@example.net,7584126227,Chennai,NEW,2024-01-03
5064,Prisha Swaminathan,wyatt00@example.net,0656748450,Pune,VALUE,2025-11-10
5065,Logan Kannan,hiralpanchal@example.org,5768074891,Chennai,GROWTH,2024-06-21
5066,Zarna Divan,qadim56@example.net,6808686299,Pune,NEW,2024-06-16
5067,Ekbal Sami,suhanisura@example.net,7435624190,Chennai,GROWTH,2025-05-04
5068,Ekanta Sharma,hiteshgill@example.com,0450674582,Delhi,NEW,2024-08-04
5069,Anya Nazareth,deepapathak@example.net,5729275820,Delhi,VALUE,2026-05-16
5070,Bachittar Apte,hbalay@example.org,0635244827,Jaipur,VALUE,2024-05-11
5071,Arjun Balasubramanian,dadadev@example.com,5283747517,Jaipur,GROWTH,2024-05-16
5072,Ekantika Gala,jairaj73@example.net,7021655473,Chennai,NEW,2025-11-15
5073,Fitan Gupta,janyahayre@example.com,8533693418,Mumbai,VALUE,2024-09-14
5074,Guneet Sarna,chaitalygoda@example.org,6349848516,Kolkata,NEW,2025-10-04
5075,Dakshesh Bal,gabriel56@example.net,0707936952,Mumbai,VALUE,2025-09-05
5076,Ira Munshi,deepa38@example.com,1316152998,Hyderabad,PREMIUM,2024-06-19
5077,Ishwar Thaman,dboase@example.org,0676550334,Bengaluru,GROWTH,2025-06-05
5078,Brinda Lal,ekiyakale@example.com,8352678002,Delhi,VALUE,2025-04-28
5079,Frederick Divan,bhallainaya@example.com,9015882903,Kolkata,PREMIUM,2024-03-26
5080,Bhavna Swaminathan,gangasant@example.org,0082151272,Chennai,PREMIUM,2025-11-18
5081,Matthew Gill,nkala@example.com,4673384559,Bengaluru,GROWTH,2026-02-10
5082,Yachana Basak,rushil31@example.com,9241764424,Chennai,VALUE,2026-05-02
5083,Ladli Singh,dubeaadi@example.net,0358863150,Delhi,VALUE,2024-03-20
5084,Yashica Saran,oshawalla@example.net,6382611722,Hyderabad,NEW,2024-06-09
5085,Atharv Basu,jmemon@example.net,3113011260,Chennai,PREMIUM,2026-01-12
5086,Aarnav Lal,vsrivastava@example.org,6387372056,Bengaluru,NEW,2024-09-30
5087,Krishna Pai,tristan67@example.org,3196107680,Kolkata,PREMIUM,2025-07-16
5088,Gaurang Pathak,sarrafirya@example.org,5926051137,Mumbai,NEW,2024-11-09
5089,Mason Ravel,nprashad@example.net,0157728272,Mumbai,VALUE,2024-07-14
5090,Jason Keer,davedipta@example.net,0898615951,Chennai,GROWTH,2025-07-16
5091,Manthan Luthra,vvasa@example.net,1816435889,Jaipur,PREMIUM,2024-07-03
5092,Ekanta Pingle,bishakha16@example.com,8027446882,Hyderabad,VALUE,2024-05-02
5093,Jasmit Mukherjee,sameshchaudhary@example.org,7832999434,Delhi,VALUE,2025-04-22
5094,Keya Barman,nagarajanlakshmi@example.net,5823727132,Jaipur,GROWTH,2024-06-23
5095,Upma Bera,devika02@example.com,7877103751,Hyderabad,NEW,2024-06-22
5096,Sarthak Khosla,hardikvasa@example.org,1938078364,Mumbai,PREMIUM,2025-12-03
5097,Triveni Pant,tanne@example.org,8178597543,Chennai,VALUE,2025-04-20
5098,Qasim Dass,kkrish@example.org,9186456542,Bengaluru,NEW,2025-05-02
5099,Darsh Loyal,jason85@example.org,0218630990,Jaipur,VALUE,2024-05-09
5100,Jason Ramanathan,gauravsane@example.com,2243147667,Bengaluru,VALUE,2024-05-24
5101,Jeet Wadhwa,mchander@example.net,9758358677,Chennai,NEW,2024-12-17
5102,Advika Kuruvilla,sarrafwridesh@example.net,0964491714,Chennai,PREMIUM,2024-12-15
5103,Urvi Tara,pbrar@example.net,4054691188,Mumbai,NEW,2025-02-10
5104,Zaitra Hari,yasti45@example.com,5448405865,Hyderabad,NEW,2024-05-01
5105,Raghav Wadhwa,rushil00@example.com,2725879579,Delhi,PREMIUM,2026-03-19
5106,Mugdha Loyal,geetika77@example.com,2227794875,Pune,VALUE,2024-11-22
5107,Mohammed Bhatti,jairaj46@example.net,4266425214,Kolkata,VALUE,2026-01-04
5108,Mugdha Merchant,harish83@example.org,9489688294,Jaipur,NEW,2024-12-26
5109,Damyanti Reddy,mkonda@example.org,6375873863,Bengaluru,NEW,2025-02-28
5110,Nathan Bail,tristan36@example.org,6196874897,Bengaluru,GROWTH,2024-04-10
5111,Oni De,natarajantanmayi@example.net,2338437749,Chennai,GROWTH,2025-09-01
5112,Raagini Kala,ubika86@example.com,8492101597,Pune,VALUE,2024-02-23
5113,Dayita Krishnamurthy,settydalbir@example.org,3728535768,Jaipur,VALUE,2025-11-04
5114,Turvi Baria,arin76@example.com,8799057793,Delhi,NEW,2026-03-04
5115,Bishakha Ramakrishnan,ybasu@example.net,2959275020,Mumbai,VALUE,2024-11-21
5116,Isha Prakash,anirudh85@example.net,6907159541,Bengaluru,GROWTH,2026-03-09
5117,Brijesh Grover,poojabumb@example.org,6676720226,Bengaluru,NEW,2025-09-20
5118,Veer Pillay,nvarghese@example.com,7016243760,Hyderabad,GROWTH,2024-01-03
5119,Rachit Memon,hiral32@example.com,4693366879,Kolkata,GROWTH,2024-07-01
5120,Arin Chad,watika41@example.net,4360406372,Delhi,VALUE,2025-07-31
5121,Krishna Morar,devansh24@example.org,2553612318,Kolkata,VALUE,2025-09-23
5122,Ati Mannan,rohan96@example.net,6835283607,Chennai,VALUE,2024-03-25
5123,Upkaar Chopra,yutika35@example.net,4488156870,Chennai,VALUE,2025-09-08
5124,Wyatt Tella,abedi@example.org,4711769737,Pune,VALUE,2025-12-30
5125,Anya Narula,dugalabhimanyu@example.net,9510420896,Delhi,VALUE,2024-03-23
5126,Udyati Bhatia,ycherian@example.net,0818583513,Pune,VALUE,2026-03-02
5127,Baljiwan Mann,jairajkale@example.net,5177827997,Mumbai,VALUE,2025-04-24
5128,Bishakha Khare,vanshabumb@example.net,1983769463,Chennai,NEW,2025-07-08
5129,Tarak Joshi,toorthomas@example.net,4430926847,Pune,VALUE,2024-02-15
5130,Rishi Vora,warriorvanya@example.net,8324979327,Chennai,GROWTH,2025-07-05
5131,Divya Das,gopalsachdev@example.com,0235659937,Bengaluru,NEW,2025-02-13
5132,Tristan Dhaliwal,chatterjeeethan@example.com,9244556132,Hyderabad,VALUE,2024-11-30
5133,Gautam Chandra,tanmayi60@example.org,3984160620,Hyderabad,GROWTH,2025-12-03
5134,Unnati Dasgupta,venkateshraagini@example.net,0547803874,Delhi,NEW,2024-08-12
5135,Rushil Khosla,vnagarajan@example.org,7068044046,Pune,GROWTH,2024-02-23
5136,Rudra Tailor,nishadeep@example.com,9115025219,Delhi,VALUE,2025-03-25
5137,Krish Ravel,nathkabir@example.net,2147319694,Hyderabad,PREMIUM,2025-10-31
5138,Upkaar Baral,omuppal@example.org,4736530569,Pune,PREMIUM,2024-04-30
5139,Bakhshi Bose,vsarin@example.net,6666195280,Delhi,GROWTH,2026-06-05
5140,Yashasvi Taneja,suravrinda@example.org,2585661469,Jaipur,VALUE,2025-08-28
5141,Lopa Chandran,jhaverifiyaz@example.net,2359536796,Hyderabad,VALUE,2026-04-20
5142,Xiti Ray,kmann@example.org,1555652008,Delhi,NEW,2025-02-27
5143,Advaith Goyal,khatrieshana@example.org,7138080823,Pune,VALUE,2024-04-20
5144,Avi Balan,zsandhu@example.org,8876124433,Chennai,VALUE,2024-06-08
5145,Gaurika Sachdeva,hema93@example.com,7617435815,Pune,GROWTH,2025-03-26
5146,Joshua Viswanathan,epingle@example.org,5538199457,Kolkata,NEW,2025-06-13
5147,Yash Purohit,ekanisarkar@example.com,1579623501,Hyderabad,VALUE,2025-10-22
5148,Urmi Tank,imaran63@example.net,9068624592,Kolkata,VALUE,2025-12-16
5149,Bhanumati Dar,shahomkaar@example.com,1344614078,Bengaluru,GROWTH,2025-11-17
5150,Aarush Kala,narayanzayan@example.net,7075501054,Chennai,PREMIUM,2025-06-13
5151,Jhalak Pal,odikagera@example.net,9039460572,Mumbai,GROWTH,2024-01-17
5152,Dalbir Bose,hayerbhavna@example.org,1254386550,Chennai,NEW,2025-04-21
5153,Ekavir Dasgupta,gauribajwa@example.org,7432647994,Bengaluru,VALUE,2026-01-07
5154,Ikbal Zacharia,bhanumatiratti@example.org,0055672746,Pune,VALUE,2026-02-01
5155,Upkaar Kashyap,lmukhopadhyay@example.com,5304966021,Kolkata,GROWTH,2026-01-21
5156,Vansha Oza,cnanda@example.com,4310002883,Kolkata,VALUE,2024-01-10
5157,Liam Reddy,priya54@example.net,9753761332,Jaipur,GROWTH,2025-01-26
5158,Onkar Dugar,lucky18@example.com,6817007407,Delhi,PREMIUM,2025-07-09
5159,Yashasvi Divan,petercherian@example.org,4716662507,Mumbai,VALUE,2024-08-10
5160,Wriddhish Seth,eshana88@example.com,8307637512,Jaipur,PREMIUM,2025-01-03
5161,Gautami Nazareth,cmammen@example.com,6588954201,Hyderabad,VALUE,2024-03-28
5162,Faraj Chanda,kamdardhruv@example.com,8043955712,Delhi,GROWTH,2024-06-23
5163,Balhaar Menon,johaldayita@example.net,1748331906,Bengaluru,GROWTH,2024-01-06
5164,Zinal Wason,dprakash@example.net,4931811065,Kolkata,GROWTH,2026-05-31
5165,Brijesh Peri,snaidu@example.com,1535525529,Bengaluru,VALUE,2026-02-12
5166,Geetika Khanna,ikanda@example.com,6133614391,Delhi,NEW,2024-12-29
5167,Megha Sangha,chaaya77@example.org,4160842041,Pune,NEW,2024-01-04
5168,Chakradhar Venkataraman,darikachadha@example.org,2598654178,Mumbai,NEW,2024-10-28
5169,Jackson Dave,william83@example.com,8558669291,Bengaluru,NEW,2025-01-25
5170,Andrew Basak,balpanini@example.com,0438530960,Delhi,VALUE,2024-06-01
5171,Christopher Venkatesh,ndeshmukh@example.net,9176532939,Chennai,GROWTH,2025-08-18
5172,Jalsa Ramakrishnan,ysama@example.com,2106988000,Hyderabad,VALUE,2026-06-16
5173,Gaurang Bala,tdugar@example.org,1503597778,Kolkata,NEW,2026-01-29
5174,Mitesh Shah,otara@example.org,4266761719,Bengaluru,VALUE,2026-02-09
5175,Ekani Kala,virajkala@example.com,2923425322,Mumbai,VALUE,2026-01-17
5176,Parth Kamdar,dsur@example.com,8761645701,Mumbai,PREMIUM,2024-03-03
5177,Harini Parekh,girish08@example.com,5930872746,Mumbai,VALUE,2025-05-11
5178,Qushi Upadhyay,upasnadara@example.net,4774613100,Hyderabad,PREMIUM,2025-05-24
5179,Rajata Chopra,venkateshquincy@example.net,5077550282,Delhi,VALUE,2024-03-31
5180,Vedhika Samra,aroratejas@example.net,5132794845,Hyderabad,PREMIUM,2024-05-12
5181,Shivansh Vohra,balendra93@example.com,4087676618,Kolkata,NEW,2025-05-23
5182,Bina Baria,vanshacomar@example.com,5769206245,Kolkata,GROWTH,2025-10-06
5183,Wyatt Modi,krishnabera@example.org,5314265276,Pune,VALUE,2024-07-07
5184,Sara Hari,apterajeshri@example.com,1096836788,Jaipur,VALUE,2025-03-11
5185,Chanchal Khanna,bmanda@example.net,4431653261,Kolkata,VALUE,2024-03-08
5186,Laban Reddy,gopal84@example.com,6665600861,Pune,VALUE,2024-04-09
5187,Simon Kaur,hsibal@example.net,0274387179,Kolkata,GROWTH,2025-06-06
5188,Jeet Bera,inaya87@example.net,1251050971,Delhi,VALUE,2025-05-16
5189,Kamala Seth,udyati97@example.org,9707320498,Kolkata,VALUE,2025-11-06
5190,Champak Tripathi,mastergabriel@example.com,5949972949,Bengaluru,VALUE,2026-03-30
5191,Dhruv Mann,omaja19@example.org,5698172077,Pune,NEW,2024-06-19
5192,Qabil Babu,zgoel@example.org,0275348726,Jaipur,VALUE,2024-11-03
5193,Aadhya Gandhi,gopal08@example.net,8601691033,Hyderabad,VALUE,2026-02-09
5194,Osha Prashad,kiaantak@example.net,9937816969,Delhi,GROWTH,2024-02-15
5195,Tanmayi Chakraborty,hramanathan@example.com,0210446412,Bengaluru,VALUE,2026-01-15
5196,Maanav Wason,madhav00@example.org,4361940630,Hyderabad,NEW,2026-04-30
5197,Leena Kothari,lekhanarayanan@example.org,1709886586,Jaipur,VALUE,2024-03-30
5198,Ganga Chauhan,chandrannadig@example.org,6662820460,Jaipur,PREMIUM,2024-05-07
5199,Ansh Tella,girindra14@example.org,3929212533,Chennai,GROWTH,2025-09-07
5200,Robert Gill,savantniharika@example.com,5456055690,Jaipur,NEW,2025-03-03
5201,Hritik Goyal,kapoortarak@example.com,4800734676,Hyderabad,PREMIUM,2026-06-07
5202,Chaitaly Dhaliwal,barkhaprakash@example.com,9156597318,Hyderabad,PREMIUM,2025-05-05
5203,Netra Bhakta,pbera@example.net,3522504699,Kolkata,GROWTH,2025-08-12
5204,Arin Solanki,bbobal@example.net,7978334475,Pune,GROWTH,2024-08-01
5205,Mitali Dalal,nitesh97@example.org,0657692172,Chennai,PREMIUM,2024-10-19
5206,Omisha Balasubramanian,edhitha38@example.com,0343628570,Hyderabad,GROWTH,2024-06-08
5207,Owen Kalita,erao@example.org,4338053956,Pune,GROWTH,2024-05-12
5208,Vedant Venkatesh,fsabharwal@example.com,2591554201,Kolkata,VALUE,2024-04-11
5209,Eshana Pathak,ishaanhayre@example.com,6735078739,Hyderabad,VALUE,2026-03-14
5210,Zinal Devi,ekani61@example.com,2887822832,Delhi,GROWTH,2024-03-03
5211,Bhavani Aggarwal,jaipadmanabhan@example.net,6629417422,Delhi,VALUE,2025-04-09
5212,Nikita Dalal,yauvanihalder@example.net,4563273362,Mumbai,GROWTH,2025-04-02
5213,Radha Om,janani31@example.org,8544097794,Hyderabad,VALUE,2024-02-20
5214,Manan Ravi,balayzinal@example.com,2046349750,Chennai,GROWTH,2026-01-27
5215,Manan Saraf,munichampak@example.org,2551204995,Kolkata,PREMIUM,2025-03-26
5216,Girik Raja,atichawla@example.net,5070202252,Mumbai,GROWTH,2024-04-24
5217,Hemangini Ray,nbalay@example.com,7207241863,Kolkata,PREMIUM,2024-04-25
5218,Tarak Aurora,qadim37@example.net,3894891502,Pune,VALUE,2025-09-22
5219,Pooja Chaudhari,teerthbrahmbhatt@example.org,8059601593,Delhi,VALUE,2025-07-11
5220,Ranveer Wadhwa,manthan41@example.com,3856180617,Bengaluru,PREMIUM,2025-01-06
5221,Gayathri Dara,zdasgupta@example.net,2067097541,Bengaluru,NEW,2024-12-30
5222,Rehaan Loke,kramaswamy@example.org,3946076345,Jaipur,PREMIUM,2024-02-01
5223,Manthan Khosla,msingh@example.net,2011305244,Jaipur,PREMIUM,2024-01-29
5224,Yashodhara Magar,lohit92@example.org,6892628015,Kolkata,PREMIUM,2025-04-27
5225,Ayushman Gala,chawlawarda@example.org,1475584598,Chennai,PREMIUM,2024-11-23
5226,Udarsh Agarwal,iloke@example.org,9086498500,Hyderabad,PREMIUM,2024-08-14
5227,Yoshita Saraf,oakgabriel@example.com,1306161523,Bengaluru,PREMIUM,2024-12-07
5228,Lopa Bhatnagar,anmol79@example.com,6289484023,Kolkata,VALUE,2025-06-28
5229,Jackson Ram,fariskar@example.org,3242754612,Delhi,VALUE,2024-09-20
5230,Falan Bumb,darpan49@example.com,3351708654,Bengaluru,GROWTH,2024-11-10
5231,Gaurika Bal,sainieiravati@example.org,4221566979,Mumbai,GROWTH,2024-09-11
5232,Dominic Prashad,kramanathan@example.com,2113915987,Hyderabad,PREMIUM,2025-08-22
5233,Arya Buch,majumdarindali@example.com,0904425572,Bengaluru,VALUE,2024-02-19
5234,Elijah Nagy,samraedhitha@example.net,7125972680,Mumbai,VALUE,2026-04-06
5235,Sudiksha Reddy,btripathi@example.org,1752160505,Hyderabad,PREMIUM,2025-05-14
5236,Rohan Savant,riyavaidya@example.com,0352282586,Kolkata,VALUE,2024-08-08
5237,Maanas Bedi,gshere@example.net,0672156628,Chennai,NEW,2025-11-14
5238,Thomas Mammen,ldas@example.org,2993979139,Kolkata,VALUE,2026-04-25
5239,Anay Tandon,gabrieltailor@example.com,7815774723,Jaipur,GROWTH,2024-02-22
5240,Saanvi Manda,qagarwal@example.com,9611679018,Jaipur,GROWTH,2024-07-02
5241,Nicholas Bhardwaj,agarwaljoshua@example.org,6673939264,Bengaluru,VALUE,2024-05-09
5242,Logan Rau,xsamra@example.org,2367948514,Jaipur,VALUE,2024-03-04
5243,Kalpit Devan,damini52@example.com,2330013619,Jaipur,VALUE,2025-10-26
5244,Anirudh Chanda,rohan00@example.org,3370375502,Jaipur,VALUE,2024-06-22
5245,Urvi Rajagopalan,otella@example.org,7825184140,Bengaluru,VALUE,2024-12-11
5246,Naveen Bhavsar,bmangat@example.com,8268160666,Mumbai,PREMIUM,2026-01-03
5247,Arin Ranganathan,gagan86@example.net,9258241483,Chennai,VALUE,2025-07-04
5248,Ekalinga Hayer,yasti74@example.net,2953149645,Jaipur,GROWTH,2025-09-01
5249,Samaksh Setty,pranavamble@example.org,3846059716,Jaipur,VALUE,2024-03-28
5250,Gaurav Deo,ojasradhakrishnan@example.net,7479459934,Chennai,NEW,2026-05-23
5251,Ishita Garg,ethaker@example.org,9314139629,Mumbai,PREMIUM,2024-03-15
5252,Hemani Rattan,upmaperi@example.com,8138972319,Hyderabad,NEW,2025-09-30
5253,Unni Buch,xwali@example.com,9397401140,Pune,NEW,2025-07-29
5254,Advaith Jayaraman,veda65@example.org,0606603277,Chennai,VALUE,2025-01-06
5255,Harsh Brar,dharabha@example.net,1303767779,Bengaluru,PREMIUM,2026-01-24
5256,Aadi Raghavan,nmani@example.org,5038528931,Bengaluru,VALUE,2026-03-14
5257,Theodore Sami,kapadiakai@example.org,5375870845,Delhi,NEW,2024-03-04
5258,Yochana Nadkarni,hiralsharma@example.com,3137259026,Bengaluru,GROWTH,2026-05-12
5259,Unni Tandon,kuruvillafaqid@example.org,8561078953,Pune,GROWTH,2024-08-05
5260,Krisha Dara,oviyaramaswamy@example.com,9848294637,Mumbai,NEW,2025-12-13
5261,Tejas Sem,kashviaggarwal@example.net,5751757415,Jaipur,NEW,2026-01-08
5262,Chaman Mohanty,divya57@example.org,1999216298,Delhi,NEW,2025-05-15
5263,Chandran Ganguly,mangatmatthew@example.net,8980128530,Chennai,VALUE,2026-02-15
5264,Champak Dhaliwal,lsami@example.org,3709123635,Hyderabad,VALUE,2026-01-13
5265,Chaitaly Uppal,vyanjana76@example.org,4556467749,Kolkata,VALUE,2025-04-15
5266,Girindra Sankar,maxthakkar@example.org,3915103793,Jaipur,GROWTH,2024-06-10
5267,Bhavani Bera,dboase@example.org,1373328317,Chennai,GROWTH,2025-01-26
5268,Siya Jayaraman,aadhyamutti@example.net,5870154584,Pune,VALUE,2026-03-21
5269,Harsh Rao,hmahajan@example.net,6547496578,Pune,PREMIUM,2024-07-01
5270,Hritik Dhar,mkhatri@example.net,0543620588,Chennai,VALUE,2026-06-18
5271,Xalak Varghese,msridhar@example.org,1386300651,Mumbai,PREMIUM,2024-06-12
5272,Rachit Borde,samakshkorpal@example.net,3724928511,Hyderabad,NEW,2025-08-21
5273,Neel Chanda,rohanvyas@example.com,9123616340,Mumbai,GROWTH,2025-07-30
5274,Qabil Chaudry,nvala@example.net,6182145990,Hyderabad,GROWTH,2024-06-25
5275,Advika Venkataraman,lvig@example.net,9545416323,Chennai,VALUE,2025-03-01
5276,Onveer Oak,hemanivarghese@example.org,4894558178,Mumbai,VALUE,2024-05-09
5277,Raksha Kaur,jkade@example.net,6328752380,Mumbai,PREMIUM,2024-11-24
5278,Vincent Zacharia,gyohannan@example.com,6115570214,Kolkata,GROWTH,2026-05-13
5279,Ishwar Varma,pranit23@example.com,5853987945,Hyderabad,VALUE,2024-02-18
5280,Eiravati Rege,swaminathanwarinder@example.com,7753321157,Mumbai,NEW,2026-02-23
5281,Hamsini Karnik,ukaul@example.net,3308392135,Pune,PREMIUM,2025-09-01
5282,Arin Tailor,kiaan19@example.net,1566311608,Pune,NEW,2025-11-04
5283,Neha Dani,purizaitra@example.com,7192957470,Kolkata,GROWTH,2024-09-10
5284,Vanya Bhat,qbalasubramanian@example.org,1464240600,Kolkata,NEW,2026-05-04
5285,Watika Keer,bimalagoda@example.net,0001531483,Jaipur,VALUE,2024-08-16
5286,Zarna Din,dakshesh86@example.com,9282929169,Chennai,VALUE,2025-03-29
5287,Janya Agate,miteshrege@example.net,7602428230,Bengaluru,NEW,2024-02-03
5288,Maanas Chad,igoyal@example.org,6422633931,Kolkata,NEW,2026-03-09
5289,Pranit Kapur,senguptanetra@example.com,3377805172,Bengaluru,GROWTH,2025-09-26
5290,Falak Dutta,zsawhney@example.net,1957611293,Bengaluru,VALUE,2024-05-26
5291,Maya Pau,qsavant@example.net,9729170353,Kolkata,VALUE,2025-08-18
5292,Gautami Zacharia,vasatikaborra@example.net,1689976682,Jaipur,PREMIUM,2024-06-13
5293,Henry Lanka,bathjagrati@example.net,0337144713,Bengaluru,NEW,2025-02-03
5294,Mason Bora,blanka@example.net,5286652434,Pune,VALUE,2025-04-06
5295,Elijah Dewan,teerthbali@example.com,5722263417,Jaipur,VALUE,2026-04-18
5296,Mitali Shan,vedikamand@example.org,8609544497,Kolkata,PREMIUM,2024-10-26
5297,Amrita Keer,qdugar@example.org,0759277580,Delhi,PREMIUM,2024-01-12
5298,Bhavya Babu,ddalal@example.net,9158214451,Pune,GROWTH,2025-01-24
5299,Jonathan Barad,wyattdoshi@example.com,8357382757,Mumbai,GROWTH,2026-04-13
5300,Bahadurjit Karpe,mtara@example.com,6891555822,Kolkata,NEW,2025-12-19
5301,Zashil Tripathi,ikbal88@example.com,0552767017,Delhi,VALUE,2024-02-23
5302,Kalpit Misra,yadavnilima@example.com,5048985923,Jaipur,GROWTH,2024-02-18
5303,Yauvani Bhatti,kakarlohit@example.net,5756570642,Mumbai,GROWTH,2025-11-12
5304,Bhanumati Palan,ansh63@example.com,1223373666,Hyderabad,GROWTH,2025-10-10
5305,Yashica Shankar,qgopal@example.com,9068048051,Mumbai,NEW,2025-05-16
5306,Ridhi Chand,mjani@example.net,3090193338,Kolkata,GROWTH,2024-03-20
5307,Praneel Keer,vamakshi26@example.net,8256813150,Hyderabad,GROWTH,2024-09-09
5308,Sara Ramakrishnan,bakhshi07@example.org,3479596724,Pune,VALUE,2026-02-01
5309,Rohan Zacharia,utkarsh85@example.net,5643376074,Delhi,PREMIUM,2024-05-05
5310,Atharv Seth,balayasti@example.com,8049877295,Hyderabad,VALUE,2024-06-30
5311,Lajita Brahmbhatt,ydyal@example.net,8780216440,Jaipur,VALUE,2025-02-10
5312,Triya Talwar,dhriti05@example.org,9447502330,Jaipur,GROWTH,2025-10-23
5313,Leena Doctor,ayush48@example.com,7603968841,Mumbai,GROWTH,2026-01-15
5314,Yashasvi Tank,hemanisura@example.com,4767229773,Hyderabad,NEW,2025-06-16
5315,Kai Nagarajan,upkaar45@example.org,5708503716,Hyderabad,PREMIUM,2025-03-19
5316,Wakeeta Barad,nmemon@example.net,9244382499,Chennai,NEW,2024-12-13
5317,Aadi Rastogi,tchaudhry@example.org,2689337891,Chennai,VALUE,2024-02-09
5318,Wazir Pillay,utata@example.net,1272093701,Delhi,GROWTH,2024-08-28
5319,Amruta Balan,jshan@example.org,0109274179,Kolkata,NEW,2024-07-12
5320,Madhavi Raj,lohitsanghvi@example.com,0695750948,Mumbai,GROWTH,2024-02-21
5321,Tanmayi Barad,wchad@example.com,0213127118,Bengaluru,NEW,2025-11-01
5322,Jeet Ganesh,warjasbandi@example.org,2158724573,Kolkata,GROWTH,2024-11-14
5323,Patrick Oommen,watikaapte@example.org,7444016549,Pune,VALUE,2025-04-03
5324,Amrita Krishnamurthy,vpatla@example.org,9120005266,Hyderabad,GROWTH,2024-06-29
5325,Maya Sharma,zsaini@example.net,9705045856,Jaipur,VALUE,2025-06-16
5326,Rohan Dey,ssarkar@example.net,0882490487,Hyderabad,VALUE,2024-05-02
5327,Chaitaly Grewal,balvannagar@example.org,8266752325,Chennai,VALUE,2025-09-01
5328,Kiaan Walia,ishita38@example.com,7490979405,Mumbai,VALUE,2025-10-26
5329,Mahika Kapadia,dadaradhika@example.net,8251999138,Mumbai,GROWTH,2024-10-07
5330,Harshil Oak,dubeybaljiwan@example.com,1653808590,Hyderabad,NEW,2024-07-10
5331,Nitesh Lad,abeer00@example.com,5736971801,Chennai,GROWTH,2025-12-03
5332,Falak Grover,palljasmit@example.net,1385204772,Kolkata,NEW,2024-07-19
5333,Vasudha Gokhale,theodore92@example.org,7962245583,Hyderabad,GROWTH,2024-06-09
5334,Lopa Ganesh,aahana55@example.com,6419133926,Jaipur,VALUE,2024-11-02
5335,Netra Kant,qadim32@example.org,0423989914,Chennai,VALUE,2026-05-19
5336,Hemal Wagle,mitterdayamai@example.com,9545156584,Delhi,NEW,2025-02-20
5337,Harsh Kapoor,guptakashvi@example.net,1055408767,Pune,GROWTH,2024-08-24
5338,Mahika Pingle,sekhonneelima@example.net,2702456225,Chennai,NEW,2025-04-07
5339,Atharv Suri,sathvikben@example.org,4971551345,Hyderabad,VALUE,2024-11-09
5340,Libni Nair,nadigradha@example.net,6177968000,Hyderabad,PREMIUM,2025-08-21
5341,Ekani Sura,benjamin70@example.com,2664979864,Bengaluru,PREMIUM,2025-01-29
5342,Advika Kapur,tpingle@example.org,5964560015,Chennai,NEW,2025-06-13
5343,Rishi Mohan,sankarsathvik@example.com,5600790669,Chennai,VALUE,2025-01-27
5344,Yauvani Borde,bhattlogan@example.net,7829513349,Hyderabad,NEW,2025-03-09
5345,Vasana Sule,cmanne@example.net,3882808214,Bengaluru,GROWTH,2025-02-06
5346,Champak Issac,bhattsudiksha@example.org,8837636723,Hyderabad,NEW,2024-12-20
5347,Warinder Luthra,prashadveer@example.net,2131107701,Hyderabad,GROWTH,2026-05-17
5348,Gabriel Patla,ekapadmajumdar@example.com,1342484602,Hyderabad,GROWTH,2024-08-27
5349,Meera Mohanty,ridhivenkataraman@example.net,5223686900,Bengaluru,GROWTH,2025-12-25
5350,Eshana Memon,gdeshmukh@example.net,3794896993,Chennai,NEW,2025-09-30
5351,Hritik Narain,abhimanyugrover@example.net,1680814658,Mumbai,VALUE,2025-04-20
5352,Samaksh Chhabra,daksh52@example.org,7822297373,Chennai,GROWTH,2024-10-12
5353,Oscar Pau,champak56@example.org,6651225066,Delhi,GROWTH,2025-03-11
5354,Oni Soni,hredhaanchar@example.org,7344421367,Hyderabad,PREMIUM,2026-02-03
5355,Wazir Sandhu,qbera@example.net,8366660968,Kolkata,GROWTH,2024-06-12
5356,Edhitha Bath,oviya54@example.net,4706883903,Kolkata,PREMIUM,2025-06-11
5357,Amaira Doctor,magaranita@example.org,4353948246,Pune,GROWTH,2025-11-19
5358,Bhanumati Chahal,priyapandit@example.com,2297741835,Pune,PREMIUM,2025-07-24
5359,Irya Goel,nboase@example.org,9587099810,Delhi,PREMIUM,2024-05-09
5360,Leela Wadhwa,rbehl@example.com,1280945517,Bengaluru,PREMIUM,2025-04-02
5361,Urvashi Bhasin,yashvi74@example.net,7094452532,Pune,NEW,2024-06-13
5362,Vanya Ahuja,vbansal@example.com,3984743824,Kolkata,GROWTH,2026-04-15
5363,Jalsa Dayal,odua@example.org,7059792881,Chennai,VALUE,2024-11-12
5364,Yoshita Vyas,prabhumanya@example.org,5273611956,Kolkata,PREMIUM,2025-01-14
5365,Neelima Gaba,anita61@example.com,9184085270,Bengaluru,VALUE,2026-02-10
5366,Ganga Sangha,chatterjeelakshit@example.net,9286360430,Mumbai,VALUE,2025-01-19
5367,Dalbir Nair,gaurikaben@example.com,8990486627,Delhi,PREMIUM,2024-06-23
5368,Shivani Yohannan,yprasad@example.com,0381765423,Chennai,GROWTH,2026-03-14
5369,Ati Misra,parsaayush@example.com,7614682335,Pune,GROWTH,2025-08-06
5370,Lakshit Tailor,vaidyajalsa@example.net,2483518159,Bengaluru,NEW,2025-06-28
5371,Yashvi Nazareth,tanvi65@example.com,9529349765,Kolkata,VALUE,2024-03-09
5372,Harinakshi Sami,vamakshikothari@example.net,4134006182,Pune,VALUE,2025-02-08
5373,Edhitha Mani,morarvinaya@example.com,8075106285,Bengaluru,VALUE,2025-02-17
5374,Yadavi Dave,triyadoshi@example.net,9504325260,Mumbai,VALUE,2024-08-23
5375,Jagat Butala,haldereshana@example.org,2362306753,Pune,PREMIUM,2025-05-23
5376,Gaurangi Bal,ramandrew@example.net,0331901666,Pune,PREMIUM,2024-08-08
5377,Abeer Baral,balalakshit@example.com,7649791025,Mumbai,GROWTH,2025-02-27
5378,Nachiket Mohanty,fmagar@example.org,3254293259,Bengaluru,VALUE,2025-12-22
5379,Victor Kata,rachit43@example.org,3108457329,Hyderabad,GROWTH,2025-10-23
5380,Warjas Deep,chaudhurifalan@example.net,0866121209,Chennai,VALUE,2024-09-08
5381,Eshana Nadig,derajeshri@example.net,2304994089,Mumbai,PREMIUM,2024-07-05
5382,Sathvik Ahluwalia,pdeol@example.com,4770961316,Jaipur,GROWTH,2024-01-06
5383,Harini Srivastava,ohanda@example.net,2669955649,Hyderabad,VALUE,2024-11-06
5384,Samar Sandal,kandazaid@example.org,3865372218,Hyderabad,NEW,2024-01-18
5385,Harish Mander,guneetlall@example.com,3945429865,Delhi,PREMIUM,2024-04-25
5386,Bhavani Venkatesh,zaidswaminathan@example.net,6879749655,Jaipur,VALUE,2026-05-30
5387,Libni Swaminathan,johaldayamai@example.com,8151961324,Mumbai,GROWTH,2026-02-09
5388,Xalak Kapadia,rohangolla@example.net,5005449634,Jaipur,GROWTH,2025-05-18
5389,Saumya Sastry,olalla@example.org,0976630250,Hyderabad,VALUE,2025-11-28
5390,Odika Doctor,omaja56@example.net,6194101478,Kolkata,VALUE,2025-03-16
5391,Kai Peri,wsachdev@example.net,1826343639,Mumbai,PREMIUM,2025-06-25
5392,Jyoti Mani,nathbanjeet@example.org,4373679181,Mumbai,NEW,2026-04-06
5393,Ekaraj Vora,parsainaya@example.net,5848847796,Kolkata,GROWTH,2024-03-11
5394,Oscar Cherian,jacknarang@example.com,6858786181,Kolkata,GROWTH,2024-11-12
5395,Ranveer Bhatnagar,chatresh15@example.com,2932588476,Chennai,GROWTH,2024-04-17
5396,Ryan Dhar,gaurisetty@example.net,7459746833,Delhi,GROWTH,2025-12-16
5397,Dalaja Chanda,bawavasana@example.com,8501005247,Jaipur,VALUE,2026-01-10
5398,Krishna Anand,hredhaan48@example.net,8911782384,Hyderabad,GROWTH,2025-10-11
5399,Zinal Konda,palanishaan@example.com,9335961715,Jaipur,NEW,2025-07-02
5400,Adweta Suri,prisha61@example.net,9252210407,Kolkata,NEW,2025-03-05
5401,Samar Sheth,zayyan17@example.org,0670040052,Kolkata,NEW,2024-01-22
5402,Arjun Walia,aggarwalniharika@example.com,7858753346,Pune,VALUE,2025-11-28
5403,Urishilla Raval,zdhaliwal@example.com,7980983689,Pune,GROWTH,2026-03-15
5404,Tamanna Goel,jyadav@example.com,3047647458,Chennai,GROWTH,2026-05-19
5405,Inaya Srinivasan,dipta53@example.net,5737327474,Delhi,VALUE,2024-11-03
5406,Ekani Lad,fkannan@example.com,0320944678,Hyderabad,VALUE,2024-06-29
5407,Amaira Sule,xsant@example.net,2880334549,Pune,PREMIUM,2025-08-11
5408,Ladli Dubey,chakradev23@example.com,5673601358,Kolkata,PREMIUM,2024-01-16
5409,Eshana Dhar,kevin38@example.org,6041500241,Chennai,GROWTH,2024-02-24
5410,Yasti Setty,lgolla@example.com,6911913608,Pune,VALUE,2026-01-09
5411,Wridesh Chaudry,gluthra@example.com,7301667382,Delhi,GROWTH,2026-05-11
5412,Chatresh Gopal,vyasmanya@example.org,5552840584,Hyderabad,VALUE,2024-12-29
5413,Jai Singh,lekha28@example.net,7317603648,Chennai,VALUE,2025-04-02
5414,Dev Shankar,netrakamdar@example.net,3058023923,Jaipur,GROWTH,2025-05-04
5415,Rushil Savant,darpan53@example.org,5682559189,Bengaluru,VALUE,2024-05-04
5416,Quincy Balakrishnan,patelfitan@example.net,3377164375,Mumbai,NEW,2024-07-19
5417,Qabil Gera,farashegde@example.com,1013953848,Bengaluru,GROWTH,2024-09-25
5418,Tanish Sabharwal,gcomar@example.com,2908429134,Mumbai,VALUE,2026-01-27
5419,Harrison Sane,gadevedhika@example.net,4065844360,Chennai,VALUE,2025-01-29
5420,Faqid Mitter,vaishnavi34@example.com,7333100257,Pune,PREMIUM,2025-10-11
5421,Maanas Khalsa,chanda@example.org,2496323363,Kolkata,VALUE,2024-06-24
5422,Ekta Patla,utkarshchoudhary@example.com,2349936728,Jaipur,VALUE,2026-05-08
5423,Samar Nagarajan,nborra@example.net,7252942669,Delhi,GROWTH,2026-03-06
5424,Amara Sahni,kdyal@example.com,8211031597,Mumbai,VALUE,2025-03-03
5425,Vrinda Sheth,anjali31@example.org,0378208163,Bengaluru,GROWTH,2024-07-22
5426,Theodore Edwin,warhi40@example.net,8281085636,Mumbai,GROWTH,2026-05-28
5427,Bimala Kota,cmohanty@example.com,7827349211,Kolkata,VALUE,2025-12-28
5428,Gaurangi Lal,sethrobert@example.net,7150743281,Mumbai,PREMIUM,2025-04-04
5429,Wishi Dada,kdoshi@example.net,7272473952,Delhi,GROWTH,2024-08-28
5430,Sanya Sarna,vchawla@example.com,6126917866,Kolkata,GROWTH,2025-07-13
5431,Rachit Ghosh,nikita57@example.com,2124324919,Jaipur,VALUE,2024-11-29
5432,Ekaraj Edwin,rajanjeet@example.net,8497808623,Mumbai,GROWTH,2025-08-29
5433,Garima Koshy,bimalalala@example.org,0478078309,Bengaluru,VALUE,2026-01-19
5434,Widisha Chowdhury,jeet18@example.org,9784166090,Chennai,GROWTH,2025-03-16
5435,Vritti Narain,abha55@example.org,1198162503,Chennai,VALUE,2024-02-13
5436,Zilmil Kibe,bimalachawla@example.com,4914370408,Jaipur,NEW,2025-05-21
5437,Manthan Bala,yoshitasankaran@example.org,8040410229,Hyderabad,VALUE,2026-02-11
5438,Krish Patla,zayan01@example.com,9731447360,Delhi,NEW,2024-07-19
5439,Chatura Guha,sethchanakya@example.net,7829851080,Hyderabad,NEW,2026-05-13
5440,Baljiwan Basu,mkrishnamurthy@example.org,6448163935,Chennai,GROWTH,2024-11-22
5441,Vrinda Shroff,damini53@example.org,5121147997,Chennai,VALUE,2025-09-07
5442,Ikshita Kade,lpalla@example.org,5754228152,Chennai,GROWTH,2025-09-23
5443,Yoshita Parikh,parsalakshmi@example.net,8319833359,Jaipur,NEW,2024-06-12
5444,Warjas Warrior,majumdarradhika@example.net,9337433769,Kolkata,GROWTH,2024-02-05
5445,Darsh Baria,raghavanchanchal@example.org,6049542864,Bengaluru,GROWTH,2026-05-03
5446,Anay Mall,urvi33@example.com,7802093848,Bengaluru,VALUE,2025-09-22
5447,Warinder Rama,rvasa@example.org,6095673727,Pune,NEW,2025-07-22
5448,Ekani Choudhary,jaggiamara@example.org,2543083164,Hyderabad,VALUE,2024-09-30
5449,Ekalinga Palan,etoor@example.org,8748149135,Hyderabad,VALUE,2024-04-07
5450,Shivansh Chander,surindrajit@example.net,6415114379,Mumbai,VALUE,2024-09-01
5451,Manthan Ganesh,vasatika14@example.com,3201134377,Bengaluru,GROWTH,2025-05-07
5452,Arjun Chanda,munijagrati@example.org,5787233598,Pune,NEW,2025-09-16
5453,Rushil Sridhar,jagrati58@example.org,0706117027,Kolkata,PREMIUM,2024-10-14
5454,Yasti Hans,ykala@example.net,5754921826,Kolkata,VALUE,2024-07-12
5455,Ronith Ahluwalia,sibalparth@example.net,9461921317,Bengaluru,GROWTH,2024-08-12
5456,Upma Butala,usandhu@example.org,6123510750,Mumbai,PREMIUM,2026-05-15
5457,Xalak Chander,warrioraarini@example.org,5888612839,Mumbai,GROWTH,2025-07-21
5458,Maanav Rao,rajadeepa@example.net,8124834884,Hyderabad,VALUE,2026-06-10
5459,Matthew Doshi,upadhritigara@example.org,5035996508,Chennai,GROWTH,2024-01-06
5460,Sarthak Dugar,balaytamanna@example.org,4958548968,Jaipur,GROWTH,2025-02-16
5461,Triveni Rout,lekha44@example.com,7471646666,Jaipur,NEW,2025-02-15
5462,Liam Bera,keeranthony@example.net,6838212545,Delhi,PREMIUM,2024-12-27
5463,Gaurav D’Alia,purohitaarnav@example.com,4570142554,Pune,VALUE,2024-12-18
5464,Lavanya Rau,jeet99@example.org,1355559757,Bengaluru,PREMIUM,2024-03-12
5465,Kai Golla,varghesevarenya@example.org,4720794970,Mumbai,VALUE,2024-01-29
5466,Jai Balay,chatreshbalakrishnan@example.org,5692215457,Chennai,NEW,2025-12-01
5467,Laban Oza,ppurohit@example.net,0254029016,Delhi,GROWTH,2025-01-31
5468,Yuvraj Hora,tanmayigoswami@example.org,9422787823,Bengaluru,VALUE,2024-05-26
5469,Balhaar Memon,watikakapadia@example.com,7531461810,Chennai,GROWTH,2024-11-08
5470,Raagini Rai,daniel43@example.org,8342603654,Bengaluru,VALUE,2026-04-19
5471,Sathvik Yadav,vbasu@example.net,6376673563,Chennai,VALUE,2025-02-24
5472,Praneel Shah,laducchal@example.org,6266235150,Hyderabad,GROWTH,2026-06-10
5473,Hemang Doctor,shivansh52@example.org,3338715451,Kolkata,PREMIUM,2024-05-25
5474,Patrick Chaudhry,qpau@example.net,7781623374,Mumbai,NEW,2024-04-20
5475,Bhavani Bajaj,charlespadmanabhan@example.org,6285963438,Delhi,GROWTH,2025-05-22
5476,Logan Nazareth,xgupta@example.com,7565227225,Chennai,VALUE,2025-09-06
5477,Eta Desai,gopal35@example.net,3894287785,Bengaluru,GROWTH,2026-06-02
5478,Bhavini Prashad,jminhas@example.com,2526079262,Pune,GROWTH,2025-02-23
5479,Anay Hari,raghavandavid@example.net,1020119349,Delhi,VALUE,2024-06-29
5480,Inaya Rai,shankernaksh@example.com,9298517526,Chennai,NEW,2025-05-02
5481,Aarav Kala,advay51@example.com,0737068528,Jaipur,NEW,2024-10-03
5482,Kabir Taneja,ishwarram@example.com,8138612999,Delhi,VALUE,2024-06-10
5483,Gunbir Karnik,biswasgaurav@example.net,6986402235,Bengaluru,PREMIUM,2024-03-20
5484,Jagat Dhar,radhaperi@example.com,1073019989,Kolkata,GROWTH,2025-10-13
5485,Rayaan Samra,chandran25@example.com,5658654711,Chennai,VALUE,2025-08-01
5486,Eta Zacharia,priyabaria@example.org,2668050657,Mumbai,GROWTH,2024-05-29
5487,Lila Mohanty,idatta@example.net,6122815055,Mumbai,VALUE,2025-05-17
5488,Simon Bala,olivergulati@example.net,0172390702,Kolkata,VALUE,2026-03-07
5489,Falan Dugal,samar57@example.net,4181642416,Kolkata,NEW,2026-01-06
5490,Lohit Subramaniam,eiravatimital@example.com,8595146980,Bengaluru,GROWTH,2025-02-12
5491,Pahal Dasgupta,nachiketnanda@example.org,1138303224,Hyderabad,VALUE,2024-02-21
5492,Neel Srinivas,fmallick@example.com,5191178069,Kolkata,GROWTH,2025-07-25
5493,Warda Mall,anikasaxena@example.com,8812483461,Mumbai,NEW,2025-04-09
5494,Ojas Bhat,mitali55@example.org,4196783326,Mumbai,GROWTH,2026-04-09
5495,Frederick Sankar,yutikavarghese@example.net,5251040306,Kolkata,NEW,2025-05-12
5496,Anthony Sachar,rajata38@example.org,2682894417,Mumbai,NEW,2025-10-26
5497,Kalpit Date,aswaminathan@example.com,6439438522,Kolkata,VALUE,2025-04-20
5498,Hredhaan Oommen,sudiksha03@example.org,1964880165,Hyderabad,PREMIUM,2025-05-01
5499,Advika Dutt,braroliver@example.org,7706223031,Jaipur,PREMIUM,2024-10-12
5500,Tristan Mangal,korpaludarsh@example.net,8811128873,Delhi,PREMIUM,2024-12-28
5501,Zaid Bhargava,yparekh@example.org,6459340009,Jaipur,GROWTH,2024-09-23
5502,Anay Patil,pranav14@example.com,5363342283,Mumbai,VALUE,2025-02-19
5503,Watika Seth,gautamimani@example.net,9507786024,Delhi,VALUE,2026-05-06
5504,Pallavi Morar,sudiksha49@example.net,4844540274,Pune,GROWTH,2024-11-03
5505,Kamala Savant,pavanivenkatesh@example.org,0192492103,Chennai,PREMIUM,2025-02-20
5506,Kamya Mane,janakidora@example.com,7556333871,Kolkata,PREMIUM,2026-05-01
5507,Orinder Koshy,tanveer09@example.org,8211974820,Delhi,GROWTH,2024-05-16
5508,Varsha Cherian,yuvraj52@example.org,0774318175,Delhi,VALUE,2024-08-15
5509,Zayan Shenoy,dev73@example.net,8983991753,Chennai,VALUE,2025-03-19
5510,Aarnav Choudhry,ladli60@example.com,1428758658,Jaipur,PREMIUM,2025-01-03
5511,Daniel Dani,aadhyasinghal@example.org,2612133410,Hyderabad,GROWTH,2024-11-03
5512,Balvan Johal,vamakshi56@example.org,5651607326,Kolkata,PREMIUM,2025-12-01
5513,Nitara Karpe,batrafaraj@example.org,7667742390,Jaipur,VALUE,2025-03-24
5514,Shivani Rastogi,anmolgaba@example.org,3078531853,Kolkata,GROWTH,2024-11-23
5515,Gautam Suresh,deyshaurya@example.net,0996465496,Chennai,NEW,2025-03-07
5516,Pallavi Varty,januja12@example.org,8721233709,Pune,VALUE,2026-03-08
5517,Agastya Varughese,ovala@example.org,6269515458,Chennai,VALUE,2026-06-04
5518,Jeevika Sem,michaelpant@example.com,4485638562,Pune,PREMIUM,2024-08-06
5519,Manbir Balasubramanian,lalajonathan@example.org,7338071558,Chennai,GROWTH,2024-02-06
5520,Hema Bhat,okashyap@example.org,8443159958,Chennai,NEW,2024-01-29
5521,Frado Hayre,hdatta@example.com,8010362103,Hyderabad,NEW,2025-02-04
5522,Nilima Sethi,ekaja37@example.org,0583576493,Pune,PREMIUM,2025-07-19
5523,Yatin Bhagat,balhaar45@example.org,2145792844,Kolkata,VALUE,2024-02-16
5524,Veer Natarajan,isuresh@example.com,1267881652,Jaipur,GROWTH,2025-04-02
5525,Champak Mani,ztella@example.org,8332744877,Chennai,NEW,2024-12-25
5526,Anya Swamy,dashira@example.net,8183421333,Delhi,GROWTH,2026-04-19
5527,Ryan Rattan,joshipranav@example.com,9323072021,Chennai,NEW,2025-06-27
5528,Ishaan Hegde,quincy32@example.net,1898424973,Bengaluru,PREMIUM,2025-01-15
5529,Anay Saran,vgupta@example.com,2142788173,Delhi,VALUE,2025-06-11
5530,Ikshita Wali,oeshi90@example.org,8618196679,Delhi,GROWTH,2024-05-02
5531,Sanya Sandhu,lilaguha@example.org,9432839506,Chennai,PREMIUM,2025-03-03
5532,Zehaan Taneja,omsai@example.org,6457948832,Jaipur,VALUE,2024-10-23
5533,Samarth Dara,lkota@example.org,0838525553,Chennai,VALUE,2024-06-11
5534,Gauri Issac,pandyachaaya@example.com,2840964239,Hyderabad,PREMIUM,2024-12-19
5535,Neha Dugar,laksh78@example.net,2034271568,Delhi,VALUE,2025-07-29
5536,Aachal Sarkar,osarkar@example.org,1668003651,Pune,VALUE,2025-06-08
5537,Rajeshri Dixit,lahuja@example.org,6314497341,Delhi,PREMIUM,2026-05-17
5538,Ira Bhatt,pushti40@example.net,7871873108,Kolkata,PREMIUM,2024-09-04
5539,Lakshit Soman,akshaywalla@example.com,8286986792,Kolkata,GROWTH,2025-09-21
5540,Azad Bhandari,prakashadvik@example.com,9749521010,Jaipur,NEW,2025-05-10
5541,Neha Sachdeva,ktandon@example.com,9142863642,Bengaluru,NEW,2026-02-25
5542,Harish Mukhopadhyay,hritikdasgupta@example.net,7647250227,Mumbai,GROWTH,2026-03-28
5543,Aryan Bir,triveni46@example.org,0510808722,Bengaluru,VALUE,2025-09-28
5544,Chandresh Sekhon,wahabchacko@example.net,5544646645,Kolkata,PREMIUM,2025-01-16
5545,Unni Dash,baniklucky@example.com,5205772847,Mumbai,VALUE,2025-04-25
5546,Baljiwan Bahri,pathakgayathri@example.org,7828940604,Jaipur,NEW,2025-08-09
5547,Warinder Bir,hnarain@example.com,0359621550,Mumbai,GROWTH,2025-12-26
5548,Aarush Murty,snehakade@example.com,2418394427,Delhi,GROWTH,2024-07-25
5549,Dominic Nadig,samakshgandhi@example.com,1471859909,Mumbai,GROWTH,2026-02-24
5550,Brijesh Kumer,deyamini@example.net,1967165108,Kolkata,GROWTH,2025-12-22
5551,Chameli Taneja,brege@example.net,1553376727,Chennai,NEW,2024-03-20
5552,Waida Kapur,xwalia@example.net,6950003930,Bengaluru,VALUE,2024-08-30
5553,Rushil Sheth,simon11@example.com,4359429572,Pune,NEW,2024-07-31
5554,Jai Sachdeva,ekalingabhargava@example.net,5748896633,Pune,VALUE,2025-06-05
5555,Brinda Chaudry,wpant@example.org,8580389408,Chennai,PREMIUM,2024-07-06
5556,Lavanya Chaudhary,zehaan73@example.net,9264256091,Chennai,NEW,2024-09-27
5557,Tarak Sundaram,rpatla@example.com,3495147618,Delhi,GROWTH,2024-06-19
5558,Chandran Sundaram,farhanbadami@example.com,8409022895,Bengaluru,VALUE,2024-03-01
5559,Amaira Kothari,reva71@example.net,4048620210,Chennai,NEW,2025-02-17
5560,Owen Naidu,jayaramanchristopher@example.net,7692672136,Mumbai,NEW,2024-10-14
5561,Qadim Kade,triyanarayanan@example.net,6991957801,Hyderabad,VALUE,2025-03-30
5562,Ishaan Sehgal,jbarman@example.net,6674077811,Delhi,GROWTH,2024-07-09
5563,Ekalinga Lalla,leela97@example.net,6322549450,Kolkata,NEW,2024-09-14
5564,Raagini Dewan,garimaverma@example.com,2587352089,Delhi,VALUE,2026-03-14
5565,Tanish Sibal,aadhyadyal@example.org,8168543085,Delhi,GROWTH,2025-12-25
5566,Yutika Sharma,lalaaradhana@example.com,9391792976,Pune,GROWTH,2024-08-27
5567,Hitesh Chakraborty,harrisonganguly@example.com,3793271967,Mumbai,VALUE,2024-05-25
5568,Christopher Dutt,bbath@example.org,7750466699,Bengaluru,NEW,2026-05-26
5569,Aashi Chandran,valahritik@example.net,1755093560,Bengaluru,VALUE,2025-09-04
5570,Wahab Pingle,mahajanchampak@example.net,8972909372,Mumbai,NEW,2025-03-19
5571,Manan Choudhury,nadigjeet@example.com,0388315523,Kolkata,GROWTH,2025-09-21
5572,Sai Bains,manneaarnav@example.com,9352540402,Pune,GROWTH,2024-07-17
5573,Yashoda Balasubramanian,pallaakshay@example.net,1667351041,Mumbai,GROWTH,2025-01-20
5574,Mohini Lad,khuranaamaira@example.com,4356772998,Pune,GROWTH,2024-12-18
5575,Lakshit Dyal,neel96@example.org,3430214032,Pune,NEW,2025-10-10
5576,Siya Parekh,ekumar@example.org,6610906967,Chennai,PREMIUM,2024-06-14
5577,Ria Tripathi,nishamitter@example.com,4195562841,Chennai,PREMIUM,2025-03-16
5578,Raksha Apte,ekajaloke@example.net,7627478219,Jaipur,GROWTH,2026-01-20
5579,David Bal,pranavmangal@example.com,0291001811,Hyderabad,VALUE,2024-06-25
5580,Chakradhar Sahota,mitaliarya@example.com,7238829113,Hyderabad,VALUE,2024-04-17
5581,Ekaja Solanki,zehaanbal@example.net,5168520056,Chennai,PREMIUM,2026-01-09
5582,Pranit Gulati,settybarkha@example.net,2812263115,Kolkata,GROWTH,2026-02-25
5583,Frederick Mistry,lakshit53@example.net,0395529641,Pune,GROWTH,2025-01-22
5584,Gavin Chad,pwable@example.com,1760832531,Delhi,GROWTH,2024-02-11
5585,Yasti Tata,snehasankaran@example.net,2343152139,Hyderabad,GROWTH,2025-05-01
5586,Noah Sampath,anirudhchaudhari@example.net,2625140330,Pune,PREMIUM,2024-09-26
5587,Ubika Ramanathan,gandhimichael@example.com,7182702125,Mumbai,GROWTH,2025-06-12
5588,Chandresh Loke,hramakrishnan@example.com,1092589399,Jaipur,NEW,2024-05-05
5589,Isha Karnik,balveersura@example.org,0382787426,Kolkata,VALUE,2025-12-25
5590,Aarna Chakrabarti,abhiramsidhu@example.net,4848728145,Kolkata,GROWTH,2025-09-08
5591,Isaiah Pant,saranyatin@example.com,0918218972,Delhi,VALUE,2025-08-03
5592,Chaitanya Talwar,nadkarnifaras@example.org,6921229289,Chennai,NEW,2025-04-06
5593,Peter Sura,pom@example.org,1016639299,Chennai,GROWTH,2024-07-17
5594,Udarsh Nath,jacobsarraf@example.org,3203249826,Pune,GROWTH,2026-04-25
5595,Irya Chhabra,inayajani@example.org,3819117675,Kolkata,NEW,2024-08-27
5596,Mitali Gopal,asom@example.net,7546425486,Bengaluru,GROWTH,2024-11-25
5597,Chakradev Sama,tbehl@example.net,9510277699,Chennai,VALUE,2026-04-13
5598,Krisha Rajagopal,unnisrinivas@example.com,9071202150,Pune,GROWTH,2024-02-06
5599,Alka Sanghvi,xgole@example.com,8001266617,Kolkata,VALUE,2024-04-22
5600,Amaira Sethi,unnichadha@example.com,6081712114,Kolkata,NEW,2025-11-16
5601,Max Bhattacharyya,balendracontractor@example.com,6487864694,Bengaluru,PREMIUM,2024-11-27
5602,Advay Dua,wriddhishkaran@example.org,8102293984,Jaipur,PREMIUM,2025-06-05
5603,Harsh Raju,iyengarquincy@example.com,1568381066,Delhi,NEW,2025-06-06
5604,Nathaniel Parekh,rsagar@example.com,6615571584,Hyderabad,PREMIUM,2026-01-14
5605,Niharika Maharaj,ekalinga33@example.org,4997649145,Chennai,GROWTH,2025-07-12
5606,Aadi Thakkar,parikhgavin@example.net,6392854212,Delhi,VALUE,2025-01-18
5607,Amaira Warrior,othakur@example.net,8869465862,Hyderabad,GROWTH,2025-05-09
5608,Yachana Kari,charvi22@example.com,8875674639,Chennai,NEW,2025-10-26
5609,Rajata Devan,fhora@example.com,1664234320,Chennai,NEW,2024-12-07
5610,Megha Srinivasan,simon09@example.net,9824889114,Delhi,PREMIUM,2024-06-02
5611,Sai Bir,jhaverideepa@example.net,1645436731,Bengaluru,VALUE,2025-03-13
5612,Anthony Bhatnagar,koshyfaqid@example.com,4170013732,Mumbai,VALUE,2026-06-18
5613,Charita Borah,moommen@example.net,8054683674,Pune,NEW,2024-04-10
5614,Isaiah Kothari,fsankaran@example.org,0852855864,Bengaluru,VALUE,2024-06-05
5615,Nihal Jayaraman,nandinimohan@example.com,4477776035,Chennai,GROWTH,2026-06-14
5616,Hritik Kaul,falgunichacko@example.net,6571263860,Pune,GROWTH,2026-01-16
5617,Vaishnavi Reddy,ekta22@example.net,9760735389,Kolkata,VALUE,2024-04-15
5618,Harita Grover,simondewan@example.com,2568734993,Mumbai,PREMIUM,2024-07-10
5619,Caleb Kumar,dayamaivaidya@example.net,3209813774,Jaipur,NEW,2025-09-13
5620,Yasti Chandra,rachit97@example.net,5084791621,Mumbai,PREMIUM,2025-12-05
5621,Gaurangi Bains,aadhyaray@example.com,8196295106,Delhi,GROWTH,2025-10-22
5622,Jagvi Mallick,ushan@example.net,1418945030,Delhi,GROWTH,2026-02-14
5623,Warhi Dhillon,timothypal@example.org,3881508227,Mumbai,NEW,2025-04-01
5624,Jeet Chatterjee,tanejaaadi@example.net,0501114053,Kolkata,GROWTH,2026-02-27
5625,Eesha Balay,amenon@example.com,5074420178,Mumbai,GROWTH,2025-06-20
5626,Bimala Mahal,gaurang23@example.net,3876520214,Pune,PREMIUM,2025-03-04
5627,Omaja Ratti,naikavni@example.org,9791159030,Hyderabad,VALUE,2025-07-26
5628,Upma Sule,darikalal@example.com,2088891379,Delhi,VALUE,2025-01-20
5629,Zaitra Date,abhiramsethi@example.com,2687001583,Hyderabad,NEW,2025-06-29
5630,Benjamin Agate,chhabramugdha@example.org,6380620275,Delhi,GROWTH,2026-01-20
5631,Triya Dhillon,widishabail@example.org,4973416567,Hyderabad,VALUE,2026-05-12
5632,Anita Buch,ishwar41@example.org,6037492338,Chennai,VALUE,2025-06-05
5633,Anika Sachdev,jeremiah69@example.net,3527611762,Chennai,NEW,2024-01-06
5634,Upkaar Narain,aiyer@example.com,6388645219,Bengaluru,GROWTH,2025-07-13
5635,Meera Puri,ucchaldua@example.net,3572433491,Kolkata,GROWTH,2024-08-14
5636,Pahal Yohannan,grovernidra@example.com,5531086992,Chennai,VALUE,2024-07-31
5637,Meghana Sarraf,bhavani36@example.com,3481077259,Bengaluru,NEW,2026-03-04
5638,Yashawini Raj,pupadhyay@example.com,9244505194,Hyderabad,NEW,2025-02-05
5639,Gautam Narang,qsrinivas@example.com,2536657449,Delhi,GROWTH,2025-12-12
5640,Advika Murthy,osrinivas@example.org,5456979244,Jaipur,VALUE,2024-11-28
5641,Indrajit Dash,avarkey@example.net,9243706935,Kolkata,PREMIUM,2025-06-30
5642,Pranit Bhardwaj,aayushchakraborty@example.net,3695220576,Bengaluru,NEW,2025-08-21
5643,Jalsa Koshy,samuelkannan@example.org,5309757901,Pune,PREMIUM,2026-03-14
5644,Chaitanya Panchal,zdeshmukh@example.org,1340120776,Pune,NEW,2024-06-25
5645,Ekavir Som,kagarwal@example.net,2537822596,Chennai,GROWTH,2025-05-20
5646,Pahal Bhatia,hsule@example.net,3011606922,Delhi,VALUE,2024-12-31
5647,Megha Johal,sbobal@example.net,6303282311,Jaipur,GROWTH,2025-02-21
5648,Dipta Kothari,girindra85@example.org,3233172556,Jaipur,NEW,2026-02-02
5649,Jeremiah Chaudhry,tripti56@example.org,7820071527,Jaipur,VALUE,2024-05-02
5650,Falak Pradhan,ybarman@example.org,8757810712,Jaipur,VALUE,2025-05-06
5651,Ladli Sunder,eta26@example.org,2139590749,Jaipur,PREMIUM,2024-12-15
5652,Chandran Bakshi,lvarma@example.org,1574856366,Pune,GROWTH,2026-03-17
5653,Laban Misra,tmunshi@example.com,1905217487,Delhi,NEW,2024-07-13
5654,Praneel Batta,mohantyfrado@example.org,0932171226,Hyderabad,VALUE,2024-07-28
5655,Krisha Prashad,eraja@example.net,5029176628,Mumbai,VALUE,2024-03-22
5656,Radhika Sankar,omkaar93@example.org,4067515150,Mumbai,VALUE,2025-01-30
5657,Nirja Bedi,siya89@example.org,7623210947,Kolkata,PREMIUM,2024-01-10
5658,Rajata Lala,caleb69@example.org,2567308409,Kolkata,PREMIUM,2025-03-26
5659,Akshay Mukhopadhyay,christopherkapadia@example.com,8106970809,Chennai,GROWTH,2024-07-20
5660,Pallavi Patla,fbobal@example.org,3477352901,Pune,GROWTH,2024-12-26
5661,Saanvi Oak,devanupasna@example.org,8009150517,Mumbai,VALUE,2025-06-28
5662,Shravya Morar,dewanvivaan@example.net,2300305608,Mumbai,PREMIUM,2025-09-08
5663,Timothy Handa,ganga12@example.net,9308745062,Kolkata,NEW,2024-02-25
5664,Pavani De,balendrashetty@example.org,5309809442,Hyderabad,PREMIUM,2024-05-13
5665,Kala Kuruvilla,ronithbath@example.org,1303098477,Chennai,VALUE,2024-10-12
5666,Lakshmi De,kamyadoctor@example.org,1888483186,Hyderabad,GROWTH,2025-04-12
5667,Omya Nayar,jagratibir@example.org,5683749949,Mumbai,VALUE,2026-03-06
5668,Chatura Chopra,khoslawidisha@example.net,3427225890,Kolkata,VALUE,2024-05-04
5669,Gaurika Palan,ikohli@example.net,8290576816,Kolkata,VALUE,2024-03-02
5670,Chatresh Andra,cdugar@example.net,7378949858,Pune,VALUE,2025-07-20
5671,Naveen Grover,cramakrishnan@example.net,0517942205,Bengaluru,VALUE,2026-05-30
5672,Parth Doshi,yatanraman@example.org,2768839290,Pune,PREMIUM,2026-01-17
5673,Pratyush Seth,qabil29@example.com,0880044229,Jaipur,VALUE,2025-05-23
5674,Vanya Som,gnarasimhan@example.com,3411898273,Pune,PREMIUM,2024-01-18
5675,Nandini Desai,abha86@example.com,0061908580,Hyderabad,NEW,2025-06-02
5676,Ekalinga Ramakrishnan,mmadan@example.org,2447052194,Bengaluru,GROWTH,2025-02-15
5677,Hemang Brar,bdubey@example.com,3282117574,Chennai,GROWTH,2025-02-06
5678,Avni Chaudhry,morechanchal@example.net,6042632413,Bengaluru,PREMIUM,2025-03-19
5679,Kashish Thakur,tiwarireva@example.org,3967811598,Chennai,VALUE,2025-05-20
5680,Zansi Rama,ghoseyoshita@example.org,5535339444,Delhi,GROWTH,2025-10-10
5681,Abeer Yadav,joshiadvaith@example.org,2804717034,Mumbai,GROWTH,2024-06-21
5682,Hritik Som,wazir39@example.org,7853829782,Kolkata,NEW,2024-03-08
5683,Vasana Talwar,frado98@example.org,3594374643,Hyderabad,NEW,2024-02-16
5684,Rohan Buch,sarmanirja@example.org,5793599051,Hyderabad,NEW,2024-12-31
5685,Ishita Sawhney,anshnazareth@example.org,8164842483,Chennai,PREMIUM,2025-04-02
5686,Anjali Sehgal,kmammen@example.com,9795303337,Hyderabad,GROWTH,2025-12-07
5687,Nilima Lall,mandalbarkha@example.org,5496213891,Kolkata,NEW,2025-01-25
5688,Pavani Borra,ridhichatterjee@example.net,6144853679,Mumbai,NEW,2025-04-23
5689,Indrajit Gala,abeerdhar@example.net,8911147093,Kolkata,GROWTH,2026-05-29
5690,Samar Wadhwa,aishani16@example.org,1886333957,Mumbai,NEW,2025-11-05
5691,Veer Srinivas,rkala@example.com,4770760881,Bengaluru,NEW,2025-09-13
5692,Vedant Sani,anjalibhardwaj@example.net,4831664137,Chennai,GROWTH,2024-11-23
5693,Libni Walia,ishwar63@example.org,2393520726,Jaipur,VALUE,2024-05-16
5694,Triya Palla,yashawinichawla@example.org,1239499539,Mumbai,VALUE,2026-04-08
5695,Jyoti Lanka,vatwal@example.com,6388805858,Chennai,PREMIUM,2025-05-13
5696,Dayita Datta,emenon@example.org,0327872338,Delhi,VALUE,2024-03-10
5697,Viraj Thakur,vamakshiroy@example.org,5445172201,Delhi,GROWTH,2025-03-10
5698,Zehaan Pathak,oeshinatt@example.net,1945678275,Kolkata,GROWTH,2024-03-23
5699,Champak Balay,jason52@example.com,6893007387,Pune,NEW,2026-06-02
5700,Aachal Mody,inayachacko@example.com,4028048242,Hyderabad,NEW,2025-04-20
5701,Bhavika Sibal,divyatailor@example.net,6753957515,Chennai,PREMIUM,2025-12-07
5702,Madhav Hegde,daninisha@example.com,9545470816,Hyderabad,GROWTH,2025-02-27
5703,Isaac Dey,radha68@example.com,8865567173,Bengaluru,VALUE,2024-01-18
5704,Mitesh Sem,mcherian@example.org,2007393781,Hyderabad,PREMIUM,2025-07-28
5705,Vyanjana Chad,chaudhrydaniel@example.org,6785718440,Bengaluru,VALUE,2025-08-10
5706,Raksha Rao,nigamharita@example.net,6443307269,Kolkata,GROWTH,2024-07-25
5707,Xavier Memon,chaudharijhalak@example.net,9460521021,Hyderabad,NEW,2025-10-06
5708,Vrishti Gara,darachatresh@example.org,9008898767,Bengaluru,GROWTH,2024-07-22
5709,Rehaan Yohannan,leena02@example.org,7781496661,Chennai,GROWTH,2025-09-14
5710,Omkaar Bora,zaid59@example.com,8759494353,Kolkata,PREMIUM,2025-11-05
5711,Irya Arora,yashviaurora@example.org,6381087434,Bengaluru,NEW,2024-05-03
5712,Ekalinga Ram,chanakya81@example.org,8152176009,Jaipur,GROWTH,2024-09-19
5713,Benjamin Kumer,gayathrisanghvi@example.org,0056402392,Hyderabad,GROWTH,2024-05-26
5714,Robert Bali,rastogiwarhi@example.com,4967647655,Pune,VALUE,2025-10-16
5715,Victor Nair,jbawa@example.com,2254846952,Jaipur,GROWTH,2024-07-30
5716,Amara Karnik,ranganathanpranit@example.com,2814159316,Hyderabad,VALUE,2025-07-30
5717,Victor Mody,upadhriti87@example.org,9899176115,Mumbai,GROWTH,2025-01-10
5718,Balendra Chawla,issacvictor@example.com,5830869596,Pune,PREMIUM,2024-03-15
5719,Meghana Sastry,vsawhney@example.org,4915463618,Delhi,VALUE,2026-03-05
5720,Yashasvi Mangat,gaurang04@example.com,8257212863,Hyderabad,GROWTH,2025-10-02
5721,Pavani Pai,aaravbalasubramanian@example.org,9808504235,Jaipur,VALUE,2024-08-23
5722,Arya Kumar,girindrakale@example.org,6249063659,Hyderabad,VALUE,2026-03-02
5723,Jagvi Lal,misrayasti@example.org,0281906233,Pune,VALUE,2025-09-29
5724,Prisha Bera,george43@example.org,8696174940,Chennai,VALUE,2026-01-04
5725,Janaki Bhatti,chakrika46@example.net,2475397387,Mumbai,NEW,2024-06-09
5726,Teerth Seshadri,owalia@example.net,3740144362,Bengaluru,NEW,2024-01-08
5727,Alexander Nagi,manan59@example.com,1465248684,Chennai,PREMIUM,2024-02-25
5728,Jatin Din,charitababu@example.org,8047538467,Delhi,GROWTH,2025-04-30
5729,Yadavi Vala,sethoni@example.net,4466435500,Hyderabad,PREMIUM,2025-12-09
5730,Libni Sandal,yatinmalhotra@example.com,5846553617,Hyderabad,NEW,2026-04-02
5731,Darsh Mohan,bhataarna@example.org,2494435252,Kolkata,GROWTH,2026-05-14
5732,Vasana Deol,gaurav13@example.net,5402167591,Delhi,VALUE,2025-06-22
5733,Henry Mahal,kalaatharv@example.com,7434853158,Kolkata,PREMIUM,2025-07-22
5734,Laksh Kulkarni,eramakrishnan@example.com,1549376902,Hyderabad,NEW,2024-09-18
5735,Viraj Bansal,ramhitesh@example.com,0697385692,Pune,VALUE,2024-01-02
5736,Lakshmi Krishnan,aloyal@example.com,7685860149,Chennai,GROWTH,2024-06-24
5737,Amrita Deo,azaanvig@example.com,8290712116,Bengaluru,GROWTH,2024-02-20
5738,Upkaar Sengupta,dayamaivirk@example.org,5231976944,Jaipur,GROWTH,2025-09-08
5739,Warinder Khanna,warriorlopa@example.net,8755515510,Mumbai,PREMIUM,2025-03-28
5740,Matthew Chowdhury,odey@example.com,6912391737,Delhi,GROWTH,2025-11-25
5741,Ayushman Ramanathan,aahana05@example.com,6467774072,Kolkata,NEW,2024-05-13
5742,Shivansh Gera,tdhar@example.com,2708768718,Chennai,PREMIUM,2026-04-01
5743,Simon Ganesh,fgarg@example.org,0433031761,Jaipur,VALUE,2025-10-09
5744,Jairaj Basu,phayre@example.com,8498385234,Hyderabad,NEW,2026-03-26
5745,Alexander Goyal,atharvborde@example.com,2996886346,Delhi,PREMIUM,2025-08-06
5746,Parth Agate,mahajanchaitaly@example.org,0234577477,Delhi,GROWTH,2024-11-01
5747,Dev Vig,mdugar@example.org,0697171912,Hyderabad,GROWTH,2025-07-17
5748,Triya Saraf,bhatnagarreva@example.org,8711054831,Mumbai,NEW,2025-06-27
5749,Ishwar Bath,hsampath@example.com,7881589809,Jaipur,GROWTH,2024-06-11
5750,Yashoda Srivastava,rakshadesai@example.org,9538353113,Delhi,VALUE,2024-04-01
5751,Jairaj Apte,tanveer58@example.com,1098439328,Jaipur,VALUE,2025-08-08
5752,Chakrika Gulati,modyvasana@example.org,3435330205,Mumbai,VALUE,2024-03-26
5753,Leela Chander,tanmayi12@example.com,6445081162,Delhi,PREMIUM,2024-03-31
5754,David Keer,lipika56@example.net,2808140334,Bengaluru,VALUE,2024-03-05
5755,Eiravati Kohli,harrison65@example.com,0748636724,Mumbai,GROWTH,2025-07-13
5756,Yashvi Batta,dsaini@example.org,2225230351,Hyderabad,GROWTH,2026-04-14
5757,Anya Sama,tara11@example.org,4524120039,Bengaluru,NEW,2025-03-23
5758,Robert Murty,balvantalwar@example.org,4575572229,Chennai,GROWTH,2024-05-17
5759,Nilima Mutti,vigandrew@example.net,2855700723,Chennai,NEW,2025-04-06
5760,Bakhshi Aggarwal,rehaan59@example.com,5163670839,Delhi,NEW,2025-03-10
5761,Anay Shankar,zgrewal@example.com,4994971771,Delhi,VALUE,2025-06-18
5762,Qabil Aggarwal,janakinori@example.org,5333435613,Mumbai,PREMIUM,2025-01-24
5763,Arya Narayan,triveni61@example.com,0629008851,Mumbai,VALUE,2025-04-23
5764,Raksha Borde,khannaraghav@example.com,3502621966,Delhi,NEW,2024-10-19
5765,Anmol Batra,champak86@example.org,0050244299,Bengaluru,GROWTH,2026-03-26
5766,Rachita Ramakrishnan,vvarty@example.org,5302146683,Chennai,VALUE,2025-04-28
5767,Amruta Chanda,krishnansamarth@example.com,8655648159,Bengaluru,VALUE,2024-10-06
5768,Agastya Ramaswamy,naveentandon@example.net,3141098335,Bengaluru,GROWTH,2024-01-03
5769,Chandani Chadha,teerth21@example.net,3050467274,Hyderabad,NEW,2025-09-02
5770,Umang Manda,bhattacharyyawridesh@example.org,1101683780,Chennai,PREMIUM,2024-12-08
5771,Sanya Naik,adityaatwal@example.com,1468462509,Bengaluru,VALUE,2024-08-12
5772,Mohini Luthra,battayug@example.com,7592431142,Mumbai,VALUE,2025-03-07
5773,Benjamin Virk,jpadmanabhan@example.com,6376265086,Hyderabad,GROWTH,2025-03-12
5774,Jhalak Hayer,cheriandaksha@example.org,2937819798,Delhi,GROWTH,2025-12-23
5775,Oni Jain,rachita50@example.org,2653974624,Hyderabad,VALUE,2025-05-03
5776,Lohit Purohit,shivani87@example.org,2380367146,Jaipur,VALUE,2025-09-22
5777,Nathaniel Rama,nairdaksh@example.org,4893636172,Hyderabad,NEW,2025-08-05
5778,Alexander Wable,ramble@example.com,2280967240,Delhi,GROWTH,2026-02-03
5779,Rachita Venkatesh,meghabir@example.net,2078191153,Pune,PREMIUM,2024-01-06
5780,Urmi Wadhwa,vartyreyansh@example.net,6931547249,Mumbai,GROWTH,2024-12-04
5781,Elijah Patla,hloke@example.net,9276287763,Mumbai,GROWTH,2025-10-05
5782,Kamala Sanghvi,lajitadeol@example.com,1963525720,Mumbai,GROWTH,2024-05-06
5783,Janani Setty,abuch@example.net,1410071242,Jaipur,VALUE,2025-02-01
5784,Suhani Purohit,lopasaxena@example.net,0447966570,Jaipur,VALUE,2024-12-26
5785,Warjas Date,dbhavsar@example.net,2251285046,Chennai,NEW,2025-12-26
5786,Gagan Deo,lnadkarni@example.net,0876431306,Chennai,NEW,2026-05-16
5787,Jagrati Sha,rmistry@example.org,3635319095,Pune,PREMIUM,2024-04-05
5788,Lajita Aurora,wchaudhary@example.com,2987564247,Chennai,VALUE,2024-07-11
5789,Farhan Ahluwalia,izacharia@example.net,9552298778,Chennai,VALUE,2025-11-27
5790,Liam Bora,lankagopal@example.net,3318452422,Jaipur,VALUE,2024-06-06
5791,Jalsa Nayak,aarnanarang@example.org,8465012727,Pune,NEW,2025-03-23
5792,Jacob Sharma,csodhi@example.com,9652942321,Delhi,NEW,2026-04-29
5793,Tanmayi Mannan,wallaurmi@example.com,2254972607,Hyderabad,GROWTH,2026-05-27
5794,Lakshit Sura,banjeet56@example.org,2556457760,Jaipur,NEW,2026-05-04
5795,Lekha Goyal,chakrika81@example.net,8297424035,Hyderabad,VALUE,2024-04-30
5796,Gopal Dhillon,hsathe@example.net,5256694587,Mumbai,GROWTH,2024-05-14
5797,George Rau,aryan13@example.net,9855312276,Kolkata,VALUE,2024-06-07
5798,Rajata Lata,iyertriya@example.org,7289415575,Chennai,VALUE,2025-11-23
5799,Nicholas Dhaliwal,tmallick@example.org,8157809502,Chennai,NEW,2024-06-10
5800,Gaurika Vala,om01@example.org,3697475496,Hyderabad,NEW,2025-01-21
5801,Shivani Bera,dayita38@example.net,8984273000,Delhi,VALUE,2026-01-06
5802,Jeevika Lata,falanmukhopadhyay@example.org,7272929110,Hyderabad,VALUE,2025-03-18
5803,Henry Pal,madhavi24@example.com,0464045799,Hyderabad,GROWTH,2026-04-26
5804,Kashish Sunder,yhayre@example.com,0717851414,Jaipur,VALUE,2025-03-24
5805,Eiravati Saran,ngoyal@example.com,1425487273,Bengaluru,GROWTH,2024-12-07
5806,Aarnav Dhaliwal,vasatikakaran@example.org,4738069738,Mumbai,GROWTH,2026-05-21
5807,Jeevika Taneja,thakeradvay@example.org,1995830637,Hyderabad,VALUE,2025-05-07
5808,Andrew Bawa,eiravati44@example.com,6136847715,Jaipur,VALUE,2024-06-15
5809,Mohini Kanda,yuvraj21@example.net,4902233816,Hyderabad,VALUE,2025-07-25
5810,Nimrat Maharaj,nagychaman@example.net,7737421473,Hyderabad,NEW,2025-11-26
5811,Tripti Garg,gsahota@example.com,3192718339,Pune,GROWTH,2026-01-24
5812,Laban Mallick,dguha@example.com,9397132327,Pune,GROWTH,2024-01-06
5813,Peter Thakur,borraxiti@example.com,0051314567,Bengaluru,VALUE,2024-04-07
5814,Falak Mammen,asehgal@example.org,3229751062,Jaipur,PREMIUM,2025-07-19
5815,Dalbir Chakraborty,mbahl@example.net,2360772059,Chennai,VALUE,2025-10-29
5816,Zinal Varughese,jacob10@example.org,2547796002,Delhi,VALUE,2025-08-10
5817,Naveen Lala,netra25@example.com,0906939551,Hyderabad,PREMIUM,2024-12-10
5818,Wridesh Chana,edeol@example.org,5684693401,Jaipur,PREMIUM,2025-11-09
5819,Oni Bora,dharatharv@example.com,3750301430,Hyderabad,VALUE,2025-06-05
5820,Kashvi Ahuja,xoza@example.org,0076357028,Chennai,GROWTH,2026-04-13
5821,Dominic Bhargava,bhaktaaahana@example.com,1698867897,Chennai,NEW,2024-11-26
5822,Daniel Chand,ethan56@example.com,0115777660,Pune,VALUE,2025-11-09
5823,Kamya Agarwal,benjaminprasad@example.net,4573806953,Kolkata,VALUE,2024-05-09
5824,Ubika Chopra,fdugar@example.com,0094266384,Mumbai,GROWTH,2025-10-20
5825,Divya Grewal,zdubey@example.org,9950823019,Chennai,VALUE,2025-10-20
5826,Faris Bassi,gadeishaan@example.com,2078293867,Chennai,GROWTH,2024-08-16
5827,Utkarsh Sastry,praneel83@example.net,8415996863,Mumbai,PREMIUM,2024-02-25
5828,Laban Iyengar,nagirishi@example.com,8642753761,Pune,GROWTH,2026-06-12
5829,Bachittar Shere,dalalutkarsh@example.net,1487243155,Delhi,GROWTH,2024-03-09
5830,Qushi Murthy,sramanathan@example.net,5249981033,Hyderabad,GROWTH,2025-02-25
5831,Aayush Sule,shanqasim@example.org,2509725672,Bengaluru,PREMIUM,2024-01-02
5832,Gabriel Thaman,michaelmallick@example.net,0716920745,Mumbai,VALUE,2025-01-10
5833,Falak Memon,lohitkaran@example.net,8626336565,Kolkata,VALUE,2026-01-08
5834,Lohit Vig,xsubramaniam@example.com,9229165876,Mumbai,PREMIUM,2025-03-27
5835,Odika Kala,nsoni@example.com,5997248219,Bengaluru,VALUE,2024-08-03
5836,Hemangini Deep,irama@example.com,5338130095,Kolkata,VALUE,2024-12-20
5837,Arya Sodhi,quincymalhotra@example.org,6571893722,Jaipur,VALUE,2024-03-24
5838,Odika Chakrabarti,yashasvi42@example.com,0165108284,Delhi,PREMIUM,2025-06-18
5839,Urvi Jain,surridhi@example.com,9828607506,Bengaluru,VALUE,2024-01-04
5840,Fitan Kala,bmangal@example.com,5940609161,Pune,PREMIUM,2024-11-10
5841,Balendra Kuruvilla,reva85@example.com,5788967927,Kolkata,PREMIUM,2024-02-24
5842,Chakradev Dube,jeevika19@example.org,9267187204,Jaipur,GROWTH,2024-08-03
5843,Neha Kapadia,laksh79@example.org,9690396406,Chennai,VALUE,2024-03-01
5844,Ekapad Sidhu,libni82@example.net,5638546922,Delhi,NEW,2026-04-15
5845,Tanay Parsa,gavin65@example.org,4087713525,Kolkata,VALUE,2025-11-25
5846,Aahana Viswanathan,vrittijohal@example.com,3209422626,Mumbai,NEW,2026-04-15
5847,Geetika Doshi,chadhaunni@example.com,8274424722,Delhi,PREMIUM,2025-09-06
5848,Darpan Ravi,qkhosla@example.net,2359164195,Pune,VALUE,2025-03-22
5849,Radhika Barad,mahalbhavani@example.net,1674248485,Chennai,PREMIUM,2024-06-05
5850,Sara Hari,csundaram@example.com,1282847830,Delhi,GROWTH,2026-05-15
5851,Zayan Mistry,xreddy@example.org,2483719441,Mumbai,GROWTH,2026-04-05
5852,Chavvi Goel,bbrahmbhatt@example.org,2356117306,Chennai,GROWTH,2025-01-09
5853,Vedant Raja,viswanathanreva@example.org,3103173033,Bengaluru,GROWTH,2024-07-22
5854,Nidra Devi,ksur@example.com,1481792659,Pune,PREMIUM,2024-12-14
5855,Ganga Natt,routyashasvi@example.net,4235238491,Hyderabad,NEW,2024-12-20
5856,Sanaya Sawhney,qsarma@example.net,0495723634,Chennai,VALUE,2026-04-05
5857,Chandresh Ramaswamy,owen05@example.net,7028872286,Hyderabad,GROWTH,2024-03-01
5858,Saumya Nayak,nairupma@example.net,4265633531,Bengaluru,PREMIUM,2025-07-23
5859,Fariq Patla,netra22@example.org,8547075201,Bengaluru,PREMIUM,2025-11-22
5860,Nathaniel Jha,qkadakia@example.com,1305815849,Pune,GROWTH,2025-11-17
5861,Aditya Bandi,george86@example.com,8368203966,Chennai,GROWTH,2024-06-22
5862,Ekta Chhabra,palviraj@example.org,1632191255,Chennai,PREMIUM,2025-01-06
5863,Wakeeta More,devanshmemon@example.org,8974554350,Chennai,VALUE,2024-11-03
5864,Harsh Kaur,jeremiahthaker@example.net,7692517848,Mumbai,VALUE,2025-01-01
5865,Fiyaz Chaudhry,ibatta@example.net,8083149709,Jaipur,GROWTH,2024-03-19
5866,Yashica Rama,bupadhyay@example.com,2382889270,Chennai,VALUE,2024-03-15
5867,Anirudh Dhar,kulkarnirajeshri@example.com,5537195788,Pune,VALUE,2024-01-22
5868,Chakrika Saxena,chaudrywarda@example.org,0240071690,Jaipur,VALUE,2026-05-20
5869,Chatura Goel,warjas96@example.com,2317002741,Jaipur,PREMIUM,2025-01-10
5870,Arjun Ravi,chhabragaurika@example.com,2460448085,Pune,NEW,2024-07-24
5871,Vivaan Murty,qarinram@example.com,7858652159,Kolkata,GROWTH,2025-12-18
5872,Fiyaz Goel,deoladya@example.com,1372997704,Hyderabad,VALUE,2025-03-20
5873,Fitan Deshmukh,gaurika29@example.com,8365035672,Pune,NEW,2024-11-24
5874,Raksha Murthy,ysethi@example.org,2701048045,Bengaluru,VALUE,2024-04-13
5875,Daniel Anne,ishwar68@example.org,2994297757,Pune,NEW,2024-12-13
5876,Omisha Bedi,abdulgole@example.org,1434998752,Delhi,GROWTH,2025-08-05
5877,Ekaja Choudhry,fdash@example.org,1802153472,Jaipur,VALUE,2025-07-15
5878,Tanish Goswami,tellachandresh@example.org,1313865033,Mumbai,GROWTH,2024-12-17
5879,Aashi Sarraf,fitanmall@example.net,3639966049,Pune,VALUE,2025-07-05
5880,Azad Sarma,balayaachal@example.com,5859119350,Delhi,PREMIUM,2025-11-21
5881,Caleb Tailor,gaurangi57@example.net,0619712982,Mumbai,VALUE,2026-04-17
5882,Saanvi Halder,skoshy@example.net,0040039365,Jaipur,NEW,2025-04-20
5883,Ubika Bawa,masongole@example.org,6814406155,Kolkata,PREMIUM,2024-07-24
5884,Jasmit Bala,guhajoshua@example.net,8015718521,Mumbai,NEW,2024-04-26
5885,Dominic Bava,khoslaojasvi@example.com,3906875245,Mumbai,NEW,2024-05-21
5886,Maya Mani,zansi35@example.net,6465314007,Kolkata,VALUE,2024-01-10
5887,Daksha Arora,viswanathananita@example.com,0514610532,Jaipur,GROWTH,2025-05-17
5888,Jagat Aggarwal,ijhaveri@example.net,9632793510,Mumbai,NEW,2024-07-10
5889,Ijaya Date,gmutti@example.com,2721852380,Pune,GROWTH,2024-07-22
5890,Tanish Sangha,prisha27@example.org,6188207305,Bengaluru,VALUE,2025-10-13
5891,Yashawini Mane,unnatibera@example.net,6272603807,Pune,VALUE,2024-10-14
5892,Ekbal Mital,aashimistry@example.com,4321735186,Hyderabad,VALUE,2026-01-15
5893,Timothy Nayar,ijaya98@example.net,6131639482,Mumbai,NEW,2024-05-03
5894,Jagrati Pal,bhatladli@example.com,3808848738,Bengaluru,GROWTH,2024-11-03
5895,Kashvi Oak,mishraunni@example.net,5879559110,Chennai,PREMIUM,2024-02-16
5896,Chakradev Pathak,chaturasaha@example.org,3717537975,Kolkata,NEW,2025-04-27
5897,Ekavir Bandi,zmannan@example.net,6910438462,Delhi,VALUE,2024-04-22
5898,Nikita Sur,yadavi89@example.net,1779129852,Jaipur,PREMIUM,2024-08-04
5899,Anirudh Rao,rgoel@example.com,4549936457,Pune,VALUE,2025-10-23
5900,Daniel Borah,lopa31@example.org,4143079738,Jaipur,VALUE,2026-03-03
5901,Reva Sood,logan09@example.org,6671115494,Jaipur,VALUE,2025-05-05
5902,Chaitanya Khurana,lmohan@example.org,5592836944,Mumbai,VALUE,2026-05-18
5903,Xiti Loke,vartygeorge@example.net,0804431622,Delhi,GROWTH,2025-11-12
5904,Tejas Hari,dharlakshit@example.org,8028907234,Kolkata,GROWTH,2025-11-08
5905,Damyanti Prasad,ethanom@example.net,8683307149,Mumbai,VALUE,2026-06-10
5906,Ansh Agate,deviyashica@example.com,7031427404,Mumbai,VALUE,2024-03-20
5907,Vritti Shanker,kadeleela@example.net,1046124481,Hyderabad,PREMIUM,2024-07-27
5908,Naksh Natt,azad54@example.org,3216783233,Jaipur,VALUE,2025-01-28
5909,Abhiram Kamdar,knarula@example.org,0057771895,Kolkata,NEW,2025-07-10
5910,Ijaya Apte,aanand@example.net,3665594299,Chennai,NEW,2026-06-10
5911,Wakeeta Kala,etara@example.com,1187462670,Mumbai,PREMIUM,2024-03-30
5912,Dhriti Kumer,bhagatchakradhar@example.org,2916062240,Bengaluru,GROWTH,2024-07-25
5913,Mahika Gour,nathansankar@example.org,9397948979,Pune,PREMIUM,2024-09-25
5914,Hitesh Sharaf,skhurana@example.com,2674869379,Mumbai,PREMIUM,2025-08-26
5915,Qarin Bhat,wriddhish26@example.com,2862249617,Chennai,NEW,2026-05-06
5916,Mason Kanda,dayita64@example.net,7740271927,Delhi,NEW,2026-04-24
5917,Darika Narayanan,farasbhatia@example.org,0555894388,Bengaluru,GROWTH,2025-11-03
5918,Ekaraj Aurora,tejaskata@example.net,4923670511,Mumbai,GROWTH,2025-11-26
5919,Balveer Sama,aarini37@example.net,9510058424,Pune,NEW,2025-01-08
5920,Ishani Konda,psrivastava@example.org,2566540809,Jaipur,VALUE,2025-07-01
5921,Odika Uppal,hemal82@example.org,6262793392,Mumbai,GROWTH,2024-06-02
5922,Xavier Atwal,wmall@example.com,6776703108,Kolkata,PREMIUM,2025-04-01
5923,Jackson Chakrabarti,idixit@example.com,8681758626,Pune,PREMIUM,2024-09-20
5924,Maya Sawhney,girikdeshpande@example.net,0022808204,Jaipur,GROWTH,2026-04-15
5925,Laban Ahuja,dixitishani@example.com,3221167884,Jaipur,VALUE,2024-11-26
5926,Gaurika Shan,omjha@example.org,7934432434,Delhi,VALUE,2024-12-21
5927,Shravya Naik,rdar@example.org,9568913808,Pune,GROWTH,2024-12-28
5928,Gagan Garg,forumsibal@example.org,9567203678,Chennai,NEW,2026-03-22
5929,Devika Ganesh,dseshadri@example.com,3550728404,Delhi,NEW,2026-04-19
5930,Chakradhar Kashyap,tgrewal@example.com,9933418919,Bengaluru,GROWTH,2025-01-22
5931,Oni Gola,charita75@example.net,2544668669,Jaipur,VALUE,2026-06-15
5932,Lohit Shankar,gboase@example.org,5645689425,Chennai,PREMIUM,2025-11-11
5933,Irya Verma,prakashojasvi@example.net,6908234532,Bengaluru,PREMIUM,2026-01-31
5934,Faras Kumer,hkade@example.net,4888239474,Bengaluru,GROWTH,2026-04-04
5935,Ubika Bakshi,dechanchal@example.org,1768673207,Kolkata,GROWTH,2024-10-26
5936,Aarav Saxena,umerchant@example.net,9642378416,Bengaluru,VALUE,2025-05-10
5937,Gavin Padmanabhan,kkashyap@example.com,6693796538,Mumbai,PREMIUM,2024-09-13
5938,Upkaar Ahuja,swadhwa@example.com,2148585218,Chennai,GROWTH,2024-10-05
5939,Ranbir Sankar,hardikarora@example.net,4060282230,Jaipur,GROWTH,2025-02-21
5940,Hardik Garg,handahiral@example.net,3208464241,Mumbai,NEW,2024-02-15
5941,Ira Vohra,yahvi72@example.com,5207138012,Bengaluru,PREMIUM,2024-07-12
5942,Vrinda Agrawal,rachitsolanki@example.com,4470072391,Hyderabad,NEW,2025-12-29
5943,Girindra Saraf,grovervritti@example.net,9267397300,Mumbai,GROWTH,2024-05-29
5944,Isaac Thakur,dubeylopa@example.com,9191612532,Pune,GROWTH,2025-07-13
5945,Siddharth Wason,indrajitahuja@example.org,2386901390,Bengaluru,NEW,2025-11-20
5946,Gaurangi Bumb,revagaba@example.net,3875243490,Mumbai,NEW,2024-08-24
5947,Ubika Singhal,sureshzaid@example.com,5613558012,Bengaluru,NEW,2025-02-16
5948,Girindra Raj,kmohanty@example.com,2706469430,Jaipur,NEW,2026-02-28
5949,Chandresh Nori,radhakrishnandhriti@example.net,0302472145,Jaipur,GROWTH,2026-01-21
5950,Varenya Warrior,dadanidhi@example.net,6500177473,Chennai,VALUE,2026-04-08
5951,Ekalinga Prashad,thomas35@example.com,8232697963,Hyderabad,GROWTH,2025-07-19
5952,Yashoda Srinivasan,ranbirnath@example.org,8351050548,Kolkata,NEW,2026-03-09
5953,Yashodhara Majumdar,elijahbrahmbhatt@example.org,8246974181,Mumbai,GROWTH,2024-12-24
5954,Deepa Bera,rahluwalia@example.org,6988076103,Pune,PREMIUM,2025-06-25
5955,Yoshita Devi,barialogan@example.org,3472542714,Pune,NEW,2025-08-23
5956,Vansha Gaba,christopherparmer@example.org,8147248777,Pune,NEW,2026-05-28
5957,Chatura Goel,ojasbasak@example.net,2393728779,Mumbai,NEW,2024-11-27
5958,Chaitaly Yadav,jagratirajagopal@example.org,4086713709,Pune,GROWTH,2026-02-26
5959,Veer Deshmukh,mannepanini@example.com,9559853131,Chennai,GROWTH,2025-04-03
5960,Daniel Krishnan,sekhonjackson@example.org,8062400397,Jaipur,NEW,2024-04-03
5961,Arunima Mallick,mangalupma@example.net,9275428847,Mumbai,VALUE,2025-08-12
5962,Arya Kakar,adyashroff@example.com,1737045788,Chennai,VALUE,2026-06-01
5963,Imaran Bhatti,daravidhi@example.org,5879035045,Kolkata,NEW,2025-02-12
5964,Jagvi Hayre,ramanathanomya@example.com,1070910938,Bengaluru,PREMIUM,2025-05-08
5965,Jonathan Arya,rauyutika@example.net,4077649778,Pune,GROWTH,2026-04-14
5966,Balendra Johal,turvi60@example.org,0256748655,Delhi,VALUE,2026-04-08
5967,Aradhana Dixit,hhegde@example.com,0496071410,Pune,GROWTH,2024-12-26
5968,Karan De,khareijaya@example.org,4593085034,Chennai,NEW,2025-11-15
5969,Widisha Parmer,dalajaoak@example.org,9539853470,Mumbai,GROWTH,2025-07-21
5970,Harshil Kohli,iiyengar@example.net,0077308340,Delhi,GROWTH,2025-08-05
5971,Rishi Barman,sbhat@example.net,0271285296,Pune,GROWTH,2025-10-10
5972,Yahvi Chander,mohammed41@example.net,5820578769,Mumbai,NEW,2024-10-21
5973,Gautami Batta,xkurian@example.net,8820341269,Hyderabad,NEW,2024-10-01
5974,Zehaan Randhawa,raagini46@example.net,5363067798,Delhi,GROWTH,2024-01-25
5975,Aarnav Bhandari,dradhakrishnan@example.com,4996071683,Jaipur,GROWTH,2026-02-09
5976,Vihaan Sarraf,nisha91@example.com,3844924863,Chennai,VALUE,2024-09-06
5977,Tripti Parekh,yashasvimody@example.org,2430588749,Jaipur,GROWTH,2025-08-29
5978,Gopal Yogi,ahluwaliaagastya@example.net,9644824867,Mumbai,VALUE,2025-09-09
5979,Kevin Bobal,kakarsachi@example.com,0222701984,Mumbai,GROWTH,2025-09-25
5980,Neel Chakraborty,sarauppal@example.com,7481036345,Chennai,GROWTH,2026-02-15
5981,Ethan Singh,bchatterjee@example.com,3238851561,Chennai,VALUE,2026-02-20
5982,Kritika Baria,yashicagokhale@example.org,0652598287,Kolkata,VALUE,2024-01-03
5983,Tejas Dar,manannair@example.net,2274683132,Jaipur,VALUE,2026-01-26
5984,Adya Kota,udantsrivastava@example.com,3815595726,Kolkata,VALUE,2024-07-06
5985,Ekalinga Ram,lohitkadakia@example.net,6021557874,Mumbai,PREMIUM,2025-08-03
5986,Nicholas Dora,amrutanarayan@example.org,0413255501,Bengaluru,VALUE,2025-08-28
5987,Samaksh Dani,oommenanya@example.org,4210000718,Jaipur,VALUE,2024-02-18
5988,Vidhi Atwal,ztak@example.com,4840251833,Chennai,NEW,2024-09-12
5989,Jeevika Ravi,ayohannan@example.com,1834898164,Kolkata,VALUE,2026-03-30
5990,Omisha Ramaswamy,basakchandresh@example.org,2617638681,Chennai,NEW,2024-05-07
5991,Banjeet Rajagopal,panchalgabriel@example.org,1593860666,Delhi,GROWTH,2024-07-27
5992,Meera Dua,pgaba@example.net,4139126908,Hyderabad,PREMIUM,2024-03-14
5993,Yauvani Ramesh,xalak93@example.net,2449295115,Kolkata,GROWTH,2024-05-30
5994,Janaki Bhasin,samuelmitra@example.net,4875350689,Pune,VALUE,2025-07-28
5995,Bhavini Kumar,mangaldaksh@example.org,6517560455,Mumbai,NEW,2026-01-27
5996,Balhaar Sastry,oramachandran@example.org,2143346107,Mumbai,NEW,2025-06-19
5997,Mahika Hegde,idika58@example.org,1542951501,Kolkata,VALUE,2024-09-13
5998,Ranbir Kar,thakurvasana@example.com,8465242813,Jaipur,PREMIUM,2026-02-11
5999,Hemangini Anand,dnigam@example.com,7262293704,Kolkata,GROWTH,2024-11-26
6000,Krisha Ganesh,kalaimaran@example.net,7231939456,Delhi,NEW,2024-10-10
6001,Ranveer Dayal,labanhans@example.com,4813343709,Chennai,NEW,2025-03-30
6002,Lekha Desai,yogiavni@example.com,9249526011,Kolkata,VALUE,2024-05-03
6003,Jacob Chakrabarti,lipika85@example.org,2303029734,Pune,NEW,2024-11-16
6004,Manan Kumer,horagagan@example.org,4557517879,Chennai,NEW,2025-12-20
6005,Nirja Devan,chanchal18@example.com,0414401732,Hyderabad,PREMIUM,2025-07-01
6006,Ekani Lata,upkaardyal@example.com,0393553082,Mumbai,VALUE,2026-06-08
6007,Harrison Varma,ekantika70@example.org,3621007994,Bengaluru,NEW,2025-11-29
6008,Waida Chaudhari,psen@example.org,0798922376,Pune,GROWTH,2024-11-20
6009,Manbir Khatri,ebarad@example.org,4620326963,Delhi,VALUE,2025-11-21
6010,Frado Rai,mpathak@example.com,0647855207,Delhi,NEW,2026-02-17
6011,Thomas Iyer,palchaitaly@example.net,1688620750,Hyderabad,GROWTH,2025-07-21
6012,Wriddhish Desai,lbutala@example.com,9661467406,Kolkata,NEW,2025-11-17
6013,Triveni Grover,farhanbarad@example.net,2388980746,Pune,PREMIUM,2025-03-29
6014,Dakshesh Patla,lipikagala@example.net,1491952571,Chennai,VALUE,2026-03-31
6015,Umang Korpal,usidhu@example.com,0829155738,Chennai,NEW,2024-08-01
6016,Samaksh Banerjee,sarafanthony@example.com,7372883227,Delhi,GROWTH,2025-01-16
6017,Faras Brar,tiwariradha@example.net,8976779644,Bengaluru,GROWTH,2024-08-16
6018,Xalak Ravi,nanne@example.com,0870808133,Delhi,GROWTH,2024-04-01
6019,Kashvi Loke,grau@example.org,0047203979,Kolkata,VALUE,2025-07-08
6020,Unni Ramakrishnan,kaichahal@example.net,7969675601,Kolkata,PREMIUM,2024-04-16
6021,Xalak Narayanan,srivastavadhriti@example.net,3554476890,Bengaluru,GROWTH,2024-07-22
6022,Neelima Loyal,omodi@example.com,4613916595,Bengaluru,NEW,2025-11-17
6023,Ryan Patel,anthonytailor@example.com,3526609735,Bengaluru,NEW,2024-08-04
6024,Rajeshri Prabhakar,rudrapurohit@example.org,1322136440,Jaipur,PREMIUM,2026-02-15
6025,Anika Ramaswamy,lalakrish@example.net,3982471192,Hyderabad,VALUE,2024-02-14
6026,Yadavi Raja,hchandra@example.net,3940282698,Kolkata,PREMIUM,2025-02-15
6027,Raagini Joshi,qdar@example.com,1681786587,Hyderabad,VALUE,2024-03-01
6028,Jonathan Brar,megha86@example.org,4832565796,Pune,NEW,2024-02-23
6029,Hemal Mangal,edhitha49@example.com,4465954775,Chennai,GROWTH,2025-12-12
6030,Anthony Wason,omkaar20@example.com,2614044850,Bengaluru,NEW,2024-03-01
6031,Gaurangi Mohan,hamsinioza@example.net,5030892331,Jaipur,GROWTH,2026-03-14
6032,Harita Goyal,chaturaapte@example.org,5108603315,Pune,VALUE,2025-06-22
6033,Luke Naidu,daniel87@example.com,8010554447,Kolkata,NEW,2025-03-10
6034,Lakshmi Ranganathan,qkorpal@example.net,7426560800,Jaipur,GROWTH,2026-04-06
6035,Sanya Gopal,gunbir08@example.net,7256481369,Mumbai,NEW,2024-12-14
6036,Wriddhish Arya,viraj48@example.net,5460410127,Delhi,NEW,2024-12-25
6037,Anya Deshpande,frederickgrewal@example.com,9637162996,Chennai,GROWTH,2025-01-03
6038,Jhalak Dani,snehasavant@example.net,7351840772,Bengaluru,GROWTH,2025-08-08
6039,Pratyush Rajan,bhavyabatta@example.com,8460576357,Hyderabad,GROWTH,2026-02-01
6040,Bhavika Ben,lakshthaker@example.org,6268886596,Mumbai,NEW,2025-05-02
6041,Rohan Kota,rajuurvi@example.org,9430172144,Hyderabad,NEW,2024-09-09
6042,Ojasvi Dada,qseth@example.org,8370430415,Hyderabad,VALUE,2026-03-11
6043,Edhitha More,ahujaupkaar@example.com,4862989986,Bengaluru,PREMIUM,2025-06-23
6044,Daksh Sethi,ghoshchatresh@example.com,6633016119,Pune,VALUE,2026-01-19
6045,Thomas Shankar,rajeshribhatti@example.com,1456172219,Chennai,GROWTH,2025-01-24
6046,Hemang Badami,ekaja74@example.org,1889366847,Hyderabad,NEW,2024-06-28
6047,Jairaj Tandon,gbhatti@example.com,0012228129,Delhi,NEW,2026-04-30
6048,Oliver Dhar,badamidavid@example.org,7571603123,Chennai,GROWTH,2025-09-01
6049,Fariq Pillay,chanavedant@example.org,3984949949,Mumbai,GROWTH,2024-10-04
6050,George Mand,gangulyjacob@example.com,4883271295,Bengaluru,VALUE,2026-02-01
6051,Naksh Kadakia,kumerabhiram@example.org,4006796158,Hyderabad,VALUE,2024-01-09
6052,Ati Goda,kotaneel@example.org,3998088514,Mumbai,GROWTH,2026-04-17
6053,Yashasvi Sharma,faras92@example.com,3029858379,Hyderabad,NEW,2025-06-04
6054,Amara Tara,rdin@example.com,7994262480,Bengaluru,GROWTH,2025-06-14
6055,Isaiah Tank,saumyasalvi@example.com,9674552957,Kolkata,VALUE,2024-01-13
6056,Nihal Bakshi,krishna18@example.net,7237242942,Kolkata,PREMIUM,2024-06-07
6057,Harita Divan,pooja89@example.org,3976135878,Delhi,VALUE,2025-10-10
6058,Sai Shere,rohan36@example.com,3427628265,Chennai,VALUE,2025-05-17
6059,Kevin Sani,fmore@example.org,6501531790,Pune,NEW,2024-04-24
6060,Ekiya Ray,manneyutika@example.com,4883810956,Hyderabad,VALUE,2025-08-22
6061,Robert Sidhu,goyalalexander@example.net,0745215765,Hyderabad,GROWTH,2025-11-02
6062,Isaac Mallick,udantvig@example.org,7998785593,Kolkata,GROWTH,2024-09-02
6063,Chakradhar Parikh,bpalan@example.org,6279936551,Hyderabad,VALUE,2025-09-12
6064,Reva Yadav,owarrior@example.net,6750241851,Delhi,VALUE,2026-05-25
6065,Aryan Pillai,ibobal@example.com,2600532657,Bengaluru,VALUE,2025-03-10
6066,Zilmil Bath,rsabharwal@example.net,6945491623,Bengaluru,VALUE,2024-07-25
6067,Aryan Doshi,rajannakul@example.net,7742965556,Hyderabad,NEW,2026-05-15
6068,Pranav Dave,rsethi@example.org,8034508457,Mumbai,GROWTH,2026-03-31
6069,Dayamai Grewal,wpuri@example.com,7699633949,Mumbai,GROWTH,2025-02-15
6070,Ubika Hayer,panini59@example.com,9260157233,Jaipur,GROWTH,2025-01-17
6071,Pavani Bala,mnagarajan@example.com,3401151201,Mumbai,NEW,2026-01-20
6072,Utkarsh Dasgupta,esaraf@example.org,3447715064,Pune,VALUE,2024-01-01
6073,Mitali Wadhwa,baralturvi@example.com,5454795251,Pune,NEW,2024-10-08
6074,Warda Gala,sabharwalkiaan@example.org,0122524136,Chennai,VALUE,2025-05-03
6075,Rushil Dara,vaishnavikeer@example.org,6927640063,Jaipur,NEW,2025-08-11
6076,Kritika Pal,aryasibal@example.com,9576106535,Delhi,VALUE,2025-07-19
6077,Mitesh Vasa,gillradha@example.com,0936730333,Bengaluru,VALUE,2024-11-29
6078,Patrick Bala,cnazareth@example.org,9592383580,Mumbai,GROWTH,2026-02-21
6079,Vedhika Koshy,pkorpal@example.net,5234477840,Chennai,VALUE,2025-08-07
6080,Joshua Prakash,advika60@example.net,5293692189,Pune,PREMIUM,2025-05-01
6081,Tanay Keer,nachiket17@example.org,0434507559,Jaipur,PREMIUM,2026-04-24
6082,Omkaar Dora,ekalingakothari@example.org,8434571685,Hyderabad,PREMIUM,2024-03-25
6083,Utkarsh Gupta,natarajanyoshita@example.com,9940967934,Mumbai,VALUE,2025-09-30
6084,Aarav Mani,yashodavohra@example.org,5884875073,Jaipur,PREMIUM,2026-04-14
6085,Urvi Kapadia,nakshpal@example.com,5945489465,Pune,VALUE,2025-08-18
6086,Umang Dayal,nrao@example.org,6961717336,Kolkata,NEW,2025-05-23
6087,Pallavi Sane,valatanveer@example.com,7422543357,Hyderabad,PREMIUM,2024-11-23
6088,Yashica Palla,sarnaekapad@example.net,9768648921,Hyderabad,GROWTH,2024-09-01
6089,Upasna Ranganathan,sahnijoshua@example.org,4135836579,Hyderabad,NEW,2025-05-06
6090,Chandran Sharaf,palbaghyawati@example.org,6056194579,Pune,GROWTH,2026-03-19
6091,Yasti Grover,chaaya91@example.net,9158093585,Mumbai,GROWTH,2025-02-19
6092,Widisha Dara,dmukherjee@example.org,1277921577,Jaipur,VALUE,2024-04-18
6093,Ryan Raj,mekhala71@example.org,0848878987,Mumbai,PREMIUM,2025-03-11
6094,Hardik Atwal,sdutt@example.net,8963746416,Hyderabad,GROWTH,2024-03-28
6095,Jeet Dugal,krishna34@example.org,5454360683,Bengaluru,VALUE,2026-04-22
6096,Harish Pandya,yprakash@example.net,7552068436,Pune,NEW,2025-04-26
6097,Qadim Chakraborty,krishnahemang@example.com,0737255922,Pune,VALUE,2024-07-11
6098,Radhika Lala,manyashah@example.org,5187111665,Jaipur,PREMIUM,2025-07-16
6099,Neha Sridhar,advay89@example.com,4030680421,Kolkata,VALUE,2025-04-28
6100,Ekta Savant,waidabhandari@example.org,7600795008,Mumbai,GROWTH,2025-04-04
6101,Karan Dhillon,lukechaudhuri@example.com,8323260087,Mumbai,NEW,2025-06-16
6102,Tarak Dua,csamra@example.org,0746363244,Jaipur,VALUE,2026-04-16
6103,Neel Trivedi,boseyasti@example.com,8433576323,Hyderabad,PREMIUM,2026-02-09
6104,Hitesh Master,shettyindrajit@example.org,1866621444,Delhi,GROWTH,2024-08-24
6105,Mitesh Pal,gauri99@example.net,4962649625,Kolkata,NEW,2024-08-03
6106,Qarin Gokhale,chakradevsoni@example.org,9757627865,Pune,VALUE,2026-06-10
6107,Nidhi Bhandari,doctororinder@example.org,1195588602,Delhi,PREMIUM,2025-08-03
6108,Qadim Nazareth,henryrao@example.org,9759612987,Kolkata,GROWTH,2024-01-18
6109,Kamya Bawa,bakhshi34@example.com,2635356104,Chennai,GROWTH,2025-04-21
6110,Xavier Srinivas,chanaurvi@example.org,8601474238,Chennai,GROWTH,2024-04-16
6111,Ekalinga Contractor,gautam74@example.org,8131801020,Kolkata,GROWTH,2024-01-27
6112,Anita Ranganathan,nikita55@example.com,4253063008,Hyderabad,GROWTH,2024-06-16
6113,Anya Cheema,frederick23@example.org,5684207781,Hyderabad,VALUE,2024-08-17
6114,Abeer Sunder,januja91@example.com,1368190381,Chennai,GROWTH,2024-03-12
6115,Veer Mody,gagan56@example.com,3339097242,Mumbai,PREMIUM,2026-01-21
6116,Ekiya Dixit,arjunhegde@example.com,6770044406,Mumbai,GROWTH,2025-01-29
6117,Ekbal Kannan,virajvala@example.com,9530022466,Kolkata,VALUE,2025-05-11
6118,Owen Rattan,yashodhara65@example.org,6534594591,Mumbai,GROWTH,2026-02-17
6119,Yashoda Mangat,sekhonchaitaly@example.com,4176459606,Chennai,GROWTH,2026-01-23
6120,Veer Solanki,eshanagola@example.com,3083869126,Bengaluru,PREMIUM,2026-01-08
6121,Libni Bhatnagar,bhattgagan@example.com,4282768853,Mumbai,NEW,2024-06-25
6122,Aradhana Soni,vihaan64@example.com,8611540629,Chennai,GROWTH,2025-11-01
6123,Janaki Nagar,ramaswamyradhika@example.net,5265291608,Kolkata,PREMIUM,2026-06-15
6124,Elijah Ghosh,fsrinivasan@example.net,2347670900,Hyderabad,VALUE,2024-01-07
6125,Jyoti Chadha,johalalka@example.org,9841290615,Mumbai,NEW,2026-02-20
6126,Amrita Bora,hema24@example.com,7082423638,Mumbai,VALUE,2026-02-18
6127,Hema Narayan,xmaharaj@example.net,7971898610,Mumbai,GROWTH,2026-01-27
6128,Anita Badal,muttitarak@example.com,8688340426,Jaipur,VALUE,2024-12-22
6129,Keya Kakar,badalalka@example.org,3337069153,Bengaluru,VALUE,2024-06-28
6130,Shravya Taneja,faqid84@example.org,8626985195,Bengaluru,PREMIUM,2025-10-20
6131,Qasim Bhasin,mjoshi@example.org,7103549363,Delhi,VALUE,2025-07-14
6132,Aadi Devan,netra51@example.org,7888732607,Hyderabad,VALUE,2025-10-16
6133,Zehaan Ganguly,tamannachada@example.org,3445503424,Jaipur,VALUE,2024-08-18
6134,Nathan Aurora,mistryhemang@example.org,9411322855,Hyderabad,NEW,2024-06-08
6135,Watika Char,wmammen@example.org,6195697270,Pune,PREMIUM,2026-03-22
6136,Gaurav Doctor,urmi09@example.net,7513440883,Mumbai,NEW,2025-04-08
6137,Ethan Jaggi,duttanay@example.com,7239981597,Mumbai,NEW,2026-02-05
6138,Qushi Raval,chandranleela@example.org,3485617378,Pune,NEW,2026-04-13
6139,Sudiksha Ravi,maxkohli@example.com,2160548823,Delhi,GROWTH,2025-02-17
6140,Urvi Kale,eeshakannan@example.org,9983276018,Hyderabad,VALUE,2024-08-24
6141,Nitesh Sandhu,fpatel@example.net,0297934894,Bengaluru,VALUE,2026-03-17
6142,Veda Kashyap,choudhryom@example.net,0953172853,Delhi,VALUE,2025-10-05
6143,Qasim Deo,hritik28@example.net,5793033622,Chennai,PREMIUM,2025-08-22
6144,Lopa Bala,aarnavbala@example.com,2877540470,Jaipur,VALUE,2026-05-12
6145,Harinakshi Wali,williamwali@example.org,3674338675,Delhi,VALUE,2024-08-09
6146,Osha Pandey,onkarloyal@example.com,6349904726,Kolkata,PREMIUM,2024-11-20
6147,Sarthak More,sachdevawakeeta@example.net,1507637149,Chennai,VALUE,2024-02-05
6148,Jack Chand,takshivani@example.com,8121307197,Pune,VALUE,2024-12-14
6149,Falguni More,sarkarabhiram@example.com,5196422111,Delhi,VALUE,2025-02-05
6150,Azaan Vala,chandranurmi@example.org,0367590414,Kolkata,PREMIUM,2025-02-11
6151,Qabil Kaul,warjaskari@example.net,6243441203,Delhi,VALUE,2024-05-15
6152,Maanav Bath,jason33@example.com,2840401295,Jaipur,VALUE,2025-12-29
6153,Jai Biswas,fitanprakash@example.org,3817551591,Pune,VALUE,2025-03-16
6154,Arjun Palla,rachana28@example.com,4807261177,Bengaluru,PREMIUM,2025-01-30
6155,Kritika Magar,deepapandya@example.net,0497741464,Delhi,VALUE,2026-02-16
6156,Tanmayi Mander,mahajanayaan@example.net,1571662999,Chennai,VALUE,2025-03-13
6157,Abhimanyu Bedi,hemang47@example.net,5957561467,Delhi,NEW,2026-03-13
6158,Logan Salvi,wchana@example.com,4880851882,Chennai,NEW,2024-07-19
6159,Meghana Mohan,oscarbrahmbhatt@example.net,3612125981,Kolkata,VALUE,2026-02-04
6160,Radhika Taneja,binamangal@example.com,0511162887,Bengaluru,VALUE,2026-06-08
6161,Chameli Sem,gunbirratta@example.org,1900204911,Mumbai,VALUE,2025-11-06
6162,Dayamai Chakraborty,mde@example.com,1369684932,Mumbai,PREMIUM,2026-03-14
6163,Saksham Rajan,kalaraagini@example.net,1074774878,Mumbai,VALUE,2025-10-28
6164,Pooja Bandi,reva32@example.net,0971216397,Delhi,NEW,2025-06-24
6165,Ganga Bali,teerthdewan@example.org,6233441825,Mumbai,NEW,2025-11-18
6166,Niharika Konda,nathan63@example.com,3310312336,Pune,GROWTH,2026-05-14
6167,Divya Kannan,mayavala@example.net,8477259089,Bengaluru,VALUE,2025-06-28
6168,Rushil Barad,duttharini@example.com,7080893376,Kolkata,NEW,2025-09-10
6169,Anita Sandhu,memonhema@example.org,0416910982,Kolkata,PREMIUM,2024-03-12
6170,Ucchal Sastry,emammen@example.com,2114430421,Kolkata,PREMIUM,2026-05-13
6171,Imaran Parmar,mallaarna@example.com,3544373262,Chennai,VALUE,2025-11-30
6172,Lajita Kapoor,gautam76@example.com,7048826613,Bengaluru,PREMIUM,2024-05-25
6173,Samesh Bawa,anjaliluthra@example.org,3563534481,Jaipur,NEW,2024-09-17
6174,Unnati Anand,padmanabhantara@example.net,0414675271,Mumbai,NEW,2024-07-21
6175,Jhalak Palla,bahadurjit65@example.org,2535541393,Hyderabad,GROWTH,2024-10-14
6176,Neel Wadhwa,teerth29@example.org,9063580355,Hyderabad,GROWTH,2026-03-07
6177,Turvi Sachdev,amritamistry@example.com,1191201160,Pune,GROWTH,2025-02-21
6178,Pooja Mistry,arunimaprasad@example.org,3873737051,Chennai,PREMIUM,2025-01-12
6179,Farhan Murthy,eiravati08@example.net,3459790514,Kolkata,NEW,2025-12-02
6180,Gautami Ramaswamy,usubramanian@example.com,2635971949,Jaipur,GROWTH,2024-11-30
6181,Baghyawati Sachdev,tdeshpande@example.net,5951591320,Hyderabad,VALUE,2026-03-08
6182,Yug Misra,nagyshravya@example.org,3721518098,Kolkata,VALUE,2025-11-09
6183,Adweta Master,lsampath@example.com,4111431998,Mumbai,GROWTH,2024-08-19
6184,Damyanti Kurian,chawlapushti@example.org,6798091620,Jaipur,NEW,2025-07-21
6185,Dalaja Dara,atharvmital@example.org,4024940091,Mumbai,VALUE,2025-03-10
6186,Yash Kibe,hsawhney@example.com,5421203279,Kolkata,GROWTH,2024-11-05
6187,Anya Seshadri,vamakshi24@example.net,8917485623,Hyderabad,NEW,2026-03-26
6188,Upkaar Madan,kai61@example.com,5131200084,Jaipur,GROWTH,2024-12-24
6189,Aishani Badal,zilmilkhanna@example.org,9747571461,Mumbai,VALUE,2024-04-15
6190,Madhav Kapur,pavani82@example.net,8002824235,Hyderabad,GROWTH,2025-01-02
6191,Falguni Tella,battayashoda@example.org,7725551263,Jaipur,GROWTH,2025-04-10
6192,Kabir Sood,somyadavi@example.org,7406943579,Delhi,VALUE,2024-04-23
6193,Anamika Chaudhry,onveerbanik@example.net,4794958081,Bengaluru,PREMIUM,2025-10-30
6194,Nakul Chawla,ishanigoel@example.net,5765018084,Delhi,GROWTH,2024-07-25
6195,Sanaya Dayal,agrawalanusha@example.org,0984835841,Bengaluru,GROWTH,2024-03-24
6196,Oscar Contractor,hemanilad@example.com,9819444472,Hyderabad,GROWTH,2025-04-28
6197,Caleb Srinivas,kakarchandran@example.net,4888301393,Chennai,VALUE,2024-05-24
6198,Charvi Venkataraman,vrishtide@example.net,7535082021,Bengaluru,VALUE,2025-12-04
6199,Reyansh Mangat,ganeshdivya@example.org,5845645510,Mumbai,VALUE,2024-03-02
6200,Kamala Nayar,auroraoliver@example.org,3702472794,Mumbai,VALUE,2025-01-12
6201,Kevin Dass,xdeshpande@example.com,6767687322,Jaipur,PREMIUM,2024-02-16
6202,Yash Anne,gaurangikrishna@example.org,4696730820,Jaipur,VALUE,2024-12-11
6203,Chasmum Mall,raaginibandi@example.org,6434272235,Mumbai,PREMIUM,2026-04-19
6204,Daksha Raj,onkarmistry@example.org,0510845376,Mumbai,VALUE,2025-08-08
6205,Manbir Kapoor,sidhuurvashi@example.net,7537515463,Delhi,VALUE,2025-04-26
6206,Ayaan Dhaliwal,aroraviraj@example.com,3328800332,Jaipur,VALUE,2024-05-21
6207,Hredhaan Deshpande,swaminathanhitesh@example.com,8009080435,Pune,GROWTH,2024-10-08
6208,Samar Shenoy,raghavanfalak@example.org,2277898800,Kolkata,GROWTH,2024-12-08
6209,Maya Parekh,lakshmi08@example.net,9932238306,Bengaluru,NEW,2025-06-04
6210,Ranveer Narayanan,neel08@example.com,1714976690,Pune,VALUE,2024-07-06
6211,Urishilla Agate,parmarfrado@example.org,1226362296,Delhi,GROWTH,2026-06-18
6212,Farhan Kamdar,yashvisaha@example.com,8762137872,Pune,PREMIUM,2025-08-09
6213,Advika Patel,bainstanmayi@example.net,2611132785,Chennai,VALUE,2024-10-07
6214,Ranbir Lad,avni11@example.com,2369278956,Bengaluru,VALUE,2024-04-11
6215,Mekhala Rama,prakashdavid@example.org,4586929853,Pune,VALUE,2025-06-19
6216,Frado Bora,gmerchant@example.net,1778854105,Pune,VALUE,2025-02-07
6217,Kamala Bava,ekothari@example.org,1009317852,Hyderabad,NEW,2025-08-29
6218,Chaman Goswami,ansh12@example.com,0490574448,Mumbai,GROWTH,2025-06-20
6219,Nikita Dugar,rtoor@example.net,2932051762,Delhi,GROWTH,2025-07-30
6220,Bahadurjit Kothari,amrutakarnik@example.net,0448803654,Jaipur,PREMIUM,2026-01-20
6221,Dayita Shankar,riyazachariah@example.net,2360525788,Bengaluru,GROWTH,2025-04-17
6222,Qadim Lanka,eswaminathan@example.com,0273199164,Bengaluru,GROWTH,2025-10-14
6223,Sarthak Chokshi,qarin95@example.net,4420350219,Pune,VALUE,2024-11-19
6224,Charvi Kata,vedhika19@example.com,4237040093,Bengaluru,GROWTH,2026-04-28
6225,Ojasvi Thaman,dtaneja@example.org,8703406216,Hyderabad,VALUE,2025-01-02
6226,Ayaan Bali,mchakrabarti@example.org,1419220886,Pune,VALUE,2025-09-03
6227,Lohit Mand,katajeevika@example.org,2348907181,Chennai,VALUE,2026-06-17
6228,Chandresh Dua,neelimakapoor@example.com,1932303747,Pune,PREMIUM,2024-11-10
6229,Vidhi Sarma,ishwarsinghal@example.org,8868738888,Delhi,PREMIUM,2024-04-01
6230,Devansh Shroff,amairaapte@example.com,4777768439,Hyderabad,PREMIUM,2024-07-27
6231,Raghav Barad,pradhanekani@example.net,9283037495,Hyderabad,VALUE,2024-08-07
6232,Sarthak Nagar,psalvi@example.org,6067009109,Pune,NEW,2024-02-20
6233,Mohammed Kari,timothy87@example.org,0785850786,Mumbai,VALUE,2025-05-04
6234,Champak Gade,echoudhary@example.com,4638202762,Mumbai,NEW,2024-09-06
6235,Avni Sami,madhav11@example.net,6503530113,Kolkata,PREMIUM,2024-03-28
6236,Hamsini Golla,aahana91@example.net,9093324050,Pune,GROWTH,2024-05-03
6237,Gayathri Dutta,libninanda@example.net,5488397027,Kolkata,GROWTH,2024-09-03
6238,Sai Deol,jacob73@example.org,7003422392,Bengaluru,PREMIUM,2024-11-28
6239,Vivaan Andra,bramakrishnan@example.com,4836417733,Jaipur,PREMIUM,2026-05-27
6240,Amol Desai,mallickudant@example.org,0136890471,Bengaluru,VALUE,2025-09-24
6241,Nandini Chokshi,shravyalalla@example.org,7903285340,Pune,PREMIUM,2025-10-05
6242,Samarth Anne,chanderdalbir@example.org,1272589698,Mumbai,VALUE,2025-09-14
6243,Anthony Kanda,agrawalnimrat@example.org,7357453154,Jaipur,GROWTH,2025-12-23
6244,Zehaan Rege,pratyushmahal@example.com,9253610763,Bengaluru,GROWTH,2024-10-13
6245,Ridhi Bir,nathanrajagopalan@example.com,4080408844,Kolkata,NEW,2024-03-30
6246,Priya Shan,dipta18@example.net,3919089768,Bengaluru,GROWTH,2025-04-02
6247,Advaith Sarma,surxiti@example.net,3633249331,Kolkata,VALUE,2024-01-02
6248,Lucky Sridhar,eshana17@example.net,1913911848,Hyderabad,GROWTH,2024-07-14
6249,Divya Krish,palbhavani@example.org,4402715480,Delhi,VALUE,2025-11-08
6250,Oscar Mall,pbaria@example.org,6151923144,Mumbai,GROWTH,2025-03-28
6251,Shivansh Bhalla,jeevika94@example.net,6317327449,Pune,GROWTH,2025-09-13
6252,Oscar Kashyap,ayushmander@example.net,5629876362,Mumbai,PREMIUM,2025-04-04
6253,Vinaya Garde,chandran80@example.net,5864459507,Bengaluru,VALUE,2025-05-03
6254,Ayush Kalita,bandiabdul@example.com,5360104184,Chennai,VALUE,2024-09-28
6255,Karan Batra,nandini98@example.org,4450518965,Bengaluru,GROWTH,2024-07-15
6256,Chaman Shanker,raghavhalder@example.org,7845230390,Mumbai,VALUE,2024-08-21
6257,Amol Chand,lsinghal@example.org,6490604965,Chennai,VALUE,2025-12-19
6258,Nicholas Gade,srajan@example.org,1981016823,Pune,GROWTH,2026-05-31
6259,Brinda Ben,chanakyasekhon@example.com,0422653165,Pune,GROWTH,2024-03-14
6260,Dalbir Sarna,nayaravi@example.net,2229153254,Jaipur,VALUE,2025-04-28
6261,Aashi Shere,bmall@example.net,8194529326,Delhi,GROWTH,2025-02-27
6262,Vamakshi Tandon,bhasinkeya@example.com,3631080890,Hyderabad,NEW,2025-05-20
6263,Abha Sachdev,bhandarihenry@example.com,6041142515,Mumbai,GROWTH,2024-07-28
6264,Qadim Lalla,gpingle@example.org,0118316616,Jaipur,VALUE,2024-01-08
6265,Libni Parsa,nicholas08@example.com,0397855116,Chennai,VALUE,2024-07-02
6266,Ridhi Dube,tanveer74@example.net,2861112456,Delhi,VALUE,2024-06-12
6267,Manbir Nori,irya58@example.org,0222006887,Pune,GROWTH,2024-02-17
6268,Pranit Dugal,frederickvohra@example.com,9262437763,Delhi,PREMIUM,2024-11-16
6269,Banjeet Oza,urajan@example.net,5940474741,Bengaluru,VALUE,2025-09-07
6270,Meera Walla,aahana93@example.com,3447118465,Pune,VALUE,2026-05-19
6271,Aachal Tripathi,guppal@example.org,1823666462,Chennai,VALUE,2025-08-14
6272,Yug Sunder,jvarughese@example.net,5575772791,Kolkata,VALUE,2024-06-06
6273,Raghav Seth,ambleupasna@example.net,4057032594,Chennai,NEW,2024-11-21
6274,Quincy Chaudhry,lkhare@example.org,8130400776,Kolkata,VALUE,2024-09-29
6275,Frado Chadha,shettybalveer@example.net,3168396315,Chennai,VALUE,2024-07-09
6276,Jagdish Wali,arinswaminathan@example.net,5499287593,Delhi,GROWTH,2026-06-10
6277,Yochana Barman,shettypallavi@example.org,0539639388,Delhi,VALUE,2025-08-13
6278,Hiral Sagar,orindernarain@example.com,5395872500,Kolkata,VALUE,2025-03-08
6279,Ethan Sha,chadjackson@example.org,5328644592,Delhi,GROWTH,2025-01-28
6280,Vedhika Manne,asheth@example.org,3732784511,Hyderabad,VALUE,2024-10-13
6281,Umang Dora,girish80@example.com,4117940977,Delhi,VALUE,2025-01-10
6282,Hemang Krishnamurthy,deepa24@example.com,3756150132,Bengaluru,GROWTH,2025-07-24
6283,Pranav Nadkarni,ysaran@example.net,9468162121,Chennai,GROWTH,2026-04-15
6284,Wakeeta Chaudry,bhataachal@example.net,7482684769,Mumbai,VALUE,2025-03-22
6285,Parth Dhar,hemanisawhney@example.com,2209681303,Hyderabad,NEW,2024-06-15
6286,Lipika Kumar,watika12@example.com,4683128204,Jaipur,VALUE,2026-05-11
6287,Thomas Sha,chanchal58@example.com,7511244565,Delhi,NEW,2024-10-10
6288,Nihal Bail,fpandit@example.net,4533612292,Delhi,NEW,2024-03-15
6289,Bimala Doctor,qbhatt@example.net,5414312136,Bengaluru,GROWTH,2025-05-04
6290,Isaiah Prashad,bhavsaraishani@example.org,5785028124,Kolkata,VALUE,2025-12-12
6291,Krisha Nagi,nattchavvi@example.net,7978142776,Hyderabad,NEW,2024-08-19
6292,Lavanya Handa,deepa96@example.org,5461550679,Pune,GROWTH,2024-09-08
6293,Aarav Zacharia,maanav16@example.com,7321926036,Delhi,VALUE,2024-09-17
6294,Samaksh Mann,tanmayikalla@example.net,5959712474,Pune,GROWTH,2025-12-27
6295,Chasmum Savant,shankarnetra@example.com,3619620863,Delhi,GROWTH,2026-05-11
6296,Dalaja Thakkar,wsunder@example.net,8061871697,Pune,NEW,2026-02-01
6297,Yashoda Narayanan,aahanamishra@example.org,9520773768,Mumbai,PREMIUM,2024-07-22
6298,Anika Shetty,khoslahemang@example.com,4534133094,Kolkata,NEW,2026-02-03
6299,Ojas Anne,atak@example.com,9572690684,Bengaluru,PREMIUM,2024-10-05
6300,Krishna Tripathi,dominic12@example.com,4854137458,Mumbai,GROWTH,2026-02-19
6301,Ekbal Munshi,dalbir77@example.net,9511226480,Bengaluru,GROWTH,2026-06-11
6302,Sara Taneja,rajatakapur@example.com,6243333428,Delhi,NEW,2025-10-08
6303,Qabil Ranganathan,samayasti@example.org,4817324368,Mumbai,NEW,2026-05-09
6304,Shaurya Dutta,dewanmadhav@example.com,9234948260,Chennai,NEW,2024-05-08
6305,Oeshi Kaul,sahotaojasvi@example.org,2564549177,Bengaluru,PREMIUM,2025-08-12
6306,Qasim Sethi,veerparmar@example.org,2433002638,Bengaluru,GROWTH,2024-02-16
6307,Urvi Nagar,fagarwal@example.com,5297785705,Kolkata,VALUE,2025-08-10
6308,Nathaniel Parmer,aghose@example.com,9456213394,Delhi,NEW,2024-11-02
6309,Anay Sahota,yashasvi13@example.org,0942942942,Hyderabad,VALUE,2026-05-22
6310,Mohini Palla,mchaudhari@example.com,0530490153,Mumbai,VALUE,2025-03-21
6311,Lucky Desai,laban70@example.org,7225171386,Hyderabad,GROWTH,2025-11-17
6312,Jyoti Dugar,tanayjain@example.net,4857675482,Bengaluru,GROWTH,2024-09-29
6313,Bhavika Dada,daksheshbehl@example.org,2628676014,Delhi,GROWTH,2024-03-08
6314,Ekantika Roy,udant04@example.net,8627506215,Delhi,VALUE,2025-10-29
6315,Brijesh Doshi,usinha@example.com,5114371992,Kolkata,VALUE,2024-07-18
6316,Diya Ratti,settygirindra@example.net,4254497450,Delhi,VALUE,2025-10-12
6317,Rajata Konda,thomas31@example.org,6072312478,Kolkata,VALUE,2025-02-22
6318,Mitesh Rege,netra48@example.org,7660260294,Jaipur,VALUE,2026-05-24
6319,Chaman Gole,oeshi28@example.com,1478139233,Hyderabad,PREMIUM,2024-11-13
6320,Raagini Purohit,reyansh18@example.com,7057163569,Bengaluru,VALUE,2024-12-26
6321,Gautami Lad,wazirradhakrishnan@example.com,9527040523,Kolkata,GROWTH,2025-10-28
6322,Harinakshi Chatterjee,indrajitpadmanabhan@example.org,5365474556,Jaipur,VALUE,2025-12-08
6323,Samarth Chhabra,xkulkarni@example.net,6422031280,Delhi,GROWTH,2024-04-23
6324,Banjeet Bassi,ybhatnagar@example.com,3004682776,Jaipur,NEW,2025-10-29
6325,Udarsh Dugar,shauryabatta@example.org,9743869624,Jaipur,VALUE,2025-03-18
6326,Fiyaz Goel,naveenchar@example.com,2017598475,Mumbai,VALUE,2026-06-08
6327,Girindra Ghose,shuklaaarush@example.org,6258310170,Delhi,PREMIUM,2025-07-21
6328,Kashish Minhas,fiyaznatt@example.com,4318370344,Pune,VALUE,2025-11-27
6329,Kashish Yohannan,zlall@example.net,7625288162,Delhi,NEW,2024-11-05
6330,Radhika Sahni,desaijhalak@example.org,8742483997,Chennai,NEW,2024-09-12
6331,Neelima Misra,hemanghalder@example.net,9406392849,Delhi,GROWTH,2025-12-07
6332,Hemang Choudhary,binaaurora@example.net,1958476666,Pune,NEW,2024-01-14
6333,Adweta Yogi,singhelijah@example.net,1300856045,Mumbai,GROWTH,2025-06-06
6334,Lopa More,amaira55@example.com,8237411357,Delhi,GROWTH,2026-05-21
6335,Kiaan Acharya,lrama@example.net,6373999355,Delhi,VALUE,2026-06-11
6336,Lipika Goel,wdora@example.org,6032044304,Mumbai,VALUE,2025-10-06
6337,Riya Vohra,gseth@example.org,3692200258,Chennai,VALUE,2025-03-23
6338,Yash Murthy,vdas@example.org,2701081558,Delhi,GROWTH,2026-01-01
6339,Lipika Ratti,karidalaja@example.com,0147404261,Kolkata,GROWTH,2024-01-14
6340,Mohini Mukhopadhyay,hloyal@example.net,9285051038,Chennai,VALUE,2025-12-14
6341,Radhika Dayal,yoak@example.com,8513184295,Bengaluru,GROWTH,2024-06-19
6342,Chaman Gole,sathvikahluwalia@example.org,1642606251,Jaipur,VALUE,2025-10-24
6343,Lohit Sarin,qasimmaster@example.org,0836960426,Pune,VALUE,2024-11-09
6344,Praneel Borde,vihaansengupta@example.org,8988747627,Pune,VALUE,2025-11-07
6345,Qadim Badal,trajan@example.org,4061384300,Mumbai,PREMIUM,2025-06-26
6346,Devansh Bath,reyanshparekh@example.org,1787900910,Pune,GROWTH,2026-04-16
6347,Nihal Kulkarni,edutta@example.org,5140364891,Chennai,PREMIUM,2025-12-09
6348,Isaiah Manda,nadigkiaan@example.net,9537704315,Jaipur,VALUE,2026-04-02
6349,Yasti Choudhury,riyaanand@example.net,1290791394,Hyderabad,GROWTH,2024-05-16
6350,Urishilla Sekhon,christophersama@example.com,6318828246,Pune,NEW,2024-12-07
6351,Niharika Mall,ikunda@example.org,9094095417,Bengaluru,VALUE,2025-01-28
6352,Naveen Varkey,chanderwishi@example.net,3692674893,Delhi,GROWTH,2024-01-28
6353,Indrajit Bahri,falanbaria@example.org,2218503504,Mumbai,VALUE,2024-01-21
6354,Theodore Sankaran,contractorazaan@example.net,3582097518,Kolkata,VALUE,2024-02-04
6355,Nimrat Bail,manya00@example.com,2103253646,Pune,GROWTH,2025-11-21
6356,Aarnav Bhatia,chakradharmukhopadhyay@example.net,1247876574,Bengaluru,VALUE,2025-02-05
6357,Ijaya Hegde,lila68@example.com,5188575766,Pune,GROWTH,2025-11-07
6358,Gayathri Hari,gaurav03@example.net,5986476120,Delhi,NEW,2026-01-21
6359,Ranbir Char,shivansh72@example.org,2096360743,Delhi,VALUE,2024-02-02
6360,Ekanta Batra,owagle@example.net,0825801745,Chennai,VALUE,2026-02-01
6361,Praneel Madan,abhiramganesan@example.com,3297408596,Chennai,NEW,2024-07-22
6362,Wahab Agarwal,pratyushmohanty@example.com,1288159881,Jaipur,GROWTH,2024-12-29
6363,Neel Sahni,swamynimrat@example.net,8945623121,Kolkata,NEW,2026-05-16
6364,David Bhasin,dparikh@example.com,5886842393,Bengaluru,VALUE,2024-09-28
6365,Mitali Walla,tmurty@example.org,7413067013,Kolkata,GROWTH,2026-04-25
6366,Nihal Shankar,nitesh89@example.org,4634639302,Hyderabad,NEW,2025-03-31
6367,Yagnesh Karan,pallavi31@example.org,6718663294,Kolkata,VALUE,2024-01-13
6368,Samuel Thaker,hema34@example.com,8132709481,Mumbai,NEW,2026-01-19
6369,Samar Kala,dominic16@example.org,9491516888,Delhi,GROWTH,2024-02-09
6370,Nikita Chacko,udyati81@example.net,2697046379,Delhi,NEW,2025-07-26
6371,Ishaan Rau,maanavgade@example.org,0964022163,Jaipur,VALUE,2025-02-16
6372,Mitali Sha,anika94@example.com,7078067670,Delhi,GROWTH,2024-05-05
6373,Yug Saraf,imittal@example.com,3970693051,Jaipur,VALUE,2025-04-08
6374,Ikbal Acharya,megha94@example.com,7827991333,Pune,NEW,2024-11-22
6375,Ranveer Dubey,faris42@example.org,0613833427,Mumbai,VALUE,2024-03-29
6376,Sai Kara,ubika29@example.net,7748541923,Kolkata,VALUE,2025-05-14
6377,Hardik Zachariah,kundakevin@example.com,5103878688,Mumbai,NEW,2024-02-09
6378,Ikshita Grover,srinivasandevansh@example.org,0150631942,Mumbai,VALUE,2025-04-29
6379,Dev Wadhwa,frederickmadan@example.org,5786494501,Chennai,GROWTH,2024-07-22
6380,Eshana Bahri,ridhirau@example.com,2571099747,Bengaluru,VALUE,2026-01-17
6381,Vasatika Tailor,xdalia@example.org,7163703927,Bengaluru,GROWTH,2026-05-05
6382,Girish Bassi,indiranaidu@example.com,4239876448,Mumbai,VALUE,2026-04-18
6383,Kamala Ganesh,manan59@example.org,6107842490,Chennai,GROWTH,2026-04-23
6384,Harish Lata,riyagera@example.org,7879707825,Delhi,GROWTH,2024-03-31
6385,Falan Datta,csidhu@example.net,3253250338,Mumbai,VALUE,2025-04-03
6386,Sai Rout,darpansharma@example.net,1499637508,Chennai,VALUE,2024-07-20
6387,Triveni Thakur,khoslatanay@example.com,1364319429,Hyderabad,VALUE,2024-03-28
6388,Indira Saini,krana@example.org,5270524794,Pune,PREMIUM,2024-12-18
6389,Chandani Palla,noza@example.net,5524425091,Mumbai,VALUE,2025-01-21
6390,Pranav Badal,chahalranveer@example.net,9673113649,Pune,VALUE,2024-09-23
6391,Mahika Puri,zansichacko@example.net,0014826864,Kolkata,VALUE,2024-04-12
6392,Mohini Walla,ekaniarya@example.com,0736095678,Hyderabad,GROWTH,2025-01-02
6393,Onkar Pandya,xitimitter@example.net,9914789380,Bengaluru,PREMIUM,2024-05-19
6394,Lakshit Naik,harinakshi05@example.org,4228199180,Chennai,GROWTH,2024-02-06
6395,Samarth Morar,hupadhyay@example.com,5389918020,Chennai,NEW,2025-02-10
6396,Hemal Nanda,chadhaalka@example.com,9189389120,Delhi,PREMIUM,2024-02-29
6397,Anjali Saran,trivenithakkar@example.com,9896532865,Chennai,NEW,2026-05-19
6398,Sai Misra,kray@example.org,2411488899,Mumbai,PREMIUM,2026-01-24
6399,Arin Saxena,kramaswamy@example.net,3138643490,Chennai,VALUE,2026-04-13
6400,Vaishnavi Dhar,tgoel@example.org,4985571518,Jaipur,NEW,2024-04-02
6401,Pallavi Modi,modyamruta@example.com,0888869920,Chennai,PREMIUM,2025-02-22
6402,Raksha Randhawa,fpanchal@example.net,5336073262,Kolkata,GROWTH,2026-01-11
6403,Anthony Aggarwal,sneha53@example.net,9965980854,Bengaluru,VALUE,2025-06-01
6404,Damyanti Tank,boasechaman@example.com,2456780221,Jaipur,VALUE,2024-10-02
6405,Indira Mane,pkala@example.net,6694107588,Kolkata,GROWTH,2026-01-18
6406,Anya Borra,ekanta54@example.com,3832202003,Jaipur,GROWTH,2024-10-05
6407,Yamini Mittal,chakrabortyjeremiah@example.net,1384828073,Pune,PREMIUM,2026-05-26
6408,Nirja Shere,loganborah@example.net,1439867665,Pune,GROWTH,2024-03-31
6409,Bhavya Shanker,harish31@example.org,8552206204,Chennai,GROWTH,2025-09-27
6410,Samuel Rastogi,parmaryash@example.org,6178640858,Jaipur,VALUE,2024-01-12
6411,Lajita Master,arjundoshi@example.net,1575789541,Kolkata,VALUE,2026-04-02
6412,Alka Mann,maxbaral@example.org,0601936352,Hyderabad,VALUE,2024-11-15
6413,Advaith Ganesan,ekapad76@example.com,5513872666,Delhi,NEW,2024-01-19
6414,Advaith Narain,zbath@example.net,5845301913,Delhi,GROWTH,2026-01-21
6415,Jagat Balay,mwali@example.net,6794770768,Mumbai,NEW,2026-05-20
6416,Mohini Dewan,niteshradhakrishnan@example.net,8465192221,Delhi,PREMIUM,2026-04-07
6417,Balveer Ranganathan,ssen@example.org,8628993582,Mumbai,PREMIUM,2025-03-13
6418,Bimala Bhat,amblevasana@example.com,2923485171,Delhi,GROWTH,2024-02-25
6419,Praneel Madan,falakmemon@example.net,3644208651,Jaipur,NEW,2024-07-23
6420,Jagrati Venkatesh,xgoyal@example.net,7080105962,Delhi,NEW,2024-01-28
6421,Timothy Acharya,andrew12@example.org,6471505441,Pune,PREMIUM,2024-02-09
6422,Benjamin Narayan,janujanatarajan@example.org,3542177165,Bengaluru,VALUE,2024-05-22
6423,Dalaja Zachariah,danineel@example.com,0486264211,Mumbai,PREMIUM,2025-05-21
6424,Urvi Lala,zayyanissac@example.com,9412304734,Pune,VALUE,2025-11-20
6425,Idika Sagar,lopa69@example.org,7654534280,Jaipur,VALUE,2025-06-10
6426,Akshay Dixit,bbhatia@example.com,4665758811,Kolkata,PREMIUM,2024-07-03
6427,Kamala Arya,radhika44@example.org,9244263801,Jaipur,NEW,2025-06-25
6428,Aadi Kala,gabrielloyal@example.net,6711168703,Chennai,VALUE,2024-07-26
6429,Hemani Ramakrishnan,qadimdar@example.org,1917677800,Pune,VALUE,2025-02-18
6430,Harsh Parekh,ganga72@example.org,4494416228,Mumbai,NEW,2026-03-11
6431,Anay Parmar,kavya53@example.org,9605437704,Kolkata,VALUE,2024-05-01
6432,Brinda Chatterjee,ranganathanekta@example.com,4232685348,Pune,VALUE,2026-02-26
6433,Rehaan Sarma,aadi26@example.net,3415248160,Bengaluru,PREMIUM,2024-08-31
6434,Rachana Sen,jhalak05@example.net,8382061760,Bengaluru,NEW,2025-08-26
6435,Yadavi Srinivasan,manyabhagat@example.com,0822124529,Chennai,GROWTH,2024-08-23
6436,Jagat Wali,manthanthakkar@example.com,4205670624,Delhi,GROWTH,2024-05-27
6437,Neel Sachdeva,masonwali@example.net,6738856867,Kolkata,VALUE,2025-02-09
6438,Azaan Chowdhury,grama@example.net,3562300423,Bengaluru,VALUE,2024-12-09
6439,Prisha Pradhan,chaudhariazaan@example.com,6274957820,Delhi,PREMIUM,2025-04-01
6440,Champak Kashyap,pranit85@example.com,1342631362,Bengaluru,NEW,2024-07-31
6441,Chakrika Mitter,rohan05@example.org,0549722277,Kolkata,VALUE,2026-05-30
6442,Karan Bassi,pavanichauhan@example.com,4827764049,Bengaluru,VALUE,2025-08-27
6443,Veda Mahal,sankaranvivaan@example.net,7146384830,Chennai,VALUE,2026-01-26
6444,Pahal Rattan,dbadami@example.net,8063178978,Kolkata,VALUE,2025-12-02
6445,Nitesh Mitra,watikalad@example.net,9242913874,Delhi,VALUE,2025-10-13
6446,Krishna Dhar,ayushbath@example.net,6089051049,Kolkata,VALUE,2024-05-07
6447,Jackson Naik,chatresh29@example.com,6761297543,Bengaluru,PREMIUM,2025-06-13
6448,Rajata Sridhar,savantutkarsh@example.net,6356542249,Pune,VALUE,2026-03-19
6449,Divya Sandal,usom@example.net,0026512123,Mumbai,PREMIUM,2024-03-27
6450,Qarin Golla,battaadweta@example.net,9698813665,Mumbai,GROWTH,2025-02-20
6451,Abhiram Narula,harish59@example.org,7969270297,Kolkata,NEW,2024-06-14
6452,Tanveer Menon,alka24@example.net,2960332874,Kolkata,NEW,2025-12-16
6453,Ayushman Kuruvilla,svirk@example.net,2714016801,Jaipur,GROWTH,2026-04-18
6454,Damyanti Srinivasan,morarhenry@example.com,6701671007,Pune,VALUE,2024-02-16
6455,Chavvi Mani,qchawla@example.org,3828594122,Hyderabad,PREMIUM,2025-12-22
6456,Kashish Kapoor,ksura@example.com,7873465554,Mumbai,VALUE,2024-11-20
6457,Eta Garde,naiknandini@example.net,1579438938,Bengaluru,VALUE,2026-05-17
6458,Vincent Warrior,krishcontractor@example.net,2487039542,Pune,VALUE,2024-01-14
6459,Dhriti Ahuja,tanmayibandi@example.net,1721839609,Bengaluru,NEW,2024-06-21
6460,Finn Devan,raobaghyawati@example.net,6833485000,Hyderabad,VALUE,2025-10-08
6461,Gauri Pall,morarvanya@example.com,0559364570,Mumbai,GROWTH,2025-12-01
6462,Harsh Ganesan,victorapte@example.net,9582030620,Hyderabad,GROWTH,2024-03-12
6463,Aarush Krish,urishilla91@example.com,3291256298,Mumbai,PREMIUM,2024-05-24
6464,Joshua Goyal,murthyquincy@example.net,0328170942,Delhi,VALUE,2024-10-31
6465,Ekansh Sodhi,lakshit76@example.com,9449951649,Mumbai,NEW,2024-02-01
6466,Luke Sheth,gmall@example.com,7288440619,Chennai,PREMIUM,2025-12-04
6467,Naksh Sandal,wyatt74@example.com,7497550646,Bengaluru,GROWTH,2025-08-25
6468,Yatin Pal,jsastry@example.com,7834655287,Delhi,GROWTH,2025-11-05
6469,Ekani Nair,rjha@example.com,4500204596,Chennai,NEW,2025-02-26
6470,Pratyush Mody,purohitchaman@example.org,6028962435,Mumbai,PREMIUM,2025-07-30
6471,Hiral Dey,pbir@example.net,6722156065,Delhi,GROWTH,2025-05-30
6472,Harrison Ravi,chandranidhi@example.net,9064815966,Mumbai,VALUE,2025-09-16
6473,Yadavi Narang,kamya24@example.org,8967832384,Hyderabad,VALUE,2025-02-09
6474,Jyoti Chad,bdalal@example.net,3635267279,Jaipur,VALUE,2025-08-09
6475,Ekalinga Bhakta,fmitra@example.net,4658730889,Mumbai,VALUE,2025-08-03
6476,Charles Wadhwa,divyaray@example.net,2748671562,Bengaluru,VALUE,2025-07-31
6477,Janani Morar,anjalijani@example.org,4096120246,Mumbai,VALUE,2026-02-24
6478,Aarna Sem,gagan01@example.org,7120615400,Bengaluru,NEW,2024-11-10
6479,Damyanti Luthra,gandhisamaksh@example.net,8319878438,Pune,PREMIUM,2026-03-02
6480,Victor Pau,loyalekansh@example.com,1359744937,Bengaluru,NEW,2024-01-26
6481,Ishanvi Dhaliwal,berafrado@example.org,7271845231,Pune,GROWTH,2025-03-13
6482,Raksha Wadhwa,chakradevbumb@example.net,7819371580,Jaipur,GROWTH,2025-02-01
6483,Isaac Shenoy,dmody@example.com,7218826032,Jaipur,VALUE,2026-02-20
6484,Ishani Mital,munshivaishnavi@example.net,5534959136,Chennai,PREMIUM,2024-02-10
6485,Ryan Lad,lchar@example.com,1900567827,Pune,VALUE,2024-07-14
6486,Samar Bansal,ranbirtella@example.org,0150538674,Jaipur,GROWTH,2025-02-25
6487,Vihaan Suresh,ekanshgera@example.com,9801650746,Kolkata,NEW,2026-01-03
6488,Tristan Hayer,mitesh47@example.net,8829678200,Bengaluru,NEW,2025-02-21
6489,Teerth Sama,upadhyayaryan@example.net,5676959805,Mumbai,VALUE,2025-07-29
6490,Ekapad Iyer,lbassi@example.org,5649290947,Delhi,PREMIUM,2024-06-09
6491,Qabil Sane,pvarughese@example.com,4237778554,Jaipur,VALUE,2026-04-28
6492,Yochana Som,uluthra@example.org,9398642521,Chennai,VALUE,2025-12-06
6493,Ekansh Pandit,kmani@example.com,2428361309,Bengaluru,VALUE,2024-02-08
6494,Varsha Soman,pranav47@example.org,6173637739,Bengaluru,VALUE,2025-09-25
6495,Aditya Mangal,libnichokshi@example.net,4030506276,Bengaluru,PREMIUM,2024-04-26
6496,Qarin Mutti,brinda66@example.com,7889766512,Kolkata,GROWTH,2025-05-18
6497,Dhriti Golla,aaravsule@example.net,4221371485,Chennai,VALUE,2025-09-29
6498,Sai Mohan,triptidixit@example.org,2120508330,Jaipur,NEW,2026-04-13
6499,Eta Kala,jackvirk@example.net,3557307441,Bengaluru,GROWTH,2024-03-04
6500,Upkaar Subramanian,gbal@example.com,8048975688,Hyderabad,GROWTH,2024-09-15
6501,Harrison Vala,sathvikmittal@example.net,2273363473,Delhi,GROWTH,2025-09-13
6502,Ishani Sandal,inaya39@example.com,5192949621,Jaipur,GROWTH,2024-08-23
6503,Raghav Master,chakradhar82@example.net,6907457092,Chennai,GROWTH,2025-10-03
6504,Lakshmi Taneja,iyeryochana@example.net,6324634157,Chennai,GROWTH,2024-06-14
6505,Varenya Savant,lopa98@example.org,6923306727,Hyderabad,NEW,2024-05-27
6506,Nicholas Rao,chavvimallick@example.org,7246840849,Bengaluru,VALUE,2025-05-04
6507,Dayita Kapur,shravyavarughese@example.org,6753044392,Jaipur,GROWTH,2025-09-12
6508,Meghana Deshpande,qdeo@example.com,8653838182,Hyderabad,VALUE,2024-07-03
6509,Krisha Sani,chaman14@example.com,7561769398,Pune,NEW,2026-02-25
6510,Harita Ben,lallabhavini@example.com,8103198363,Delhi,VALUE,2026-02-21
6511,Balhaar Choudhury,finn53@example.com,8048458339,Bengaluru,VALUE,2024-03-14
6512,Harini Srinivasan,nandinibadami@example.com,7495960399,Kolkata,NEW,2024-09-30
6513,Anay Wali,zachariakai@example.org,9209634742,Delhi,GROWTH,2025-05-15
6514,Harini Gade,advaybabu@example.org,1536101039,Delhi,VALUE,2025-03-17
6515,Frederick Zachariah,urmiyadav@example.org,7715491286,Kolkata,VALUE,2024-08-17
6516,Bina Mani,usubramaniam@example.net,8533137722,Bengaluru,GROWTH,2025-04-21
6517,Chaitaly Ramakrishnan,amritasami@example.com,9340737358,Bengaluru,NEW,2026-05-16
6518,Yoshita Varughese,samaksh09@example.org,4062451480,Chennai,GROWTH,2024-10-03
6519,Tanvi Prabhakar,pratyushgarde@example.org,5248623593,Mumbai,VALUE,2024-07-16
6520,Onkar Prabhakar,yoshitachauhan@example.com,3571400964,Delhi,GROWTH,2025-10-26
6521,Falguni Pall,jayaramanekaja@example.net,1713773251,Delhi,GROWTH,2025-05-28
6522,Zarna Choudhry,owendoctor@example.org,4656779387,Delhi,VALUE,2025-09-14
6523,Praneel Dhar,wardadhawan@example.org,7061378427,Mumbai,NEW,2025-08-04
6524,Ridhi Shere,aashi24@example.org,8237235996,Pune,VALUE,2025-11-15
6525,Laksh Mistry,hbhardwaj@example.org,4363942910,Bengaluru,NEW,2025-10-18
6526,Siya Bumb,kumaranika@example.net,0926005349,Delhi,PREMIUM,2025-06-29
6527,Akshay Narasimhan,niteshkala@example.net,0947231166,Delhi,VALUE,2025-02-13
6528,Adweta Narasimhan,jonathangoda@example.net,0991821294,Hyderabad,PREMIUM,2025-02-18
6529,Amaira Jhaveri,pavani61@example.net,2174050502,Kolkata,PREMIUM,2024-08-26
6530,Watika Dutta,cbumb@example.net,7484615997,Bengaluru,GROWTH,2025-02-08
6531,Henry Butala,upadhyaymugdha@example.org,8923038922,Delhi,GROWTH,2025-06-28
6532,Teerth Balan,indrajitkhatri@example.net,3874930655,Mumbai,VALUE,2025-10-06
6533,Yadavi Om,sanayanadkarni@example.net,5126748217,Hyderabad,VALUE,2025-11-26
6534,Ishaan Bumb,farislad@example.com,7176471405,Mumbai,PREMIUM,2024-12-05
6535,Vyanjana Yohannan,chasmum47@example.org,3541100524,Jaipur,VALUE,2025-10-21
6536,Anvi Nayar,vanyabala@example.net,4798516258,Kolkata,VALUE,2025-01-28
6537,Arin Ganesan,lallazaitra@example.net,4700265523,Bengaluru,GROWTH,2024-11-18
6538,Sai Sidhu,xlall@example.com,4773779881,Jaipur,VALUE,2024-05-27
6539,Kamala Mutti,parthoza@example.net,6007147956,Bengaluru,PREMIUM,2024-08-27
6540,Pavani Sampath,ciyer@example.org,9117057599,Mumbai,NEW,2025-09-03
6541,Timothy Prakash,gkulkarni@example.com,6389025096,Jaipur,NEW,2024-07-13
6542,Dhriti Thaman,vohrasimon@example.com,5552827256,Jaipur,VALUE,2024-03-10
6543,Ucchal Arora,tristan20@example.org,5232863027,Bengaluru,GROWTH,2024-09-01
6544,Robert Date,pagrawal@example.net,1152075806,Chennai,NEW,2026-06-10
6545,Anmol Dara,aarnavsha@example.com,5319305840,Mumbai,GROWTH,2024-05-14
6546,Wridesh Buch,radhikaraj@example.com,1735876459,Pune,PREMIUM,2024-05-09
6547,Yuvraj Walia,yashica59@example.net,5914458093,Pune,GROWTH,2024-12-28
6548,Urvi Mohanty,fsur@example.net,3075035855,Pune,VALUE,2024-12-10
6549,Divya Palla,upadhriti33@example.org,7275732523,Chennai,VALUE,2026-04-08
6550,Yagnesh Sandhu,tristan83@example.com,8175504612,Pune,PREMIUM,2024-08-02
6551,Daniel Wali,gouryatin@example.net,1900064833,Chennai,VALUE,2025-01-10
6552,Harrison Thakkar,daksh56@example.net,5010435881,Kolkata,NEW,2024-09-18
6553,Brijesh Mander,tara61@example.net,3301952508,Mumbai,GROWTH,2024-08-12
6554,Darsh Deshmukh,ubikavohra@example.org,5733645821,Hyderabad,VALUE,2024-10-17
6555,Simon Shenoy,calebshenoy@example.net,5783440938,Hyderabad,PREMIUM,2024-08-19
6556,Nandini Boase,rdubey@example.net,3007123899,Chennai,GROWTH,2025-10-08
6557,Watika Jha,panditnathan@example.org,9468885956,Mumbai,VALUE,2025-12-12
6558,Neelima Dey,kiaan75@example.com,9281252009,Bengaluru,NEW,2024-06-08
6559,Farhan Kalla,senguptayatan@example.com,5435412895,Jaipur,PREMIUM,2025-03-22
6560,Yashodhara Rattan,chaturabrar@example.com,9411605061,Delhi,GROWTH,2024-08-25
6561,Shaurya Pandit,bhattisaiah@example.com,1847961986,Pune,NEW,2026-02-19
6562,Darpan Amble,ganga56@example.com,0177626973,Pune,GROWTH,2024-04-01
6563,Ekanta Sani,emenon@example.org,9930123970,Hyderabad,GROWTH,2025-01-03
6564,Jeevika Manne,isaac06@example.com,4539616113,Delhi,VALUE,2024-10-25
6565,Yatin Chadha,chameli49@example.net,0802999972,Delhi,VALUE,2024-11-23
6566,Libni Prashad,swaminathanjeet@example.net,8911162238,Bengaluru,GROWTH,2026-04-27
6567,Vinaya Grewal,osura@example.com,1303830308,Delhi,GROWTH,2025-05-01
6568,Idika D’Alia,keerandrew@example.org,1664316448,Delhi,PREMIUM,2024-12-08
6569,Ladli Mannan,krishna30@example.org,8854141375,Mumbai,GROWTH,2025-12-28
6570,Maya Basak,udarshmittal@example.org,0037227553,Mumbai,GROWTH,2025-11-30
6571,Yashoda Khatri,xdara@example.com,2490418222,Kolkata,NEW,2024-05-10
6572,Vedika Gopal,andrew39@example.net,0396210219,Pune,NEW,2025-02-19
6573,Ayaan Dutt,christopherkarpe@example.net,4180537205,Delhi,VALUE,2025-01-05
6574,Kritika Rout,guptakala@example.com,9220533015,Pune,NEW,2025-02-08
6575,Hemal Krish,henrykrish@example.com,8678437354,Mumbai,NEW,2024-11-10
6576,Peter Verma,ikbaldora@example.net,3533838742,Hyderabad,VALUE,2026-01-11
6577,Krishna Kumer,ayush48@example.net,7486587485,Delhi,VALUE,2026-06-15
6578,Ekapad Sachar,tarajanya@example.net,5799976109,Delhi,VALUE,2024-01-25
6579,Bakhshi Cheema,ikari@example.net,8830347830,Mumbai,PREMIUM,2026-02-09
6580,Ekiya Jayaraman,kiaansrivastava@example.net,1814377291,Hyderabad,GROWTH,2026-02-17
6581,Chandani Rout,dharwahab@example.net,0003188907,Hyderabad,GROWTH,2024-11-25
6582,Brijesh Prakash,kkade@example.org,2876084722,Bengaluru,PREMIUM,2025-03-12
6583,Baljiwan Gulati,sainipranav@example.org,3382653632,Chennai,VALUE,2024-04-01
6584,Krishna Swaminathan,pushti78@example.com,5237666143,Pune,GROWTH,2024-11-12
6585,Abhiram Lalla,banjeetkapadia@example.net,0814064121,Pune,NEW,2024-08-02
6586,Vidhi Saini,ramekansh@example.net,7840810720,Chennai,NEW,2026-03-27
6587,Pahal Desai,maya70@example.com,6688782524,Chennai,PREMIUM,2024-04-06
6588,Adya Lad,vyogi@example.com,3699892383,Hyderabad,VALUE,2024-11-01
6589,Sudiksha D’Alia,anjali49@example.org,6853791904,Mumbai,VALUE,2025-03-08
6590,Edhitha Kakar,panchalfinn@example.org,3488303550,Hyderabad,VALUE,2026-05-29
6591,Nisha Basu,ozaadya@example.net,8559320103,Delhi,GROWTH,2026-01-05
6592,Warhi Ratti,riagill@example.com,2828310476,Jaipur,VALUE,2026-04-22
6593,Aarush Ghose,tripti30@example.net,9309284116,Bengaluru,NEW,2024-10-06
6594,Yashasvi Yadav,thamanchakradhar@example.net,5409811383,Kolkata,PREMIUM,2024-08-29
6595,Yashodhara Sha,vdeshmukh@example.net,0517981741,Jaipur,GROWTH,2025-05-29
6596,Ekaja Panchal,parth30@example.org,3114477708,Hyderabad,VALUE,2024-11-02
6597,Warjas Narasimhan,vaishnavigole@example.com,5941981346,Kolkata,GROWTH,2024-01-15
6598,Laban Swaminathan,nathan15@example.org,6628685095,Hyderabad,GROWTH,2025-12-31
6599,Sudiksha Lata,pdin@example.org,4130888835,Mumbai,PREMIUM,2024-03-26
6600,Ansh Sandal,latatimothy@example.com,8347566910,Delhi,VALUE,2024-06-25
6601,Hitesh Rajagopal,rajuleela@example.org,1717360299,Mumbai,NEW,2026-04-28
6602,Bakhshi Jain,omishashere@example.com,4802053419,Jaipur,VALUE,2025-10-20
6603,Sathvik Thakur,reva27@example.com,4839701932,Hyderabad,VALUE,2025-08-01
6604,Yashica Tak,pchoudhary@example.net,3420601209,Bengaluru,NEW,2024-04-26
6605,Upma Savant,nikita05@example.org,8342814641,Hyderabad,VALUE,2024-08-13
6606,Yauvani Kapadia,meera57@example.com,6316375425,Bengaluru,VALUE,2024-07-04
6607,Tanish Ravel,rajvincent@example.com,7084512519,Kolkata,GROWTH,2025-07-31
6608,Vaishnavi Sengupta,fthaman@example.org,4693853606,Jaipur,GROWTH,2025-03-26
6609,Zayan Chandra,wmannan@example.com,2580015218,Delhi,VALUE,2024-11-20
6610,Abhiram Arora,jeremiahchander@example.com,5499614048,Pune,VALUE,2025-11-02
6611,Ikshita Hans,yhans@example.org,0033769294,Bengaluru,VALUE,2025-12-01
6612,Arin Grewal,wyatt90@example.net,6958879972,Delhi,GROWTH,2025-10-27
6613,Meghana Deol,chadaagastya@example.org,9397802300,Jaipur,VALUE,2024-04-05
6614,Aishani Ganesan,subramaniamurishilla@example.net,1407888681,Delhi,PREMIUM,2025-07-02
6615,Adweta Bir,jacksonvasa@example.org,8723904427,Mumbai,NEW,2024-07-08
6616,Viraj Chada,ejani@example.net,8367371385,Delhi,VALUE,2024-09-01
6617,Ishani Seshadri,ekavir98@example.com,6105882136,Hyderabad,VALUE,2026-05-30
6618,Krish Amble,johalqadim@example.org,9448872889,Chennai,VALUE,2025-01-08
6619,Ati Bhatti,daksh81@example.net,1150271148,Bengaluru,VALUE,2025-12-09
6620,Daksh Talwar,vihaandoctor@example.org,1440015391,Delhi,VALUE,2024-08-09
6621,Harish Kale,pkuruvilla@example.com,3001299292,Delhi,PREMIUM,2026-05-25
6622,Anika Prabhu,alka54@example.com,1734938273,Jaipur,VALUE,2024-09-06
6623,Faqid Bhargava,cdyal@example.net,5522429525,Kolkata,GROWTH,2024-06-12
6624,Dayamai Chaudhary,sghosh@example.com,6526777532,Jaipur,PREMIUM,2024-10-17
6625,Maanas Malhotra,esharaf@example.com,6691419927,Chennai,NEW,2024-06-05
6626,Ayaan Soman,arjun66@example.net,8927683488,Chennai,VALUE,2025-06-22
6627,Madhavi Kumer,ksengupta@example.net,8422420269,Kolkata,VALUE,2024-05-09
6628,Samarth Goswami,jeremiah06@example.org,2066098558,Chennai,NEW,2024-07-05
6629,Kashvi Brar,urmisanghvi@example.net,1395824845,Hyderabad,VALUE,2025-09-23
6630,Chanchal Dhawan,rayaansethi@example.com,6887226862,Bengaluru,PREMIUM,2024-02-08
6631,Bimala Atwal,deepedhitha@example.net,6521030541,Hyderabad,PREMIUM,2025-01-31
6632,Tanish Gera,ayushmantailor@example.net,0473295138,Delhi,GROWTH,2025-09-15
6633,Harish Chokshi,mbalakrishnan@example.org,6531182938,Mumbai,VALUE,2025-02-04
6634,Balendra Hans,xitibose@example.org,6830181974,Pune,VALUE,2024-01-20
6635,Lavanya Vora,edwinnidra@example.org,7592939406,Kolkata,GROWTH,2024-05-22
6636,Hardik Raj,isaac56@example.com,8600862975,Delhi,GROWTH,2026-05-23
6637,Chandresh Soman,bandioscar@example.com,9678949049,Delhi,PREMIUM,2025-11-25
6638,Manthan Rastogi,onkarnair@example.net,9128905387,Delhi,PREMIUM,2024-11-11
6639,Omkaar Bhalla,iyengarrehaan@example.com,1314573149,Kolkata,NEW,2026-02-25
6640,Bakhshi Balay,zde@example.net,8275564679,Bengaluru,NEW,2024-01-06
6641,Warjas Raman,bina37@example.net,8850650013,Bengaluru,PREMIUM,2024-02-12
6642,Krishna Boase,qarintella@example.com,8375310715,Delhi,VALUE,2026-03-07
6643,Ronith Rout,chaudharyoliver@example.com,0875102726,Jaipur,GROWTH,2025-08-29
6644,Advaith Nori,dalbirbassi@example.com,2283108720,Hyderabad,GROWTH,2025-06-23
6645,Vamakshi Munshi,quincybatra@example.net,1541206532,Kolkata,GROWTH,2024-11-06
6646,Darpan Char,zachariahnaksh@example.net,9899342088,Pune,VALUE,2026-01-05
6647,Yagnesh Deshpande,dubebishakha@example.com,5479537965,Mumbai,GROWTH,2025-07-01
6648,Advik Bal,bsahota@example.net,4951074247,Kolkata,VALUE,2025-01-26
6649,Tarak Shenoy,nvarghese@example.org,1914651203,Chennai,VALUE,2024-12-08
6650,Ranveer Banerjee,gunbirsuri@example.org,2865354188,Chennai,NEW,2024-11-14
6651,Onveer Dyal,chandresh99@example.org,6628252077,Mumbai,GROWTH,2025-06-01
6652,Ikbal Jayaraman,fpalla@example.org,5548874481,Kolkata,GROWTH,2025-08-12
6653,Benjamin Upadhyay,rsagar@example.net,2819684027,Jaipur,GROWTH,2025-12-25
6654,Faqid Ramakrishnan,isaiah41@example.net,8149112551,Hyderabad,GROWTH,2024-12-31
6655,Lucky Grewal,ktalwar@example.net,8749357560,Delhi,VALUE,2024-08-16
6656,Aryan Kulkarni,mannaneta@example.org,2199512792,Kolkata,GROWTH,2025-05-15
6657,Ati Reddy,aarnavtrivedi@example.net,5854114313,Jaipur,VALUE,2025-06-09
6658,Warhi Choudhry,pooja53@example.net,6450714149,Chennai,PREMIUM,2024-09-07
6659,Ekapad Som,gavin94@example.org,2665569480,Chennai,VALUE,2024-03-06
6660,Suhani Kunda,neha84@example.net,9952003817,Mumbai,NEW,2024-10-26
6661,Yash Ray,tanish40@example.org,1582785499,Delhi,PREMIUM,2024-03-04
6662,Maanav Kar,shenoyjanuja@example.org,2256042510,Jaipur,GROWTH,2024-03-14
6663,Chaaya Deep,ksom@example.org,1250856038,Hyderabad,VALUE,2026-05-19
6664,Jalsa Dhawan,urmi50@example.org,5943100302,Bengaluru,GROWTH,2025-12-04
6665,Mekhala Aurora,gayathrikothari@example.net,2868447058,Pune,PREMIUM,2024-02-01
6666,Hema Golla,dugarqasim@example.com,0729008798,Delhi,PREMIUM,2024-11-09
6667,Anamika Butala,kashishluthra@example.com,0519150495,Delhi,PREMIUM,2024-08-17
6668,Anay Magar,divya03@example.net,9629234974,Mumbai,NEW,2026-05-27
6669,Sanaya Som,sethiedhitha@example.net,7294962600,Hyderabad,GROWTH,2025-01-28
6670,Keya Bajaj,gangakrishnamurthy@example.com,7327642566,Bengaluru,PREMIUM,2024-08-21
6671,Qadim Salvi,jsarraf@example.org,6262809789,Mumbai,GROWTH,2025-07-25
6672,Diya Chandra,qsathe@example.com,8194860651,Bengaluru,GROWTH,2025-03-03
6673,Kalpit Singhal,advaysawhney@example.com,5599852008,Bengaluru,GROWTH,2024-06-17
6674,Farhan Shroff,raysaksham@example.net,0939515927,Chennai,PREMIUM,2024-10-01
6675,Arjun Desai,rattanpooja@example.org,1673132911,Chennai,VALUE,2024-04-24
6676,Hemani Parmer,nsubramanian@example.com,7018608318,Jaipur,VALUE,2025-09-16
6677,Isaac Raja,baradtripti@example.org,2499832622,Kolkata,VALUE,2026-05-23
6678,Karan Cherian,kdeshpande@example.net,5999567024,Bengaluru,NEW,2025-12-28
6679,Indrajit Nagarajan,tatamadhavi@example.com,6194019963,Jaipur,GROWTH,2024-12-03
6680,Onkar Sani,kallamugdha@example.org,5834657683,Chennai,GROWTH,2025-03-14
6681,Bhavika Wason,ishani44@example.org,7751508485,Mumbai,GROWTH,2024-02-24
6682,Aadhya Srinivas,fariqpathak@example.com,6151409792,Bengaluru,GROWTH,2024-11-26
6683,Yoshita Sama,anirudh58@example.com,7334595678,Pune,NEW,2024-01-29
6684,Tanish Sheth,ekavir49@example.org,2337710628,Kolkata,NEW,2025-11-01
6685,Daniel Andra,udarshnarang@example.net,0673207788,Bengaluru,NEW,2026-03-29
6686,Devika Shan,tbandi@example.org,7597842500,Mumbai,NEW,2024-06-21
6687,Arjun Vaidya,vivaanparikh@example.org,4919049168,Mumbai,VALUE,2025-08-29
6688,Raksha Chakrabarti,suracharita@example.net,8346929904,Delhi,VALUE,2025-06-23
6689,Bachittar Swaminathan,agulati@example.net,5510459999,Pune,GROWTH,2025-01-11
6690,Kalpit Chada,chakradharpalla@example.net,2512960132,Chennai,PREMIUM,2025-10-22
6691,Charita Bassi,manya07@example.org,8069247998,Hyderabad,VALUE,2025-09-03
6692,Netra Wadhwa,veer51@example.com,6402137439,Pune,PREMIUM,2024-08-30
6693,Maya Datta,rehaan17@example.org,7157967128,Kolkata,VALUE,2025-12-19
6694,Eshana Karpe,cbhatti@example.net,4601978134,Kolkata,VALUE,2025-08-13
6695,Amruta Uppal,eta63@example.net,6644622716,Mumbai,VALUE,2024-10-08
6696,Anamika Sen,krishnasanya@example.net,9306822014,Chennai,NEW,2025-10-23
6697,Yamini Dugar,xchawla@example.org,1395175147,Jaipur,PREMIUM,2025-07-30
6698,Udarsh Wable,dnayak@example.net,1813906728,Kolkata,GROWTH,2024-04-15
6699,Eiravati Mahal,vparsa@example.net,0407766872,Bengaluru,NEW,2024-05-29
6700,Rachit Divan,robert79@example.net,5225910067,Hyderabad,NEW,2024-10-18
6701,Om Bhatti,gyohannan@example.org,4032668204,Jaipur,GROWTH,2024-02-09
6702,Ryan Swamy,gsaini@example.net,6167590328,Delhi,PREMIUM,2024-12-31
6703,Akshay Parmer,ravelforum@example.org,3347609656,Chennai,VALUE,2025-02-19
6704,Aarav Joshi,tripathisanaya@example.com,7798170191,Delhi,GROWTH,2025-11-29
6705,Aarnav Bhat,vaishnavi32@example.org,9383076404,Jaipur,VALUE,2024-06-03
6706,Andrew Venkataraman,gsethi@example.com,9952134798,Delhi,GROWTH,2025-05-25
6707,Yuvraj Manne,eesha74@example.com,9680438041,Delhi,GROWTH,2025-08-21
6708,Sudiksha Khatri,zbajaj@example.org,5994507674,Bengaluru,VALUE,2025-02-08
6709,Aayush Aggarwal,harinakshi88@example.net,4045013389,Mumbai,GROWTH,2026-03-27
6710,Jairaj Krishnan,devikazachariah@example.com,8457916670,Hyderabad,PREMIUM,2024-10-13
6711,Nidra Agate,wmander@example.net,3354308836,Bengaluru,GROWTH,2025-01-02
6712,George Rajagopalan,ojasshukla@example.net,8355826360,Bengaluru,VALUE,2024-01-04
6713,Wahab Dewan,darika11@example.net,3260319717,Chennai,VALUE,2025-01-04
6714,Saksham Shan,pooja52@example.com,1906379966,Chennai,GROWTH,2024-01-19
6715,Chaitanya Rama,fbehl@example.net,5001842117,Jaipur,NEW,2026-06-04
6716,Gayathri Mital,leela26@example.com,7252438572,Hyderabad,NEW,2024-08-04
6717,Pavani Srinivasan,zachariadakshesh@example.com,8253820238,Chennai,VALUE,2025-12-31
6718,Lipika Konda,shravyadoctor@example.org,0231594309,Pune,PREMIUM,2024-04-15
6719,Chandresh Bajaj,nandaaachal@example.com,8357912923,Mumbai,GROWTH,2024-09-03
6720,Theodore Krish,harshsami@example.net,9312567072,Pune,NEW,2024-04-17
6721,Jagat Chatterjee,nilima06@example.net,4954041094,Kolkata,VALUE,2024-11-27
6722,Sanaya Butala,kmore@example.org,2236959481,Bengaluru,GROWTH,2025-06-26
6723,Frederick Nadkarni,williamsundaram@example.com,0604069685,Mumbai,GROWTH,2025-01-12
6724,Kala Lad,shivansh88@example.org,0663736169,Bengaluru,VALUE,2025-06-28
6725,Yachana Dhaliwal,utkarshchakraborty@example.com,9228647905,Bengaluru,VALUE,2025-12-26
6726,Mason Badami,mohammedparmar@example.com,3679964266,Chennai,VALUE,2024-02-10
6727,Abha Arora,nitesh82@example.net,4146346473,Kolkata,GROWTH,2025-01-16
6728,Janani Jani,rameshpushti@example.com,1722974424,Chennai,PREMIUM,2025-06-18
6729,William Mall,sarthak47@example.net,5802221133,Mumbai,PREMIUM,2025-04-16
6730,Nirja Balan,cchahal@example.net,9046432033,Bengaluru,VALUE,2024-05-11
6731,Ekanta Prashad,bailmax@example.net,6672292469,Pune,NEW,2024-07-04
6732,Bhanumati Mahajan,acharyabalveer@example.org,4910872113,Bengaluru,GROWTH,2024-12-05
6733,Rachana Sathe,oliversahota@example.com,5497089985,Chennai,NEW,2025-08-09
6734,Chatresh Chandran,dchana@example.net,2266661611,Pune,VALUE,2026-06-09
6735,Lakshit Loke,trivediyasti@example.com,7569908890,Bengaluru,NEW,2024-11-27
6736,Liam Zacharia,darika99@example.org,5772057780,Pune,NEW,2025-04-14
6737,Yashica Doshi,fdhawan@example.net,3259345625,Hyderabad,NEW,2024-10-02
6738,Tristan Varghese,wsachdev@example.org,8511673321,Mumbai,NEW,2024-01-31
6739,Bhavya Agarwal,chakrikaedwin@example.com,9436385942,Bengaluru,GROWTH,2024-12-24
6740,Mahika Dhaliwal,chadamitesh@example.org,8143847409,Hyderabad,PREMIUM,2024-11-08
6741,Hiral Tella,pathaksaksham@example.com,6318364746,Delhi,GROWTH,2024-05-15
6742,Watika Lala,tanmayinarang@example.net,8719940910,Jaipur,GROWTH,2025-08-26
6743,Laban Sibal,vasanabora@example.net,1343258803,Chennai,NEW,2024-08-20
6744,Jagrati Hans,vrana@example.com,0652201892,Delhi,VALUE,2024-07-21
6745,Devika Dutta,prashadoliver@example.com,5676683099,Kolkata,GROWTH,2024-12-16
6746,Hemangini Sha,ranveerkala@example.net,2726232195,Kolkata,NEW,2026-05-18
6747,Abhiram Menon,choudharychanakya@example.com,0433824769,Delhi,VALUE,2025-07-26
6748,Nathaniel Chandra,daliareva@example.com,1396439771,Mumbai,VALUE,2025-01-17
6749,Garima Chhabra,darika60@example.net,1194041503,Bengaluru,VALUE,2026-01-08
6750,Omya Boase,chamanprashad@example.com,1164048961,Chennai,PREMIUM,2024-01-19
6751,Falak Pal,suraekiya@example.org,9818453523,Pune,NEW,2024-10-30
6752,Bhavini Rao,gjain@example.org,3611819104,Hyderabad,VALUE,2025-05-01
6753,Azad Bhat,tristandalia@example.com,8842618775,Chennai,GROWTH,2025-03-15
6754,Oscar Kanda,anjalitara@example.com,4674084965,Delhi,GROWTH,2025-08-31
6755,Aishani Sandhu,harshilsuri@example.com,5800265968,Pune,PREMIUM,2025-09-23
6756,Arjun Bhagat,balantimothy@example.com,0055823851,Jaipur,PREMIUM,2025-02-14
6757,Joshua Kibe,henry41@example.com,2619370566,Chennai,NEW,2026-04-16
6758,Tara Chadha,nilima68@example.net,0811542853,Hyderabad,VALUE,2026-04-15
6759,Gaurav Gill,ranveersetty@example.net,6590567168,Bengaluru,VALUE,2025-03-03
6760,Joshua Sane,kalpitsaxena@example.net,4928761046,Jaipur,GROWTH,2026-03-22
6761,Indali Chakraborty,kbalay@example.net,9529405544,Delhi,GROWTH,2025-07-30
6762,Ayushman Lalla,odika35@example.com,0239752652,Bengaluru,GROWTH,2024-05-05
6763,Advay Tank,anay12@example.org,4341111968,Mumbai,VALUE,2024-04-17
6764,Radhika Nair,lalaijaya@example.org,1343739666,Kolkata,VALUE,2024-03-12
6765,Aarna Muni,rayaan59@example.com,6679983171,Hyderabad,NEW,2024-07-09
6766,Chakradhar Mody,abhimanyuchacko@example.net,0819965553,Jaipur,VALUE,2024-10-08
6767,Maanas Sarraf,rpatla@example.net,7323827223,Pune,GROWTH,2024-03-03
6768,Theodore Mital,vbhardwaj@example.net,2182637757,Chennai,PREMIUM,2025-07-01
6769,Aryan Chhabra,aahana59@example.net,1339482244,Chennai,VALUE,2025-01-05
6770,Gaurangi Khalsa,laddhriti@example.org,1256000172,Mumbai,VALUE,2025-06-25
6771,Jasmit Tata,agrawallaksh@example.org,7972276585,Chennai,GROWTH,2025-03-28
6772,Dayamai Swamy,yaminisoni@example.org,8324898682,Pune,GROWTH,2024-09-01
6773,Aashi Keer,pbora@example.net,9676189930,Jaipur,VALUE,2025-07-07
6774,Oviya Chacko,sbains@example.org,7865274427,Chennai,GROWTH,2026-05-05
6775,Nimrat Warrior,dhaliwalhardik@example.org,5889836125,Jaipur,VALUE,2024-10-12
6776,Nihal Nadkarni,mangatnikita@example.net,6628289493,Jaipur,VALUE,2024-10-03
6777,Jonathan Shanker,wsinha@example.org,0156407940,Chennai,VALUE,2025-04-09
6778,Meera Sethi,bariadarpan@example.net,1128082018,Hyderabad,VALUE,2025-12-24
6779,Yashodhara Ramanathan,raagini54@example.org,7283284534,Mumbai,GROWTH,2025-04-23
6780,Lila Panchal,garima68@example.com,0466750799,Bengaluru,NEW,2026-01-18
6781,Michael De,qadimgandhi@example.net,5998316189,Jaipur,VALUE,2024-03-07
6782,Faraj Sathe,nagyamaira@example.com,9951959888,Mumbai,GROWTH,2024-03-29
6783,Riya Uppal,sharmagaurang@example.org,5295505528,Hyderabad,GROWTH,2024-12-31
6784,Chaaya Solanki,lavanya73@example.net,8454778580,Pune,PREMIUM,2024-07-28
6785,Faris Dutta,taraksabharwal@example.net,6645981186,Mumbai,GROWTH,2024-01-21
6786,Sarthak Pathak,shroffaditya@example.com,8730571640,Jaipur,VALUE,2024-07-12
6787,Balhaar Sachar,zaitra72@example.net,3701150491,Pune,GROWTH,2024-08-31
6788,Yashvi Mitter,gaurikavohra@example.net,5822034601,Delhi,VALUE,2026-04-07
6789,Charvi Dhingra,gauributala@example.com,5551527637,Mumbai,PREMIUM,2025-12-05
6790,Wahab Munshi,liam04@example.com,3038649452,Pune,VALUE,2024-11-11
6791,Shaurya Mohanty,cbajaj@example.com,9601496737,Kolkata,PREMIUM,2026-05-12
6792,Damyanti Saini,abhimanyusekhon@example.com,9537905070,Jaipur,GROWTH,2026-01-22
6793,Michael Choudhry,turvikothari@example.org,6578143200,Kolkata,PREMIUM,2024-08-13
6794,Gabriel Nayar,hemal38@example.org,1458282929,Delhi,VALUE,2025-03-06
6795,Zayyan Parekh,nmohanty@example.net,2478710213,Pune,PREMIUM,2026-04-09
6796,Ishanvi Kunda,nachiketrana@example.org,1556411846,Delhi,PREMIUM,2025-02-15
6797,Anay Ratta,geetikabhardwaj@example.com,7598047085,Delhi,GROWTH,2024-11-29
6798,Barkha Chakrabarti,dakshawagle@example.org,0507111864,Pune,VALUE,2026-03-24
6799,Harrison Tailor,vkeer@example.net,5909863340,Hyderabad,VALUE,2025-08-17
6800,Faris Wali,vincentagate@example.org,4830875677,Pune,VALUE,2025-01-31
6801,Ubika Krish,nirja46@example.com,7663696022,Kolkata,PREMIUM,2026-02-21
6802,Pushti Kaur,ayushman38@example.org,1025861501,Delhi,GROWTH,2025-11-01
6803,Umang Nazareth,chakrika18@example.com,4295016111,Chennai,PREMIUM,2024-11-09
6804,Xiti Thakkar,davidkala@example.net,0181467661,Kolkata,PREMIUM,2025-01-16
6805,Dhruv Wable,ccheema@example.org,2132212600,Hyderabad,PREMIUM,2024-02-12
6806,Oni Yadav,majumdaranamika@example.org,4577346693,Chennai,PREMIUM,2024-04-01
6807,Nidhi Ravel,balendrapatla@example.org,0979711340,Hyderabad,GROWTH,2026-05-08
6808,Andrew Palan,khuranaaachal@example.org,9577906781,Jaipur,GROWTH,2024-02-17
6809,Harrison Bassi,dbahri@example.net,0386922218,Delhi,VALUE,2026-01-23
6810,Gavin Dyal,graval@example.com,6857100902,Jaipur,NEW,2024-07-06
6811,Deepa Hayre,uprakash@example.net,1483171760,Kolkata,NEW,2025-05-02
6812,Fitan Grewal,nachiket25@example.org,6325415720,Kolkata,GROWTH,2025-10-12
6813,Ayushman Dani,ysarraf@example.net,2542970874,Hyderabad,NEW,2026-06-11
6814,Charan Mukhopadhyay,unni55@example.net,5108643794,Chennai,NEW,2024-12-02
6815,Aayush Khatri,tmemon@example.org,3981713101,Bengaluru,GROWTH,2026-04-12
6816,Lucky Chaudhry,wardatak@example.com,8736054582,Bengaluru,PREMIUM,2025-02-12
6817,Chatresh Bhardwaj,chadhashivansh@example.org,8866343791,Jaipur,GROWTH,2026-02-19
6818,Nihal Bhatia,kalpit67@example.com,2351619354,Chennai,VALUE,2024-04-01
6819,Henry Sekhon,laksh22@example.org,0072179863,Pune,VALUE,2024-08-29
6820,Faris Chakraborty,drajan@example.net,0830244351,Delhi,GROWTH,2025-07-14
6821,Bachittar Arya,owen38@example.org,9681735805,Kolkata,PREMIUM,2025-09-27
6822,Chameli Soman,shivani14@example.org,4441229060,Pune,VALUE,2025-12-24
6823,Wridesh Chhabra,kapadiaeesha@example.com,0881924630,Jaipur,PREMIUM,2024-11-18
6824,Hardik Shukla,nsengupta@example.org,1706146428,Mumbai,PREMIUM,2025-07-16
6825,Chakradev Cheema,goelzehaan@example.org,3767698497,Chennai,PREMIUM,2025-07-12
6826,Nachiket Pant,yatan86@example.net,4760166659,Chennai,VALUE,2026-06-05
6827,Yashica Kuruvilla,keyadin@example.org,1483874068,Chennai,GROWTH,2024-04-15
6828,Bhavani Shukla,swaminathanhamsini@example.net,8160078173,Delhi,VALUE,2024-01-15
6829,Janya Andra,samar37@example.org,3839730680,Hyderabad,VALUE,2025-06-01
6830,Faraj Jha,vasudha76@example.org,3037174551,Bengaluru,VALUE,2024-01-15
6831,Harini Kapoor,sarafekaja@example.net,3557139592,Chennai,VALUE,2024-06-25
6832,Noah Dar,yashodhara27@example.com,5089680019,Mumbai,VALUE,2025-03-26
6833,Urmi Ganesan,charita69@example.net,2628437132,Hyderabad,GROWTH,2024-08-29
6834,Aarush Sinha,paivrishti@example.org,1121322374,Chennai,GROWTH,2024-08-27
6835,Upadhriti Bhalla,kondavyanjana@example.net,7831869841,Delhi,VALUE,2024-11-07
6836,Upadhriti Choudhury,harshil44@example.net,9803662462,Kolkata,NEW,2025-09-09
6837,Hitesh Sandhu,ryanrege@example.net,0035463842,Pune,GROWTH,2024-11-25
6838,Yauvani Choudhry,hrout@example.net,3033743086,Delhi,NEW,2025-12-14
6839,Mohammed Dayal,sharmadhriti@example.org,0077454511,Delhi,GROWTH,2024-05-23
6840,Leena Krishnamurthy,meghana11@example.net,3360212814,Kolkata,VALUE,2024-04-02
6841,Vritti Dara,ira51@example.org,8096342098,Bengaluru,NEW,2024-05-29
6842,Vedhika Nigam,zmistry@example.net,5916992817,Kolkata,NEW,2026-04-05
6843,Banjeet Sem,vermaneelima@example.net,7318783096,Hyderabad,GROWTH,2024-09-06
6844,Hitesh Amble,fchawla@example.com,4549214515,Bengaluru,GROWTH,2024-01-27
6845,Bhavini Aurora,bhattvinaya@example.org,0619588850,Bengaluru,GROWTH,2024-10-10
6846,Indira Shroff,ldate@example.com,6092323727,Pune,GROWTH,2025-09-11
6847,Alexander Gara,buchquincy@example.com,2615121239,Delhi,PREMIUM,2024-11-21
6848,Chaaya Hari,jacksonparekh@example.com,1988377569,Hyderabad,GROWTH,2024-12-12
6849,Tanay Rana,advikagrewal@example.org,6771076800,Bengaluru,VALUE,2024-03-18
6850,Nicholas Dara,xbava@example.net,7747582305,Mumbai,VALUE,2025-08-23
6851,Baljiwan Rajagopalan,charnetra@example.net,7161943541,Bengaluru,VALUE,2024-07-17
6852,Indira Shah,nsahni@example.org,0220580311,Chennai,VALUE,2024-03-28
6853,Mitali Sodhi,amaira35@example.org,0727458029,Pune,GROWTH,2025-10-05
6854,Lopa Savant,vdass@example.org,0710056761,Delhi,NEW,2026-04-23
6855,Dominic Sarkar,sara19@example.net,7066728315,Kolkata,VALUE,2025-07-03
6856,Yatan Patla,deepyug@example.org,9112016711,Jaipur,VALUE,2026-04-23
6857,Gaurav Nagy,ccheema@example.net,4249669978,Pune,VALUE,2024-12-27
6858,Jack Ray,ikoshy@example.com,3215269008,Jaipur,GROWTH,2025-04-12
6859,Maanav Rama,npau@example.org,9594127545,Hyderabad,GROWTH,2024-11-17
6860,Aayush Srinivasan,gollawriddhish@example.org,7540799741,Kolkata,GROWTH,2025-04-03
6861,Teerth Hora,chandanitrivedi@example.net,7614896908,Pune,NEW,2026-03-14
6862,Chakradhar Virk,nairnimrat@example.net,3289564447,Chennai,NEW,2025-07-25
6863,Naksh Manda,samarth17@example.org,2641597006,Mumbai,NEW,2024-01-25
6864,Isaiah Yohannan,bhandariati@example.com,9571390516,Chennai,NEW,2025-06-06
6865,Laksh Mani,ekalingabobal@example.net,2826977108,Jaipur,GROWTH,2024-12-05
6866,Yahvi Bhatti,bsha@example.net,0222358356,Jaipur,GROWTH,2025-05-04
6867,Arjun Anne,yogiwarda@example.net,1039816549,Hyderabad,GROWTH,2025-05-16
6868,Hredhaan Sandal,inayabahri@example.net,7865393542,Mumbai,PREMIUM,2025-06-14
6869,Alexander Mutti,charvi45@example.net,7738795256,Pune,VALUE,2026-02-18
6870,Chakradhar Din,ikbalchhabra@example.org,9583731471,Delhi,VALUE,2026-02-11
6871,Jyoti Bobal,dixitjagrati@example.com,8176266972,Mumbai,VALUE,2026-05-24
6872,Vamakshi Patla,kaggarwal@example.net,3920384773,Chennai,GROWTH,2025-07-03
6873,Bina Raval,qhans@example.org,2542815097,Jaipur,PREMIUM,2024-09-13
6874,Vihaan Narayan,ishitabail@example.com,0039532527,Bengaluru,VALUE,2024-06-25
6875,Dayita Chana,abeer76@example.com,2618633366,Hyderabad,GROWTH,2026-02-03
6876,Aarush Nanda,pchoudhary@example.net,6115778625,Bengaluru,GROWTH,2026-04-02
6877,Jagat Majumdar,ode@example.net,7092812968,Hyderabad,PREMIUM,2024-02-03
6878,Osha Lad,rehaan68@example.net,7557017036,Delhi,VALUE,2024-07-13
6879,Vritti Tiwari,guptagaurang@example.com,8099478732,Chennai,VALUE,2025-09-03
6880,Jason Nagarajan,vivaan94@example.net,6134212810,Chennai,GROWTH,2024-05-28
6881,Yatin Nazareth,sidhukiaan@example.org,6837725672,Bengaluru,GROWTH,2024-02-15
6882,Indrajit Devan,qwali@example.net,8551507561,Bengaluru,NEW,2026-06-16
6883,Saumya Tailor,zarna45@example.net,6866495890,Kolkata,GROWTH,2024-03-27
6884,Guneet Desai,chatura22@example.org,6964049932,Mumbai,NEW,2024-07-11
6885,Kashish Tank,ysule@example.net,2460123400,Delhi,VALUE,2026-06-09
6886,Harita Pathak,dayalgopal@example.net,0282662181,Delhi,GROWTH,2024-03-31
6887,Mohammed Puri,sampathradha@example.com,8256499710,Jaipur,NEW,2025-12-20
6888,Triya Dyal,gautamigoel@example.com,6085292399,Bengaluru,VALUE,2025-05-20
6889,Leela Bahl,bhanumatikumar@example.com,1667927195,Delhi,PREMIUM,2025-04-30
6890,Chakrika Master,jason90@example.com,2968083424,Jaipur,VALUE,2026-01-14
6891,Kala Mammen,tsuresh@example.net,1544833202,Mumbai,GROWTH,2024-01-20
6892,Turvi Sidhu,dhruvamble@example.net,0710679039,Bengaluru,VALUE,2024-02-24
6893,Balhaar Parmar,alexandersagar@example.org,7983213706,Delhi,GROWTH,2024-06-24
6894,Riya Chaudry,chakrika37@example.org,1884798052,Pune,PREMIUM,2025-03-17
6895,Triveni Jani,venkataramanaahana@example.org,4957335623,Pune,VALUE,2026-05-16
6896,Xiti Sheth,sai54@example.org,5366387221,Kolkata,VALUE,2024-03-02
6897,Janaki Rajagopalan,trivenikhare@example.com,9830758331,Bengaluru,VALUE,2025-01-13
6898,Vasana Wali,aarnashan@example.org,6460590952,Bengaluru,VALUE,2025-01-20
6899,Vasana Bhat,oni89@example.net,0630938089,Jaipur,GROWTH,2024-06-25
6900,Guneet Sur,noahedwin@example.com,7022703945,Kolkata,NEW,2024-11-05
6901,Damyanti Kari,gayathribal@example.org,6460789354,Delhi,VALUE,2024-06-29
6902,Quincy Sathe,sarasehgal@example.com,2082132913,Pune,GROWTH,2024-05-03
6903,Elijah Mitra,mamble@example.org,0985019686,Kolkata,GROWTH,2025-04-14
6904,Tripti Golla,vyanjana13@example.com,8908310510,Chennai,VALUE,2026-04-17
6905,Chandresh Edwin,noriwakeeta@example.net,0610081976,Pune,VALUE,2024-12-29
6906,Gaurangi Lad,inayak@example.org,9132154543,Delhi,PREMIUM,2025-07-25
6907,Neha Divan,fitandyal@example.net,3122142225,Delhi,GROWTH,2025-08-26
6908,Quincy Varty,bandidalaja@example.org,8029785742,Delhi,NEW,2026-01-28
6909,Chakradev Sen,tanishmand@example.org,0175647642,Mumbai,GROWTH,2026-01-12
6910,Priya Krishna,guhaupkaar@example.net,1650105867,Jaipur,GROWTH,2026-03-26
6911,Advaith Sehgal,jkade@example.com,9418561701,Pune,NEW,2026-01-03
6912,Samuel Dhawan,shivansh50@example.org,0673690145,Kolkata,NEW,2026-04-17
6913,Ekansh Jhaveri,gunbirmurthy@example.net,6432119863,Bengaluru,NEW,2026-05-19
6914,Sathvik Rattan,ikhatri@example.org,2924236882,Jaipur,VALUE,2025-11-04
6915,Omisha Devi,apurohit@example.net,3343012012,Mumbai,NEW,2025-03-19
6916,Jeremiah Kamdar,ranbir65@example.net,8177285920,Jaipur,NEW,2024-10-03
6917,Yamini Soman,nmodi@example.org,7424533628,Delhi,PREMIUM,2025-05-29
6918,Niharika Balan,snagi@example.org,4677433775,Delhi,PREMIUM,2026-01-16
6919,Zansi Virk,dayitamemon@example.com,2018290046,Delhi,NEW,2025-11-09
6920,Vivaan Goda,yug29@example.com,9160739748,Kolkata,GROWTH,2025-04-13
6921,Gaurika Prabhakar,mtank@example.com,0928824030,Bengaluru,PREMIUM,2024-03-09
6922,Aashi Ahuja,devika28@example.org,3167762105,Hyderabad,PREMIUM,2024-09-01
6923,Atharv Vohra,thakurmeera@example.org,0707216352,Hyderabad,PREMIUM,2025-06-03
6924,Urvi Iyengar,zsahota@example.org,8778634018,Kolkata,PREMIUM,2024-12-13
6925,Fiyaz Narang,chandanigoyal@example.net,1275323398,Bengaluru,VALUE,2025-02-14
6926,Pushti Kurian,bumbgunbir@example.com,6011409712,Delhi,VALUE,2024-09-28
6927,Dipta Handa,isaiah68@example.org,0265582414,Hyderabad,GROWTH,2024-03-09
6928,Nisha Seshadri,ucchal70@example.com,8627709493,Bengaluru,PREMIUM,2025-02-23
6929,Urvi Tella,ishaan14@example.org,5311247443,Pune,PREMIUM,2025-02-04
6930,Xalak Nori,pprabhu@example.com,6142185144,Kolkata,NEW,2025-12-04
6931,Aachal Dutt,wranganathan@example.org,4787353042,Delhi,PREMIUM,2024-04-10
6932,Faraj Bala,paninisubramanian@example.net,4872502946,Kolkata,GROWTH,2025-03-12
6933,Aashi Din,anay75@example.org,1080761560,Delhi,VALUE,2026-02-07
6934,Vansha Kade,harrison38@example.org,1450436030,Chennai,GROWTH,2024-08-29
6935,Kalpit Shah,jasmit62@example.net,5978003776,Hyderabad,NEW,2024-10-11
6936,Pranit Bhasin,timothymittal@example.net,1505292850,Bengaluru,GROWTH,2024-03-19
6937,Parth Din,pahal51@example.com,6097108784,Hyderabad,NEW,2025-06-01
6938,Harshil Cherian,mohammedkala@example.org,0626158112,Bengaluru,NEW,2026-02-09
6939,Ucchal Prabhakar,vidhi60@example.com,6445497782,Kolkata,GROWTH,2025-03-09
6940,Pooja Dara,asem@example.net,3539524921,Jaipur,PREMIUM,2025-01-10
6941,Hredhaan Sampath,rachita12@example.com,4827506410,Kolkata,GROWTH,2025-11-05
6942,Dakshesh Menon,victormisra@example.com,3049672989,Hyderabad,GROWTH,2025-02-01
6943,Kamya Comar,munilavanya@example.com,0225591946,Chennai,VALUE,2024-12-24
6944,Amrita Raval,gjayaraman@example.net,4446851754,Hyderabad,VALUE,2025-11-18
6945,Bachittar Prasad,kamyagala@example.net,6674334338,Kolkata,VALUE,2024-09-12
6946,Hemang Sandal,mangatudarsh@example.com,9812977521,Chennai,GROWTH,2026-02-03
6947,Sarthak Gola,hamsinidutta@example.net,6685859265,Hyderabad,VALUE,2024-08-29
6948,Ayushman Gole,venkataramanumang@example.org,8172160276,Hyderabad,GROWTH,2025-04-05
6949,Akshay Chandran,ramanyutika@example.com,0585268389,Hyderabad,GROWTH,2024-08-13
6950,Qarin Rao,qlalla@example.com,1099837953,Chennai,GROWTH,2025-07-23
6951,Warhi Brahmbhatt,cvora@example.org,5624794588,Pune,NEW,2025-01-25
6952,Pahal Bakshi,aarushshankar@example.org,2417419099,Hyderabad,GROWTH,2024-08-03
6953,Shravya Shetty,chatterjeenetra@example.net,6133381980,Kolkata,VALUE,2025-10-31
6954,Tarak Buch,zayan18@example.org,1560087770,Kolkata,NEW,2026-04-21
6955,Rishi Sehgal,qtara@example.org,9609244011,Hyderabad,NEW,2024-01-26
6956,Hema Apte,tbhandari@example.org,8542532835,Jaipur,PREMIUM,2025-05-26
6957,Bishakha Issac,vedant98@example.net,9452108054,Mumbai,PREMIUM,2025-10-08
6958,Qasim Sachdev,bloyal@example.com,4596751600,Jaipur,VALUE,2025-10-09
6959,Qadim Kulkarni,faras91@example.net,2710500265,Bengaluru,PREMIUM,2024-07-17
6960,Krisha Kapur,eiravati11@example.com,6776269682,Chennai,VALUE,2024-04-12
6961,Ridhi Dutta,om61@example.com,6683455579,Bengaluru,GROWTH,2025-04-07
6962,Sachi Sant,luckysawhney@example.com,2035592489,Hyderabad,VALUE,2025-07-27
6963,Abdul Zacharia,minhasishita@example.org,0744000672,Bengaluru,PREMIUM,2024-09-17
6964,Bachittar Rao,ojasviswanathan@example.net,7909564931,Pune,VALUE,2024-11-28
6965,Abha Bhat,yachana93@example.net,9405500103,Delhi,VALUE,2025-04-23
6966,Inaya Nair,jbalan@example.org,1415981041,Kolkata,VALUE,2025-02-09
6967,Theodore Kar,keerhemani@example.com,4683329887,Jaipur,PREMIUM,2025-03-11
6968,Turvi Dugar,udarsh18@example.net,2785513342,Chennai,VALUE,2025-09-05
6969,Pranit Zachariah,bansalayushman@example.com,1141006382,Chennai,GROWTH,2026-06-04
6970,Nathaniel Dalal,aadhyaratti@example.org,9363586126,Pune,VALUE,2025-12-17
6971,Tristan Pall,dorajagrati@example.com,7804463407,Mumbai,PREMIUM,2024-01-08
6972,Chanchal Sanghvi,zgokhale@example.org,1497489169,Pune,VALUE,2024-11-10
6973,Jeremiah Sani,nattcharles@example.net,3539090861,Mumbai,NEW,2024-01-09
6974,Sneha Rana,anandradhika@example.com,3498843688,Pune,VALUE,2026-02-24
6975,Onveer Setty,rbera@example.net,6976493999,Bengaluru,VALUE,2025-08-02
6976,Daksha Parekh,jagratisen@example.net,1439103890,Pune,VALUE,2024-07-16
6977,Vrinda Lanka,kalaekanta@example.com,7203749742,Kolkata,VALUE,2026-01-25
6978,Arin Sethi,ramanika@example.org,9905828428,Mumbai,GROWTH,2025-05-21
6979,Yashasvi Saran,tristanparsa@example.net,3466238729,Chennai,VALUE,2024-02-16
6980,Aarnav Sahota,yadavi76@example.net,0382776313,Hyderabad,NEW,2024-05-16
6981,Januja Sachar,yogiomya@example.com,6986972006,Bengaluru,GROWTH,2025-12-29
6982,Omkaar Basu,faqid21@example.org,2780429235,Chennai,VALUE,2024-09-17
6983,Harshil Garg,baghyawatiraghavan@example.org,4382707604,Jaipur,GROWTH,2025-04-17
6984,Noah Grewal,samarth70@example.net,3097397854,Delhi,VALUE,2026-03-16
6985,Kamya Mistry,ddhingra@example.org,2459115033,Jaipur,VALUE,2024-09-17
6986,Bachittar Mammen,gaurikadewan@example.com,8188256254,Kolkata,VALUE,2024-01-11
6987,Bakhshi Kar,shaurya61@example.org,8834868127,Chennai,VALUE,2024-03-16
6988,Naksh Pall,zarnawalla@example.com,5999716308,Chennai,VALUE,2026-04-04
6989,Yug Jhaveri,nagiupasna@example.org,3150995248,Bengaluru,NEW,2025-06-23
6990,Abeer Ganesh,nedwin@example.net,2667696609,Mumbai,PREMIUM,2024-10-22
6991,Ishita Bhavsar,widisha54@example.net,5026870762,Chennai,NEW,2024-03-11
6992,Mitesh Prasad,vbasu@example.org,9581071282,Kolkata,VALUE,2025-09-18
6993,Hemangini Bhargava,akumer@example.org,6421219760,Mumbai,NEW,2024-02-05
6994,Upkaar Nazareth,keya99@example.com,3127757794,Pune,GROWTH,2024-03-23
6995,Falguni Bandi,yauvanipandey@example.com,3199212029,Pune,VALUE,2025-06-18
6996,Nidhi Thaman,dasradhika@example.com,2806438856,Kolkata,NEW,2025-07-31
6997,Sathvik Hari,odika77@example.net,6730105611,Bengaluru,VALUE,2025-05-27
6998,Reyansh Gaba,vihaan24@example.net,9664369118,Hyderabad,GROWTH,2026-03-29
6999,Yatin Ramesh,znayar@example.org,6029806296,Hyderabad,NEW,2024-08-30
7000,Pooja Deo,benjaminkaran@example.net,9289527747,Kolkata,GROWTH,2025-05-14
7001,Avi Palan,nborra@example.net,4311350117,Jaipur,GROWTH,2024-10-02
7002,Jason Date,jeremiahradhakrishnan@example.net,7391274789,Hyderabad,GROWTH,2024-11-21
7003,Anamika Chana,kotamekhala@example.org,1320362523,Jaipur,VALUE,2024-05-15
7004,Dakshesh Sawhney,raksha42@example.net,1023972999,Chennai,NEW,2025-12-15
7005,Maya Munshi,mayawarrior@example.org,6958913177,Hyderabad,VALUE,2025-09-25
7006,Daksh Dalal,avohra@example.net,2646704183,Delhi,VALUE,2025-10-03
7007,Xavier Taneja,siyabuch@example.com,6669662672,Chennai,VALUE,2024-05-07
7008,Rudra Borra,santekanta@example.net,6022394147,Pune,NEW,2024-04-15
7009,Tripti More,shanbhavani@example.com,2673008782,Jaipur,PREMIUM,2025-12-04
7010,Arunima Dutta,dinbalveer@example.com,3831390160,Pune,GROWTH,2025-08-22
7011,Alexander Rajagopalan,tnazareth@example.com,8730627213,Delhi,NEW,2024-01-27
7012,Amrita Chander,bnadkarni@example.com,2145103012,Chennai,VALUE,2025-08-21
7013,Sara Oommen,lekhakadakia@example.com,5153254700,Pune,NEW,2026-06-01
7014,Kevin Golla,ishaanjoshi@example.net,6297146798,Hyderabad,VALUE,2025-11-07
7015,Sanya Borra,logangoda@example.org,4976322801,Hyderabad,GROWTH,2024-09-06
7016,Harish Subramaniam,manderqadim@example.org,9253607206,Kolkata,VALUE,2024-10-11
7017,Vincent Rattan,kashyapvyanjana@example.net,7783510889,Chennai,NEW,2025-11-07
7018,Pallavi Mahal,azaanmittal@example.net,1128467518,Pune,NEW,2024-12-27
7019,Eiravati Dora,fkale@example.net,7129652450,Hyderabad,GROWTH,2025-10-25
7020,Zayan Rajagopal,chandaowen@example.org,7957535112,Bengaluru,VALUE,2026-05-14
7021,Lucky Bal,gautamisem@example.net,0303576924,Chennai,VALUE,2024-12-30
7022,Jai Sen,wardasinha@example.net,2578210168,Jaipur,GROWTH,2025-05-31
7023,Avi Agrawal,abhimanyu12@example.net,3987964401,Chennai,VALUE,2025-03-16
7024,Amruta Murty,kaidubey@example.org,8112972176,Pune,VALUE,2025-04-02
7025,Anamika Bhat,kaurshaurya@example.com,5664963289,Delhi,PREMIUM,2024-03-09
7026,Ojas Cherian,mangalekani@example.com,7809955886,Jaipur,GROWTH,2026-06-07
7027,Irya Karpe,abhimanyu85@example.org,9652155461,Mumbai,NEW,2025-05-01
7028,Isha Anne,mminhas@example.net,1106009461,Jaipur,GROWTH,2024-07-25
7029,Girindra Madan,buchupkaar@example.net,6599087772,Hyderabad,VALUE,2025-05-31
7030,Liam Chaudhry,krishhegde@example.com,4275507516,Jaipur,GROWTH,2024-12-24
7031,Chandani Khanna,nmuni@example.org,8274950551,Jaipur,VALUE,2026-01-09
7032,Zansi Sathe,rachitakapur@example.org,7768691000,Kolkata,GROWTH,2025-11-14
7033,Triya Dey,akshaybahl@example.net,4087364971,Jaipur,PREMIUM,2024-12-09
7034,Unnati Date,zaidhora@example.org,1420425989,Chennai,VALUE,2025-10-03
7035,Zayan Deep,vshah@example.org,0810183199,Kolkata,VALUE,2024-01-30
7036,Girik Thaker,tboase@example.net,8366796622,Mumbai,NEW,2026-05-20
7037,Aachal Nagy,manderwishi@example.net,1502932657,Delhi,GROWTH,2025-04-04
7038,Pranit Amble,mbose@example.com,9120669440,Chennai,GROWTH,2025-08-11
7039,Vasudha Tailor,osha15@example.net,9824012438,Kolkata,PREMIUM,2025-08-03
7040,Raagini Tailor,tiwariindrajit@example.net,1298809347,Kolkata,GROWTH,2024-10-08
7041,Rushil Joshi,aptemitali@example.net,6155642228,Chennai,VALUE,2025-09-12
7042,Onkar Sani,matthew92@example.org,8818651888,Chennai,NEW,2024-12-23
7043,Girish Parmar,devanshswaminathan@example.net,9829226444,Chennai,NEW,2025-09-04
7044,Noah Oak,shivansh20@example.org,2822804596,Kolkata,VALUE,2024-03-21
7045,Bimala Sant,vasafalan@example.org,3672728121,Kolkata,VALUE,2024-05-11
7046,Dakshesh Venkatesh,odutt@example.org,4425455436,Delhi,PREMIUM,2026-04-11
7047,Yahvi Parmer,widishamital@example.net,9001235019,Chennai,GROWTH,2025-10-24
7048,Onveer Nagi,pvenkataraman@example.org,5128793764,Hyderabad,GROWTH,2024-04-25
7049,Vanya Deshmukh,moreamara@example.org,9596659100,Kolkata,GROWTH,2024-07-11
7050,Orinder Badami,upadhyaysamar@example.com,9095125286,Chennai,PREMIUM,2025-05-06
7051,Mitali Subramaniam,zashil25@example.org,2290708561,Jaipur,GROWTH,2024-01-06
7052,Om Patil,imanne@example.com,7239570164,Hyderabad,VALUE,2024-12-27
7053,Tarak Nagar,george78@example.com,5288286025,Pune,VALUE,2024-10-20
7054,Faris Ramanathan,vaishnavi70@example.org,8146030839,Delhi,GROWTH,2024-04-30
7055,Nathan Gera,kalpittripathi@example.net,7377410763,Jaipur,NEW,2024-09-26
7056,Inaya Anand,finnbhakta@example.net,4176869198,Mumbai,GROWTH,2024-09-20
7057,Qadim Pandit,prasadreva@example.org,5975297715,Hyderabad,GROWTH,2024-03-01
7058,Om Mital,annebrinda@example.net,7173006389,Kolkata,NEW,2025-07-24
7059,Orinder Sabharwal,saigill@example.org,4939987537,Jaipur,GROWTH,2024-09-02
7060,Zayan Gole,gautam02@example.com,3670460045,Hyderabad,GROWTH,2024-01-29
7061,Gautam Gara,ijayabatra@example.com,7190810722,Hyderabad,VALUE,2024-01-20
7062,Yatan Mahal,gjani@example.org,3877305582,Delhi,PREMIUM,2026-05-19
7063,Bhavna Gill,bdugar@example.net,5673971161,Jaipur,PREMIUM,2024-04-16
7064,Agastya Sahni,baghyawati18@example.com,4876247762,Delhi,PREMIUM,2026-03-29
7065,Onkar Sawhney,rsankaran@example.net,8163428053,Delhi,VALUE,2024-05-29
7066,Krish Rout,schahal@example.com,2602107122,Hyderabad,GROWTH,2024-03-17
7067,Aadi Lala,cwalla@example.net,4067452706,Delhi,VALUE,2025-05-05
7068,Charles Patel,omishadass@example.net,1274417166,Mumbai,NEW,2026-02-20
7069,Rishi Goyal,mitraonkar@example.net,9555095251,Pune,VALUE,2024-03-05
7070,Vansha Mane,yperi@example.net,1897434113,Pune,GROWTH,2024-10-22
7071,Anirudh Kata,bhardwajgirik@example.net,9693159720,Bengaluru,PREMIUM,2025-11-08
7072,Chandresh Chad,dev00@example.net,1327288076,Kolkata,VALUE,2024-03-01
7073,Yatan Prabhakar,hemanginigola@example.org,2094975333,Chennai,GROWTH,2024-06-01
7074,Peter Desai,ramhemangini@example.org,6475773706,Mumbai,VALUE,2024-10-02
7075,Chanchal Sheth,srinivasodika@example.net,7332116958,Pune,GROWTH,2025-12-26
7076,Gabriel Kapadia,ektadani@example.com,8741479572,Chennai,NEW,2025-12-28
7077,Abdul Batra,yashasvivarkey@example.org,5920933324,Kolkata,GROWTH,2025-09-30
7078,Ansh Wadhwa,mukherjeeomaja@example.org,3763881011,Mumbai,NEW,2025-08-22
7079,Triya Sunder,anusha69@example.org,7136891571,Mumbai,VALUE,2024-01-24
7080,Ekani Ratta,caleb84@example.net,1377085266,Bengaluru,GROWTH,2024-08-02
7081,Mugdha Choudhry,gagan70@example.com,9863711040,Bengaluru,NEW,2026-04-09
7082,Christopher Som,chandranmandal@example.com,6786700176,Jaipur,NEW,2025-10-09
7083,Kai Raman,anthonyviswanathan@example.com,3241504906,Pune,VALUE,2024-08-04
7084,Tejas Vora,inarula@example.com,7162019700,Chennai,PREMIUM,2025-09-29
7085,Advaith Aurora,naveengandhi@example.net,5685737933,Chennai,NEW,2025-10-13
7086,Vedant Sheth,chakrika13@example.org,2910201823,Jaipur,PREMIUM,2025-10-30
7087,Ryan Madan,ekantabhagat@example.org,6969577885,Hyderabad,GROWTH,2026-06-01
7088,Gautam Saxena,bhasintanveer@example.com,1236458994,Mumbai,VALUE,2025-05-01
7089,Manan Kapoor,baurora@example.org,0662080000,Mumbai,VALUE,2024-02-23
7090,Samesh Hora,tanishnadkarni@example.net,1656891289,Bengaluru,GROWTH,2026-01-07
7091,Ishwar Arora,rushilnarayanan@example.org,5080330257,Pune,GROWTH,2024-01-14
7092,Barkha Chander,dghosh@example.com,3360971171,Hyderabad,VALUE,2025-07-31
7093,Chandani Devan,pingleurvashi@example.org,4347581281,Hyderabad,VALUE,2025-12-17
7094,Hardik Ramachandran,olivertripathi@example.com,5199161298,Hyderabad,GROWTH,2024-04-22
7095,Anya Mani,lallagopal@example.com,9531714248,Jaipur,GROWTH,2025-12-18
7096,Ronith Sharaf,muniumang@example.com,5085759300,Jaipur,GROWTH,2025-12-30
7097,Ucchal Singhal,thomas49@example.org,7492684278,Mumbai,GROWTH,2025-08-11
7098,Janaki Sood,damyantipal@example.net,6667701540,Delhi,VALUE,2024-10-18
7099,Azad Sami,sneha46@example.net,1782800298,Mumbai,NEW,2024-06-30
7100,Zayan Master,viraj33@example.org,0740527235,Kolkata,GROWTH,2025-09-26
7101,Chakradev Mall,amol30@example.net,9185341211,Hyderabad,VALUE,2024-05-21
7102,Ekaraj Solanki,finn81@example.com,1641938295,Kolkata,GROWTH,2025-08-30
7103,Harini Chaudhry,warinder50@example.com,5760146508,Pune,GROWTH,2024-06-01
7104,Anmol Chadha,maxpatel@example.net,5907026849,Chennai,GROWTH,2024-10-29
7105,Ranbir Gera,majumdardev@example.net,3452850902,Bengaluru,GROWTH,2025-03-31
7106,Qadim Barman,wriddhish73@example.org,1897980977,Bengaluru,GROWTH,2024-05-25
7107,Bhavini Kanda,ekalingagoda@example.net,6397594882,Mumbai,PREMIUM,2025-12-16
7108,Darika Loke,lakshmipandit@example.com,3249679383,Chennai,VALUE,2025-09-17
7109,Faras Taneja,qom@example.org,8007857474,Bengaluru,VALUE,2024-01-15
7110,Theodore Luthra,lakshandra@example.net,0545528859,Bengaluru,VALUE,2026-02-03
7111,Priya Nayak,prasadranveer@example.net,7058121137,Delhi,GROWTH,2025-10-07
7112,Yachana Ramachandran,warhi92@example.com,1373145011,Kolkata,GROWTH,2026-01-24
7113,Saumya Apte,dhruv32@example.net,2601471844,Jaipur,PREMIUM,2025-06-25
7114,Jagrati Memon,meghana51@example.net,1955940995,Hyderabad,VALUE,2025-07-17
7115,Umang Radhakrishnan,kalachaudhary@example.com,0738263401,Chennai,GROWTH,2024-12-11
7116,Omya Barman,ocomar@example.org,6578366882,Jaipur,VALUE,2024-07-23
7117,Unni Ghose,contractoralka@example.org,9924215554,Chennai,GROWTH,2024-07-30
7118,Zaitra Saraf,otoor@example.com,9891165275,Chennai,PREMIUM,2024-10-11
7119,Dev Arora,ahluwaliashivani@example.com,3738287102,Hyderabad,VALUE,2024-09-18
7120,Harinakshi Karan,samadarpan@example.org,9131530994,Chennai,VALUE,2025-11-10
7121,Dhriti Subramaniam,kannanimaran@example.com,1239303518,Chennai,GROWTH,2025-04-16
7122,Owen Chand,dayamaisani@example.org,6380823112,Pune,PREMIUM,2025-01-04
7123,Arya Keer,girishpillai@example.com,0981416987,Chennai,VALUE,2025-10-14
7124,Amol Bali,wrideshshetty@example.com,5567289673,Chennai,NEW,2025-10-21
7125,Vansha Walla,harshtalwar@example.com,9227980676,Delhi,NEW,2026-04-21
7126,Adweta Sane,keyachaudhry@example.org,1229219269,Jaipur,NEW,2024-10-05
7127,Dalaja Suresh,aadhyabajaj@example.net,5688001757,Jaipur,VALUE,2024-08-06
7128,Girindra Memon,balikrish@example.com,2757527903,Mumbai,PREMIUM,2024-01-06
7129,Tamanna Tiwari,wakeetanatt@example.net,6980701385,Bengaluru,VALUE,2024-05-23
7130,Anya Kala,waliavedant@example.com,8697642909,Jaipur,NEW,2025-06-27
7131,Charan Randhawa,bathqasim@example.org,3057316575,Bengaluru,GROWTH,2025-12-29
7132,Fitan Seth,aloke@example.net,4705347508,Kolkata,VALUE,2025-06-24
7133,Ojasvi Kunda,pprabhu@example.com,2496421307,Kolkata,VALUE,2026-06-11
7134,Unni Deep,laban35@example.org,8513795868,Kolkata,NEW,2025-07-18
7135,Vivaan Raval,duttaradha@example.com,6599380954,Delhi,NEW,2026-03-05
7136,Jhalak Mishra,indrajitmitra@example.net,9692299526,Hyderabad,GROWTH,2024-08-29
7137,Zilmil Pradhan,yashvimishra@example.org,8030513391,Chennai,GROWTH,2024-10-18
7138,Darpan Dixit,tkaul@example.com,5441654711,Kolkata,PREMIUM,2025-12-30
7139,Vaishnavi Ganesan,vritti79@example.org,3156544772,Mumbai,NEW,2025-08-17
7140,Advay Varughese,nsaha@example.net,5522906037,Bengaluru,PREMIUM,2025-03-14
7141,Gaurika Baria,matthewahluwalia@example.com,9693037636,Mumbai,GROWTH,2026-05-10
7142,Lekha Bahri,faris57@example.org,6821400364,Kolkata,GROWTH,2025-11-17
7143,Warinder Patla,isha33@example.org,0742193222,Jaipur,NEW,2024-09-22
7144,Priya Bandi,theodore49@example.com,7546234187,Mumbai,VALUE,2025-07-03
7145,Balhaar Kari,pathakyasti@example.org,2767354544,Mumbai,GROWTH,2024-12-22
7146,Sachi Loke,evarty@example.com,8044153710,Bengaluru,VALUE,2025-01-09
7147,Yashodhara Korpal,thomas37@example.org,7588343517,Jaipur,GROWTH,2025-12-25
7148,Avi Randhawa,lalladvay@example.org,6190406420,Hyderabad,PREMIUM,2025-09-03
7149,Ria Kakar,karananmol@example.org,0122476433,Bengaluru,VALUE,2024-01-12
7150,Nidhi Sinha,ambletristan@example.net,1906808755,Bengaluru,GROWTH,2025-06-01
7151,Krishna Goswami,boasejack@example.net,7856243630,Chennai,VALUE,2025-08-05
7152,Osha Roy,advik75@example.com,4234591307,Hyderabad,NEW,2025-04-04
7153,Avni Bumb,yyogi@example.com,9369182915,Mumbai,NEW,2024-09-26
7154,Yauvani Seth,ekbalsaha@example.org,9758264534,Kolkata,GROWTH,2025-08-06
7155,Falguni Kamdar,yashawini44@example.org,9355521250,Hyderabad,PREMIUM,2026-05-02
7156,Chakradhar Ram,nathtanay@example.com,9373259698,Bengaluru,VALUE,2024-03-18
7157,Samesh Sachdeva,varenya55@example.org,1904899174,Pune,NEW,2025-06-26
7158,Daksha Gara,veerdhillon@example.net,8026162684,Pune,PREMIUM,2026-03-30
7159,Mugdha Bajwa,rameshfaris@example.org,5499587531,Mumbai,VALUE,2024-12-26
7160,Ekantika Bains,lchada@example.com,6663096825,Delhi,NEW,2024-10-28
7161,Lakshit Dewan,swaminathanupkaar@example.org,0426246019,Delhi,VALUE,2024-08-10
7162,Tamanna Bhargava,tdara@example.com,8429549563,Kolkata,GROWTH,2024-07-21
7163,Pahal Brahmbhatt,ikshitaoza@example.com,7348521556,Pune,VALUE,2024-12-17
7164,Saanvi Balan,dalajasaran@example.net,2984846614,Kolkata,PREMIUM,2025-11-25
7165,Mahika Jha,wkala@example.net,0530486524,Pune,VALUE,2024-06-12
7166,Darsh Boase,dgoel@example.org,5525774079,Hyderabad,VALUE,2024-07-27
7167,Nicholas Aurora,ryanvohra@example.org,4012567103,Chennai,GROWTH,2026-06-17
7168,Rehaan Goel,jonathansubramaniam@example.org,8790309901,Pune,NEW,2026-06-15
7169,Nathaniel Swaminathan,advika32@example.com,0518627734,Hyderabad,VALUE,2024-07-23
7170,Mitesh Sahota,ayush26@example.com,3310154671,Jaipur,GROWTH,2025-01-13
7171,Samar Kaul,ekiya92@example.com,9037782273,Jaipur,GROWTH,2024-12-29
7172,Gautam Shankar,chandresh23@example.net,6643680259,Kolkata,NEW,2024-09-23
7173,Pallavi Morar,jaibalakrishnan@example.net,9920199503,Jaipur,VALUE,2024-05-17
7174,Onveer Ravel,thamanirya@example.net,3075829461,Hyderabad,GROWTH,2024-02-25
7175,Nakul Balan,arjun51@example.com,7146876342,Delhi,NEW,2025-07-06
7176,Wahab Chahal,zaitravig@example.net,1192951093,Hyderabad,VALUE,2024-02-07
7177,Eta Mittal,urvikar@example.com,6324857844,Pune,GROWTH,2025-07-12
7178,Isaiah Mandal,chakradhar99@example.com,9994402181,Kolkata,NEW,2024-03-26
7179,Omya Sengupta,widisha18@example.net,7881211392,Hyderabad,VALUE,2024-05-18
7180,Lajita Gola,jaggimaanas@example.com,8479616935,Bengaluru,GROWTH,2024-01-05
7181,Harini Yohannan,raymason@example.org,9395531896,Hyderabad,VALUE,2024-12-24
7182,Ranveer Agate,nilima13@example.org,4890799070,Kolkata,NEW,2024-10-21
7183,Aarna Wali,abha73@example.net,3232667490,Delhi,NEW,2024-10-26
7184,Anita Kata,urmibhargava@example.org,2703339179,Bengaluru,GROWTH,2024-10-06
7185,Yatan Bhagat,ekanta56@example.org,2958644229,Mumbai,GROWTH,2026-04-24
7186,Faqid Shukla,jagdish41@example.net,7081537604,Kolkata,GROWTH,2025-01-22
7187,Oeshi Sinha,ubika71@example.net,5284713331,Hyderabad,VALUE,2025-12-29
7188,Libni Puri,senguptazayan@example.net,0409930673,Delhi,VALUE,2024-07-28
7189,Tristan Comar,maanasgulati@example.net,4532314563,Bengaluru,VALUE,2025-03-10
7190,Charles Chauhan,xsachdeva@example.org,8321699372,Delhi,VALUE,2024-02-26
7191,Zayyan Dhar,henry41@example.net,4105995043,Hyderabad,PREMIUM,2024-08-20
7192,Falguni Agarwal,valapranit@example.com,8762063179,Jaipur,VALUE,2024-03-05
7193,Saumya Batra,edhitha74@example.com,2470772357,Chennai,VALUE,2024-01-19
7194,Vamakshi Bhagat,lpalla@example.net,7143359780,Kolkata,GROWTH,2024-06-12
7195,Nitara Misra,kamyabadami@example.com,4787079489,Pune,VALUE,2024-05-23
7196,Sanaya Bava,ogupta@example.com,7462990833,Jaipur,VALUE,2024-10-11
7197,Azaan Varghese,ojasvimani@example.org,6446883866,Bengaluru,VALUE,2025-10-31
7198,Zarna Bhatti,vihaan71@example.org,4987722283,Jaipur,VALUE,2024-05-13
7199,Nathaniel Ratti,mastermeera@example.org,0323183226,Mumbai,GROWTH,2025-07-03
7200,Noah Sachdeva,tatadarpan@example.net,5691742205,Hyderabad,PREMIUM,2024-11-24
7201,Chaman Mistry,narasimhansamuel@example.org,3791379931,Pune,NEW,2024-12-28
7202,Ayushman Bahl,onveer86@example.org,3822914756,Bengaluru,PREMIUM,2026-04-09
7203,Manan Varty,wriddhishbhatti@example.org,2172337347,Bengaluru,GROWTH,2025-02-22
7204,Qarin Sibal,netraparmer@example.net,3870781575,Mumbai,NEW,2024-08-23
7205,Gaurang Borra,widisha47@example.com,1559674428,Delhi,GROWTH,2024-08-02
7206,Aarnav Sampath,ryan66@example.com,4742115385,Chennai,GROWTH,2024-05-31
7207,Lekha Choudhary,eshanadhawan@example.org,4074434139,Jaipur,GROWTH,2025-12-22
7208,Urmi Ravi,hbabu@example.org,1838739582,Mumbai,VALUE,2025-08-21
7209,Kevin Aurora,chakradhar28@example.net,4935681899,Hyderabad,VALUE,2024-08-28
7210,Kiaan Badal,xmammen@example.org,2288421264,Jaipur,VALUE,2025-03-17
7211,Jagdish Shan,samarlata@example.net,8405260996,Kolkata,PREMIUM,2025-03-30
7212,Parth Sama,emammen@example.net,7676341908,Delhi,VALUE,2024-02-12
7213,Aishani Mand,janujakanda@example.net,7618528070,Chennai,PREMIUM,2026-03-28
7214,Tejas Nanda,lopa21@example.net,6118519592,Mumbai,NEW,2025-12-10
7215,Qarin Kulkarni,bishakha26@example.org,3522762371,Mumbai,GROWTH,2025-04-26
7216,Vedhika Ahuja,fsha@example.net,9384066199,Mumbai,VALUE,2025-10-05
7217,Pranav Apte,nimratsridhar@example.org,3917026095,Chennai,GROWTH,2024-04-08
7218,Luke Misra,joshiraagini@example.org,8222513500,Mumbai,VALUE,2026-05-29
7219,Kashvi Kale,sacharlila@example.com,3548251773,Bengaluru,NEW,2025-07-30
7220,Anirudh Chana,quincydhar@example.org,3636655748,Mumbai,PREMIUM,2026-04-24
7221,Udant Shanker,wsem@example.net,6746139761,Bengaluru,PREMIUM,2026-02-16
7222,Yuvraj Andra,ekalinga44@example.com,4865692419,Pune,GROWTH,2025-06-09
7223,Amaira Seth,bgokhale@example.com,5951940392,Hyderabad,PREMIUM,2024-09-16
7224,Daniel Krish,umang37@example.net,2149197672,Bengaluru,PREMIUM,2025-09-09
7225,Saumya Acharya,mshan@example.org,0006262701,Chennai,VALUE,2025-04-06
7226,Chaaya Kibe,ddevan@example.com,7255478838,Chennai,VALUE,2025-01-03
7227,Eesha Deol,anjalikonda@example.net,6434520290,Delhi,VALUE,2025-10-02
7228,Brijesh Pandey,wbedi@example.com,4467771598,Jaipur,GROWTH,2026-03-10
7229,Tristan Sandal,balvanbarad@example.com,9473761277,Jaipur,NEW,2024-06-03
7230,Yachana Buch,sarthakkalita@example.net,3623940368,Chennai,GROWTH,2025-05-12
7231,Jhalak Mallick,somxiti@example.com,2301593925,Chennai,GROWTH,2025-12-01
7232,Xavier Ratta,janyasahota@example.org,8510207032,Pune,NEW,2024-10-19
7233,Yashvi Din,falanchopra@example.net,5587989498,Hyderabad,VALUE,2024-11-03
7234,Indira Seth,vchauhan@example.com,9780075430,Bengaluru,VALUE,2024-01-09
7235,Yuvraj Vasa,leelavora@example.com,7211630173,Bengaluru,NEW,2024-10-17
7236,Aradhana Ratta,vkannan@example.net,0433564707,Mumbai,NEW,2025-06-11
7237,Max Hora,bavaira@example.net,6312217988,Kolkata,PREMIUM,2026-05-24
7238,Vihaan Sangha,tkala@example.com,2431538150,Bengaluru,VALUE,2025-04-17
7239,Lakshmi Rau,vvirk@example.org,8447635095,Bengaluru,NEW,2024-09-18
7240,Nikita Mander,menonsaumya@example.net,1038803474,Jaipur,PREMIUM,2025-12-31
7241,Kai Pradhan,tanmayi92@example.net,1728288759,Chennai,PREMIUM,2024-06-17
7242,Vedhika Ghosh,mohinichaudhary@example.com,4123894368,Chennai,VALUE,2024-06-17
7243,Chandresh Kunda,udube@example.net,8362470728,Mumbai,GROWTH,2025-04-14
7244,Lila Gour,saxenakevin@example.net,4142752277,Bengaluru,NEW,2026-01-03
7245,Nirja Dave,yzacharia@example.org,8497978744,Pune,NEW,2024-07-10
7246,Leena Saha,csuri@example.com,8915588330,Hyderabad,GROWTH,2024-01-14
7247,Elijah Setty,keyarajan@example.org,3692058991,Mumbai,GROWTH,2025-10-13
7248,Peter Gulati,kabir73@example.com,8816176794,Kolkata,PREMIUM,2025-06-12
7249,Krishna Dubey,badamisneha@example.com,4574044202,Hyderabad,GROWTH,2025-09-09
7250,Tanveer Nagi,advay40@example.net,4613037525,Pune,GROWTH,2024-12-23
7251,Mugdha Varma,ishaan38@example.org,0443774916,Bengaluru,VALUE,2024-04-16
7252,Warhi Seshadri,chaudharidominic@example.com,4893088094,Chennai,VALUE,2024-10-25
7253,Kashish Saraf,manthan82@example.org,4104929626,Kolkata,PREMIUM,2025-02-26
7254,Charvi Dara,farora@example.com,1918567751,Jaipur,VALUE,2025-01-24
7255,Aachal Vohra,hdasgupta@example.org,3256798961,Mumbai,VALUE,2026-03-11
7256,Chandran Virk,oeshi16@example.com,2588112725,Pune,NEW,2024-07-20
7257,Yatin Chandran,banjeet28@example.net,9976289441,Jaipur,PREMIUM,2024-10-07
7258,Ryan Wable,deepatharv@example.org,6787563882,Pune,VALUE,2024-06-14
7259,Frado Dubey,praneelmitra@example.com,4646842976,Mumbai,VALUE,2025-05-28
7260,Neha Anne,fsant@example.net,0578291319,Mumbai,PREMIUM,2025-12-25
7261,Aayush Bhavsar,fnanda@example.com,3297173631,Mumbai,GROWTH,2026-03-05
7262,Chameli Bawa,rachita66@example.org,9872318235,Delhi,GROWTH,2024-07-23
7263,Mohini Din,fpant@example.org,0697423499,Kolkata,GROWTH,2025-01-21
7264,Dalaja Karan,tejas88@example.org,5266662560,Jaipur,VALUE,2025-10-25
7265,Bhavani Bobal,parthhora@example.net,8697361458,Chennai,PREMIUM,2024-02-11
7266,Charita Dani,aryan99@example.net,3749191579,Chennai,VALUE,2025-10-02
7267,Samarth Varty,grovermegha@example.net,5882711431,Kolkata,GROWTH,2024-04-30
7268,Ekanta Doshi,shahnidhi@example.com,0140574762,Hyderabad,VALUE,2024-01-31
7269,Kevin Bali,sara74@example.org,9551910372,Hyderabad,VALUE,2024-04-11
7270,Falak Rajagopal,ukadakia@example.net,0899236816,Chennai,VALUE,2026-03-03
7271,Nathaniel Deshmukh,christopher70@example.net,2493239019,Bengaluru,NEW,2025-09-04
7272,Advay Narayan,charita72@example.org,2564089080,Delhi,VALUE,2025-12-11
7273,Christopher Venkataraman,rachitaloyal@example.com,7797573963,Chennai,VALUE,2025-09-13
7274,Vivaan Nayar,lucky96@example.com,9594236192,Kolkata,VALUE,2025-12-17
7275,Azaan Sundaram,urishilla18@example.net,1402150167,Delhi,PREMIUM,2025-03-22
7276,Priya Chaudry,sanghvinimrat@example.net,7019819326,Mumbai,GROWTH,2025-12-29
7277,Nandini Dass,surivincent@example.net,8137654910,Bengaluru,NEW,2024-02-20
7278,Kala Ratti,batraayush@example.org,2923377024,Kolkata,PREMIUM,2025-06-08
7279,Aayush Chada,esinha@example.com,8608114487,Chennai,GROWTH,2025-11-10
7280,Janya Korpal,dbatra@example.org,9017698307,Chennai,PREMIUM,2026-06-13
7281,Saumya Rege,akshaybakshi@example.net,0411311189,Pune,VALUE,2024-11-19
7282,Harish Vora,qushimorar@example.org,3390757049,Bengaluru,NEW,2024-06-10
7283,Gauri Srinivasan,yastiganesan@example.org,8668197376,Pune,NEW,2025-10-10
7284,Bina Ahuja,hemalnagarajan@example.org,3701408680,Delhi,VALUE,2024-03-06
7285,Yug Mohanty,ayushmanmukhopadhyay@example.org,8591195846,Delhi,GROWTH,2025-11-29
7286,Aarini Dara,abhanayar@example.net,9941142363,Kolkata,VALUE,2025-09-25
7287,Eesha Kar,ogrewal@example.net,4618013564,Pune,GROWTH,2025-09-13
7288,Rishi Subramaniam,divanarin@example.org,9860442918,Mumbai,PREMIUM,2024-09-21
7289,Nidhi Chatterjee,aarna09@example.com,1083185391,Hyderabad,NEW,2024-04-18
7290,Charles Taneja,buchranbir@example.net,3013925761,Delhi,VALUE,2025-07-01
7291,Warhi Hegde,qnath@example.com,8147428496,Pune,PREMIUM,2024-11-22
7292,Ethan Taneja,forummunshi@example.org,6889325217,Kolkata,PREMIUM,2024-12-18
7293,David Kara,uramachandran@example.com,9367166581,Bengaluru,VALUE,2024-06-17
7294,Gabriel Gola,oviyamitter@example.net,2250191770,Bengaluru,GROWTH,2024-10-27
7295,Manan Nath,atharv92@example.com,2923202636,Mumbai,PREMIUM,2026-01-18
7296,Rushil Varty,yastisubramaniam@example.com,3593056023,Hyderabad,PREMIUM,2026-03-14
7297,Rishi Kade,ddua@example.net,4997823332,Bengaluru,NEW,2024-11-10
7298,Banjeet Gupta,hardikmangat@example.net,1296647719,Mumbai,VALUE,2024-05-07
7299,Qarin Memon,advaithravi@example.org,9937962644,Hyderabad,VALUE,2024-01-31
7300,Anvi Sen,warjas28@example.net,4447342056,Kolkata,VALUE,2024-06-19
7301,Aadi Madan,bimala70@example.net,2810114432,Kolkata,VALUE,2024-01-09
7302,Raagini Bal,sachdevaishaan@example.net,4372464987,Bengaluru,GROWTH,2025-08-24
7303,Ojasvi Dave,udantsodhi@example.org,3724762680,Jaipur,NEW,2025-08-01
7304,Divya Bhatti,kuruvillachavvi@example.net,4231132409,Mumbai,GROWTH,2025-12-05
7305,Upma Sachdev,talwargopal@example.net,0518074631,Jaipur,PREMIUM,2024-10-26
7306,Faraj Bora,kapoorpahal@example.com,6128776892,Bengaluru,GROWTH,2026-01-18
7307,Bahadurjit Parikh,nzachariah@example.org,0667058856,Chennai,VALUE,2024-06-01
7308,Vasudha Khare,hwalia@example.com,9428893305,Mumbai,NEW,2024-07-27
7309,Idika Brar,atharv39@example.org,3886616186,Kolkata,PREMIUM,2026-04-04
7310,Indira Rajagopal,trivenisule@example.net,9980572522,Bengaluru,GROWTH,2026-03-04
7311,Aadhya Bansal,nayarrayaan@example.net,9653464581,Kolkata,NEW,2025-06-22
7312,Irya Upadhyay,enatarajan@example.net,8026265849,Delhi,GROWTH,2025-07-02
7313,Hemangini Pal,simon42@example.net,9317098844,Chennai,VALUE,2025-09-22
7314,Girish Nagi,obhagat@example.net,4873350466,Mumbai,GROWTH,2026-01-10
7315,Abha Madan,mtak@example.org,9903852670,Jaipur,PREMIUM,2024-07-27
7316,Jasmit Kothari,balasubramanianzayyan@example.org,8577141102,Hyderabad,GROWTH,2024-03-02
7317,Mitali Batta,rishi26@example.net,7743869751,Pune,NEW,2024-06-15
7318,Urvashi Agate,charvi10@example.com,9835077445,Jaipur,GROWTH,2024-11-17
7319,Bhavani Apte,sameshdhaliwal@example.org,5985250055,Chennai,GROWTH,2024-07-31
7320,Advik Mukhopadhyay,ramjanya@example.net,0831775054,Delhi,NEW,2025-04-17
7321,Devika Dalal,sghosh@example.net,0303376330,Mumbai,GROWTH,2024-05-04
7322,Andrew Kothari,udantlad@example.net,3974102350,Mumbai,GROWTH,2025-06-03
7323,Pranav Bumb,eviswanathan@example.net,2165529735,Jaipur,VALUE,2025-10-01
7324,Shaurya Raja,chanchalganesh@example.org,3477655352,Jaipur,GROWTH,2024-03-30
7325,Naveen Baral,maneraksha@example.net,5304433761,Hyderabad,GROWTH,2024-09-15
7326,Yoshita Prabhu,mekhala75@example.com,4082678573,Jaipur,VALUE,2025-04-29
7327,Arya Bail,omkaarnadig@example.org,4558726186,Mumbai,GROWTH,2024-02-29
7328,Advik Doshi,ikbal56@example.org,7694723210,Pune,VALUE,2025-08-21
7329,Ekanta Dugar,fgupta@example.org,7062656827,Hyderabad,VALUE,2025-11-09
7330,Gautam Raja,upkaar21@example.net,1175313302,Mumbai,GROWTH,2024-11-21
7331,Rajeshri Jhaveri,qdube@example.com,0172455627,Bengaluru,VALUE,2024-01-09
7332,Warjas Oommen,dcomar@example.com,9773847789,Hyderabad,GROWTH,2025-03-26
7333,Kevin Iyengar,karifalak@example.net,1317752399,Bengaluru,PREMIUM,2026-02-21
7334,Ranveer Sidhu,baljiwanbaral@example.com,6972346500,Mumbai,VALUE,2024-09-20
7335,Adya Bail,rverma@example.org,2276416504,Bengaluru,VALUE,2026-02-03
7336,Rachana Sura,fdugal@example.org,4340611258,Mumbai,GROWTH,2026-02-22
7337,Yashasvi Subramanian,daksh69@example.com,7416659016,Jaipur,VALUE,2024-09-09
7338,Om Barman,adya13@example.org,4685694598,Hyderabad,GROWTH,2025-06-23
7339,George Zachariah,thari@example.net,6326488330,Delhi,PREMIUM,2024-02-07
7340,Tristan Brar,chauhanekaja@example.org,5047085988,Chennai,GROWTH,2025-05-11
7341,Ryan Dhillon,karanthaman@example.org,7341005659,Jaipur,GROWTH,2026-03-02
7342,Kritika Chaudhry,doshimaanav@example.org,2473142459,Bengaluru,NEW,2026-04-29
7343,Gautami Yogi,samuelshetty@example.org,9276781465,Kolkata,VALUE,2024-06-28
7344,Hamsini Batta,ekanta03@example.net,5912443323,Chennai,NEW,2025-08-21
7345,Nicholas Rastogi,fbabu@example.org,8448268940,Pune,NEW,2024-02-29
7346,Quincy Dar,rishi06@example.org,2762527111,Bengaluru,GROWTH,2024-09-08
7347,Neha Bali,xguha@example.com,9884240781,Delhi,VALUE,2026-01-21
7348,Suhani Dutt,jatin29@example.com,1208394022,Bengaluru,VALUE,2025-07-31
7349,Andrew Murthy,sathemadhav@example.net,6678313164,Jaipur,NEW,2024-12-18
7350,Upma Amble,gauri86@example.com,8395877355,Kolkata,VALUE,2026-05-15
7351,Vansha Mahajan,jagdishraghavan@example.org,4458047417,Kolkata,NEW,2025-11-13
7352,Arya Minhas,urvashivarghese@example.com,0082921545,Jaipur,GROWTH,2024-01-22
7353,Dakshesh Wali,chamanwarrior@example.com,6742055098,Bengaluru,GROWTH,2024-03-12
7354,Ronith Buch,upathak@example.com,1860868731,Bengaluru,GROWTH,2025-07-17
7355,Devansh Mann,deolchristopher@example.com,9328408993,Jaipur,VALUE,2026-02-28
7356,Ethan Nori,eesha21@example.org,1765245160,Chennai,GROWTH,2024-05-21
7357,Anita Sama,narulasimon@example.org,3016212539,Bengaluru,NEW,2025-04-29
7358,Lila Reddy,vchoudhary@example.com,4525366248,Bengaluru,VALUE,2026-01-04
7359,Nikita Gole,tsodhi@example.net,5956056353,Jaipur,NEW,2026-02-15
7360,Eta Prashad,sachi13@example.com,4106649508,Delhi,NEW,2025-07-30
7361,Januja Kata,comarkalpit@example.net,2176518065,Delhi,VALUE,2026-06-18
7362,Lakshit Rajagopalan,zinalbhavsar@example.org,4029157534,Pune,GROWTH,2026-04-23
7363,Charvi Babu,om38@example.net,5497495476,Delhi,VALUE,2026-01-20
7364,Kashvi Sunder,pratyush47@example.net,5398185574,Mumbai,GROWTH,2025-08-25
7365,Abeer Kalita,snagarajan@example.com,7344243139,Jaipur,NEW,2026-06-05
7366,Zansi Rattan,isha08@example.com,9980741675,Hyderabad,NEW,2024-01-16
7367,Ganga Ben,advika88@example.com,2675964349,Pune,NEW,2024-03-21
7368,Warjas Barman,ramchandresh@example.com,4020854646,Hyderabad,VALUE,2025-04-04
7369,Meghana Khare,vaishnavivarma@example.net,8534396049,Delhi,GROWTH,2025-08-26
7370,Abhiram Prabhakar,daksha40@example.com,7673435290,Mumbai,VALUE,2026-03-24
7371,Kai Wali,dhingralipika@example.net,5807869016,Kolkata,NEW,2025-09-02
7372,Pushti Lata,paudamyanti@example.org,5493745967,Delhi,VALUE,2024-07-28
7373,Jai Apte,kevin19@example.net,5549161558,Chennai,VALUE,2026-03-28
7374,Caleb Dani,groveraadi@example.com,2181017560,Bengaluru,VALUE,2024-03-15
7375,Daniel Khalsa,mtara@example.org,2501090515,Bengaluru,VALUE,2024-03-26
7376,Luke Patla,narayanvictor@example.org,2007450645,Jaipur,VALUE,2025-10-09
7377,Arin Lala,thomasjhaveri@example.org,6549866384,Chennai,VALUE,2026-05-17
7378,Nakul Iyengar,cshroff@example.org,4012702282,Chennai,NEW,2025-03-28
7379,Kamala Sibal,lohit97@example.net,6002290402,Bengaluru,PREMIUM,2024-05-01
7380,Vihaan Choudhury,irakaur@example.net,9586643265,Hyderabad,VALUE,2024-02-12
7381,Manya Barman,harrison27@example.net,0329507836,Pune,PREMIUM,2026-05-31
7382,Qushi Bassi,kapurluke@example.com,0725876309,Delhi,GROWTH,2024-09-08
7383,Ubika Palla,yuvrajdey@example.net,3500342509,Mumbai,PREMIUM,2025-07-29
7384,Chakrika Nagy,zinal88@example.com,7512200033,Chennai,VALUE,2024-10-21
7385,Anjali Devan,modifarhan@example.com,1784538535,Chennai,GROWTH,2024-07-12
7386,Eiravati Mangal,vedikamaharaj@example.org,9285206512,Delhi,GROWTH,2025-08-24
7387,Bhavika Narayan,gunbirdave@example.net,0973065102,Kolkata,VALUE,2025-10-27
7388,Yoshita Chana,chakrabartieshana@example.com,9089177586,Chennai,GROWTH,2025-02-28
7389,Amol Dara,dayita85@example.org,2381221018,Mumbai,PREMIUM,2025-04-01
7390,Ijaya Palla,chanchalreddy@example.net,7796971642,Kolkata,PREMIUM,2025-03-14
7391,Bhanumati Mandal,badamiekavir@example.com,9832400268,Jaipur,GROWTH,2025-06-16
7392,Mitali Ravi,aggarwalwarda@example.org,4410121125,Hyderabad,GROWTH,2025-12-26
7393,Oliver Prabhakar,vasatikasundaram@example.net,2502612893,Bengaluru,PREMIUM,2025-10-01
7394,Jatin Tak,akata@example.net,1013815481,Bengaluru,VALUE,2024-09-07
7395,Charles Murty,girish46@example.org,7251982490,Chennai,VALUE,2024-08-10
7396,Lajita Arora,fgupta@example.org,8902172027,Delhi,GROWTH,2025-08-28
7397,Nilima Chauhan,morarbalveer@example.org,7879169647,Hyderabad,VALUE,2025-08-03
7398,Liam Mukherjee,chanchalandra@example.com,8285517928,Delhi,GROWTH,2024-11-26
7399,Azaan Sem,anmol12@example.org,6347973057,Delhi,VALUE,2026-01-24
7400,Chaman Sen,boommen@example.net,7851573622,Hyderabad,GROWTH,2025-01-11
7401,Oviya Ravi,dayitaiyengar@example.com,3484512947,Pune,PREMIUM,2024-10-29
7402,Karan Hegde,mahalgeetika@example.com,1259437036,Jaipur,PREMIUM,2025-05-15
7403,Dev Pau,chadnaksh@example.net,7826800098,Delhi,PREMIUM,2024-06-22
7404,Avi Bobal,krishnamurthywilliam@example.org,6519775565,Mumbai,GROWTH,2025-09-18
7405,Rushil Agrawal,radhikayadav@example.com,0032531380,Hyderabad,NEW,2026-03-18
7406,Ridhi Karpe,cshankar@example.com,9903953348,Chennai,PREMIUM,2026-04-30
7407,Pallavi Taneja,zmemon@example.net,1195451244,Jaipur,GROWTH,2025-02-06
7408,Diya Sampath,lavanyakhurana@example.org,7994356622,Pune,VALUE,2024-08-30
7409,Idika Vyas,bakhshimandal@example.net,8873877245,Chennai,GROWTH,2025-03-07
7410,David Prakash,rayyashica@example.com,9086105033,Delhi,GROWTH,2024-04-03
7411,Praneel Kumer,frederickagarwal@example.net,1860121049,Delhi,PREMIUM,2025-08-24
7412,Falan Kadakia,ebandi@example.com,2247878090,Mumbai,PREMIUM,2025-01-20
7413,Eta Mohanty,gchowdhury@example.com,3567639907,Pune,NEW,2024-04-19
7414,Alka Bhalla,gadevamakshi@example.net,0576302353,Bengaluru,NEW,2025-05-07
7415,Aishani Pau,kailata@example.com,2005967692,Mumbai,GROWTH,2025-10-08
7416,Gunbir Nagarajan,xyohannan@example.org,4547913065,Pune,NEW,2024-07-24
7417,Chatura Nagar,modylipika@example.com,3105890656,Kolkata,NEW,2024-12-30
7418,Jatin Buch,gauribalakrishnan@example.net,1403891286,Hyderabad,VALUE,2026-03-12
7419,Radhika Mital,wazirdhaliwal@example.com,9378072067,Jaipur,GROWTH,2025-09-30
7420,Tanish Sanghvi,nirjasankaran@example.net,8168403532,Pune,VALUE,2025-12-19
7421,Lipika Dasgupta,sara73@example.org,0314421303,Pune,VALUE,2025-02-08
7422,Robert Naidu,vyanjanadugar@example.com,0121681331,Kolkata,VALUE,2025-03-20
7423,Aishani Sharma,noahchadha@example.org,9058780085,Mumbai,GROWTH,2025-03-23
7424,Abhimanyu Prasad,lakshitmohan@example.org,2554462634,Kolkata,VALUE,2025-02-09
7425,Chandran Grewal,hbora@example.com,3792753424,Jaipur,VALUE,2024-05-09
7426,Vanya Som,netra05@example.com,2808672652,Jaipur,VALUE,2024-02-06
7427,Alka Konda,sarakrishnan@example.com,8588200607,Chennai,PREMIUM,2026-01-19
7428,Harish Grewal,periniharika@example.net,3097886278,Kolkata,NEW,2025-04-28
7429,Atharv Parsa,oliver61@example.com,3169113831,Jaipur,NEW,2025-04-24
7430,Vrinda Khurana,iyengararadhana@example.org,4295557239,Kolkata,GROWTH,2025-06-20
7431,Ranveer Dhawan,dugalharinakshi@example.net,4020079528,Jaipur,VALUE,2025-01-06
7432,Simon Deol,goyalekaja@example.com,1526443605,Kolkata,NEW,2026-03-13
7433,Nidhi Mann,fiyazsavant@example.com,5094274809,Hyderabad,VALUE,2025-02-26
7434,Balveer Grewal,dsarin@example.com,5934607146,Pune,NEW,2025-03-26
7435,Ekanta Khatri,dalbir42@example.com,1742504813,Hyderabad,PREMIUM,2025-04-23
7436,Megha Sharma,manimadhav@example.net,3530505696,Kolkata,GROWTH,2024-05-21
7437,Rachit Kuruvilla,ymurty@example.org,4117513255,Kolkata,VALUE,2024-06-05
7438,Reva Solanki,zbobal@example.org,7317154309,Jaipur,VALUE,2024-06-11
7439,Nathaniel Kapur,netra43@example.org,1855872880,Chennai,GROWTH,2024-08-16
7440,Lohit Batra,sarnanaveen@example.com,1870018065,Hyderabad,GROWTH,2024-05-23
7441,William Gopal,yramaswamy@example.net,8901667155,Mumbai,NEW,2024-07-20
7442,Girindra Krishnamurthy,parikhtejas@example.org,6457425717,Pune,GROWTH,2026-04-24
7443,Dhruv Sampath,vasanawadhwa@example.org,4896446139,Chennai,GROWTH,2024-11-20
7444,Vedant Gill,emander@example.com,3307138156,Chennai,VALUE,2025-12-15
7445,Chaaya Devi,fkapur@example.com,6192512970,Pune,GROWTH,2024-12-19
7446,Chameli Talwar,tgoyal@example.net,7076373176,Kolkata,VALUE,2026-01-12
7447,Manthan Andra,aariniganguly@example.com,2088323361,Mumbai,PREMIUM,2025-11-08
7448,Garima Nagi,ekbal28@example.net,5992653053,Hyderabad,GROWTH,2026-01-26
7449,Falguni Luthra,xsachar@example.org,1990340449,Pune,NEW,2024-09-16
7450,Jonathan Ramachandran,yaminidhillon@example.com,4140640262,Kolkata,GROWTH,2024-03-27
7451,Saanvi Naik,duttaati@example.net,0307504880,Kolkata,VALUE,2024-10-04
7452,Ekaraj Jaggi,msen@example.net,0526870691,Kolkata,NEW,2025-09-23
7453,Jeet Balan,yashasvi19@example.com,1219081253,Kolkata,PREMIUM,2025-08-11
7454,Maya Mane,rayjairaj@example.org,8580713691,Jaipur,PREMIUM,2025-09-25
7455,Tanay Dubey,zpalan@example.org,8728721156,Chennai,GROWTH,2026-06-13
7456,Rachana Dora,menonbalhaar@example.net,7781223125,Mumbai,NEW,2024-07-21
7457,Waida Sengupta,msodhi@example.org,6895348141,Chennai,VALUE,2025-02-03
7458,Unni Kamdar,maya84@example.net,3564424973,Pune,GROWTH,2025-03-17
7459,Faqid Sachdeva,balankritika@example.org,5101493500,Delhi,PREMIUM,2024-05-14
7460,Mitali Ratti,triveni16@example.com,5785063153,Kolkata,VALUE,2025-08-19
7461,Vanya Bala,ohari@example.net,8733633508,Chennai,NEW,2024-02-14
7462,Aarush Johal,enadig@example.org,5540814663,Jaipur,GROWTH,2026-03-18
7463,Charles Khanna,nayaradya@example.org,0131927805,Mumbai,VALUE,2024-03-20
7464,Bakhshi Nayak,kabir80@example.net,8937656710,Jaipur,VALUE,2024-04-09
7465,Omkaar Thakur,athaker@example.com,9345174793,Hyderabad,NEW,2024-06-05
7466,Krishna Mani,asule@example.org,8767010627,Chennai,PREMIUM,2026-03-13
7467,Baljiwan Solanki,iprashad@example.org,3489363231,Pune,VALUE,2026-02-14
7468,Chatresh Deo,wriddhishhans@example.com,2860385974,Chennai,VALUE,2026-04-10
7469,Anamika Badami,vyanjanabalasubramanian@example.com,2854006866,Jaipur,VALUE,2026-01-19
7470,Urvashi Peri,yagnesh81@example.org,3493895852,Mumbai,VALUE,2026-04-11
7471,Priya Setty,lzachariah@example.com,9188139279,Pune,PREMIUM,2025-02-28
7472,Lakshit Prabhu,mdevan@example.com,7463246879,Jaipur,VALUE,2024-01-05
7473,Qushi Dutta,upkaar51@example.org,6825119817,Mumbai,VALUE,2025-01-29
7474,Balveer Konda,mukhopadhyayjagvi@example.net,8444068456,Bengaluru,VALUE,2024-07-17
7475,Rayaan Trivedi,tkanda@example.net,5785742755,Hyderabad,GROWTH,2024-08-08
7476,Netra Lala,januja24@example.org,2645484376,Pune,PREMIUM,2025-09-14
7477,Ekavir Mandal,balveer04@example.com,7242479715,Jaipur,PREMIUM,2024-05-30
7478,Amara Murty,bainsmohini@example.net,4067441876,Kolkata,GROWTH,2024-10-16
7479,Sathvik Chawla,areddy@example.com,7028296898,Kolkata,NEW,2024-12-19
7480,Vedhika Mall,muttinaksh@example.net,0475695978,Hyderabad,GROWTH,2024-02-24
7481,Aarini Toor,siddharth98@example.org,9924280033,Pune,NEW,2025-09-23
7482,Bakhshi Murty,yasti32@example.org,2240351632,Mumbai,GROWTH,2025-11-17
7483,Akshay Manda,vrinda02@example.org,4891340724,Hyderabad,VALUE,2025-05-17
7484,Luke Saha,sabharwalmadhavi@example.com,6775040992,Mumbai,NEW,2024-01-26
7485,Chaman Kalita,dyalqabil@example.net,3187326253,Delhi,GROWTH,2025-12-09
7486,Karan Kapadia,kurianyashawini@example.net,4298803874,Kolkata,PREMIUM,2025-02-05
7487,Lakshmi Chaudhuri,bpalla@example.net,8259494939,Kolkata,VALUE,2024-08-27
7488,Harrison Dugar,subramaniamindrajit@example.com,6690309501,Chennai,GROWTH,2026-05-02
7489,Hemang Narayan,raghav61@example.net,6076889991,Delhi,NEW,2026-02-12
7490,Harinakshi Kari,muttiwyatt@example.net,6964592916,Delhi,VALUE,2025-01-31
7491,Amol Agrawal,tristanpurohit@example.com,1683447463,Delhi,VALUE,2025-02-02
7492,Qabil Seshadri,bhavani93@example.com,5855653111,Pune,VALUE,2026-03-31
7493,Nihal Devan,omanda@example.org,3504438638,Mumbai,GROWTH,2024-06-21
7494,Daksha Tank,chaitalydhar@example.com,9229469925,Bengaluru,NEW,2025-01-03
7495,Orinder Edwin,zloyal@example.com,2009932953,Kolkata,GROWTH,2025-05-28
7496,Mitali Shenoy,usaraf@example.org,9136809879,Jaipur,NEW,2024-11-08
7497,Devansh Varghese,narasimhaninaya@example.com,8674357617,Kolkata,GROWTH,2024-10-11
7498,Kabir Jayaraman,regeaarush@example.net,5198513827,Bengaluru,GROWTH,2024-04-06
7499,Vasudha Bhardwaj,qmohanty@example.org,5280381898,Chennai,VALUE,2024-08-28
7500,Bina Bir,reva87@example.com,7110955101,Mumbai,VALUE,2024-11-18
7501,Chandran Rajagopalan,wbala@example.net,5880994261,Kolkata,PREMIUM,2026-01-23
7502,Ryan Kumer,sinhanakul@example.net,3425213812,Delhi,VALUE,2024-10-30
7503,Nandini Mohan,schar@example.net,0128087611,Pune,VALUE,2024-05-25
7504,Anika Raman,bkaran@example.com,6489126621,Chennai,NEW,2026-01-31
7505,Ekta Varma,ayush27@example.net,4953258533,Kolkata,GROWTH,2024-11-12
7506,Sachi Luthra,fdesai@example.org,1816546029,Hyderabad,VALUE,2026-04-07
7507,Reyansh Khurana,choudhuryprisha@example.net,2495774059,Mumbai,PREMIUM,2024-04-08
7508,Sai Dube,megha52@example.org,5124720938,Kolkata,GROWTH,2024-01-20
7509,Megha Dar,xmaster@example.net,3600233239,Pune,NEW,2026-04-09
7510,Daniel Dhaliwal,jmurthy@example.net,9813073214,Hyderabad,PREMIUM,2024-03-29
7511,Fiyaz Rajagopalan,rohan86@example.net,4765235923,Bengaluru,VALUE,2024-01-08
7512,Kevin Amble,chavvi38@example.org,0306674968,Bengaluru,VALUE,2025-08-01
7513,Omya Naidu,rvirk@example.org,9662960013,Hyderabad,VALUE,2024-10-12
7514,Eiravati Sengupta,kashvi79@example.com,0163838621,Bengaluru,PREMIUM,2025-03-12
7515,Arunima Narayanan,suhani38@example.org,5675224675,Bengaluru,GROWTH,2025-01-02
7516,Mohini Naidu,panini79@example.net,5598153318,Bengaluru,PREMIUM,2024-09-24
7517,Jagrati Tak,hdeep@example.org,6307493408,Delhi,GROWTH,2025-03-09
7518,Harish Gera,panini13@example.net,7563947568,Jaipur,VALUE,2024-08-21
7519,Upma Sankar,dassutkarsh@example.org,5973841490,Mumbai,VALUE,2024-07-21
7520,Abdul Amble,nrau@example.net,5619652633,Mumbai,VALUE,2024-07-21
7521,Libni Viswanathan,rameshbhanumati@example.net,0278657987,Mumbai,GROWTH,2024-04-16
7522,Geetika Verma,xjhaveri@example.net,0808560343,Jaipur,GROWTH,2025-04-17
7523,Kevin Manne,hramaswamy@example.com,6816717943,Hyderabad,NEW,2025-05-08
7524,Ishanvi Bora,lperi@example.com,1404303897,Bengaluru,VALUE,2024-01-16
7525,Lavanya Pandit,xalak18@example.org,9373676208,Hyderabad,PREMIUM,2025-02-17
7526,Ekta Chhabra,oparekh@example.com,4012448248,Delhi,VALUE,2025-10-26
7527,Parth Kunda,sankaranhritik@example.net,0357657020,Bengaluru,PREMIUM,2024-01-02
7528,Abha Biswas,hpadmanabhan@example.org,5501396651,Mumbai,VALUE,2024-09-27
7529,Chaman Ahluwalia,amutti@example.org,6960806613,Kolkata,PREMIUM,2026-05-14
7530,Saksham Jaggi,ati06@example.org,5046889687,Delhi,VALUE,2025-01-19
7531,Pooja Badal,jacobbanerjee@example.net,5835876948,Hyderabad,VALUE,2024-01-15
7532,Eesha Singhal,rajagopalqabil@example.com,0356917733,Kolkata,GROWTH,2025-04-19
7533,Devansh Sethi,esaini@example.org,7204403393,Kolkata,GROWTH,2025-01-04
7534,Yatan Rege,sthaman@example.org,3831983404,Chennai,GROWTH,2024-07-09
7535,Chakradev Misra,parthgokhale@example.com,6875409589,Mumbai,VALUE,2024-03-07
7536,Mitesh Kala,vyanjanaiyengar@example.org,9233537609,Bengaluru,NEW,2026-03-06
7537,Darsh Ghose,lvarughese@example.com,5302883504,Mumbai,VALUE,2026-01-01
7538,Gaurangi Bava,oshatella@example.org,6007796666,Pune,GROWTH,2025-09-05
7539,Azaan Mall,chakradharbasu@example.com,5025491577,Bengaluru,NEW,2024-01-16
7540,Simon Luthra,ksen@example.com,9950625012,Pune,PREMIUM,2026-02-22
7541,Rachita Bhatti,xdara@example.com,6042634307,Pune,VALUE,2025-03-01
7542,Vedhika Sur,mitraupadhriti@example.org,2742474766,Jaipur,GROWTH,2025-03-03
7543,Anjali Nayar,dugarsiddharth@example.net,1953142455,Bengaluru,VALUE,2026-02-28
7544,Amruta Choudhary,ishanvi41@example.com,1275193845,Jaipur,GROWTH,2025-01-24
7545,Janani Ramachandran,libni07@example.net,3818544871,Hyderabad,GROWTH,2024-07-31
7546,Agastya Misra,panchalbrijesh@example.org,6833187635,Pune,PREMIUM,2024-08-01
7547,Brijesh Shetty,wramaswamy@example.org,8415775723,Pune,NEW,2026-04-14
7548,Irya Purohit,sai00@example.com,0644008728,Kolkata,VALUE,2025-05-05
7549,Chandani Upadhyay,kavya78@example.com,0294398091,Hyderabad,VALUE,2025-06-05
7550,Ekanta Tara,qabil22@example.org,4119042560,Kolkata,GROWTH,2025-06-17
7551,Zayan Bahl,badamilekha@example.com,7155649293,Bengaluru,GROWTH,2024-07-17
7552,Chakradev Dey,tseth@example.net,4435271201,Hyderabad,GROWTH,2025-01-12
7553,Aarav Ganguly,mishraanita@example.org,3830785290,Hyderabad,GROWTH,2026-05-06
7554,Anamika Din,butalayashica@example.net,0406551803,Pune,GROWTH,2024-05-10
7555,Viraj Chana,kadebhavika@example.org,3165194933,Chennai,NEW,2026-05-06
7556,Logan Natarajan,radhakrishnanunni@example.org,0361854978,Delhi,GROWTH,2024-09-02
7557,Anay Sidhu,tataayaan@example.com,0567844913,Kolkata,VALUE,2024-09-23
7558,Devika Dube,hsahni@example.com,7337521831,Kolkata,VALUE,2024-01-13
7559,Utkarsh Char,daravrinda@example.net,8183356741,Delhi,GROWTH,2025-08-20
7560,Tripti Sinha,hdhar@example.org,1753083951,Jaipur,VALUE,2024-10-14
7561,Rajeshri Sharma,gsule@example.org,7080070163,Pune,VALUE,2025-02-17
7562,Jasmit Comar,banjeetlanka@example.com,5315518225,Delhi,VALUE,2025-06-06
7563,Ekalinga Varghese,yashica36@example.com,3542735567,Hyderabad,PREMIUM,2025-07-24
7564,Amara Virk,charniharika@example.net,1926206725,Kolkata,NEW,2026-05-10
7565,Saksham Aggarwal,iparmar@example.net,4188562577,Bengaluru,GROWTH,2025-05-15
7566,Ekaja Venkatesh,karpahal@example.com,5950967713,Jaipur,VALUE,2024-06-09
7567,Yoshita Malhotra,oliverdua@example.org,3543171953,Hyderabad,GROWTH,2025-09-25
7568,Osha Dutt,rbhatnagar@example.org,6318418054,Mumbai,GROWTH,2024-02-19
7569,Thomas Ganguly,harishkhanna@example.org,3507573130,Bengaluru,NEW,2026-01-29
7570,Azaan Patel,aryan96@example.org,3973409024,Chennai,GROWTH,2024-09-23
7571,Ati Gandhi,vedhika83@example.com,4903707852,Pune,PREMIUM,2025-10-12
7572,Osha Srivastava,latamekhala@example.org,3428551905,Jaipur,NEW,2024-05-21
7573,Zaitra Kadakia,abhasawhney@example.com,8660476893,Mumbai,GROWTH,2025-01-01
7574,Sachi Hans,sidhuchasmum@example.org,4882169460,Jaipur,VALUE,2025-09-17
7575,Leena Rau,devika41@example.net,4637999539,Chennai,GROWTH,2025-07-13
7576,Tanay Chadha,ypillay@example.com,6585042040,Mumbai,GROWTH,2024-01-06
7577,George Wagle,mchakraborty@example.com,0712781370,Jaipur,GROWTH,2024-02-01
7578,Upadhriti Zachariah,gagankapadia@example.org,4463566338,Bengaluru,NEW,2026-06-01
7579,Chaitaly Din,pranitprakash@example.org,5369231913,Chennai,VALUE,2025-04-20
7580,Janaki Oak,subramanianleena@example.org,2058145645,Pune,GROWTH,2026-02-09
7581,Oeshi Bajaj,harikrish@example.org,7074507862,Delhi,VALUE,2024-03-06
7582,Michael Keer,znori@example.net,1155527093,Mumbai,VALUE,2025-03-17
7583,Triveni Dhawan,sharafmason@example.com,6233549706,Pune,GROWTH,2025-06-02
7584,Urvi Dani,sbandi@example.com,4526781834,Bengaluru,PREMIUM,2026-04-08
7585,Yadavi Bala,contractorudarsh@example.net,8010834472,Delhi,GROWTH,2025-10-01
7586,Onveer Kari,davidbadami@example.com,3699547799,Delhi,VALUE,2025-07-19
7587,Daksh Banik,yashvi16@example.net,1653462497,Kolkata,VALUE,2024-09-21
7588,Diya Mahajan,mgrover@example.org,5979422701,Mumbai,GROWTH,2026-06-13
7589,Christopher Mand,advaithmadan@example.org,5661093253,Delhi,GROWTH,2024-10-21
7590,Sanya Naidu,chahaljasmit@example.net,0480316738,Chennai,PREMIUM,2024-09-07
7591,Ekavir Saxena,pallanathaniel@example.com,0443111248,Delhi,GROWTH,2025-10-13
7592,Watika Murthy,indrajitbrar@example.net,1854366864,Pune,NEW,2026-06-16
7593,Samaksh Vohra,wramesh@example.com,2382026443,Chennai,PREMIUM,2026-02-10
7594,Balveer Sethi,lgrewal@example.com,7732905614,Pune,GROWTH,2024-06-11
7595,Turvi Varkey,dugaryashvi@example.com,0889721474,Hyderabad,GROWTH,2026-01-03
7596,Ira Bhattacharyya,arjun38@example.com,2278183011,Kolkata,PREMIUM,2024-11-14
7597,Wakeeta Bhardwaj,bhagatgopal@example.net,6055457571,Pune,NEW,2024-07-18
7598,Kala Uppal,rachit22@example.com,3646708641,Hyderabad,GROWTH,2026-04-21
7599,Oliver Ravel,anikakumar@example.com,5243746100,Delhi,GROWTH,2026-05-04
7600,Yashasvi Lall,rattarachana@example.org,9044101688,Bengaluru,GROWTH,2024-11-29
7601,Nirja Jha,peter22@example.org,8589941415,Mumbai,PREMIUM,2024-01-24
7602,Nachiket Badal,srajan@example.net,8399043726,Delhi,NEW,2024-07-07
7603,Mohini Buch,libni18@example.org,5244264399,Bengaluru,NEW,2025-05-02
7604,Wazir Rastogi,ijayanazareth@example.net,1454308061,Mumbai,VALUE,2024-02-23
7605,Pranit Contractor,menontheodore@example.org,6596581650,Delhi,VALUE,2024-07-23
7606,Gauri Chakrabarti,contractorvasudha@example.org,1962321697,Bengaluru,PREMIUM,2024-05-14
7607,Mohammed Zacharia,inaya60@example.com,6768613125,Chennai,GROWTH,2026-05-06
7608,Guneet Vaidya,valaparth@example.org,3820852643,Mumbai,NEW,2024-11-15
7609,Avi Suresh,sachdevishaan@example.com,1796244147,Bengaluru,VALUE,2024-12-08
7610,Neelima Rama,vorawarda@example.org,5319687289,Delhi,NEW,2025-01-14
7611,Jagat Batta,harinikapur@example.net,8643006329,Delhi,PREMIUM,2024-01-12
7612,Kevin Kanda,riya32@example.com,8136752124,Mumbai,VALUE,2025-05-03
7613,Manan Dhawan,danielparmar@example.com,0202653078,Hyderabad,VALUE,2026-04-01
7614,Vihaan Kapur,kapoorraagini@example.com,1610270379,Pune,PREMIUM,2026-01-02
7615,Yasti Sarkar,rachit57@example.org,1280092077,Kolkata,VALUE,2024-08-13
7616,Suhani Batra,ygrover@example.com,5650910368,Pune,PREMIUM,2024-01-13
7617,Diya Basu,aaravlala@example.net,5951618323,Chennai,GROWTH,2025-11-27
7618,Vritti Narang,wyogi@example.org,0322062372,Jaipur,GROWTH,2026-01-27
7619,Yasti Sachdev,sarmaluke@example.org,8907664754,Bengaluru,VALUE,2026-04-09
7620,Rayaan Nigam,varshabehl@example.org,3102242583,Kolkata,NEW,2025-06-03
7621,Sanaya Arya,ybora@example.com,7499109718,Jaipur,PREMIUM,2025-03-02
7622,Riya Keer,rajuvaishnavi@example.org,9941234225,Chennai,PREMIUM,2025-11-11
7623,Onkar Kamdar,jbera@example.org,2514229747,Kolkata,PREMIUM,2025-09-13
7624,Ekantika Narayan,fariq02@example.com,1475682239,Mumbai,GROWTH,2025-11-12
7625,Brijesh Nadkarni,gunbirbabu@example.net,1618483865,Jaipur,NEW,2024-09-12
7626,Bachittar Parmar,agastyajhaveri@example.org,6318059564,Chennai,GROWTH,2026-03-23
7627,Girik Vohra,chadhadaksha@example.net,7344040109,Mumbai,GROWTH,2024-02-03
7628,Tristan Varty,jasonkhanna@example.net,0258096684,Delhi,VALUE,2024-03-25
7629,Ati Lall,ekalinga53@example.org,9958140458,Pune,VALUE,2025-08-12
7630,Deepa Pillai,vartyoliver@example.org,2693520119,Hyderabad,PREMIUM,2025-05-29
7631,Henry Bose,subramaniamvihaan@example.org,5617459943,Bengaluru,VALUE,2025-05-13
7632,Devansh Morar,turvidhar@example.net,9481609590,Hyderabad,PREMIUM,2026-03-29
7633,Charan Chaudry,hgola@example.com,2789111969,Jaipur,NEW,2026-02-22
7634,Utkarsh Naidu,nbora@example.net,4303928572,Hyderabad,GROWTH,2025-10-09
7635,Rushil Rattan,mittallohit@example.org,9385312170,Delhi,VALUE,2024-05-28
7636,Ishaan Nair,grastogi@example.org,8201740559,Bengaluru,PREMIUM,2024-03-27
7637,Falan Barad,atwalveda@example.net,4495507973,Mumbai,VALUE,2024-05-05
7638,Shravya Sekhon,ssane@example.org,6541828858,Pune,PREMIUM,2025-07-06
7639,Lucky Kata,vshan@example.org,6707061987,Kolkata,GROWTH,2025-10-03
7640,Amara Parikh,ywagle@example.com,1615572811,Kolkata,GROWTH,2025-12-20
7641,Yauvani Manne,kashvikorpal@example.net,8078879380,Pune,GROWTH,2024-04-02
7642,Nisha Solanki,guhaekantika@example.com,4131851321,Kolkata,GROWTH,2024-09-04
7643,Aryan Kata,karajason@example.net,4207854812,Hyderabad,VALUE,2024-10-31
7644,Prisha Misra,qlal@example.net,0806299695,Pune,VALUE,2025-07-23
7645,Dominic Sankaran,jairaj95@example.com,7805828889,Delhi,GROWTH,2024-02-11
7646,Krish Nagar,onkar33@example.com,3362535010,Chennai,NEW,2026-01-26
7647,Tejas Tara,benjamin25@example.net,3490331770,Chennai,VALUE,2024-03-13
7648,Jagat Pant,garima10@example.net,8687258544,Delhi,VALUE,2025-04-16
7649,Jasmit Sethi,harshilsawhney@example.org,5023764249,Chennai,VALUE,2026-04-19
7650,Manan Sarna,virksneha@example.com,1341880917,Pune,GROWTH,2024-06-23
7651,Hemang Upadhyay,yagnesh15@example.net,2833752647,Bengaluru,VALUE,2025-09-10
7652,Sathvik Barad,rmani@example.com,7790679753,Chennai,PREMIUM,2025-05-09
7653,Gaurang Narula,senkrish@example.com,3613231082,Bengaluru,VALUE,2026-01-07
7654,Daksha Gade,xalak77@example.com,7380660103,Bengaluru,PREMIUM,2025-06-13
7655,Utkarsh Gill,yastidani@example.net,3469044508,Mumbai,VALUE,2026-02-02
7656,Gautam Prashad,isaran@example.org,1751607669,Bengaluru,GROWTH,2024-12-28
7657,Ekapad Palan,ranveer24@example.com,1439222373,Kolkata,VALUE,2024-05-27
7658,Yug Sant,choudhuryadvay@example.net,6437661034,Jaipur,PREMIUM,2025-09-03
7659,Arjun Shukla,sanematthew@example.org,6135803797,Pune,NEW,2026-05-20
7660,Charita Manne,xkumer@example.com,7038616781,Chennai,VALUE,2025-01-24
7661,Urishilla Kumar,fjaggi@example.com,7157149931,Chennai,NEW,2026-01-07
7662,Patrick Das,paiethan@example.com,2929231109,Hyderabad,VALUE,2026-02-28
7663,Ishanvi Mander,ishwar90@example.com,7902767823,Hyderabad,GROWTH,2025-08-03
7664,Vidhi Loyal,madanarunima@example.com,0412335708,Chennai,PREMIUM,2025-12-13
7665,Panini Bhatt,puribhavya@example.net,6357489765,Kolkata,VALUE,2025-05-21
7666,Aarush Nayar,williambakshi@example.com,9630462277,Hyderabad,GROWTH,2025-12-25
7667,Neel Gandhi,zbhattacharyya@example.net,3260255266,Chennai,VALUE,2024-10-29
7668,Yochana Chandra,contractorvarenya@example.net,5306370325,Hyderabad,PREMIUM,2025-04-18
7669,Ekbal Mangat,zarna42@example.com,0646303551,Bengaluru,GROWTH,2024-03-11
7670,Vedant Mital,amrutarege@example.com,6201292530,Bengaluru,NEW,2024-06-25
7671,Varsha Raju,kamdardavid@example.com,1090190031,Delhi,VALUE,2025-06-05
7672,Aadhya Jani,vinaya39@example.org,4956140389,Hyderabad,NEW,2025-10-13
7673,Shivani Mani,mpandit@example.com,0490346385,Pune,VALUE,2024-01-27
7674,Kabir Dass,neelmahajan@example.org,4849243643,Pune,GROWTH,2024-03-03
7675,Bhavya Khurana,jalsa13@example.org,3716655274,Jaipur,VALUE,2024-01-06
7676,Ayush Doshi,ekapadrege@example.net,0371952894,Delhi,VALUE,2025-04-10
7677,Ijaya Balan,amrita32@example.org,8047060587,Kolkata,VALUE,2024-10-28
7678,Rachit Dada,anyasagar@example.net,5413308507,Kolkata,PREMIUM,2024-02-17
7679,Ojasvi Purohit,indaliparekh@example.org,8090788999,Hyderabad,VALUE,2025-12-15
7680,Tripti Dasgupta,jtaneja@example.net,7164075160,Bengaluru,GROWTH,2025-04-20
7681,Ojasvi Sachdev,watikasolanki@example.com,9296668622,Bengaluru,NEW,2024-01-10
7682,Faras Agarwal,chatreshmorar@example.org,6530578641,Pune,VALUE,2025-09-09
7683,Dhriti Ramesh,gdara@example.net,1834182762,Kolkata,VALUE,2026-03-31
7684,Arunima Ghosh,lucky71@example.net,4591109713,Pune,VALUE,2025-01-12
7685,Krish Dave,usandal@example.com,3079679548,Chennai,VALUE,2026-05-04
7686,Thomas Luthra,isha53@example.net,3912165629,Pune,GROWTH,2025-01-10
7687,Elijah Joshi,advikabadami@example.org,2565298600,Delhi,PREMIUM,2024-03-10
7688,Pallavi Kant,vidhi69@example.com,7804303252,Chennai,VALUE,2024-04-20
7689,Vinaya Parmar,kamala44@example.org,9024088815,Delhi,VALUE,2024-03-01
7690,Girindra Som,hramaswamy@example.net,9090233807,Jaipur,GROWTH,2024-09-28
7691,Ekbal Narang,mason53@example.org,5099253933,Jaipur,VALUE,2024-12-12
7692,Daksha Majumdar,mekhalakata@example.org,1171562632,Chennai,GROWTH,2025-02-03
7693,Jai Mahal,borahguneet@example.net,3968319159,Bengaluru,NEW,2025-03-08
7694,Avi Gala,hgill@example.net,6242406783,Pune,VALUE,2026-02-16
7695,Yatan Palla,ranbirbadal@example.org,1822726314,Pune,GROWTH,2024-01-11
7696,Tanvi Modi,balakrishnanirya@example.com,8975974468,Pune,NEW,2026-03-19
7697,Jalsa Saraf,sara23@example.net,1254216924,Chennai,PREMIUM,2024-08-03
7698,Logan Puri,adasgupta@example.net,9291775445,Mumbai,PREMIUM,2026-05-08
7699,Imaran Rajagopal,bosepushti@example.org,9401672239,Delhi,PREMIUM,2024-05-01
7700,Vrishti Dave,kohliraagini@example.net,1627959240,Bengaluru,GROWTH,2024-03-31
7701,Tejas Bhavsar,daniel69@example.com,7388513114,Chennai,GROWTH,2024-04-19
7702,Lakshmi Natt,patelfaqid@example.net,4550859452,Hyderabad,PREMIUM,2024-09-23
7703,Nakul Goswami,chakradhar47@example.com,0753123428,Chennai,PREMIUM,2026-04-27
7704,Reva Prashad,iryabanik@example.org,5007185921,Bengaluru,PREMIUM,2025-02-20
7705,George Misra,valachasmum@example.net,1169743192,Jaipur,GROWTH,2024-05-28
7706,Atharv Kalita,ememon@example.com,8318861542,Bengaluru,NEW,2025-07-31
7707,Aarnav Gola,qabilgala@example.net,6788072923,Kolkata,VALUE,2025-04-02
7708,Hemal Bhatt,isha63@example.org,8011248715,Hyderabad,VALUE,2025-09-24
7709,Anika Mani,qreddy@example.org,1516673168,Hyderabad,VALUE,2025-10-29
7710,Mohini Srivastava,udantnayak@example.org,1928183996,Chennai,VALUE,2025-12-08
7711,Pranit Walla,tankkrish@example.org,9721107257,Bengaluru,PREMIUM,2024-05-16
7712,Aadi Mital,ghoshekaraj@example.org,0453639524,Mumbai,VALUE,2025-03-22
7713,Wridesh Kaur,naiduethan@example.org,5453070744,Hyderabad,PREMIUM,2025-07-21
7714,Zayyan Patel,sudikshachada@example.net,5161642660,Kolkata,GROWTH,2025-05-15
7715,Kritika Chacko,pandeygagan@example.com,4950093176,Mumbai,VALUE,2026-05-25
7716,Vasatika Master,qsaini@example.org,9727440392,Hyderabad,VALUE,2026-05-14
7717,Manthan Parmar,krishna23@example.org,8875805458,Pune,GROWTH,2025-12-31
7718,Ishwar Lad,kumertara@example.net,3482531041,Pune,PREMIUM,2024-08-04
7719,Zansi Shukla,graval@example.net,6549787912,Hyderabad,GROWTH,2025-04-21
7720,Tanay Bhatt,amaira34@example.net,1845931946,Delhi,VALUE,2025-12-24
7721,Abhiram Mann,umahal@example.net,6514487187,Delhi,VALUE,2024-08-29
7722,Ekanta Mangal,ekiyakuruvilla@example.com,6746210803,Hyderabad,VALUE,2025-10-02
7723,Ridhi Tandon,vanshajohal@example.org,8781557957,Kolkata,VALUE,2024-08-12
7724,Pavani Chandran,advaithbarman@example.org,1604187552,Delhi,NEW,2024-05-06
7725,Charles Wadhwa,magartanmayi@example.org,9089679004,Jaipur,VALUE,2024-08-03
7726,Yadavi Behl,zravel@example.org,0144347946,Pune,VALUE,2026-04-13
7727,Harish Wason,bhavanigoda@example.com,8351748646,Delhi,NEW,2026-06-14
7728,Yagnesh Chada,chakradhardara@example.org,3485353326,Bengaluru,PREMIUM,2026-02-08
7729,Samuel Chad,maniadvik@example.org,2113010513,Mumbai,GROWTH,2024-09-01
7730,George Bhattacharyya,chakrabortylaban@example.net,3255149239,Jaipur,GROWTH,2025-12-02
7731,Veer Sant,krish07@example.net,9681010696,Chennai,NEW,2024-07-15
7732,Nitara Garde,wasonwarda@example.net,1225584451,Bengaluru,VALUE,2024-04-24
7733,Alexander Sunder,guneet46@example.com,9590384353,Bengaluru,VALUE,2024-08-20
7734,Tanmayi Chatterjee,psahni@example.org,9172974070,Chennai,NEW,2024-05-05
7735,Nidra Vohra,fbasu@example.org,0001717549,Delhi,PREMIUM,2025-07-30
7736,Pallavi Mitra,warinder73@example.com,9065452607,Bengaluru,NEW,2025-09-06
7737,Ganga Sha,finn43@example.com,1198888429,Mumbai,VALUE,2024-02-02
7738,Niharika Agate,ekanipanchal@example.net,7319283406,Chennai,NEW,2024-04-06
7739,Priya Hora,priya22@example.org,1042163404,Pune,VALUE,2025-03-07
7740,Ekbal Pradhan,tara66@example.org,0747746406,Hyderabad,PREMIUM,2024-04-11
7741,Praneel Hayre,surdamyanti@example.net,3639625593,Mumbai,NEW,2026-01-15
7742,Netra Bandi,chandmitesh@example.com,8463545238,Bengaluru,VALUE,2024-12-26
7743,Qasim Hayer,karakashvi@example.net,8683628206,Kolkata,VALUE,2025-01-06
7744,Qasim Thakkar,pillayharrison@example.com,7203570463,Mumbai,GROWTH,2024-01-05
7745,Gautami Nayak,prabhakarchameli@example.org,3741306456,Mumbai,NEW,2025-09-23
7746,Eta Devi,mukhopadhyayyashodhara@example.net,4417315611,Delhi,VALUE,2025-10-11
7747,Bhavya Chandran,bnayak@example.org,2122048604,Kolkata,NEW,2025-11-11
7748,Bimala Dube,libni95@example.com,2454779174,Delhi,VALUE,2025-05-01
7749,Netra Rege,dipta69@example.com,7433823498,Chennai,GROWTH,2024-08-30
7750,Balhaar Chauhan,xpatel@example.com,9492268457,Jaipur,VALUE,2024-03-11
7751,Faqid Kunda,dyalyatan@example.com,7105400456,Pune,NEW,2024-10-11
7752,Lucky Bahl,bathfinn@example.net,6798463665,Hyderabad,VALUE,2025-05-04
7753,Neelima Samra,kiaan29@example.org,1313322604,Mumbai,GROWTH,2024-04-14
7754,Samesh Venkataraman,aryan15@example.org,8363359709,Delhi,VALUE,2024-02-18
7755,Kabir Deshmukh,ksani@example.net,5073376138,Mumbai,NEW,2024-07-14
7756,Arunima Barad,onkar01@example.org,9445681642,Jaipur,PREMIUM,2024-03-04
7757,Ekaja Kata,sharaflaban@example.org,2297125423,Mumbai,VALUE,2024-01-13
7758,Qarin Goda,mitaltristan@example.com,3847985684,Delhi,VALUE,2025-03-12
7759,Kashish Purohit,rachitbakshi@example.net,0573939761,Kolkata,GROWTH,2025-11-01
7760,Ayaan Chandran,chamelichad@example.net,6559252670,Hyderabad,GROWTH,2025-03-25
7761,Faqid Comar,ubika78@example.com,8804616417,Bengaluru,NEW,2024-03-23
7762,Aahana Warrior,bhavyachoudhry@example.net,3079309430,Pune,GROWTH,2024-11-01
7763,Shaurya Kapoor,sanayadixit@example.org,1699304209,Chennai,GROWTH,2024-02-01
7764,Reyansh Kari,shanupkaar@example.com,9445587014,Jaipur,PREMIUM,2025-07-13
7765,Januja Golla,ochaudhary@example.org,1564706632,Hyderabad,GROWTH,2024-07-28
7766,Jackson Kala,gbiswas@example.com,7682802869,Pune,VALUE,2024-12-14
7767,Yagnesh Kumar,kkumar@example.com,8538281752,Jaipur,VALUE,2026-03-22
7768,Nisha Mander,sathvik52@example.com,2086404628,Hyderabad,VALUE,2025-06-12
7769,Jonathan Kalita,yatin55@example.net,2152220340,Bengaluru,GROWTH,2025-11-19
7770,Quincy Tella,jagdish54@example.org,8825712898,Jaipur,VALUE,2024-11-10
7771,Chanchal Misra,yuvraj60@example.com,0519947876,Mumbai,GROWTH,2026-04-17
7772,Priya Ahluwalia,waidadatta@example.com,9098699333,Delhi,VALUE,2025-10-05
7773,Aishani Vala,aarnavzachariah@example.net,6784937209,Chennai,PREMIUM,2025-04-09
7774,Pushti Hans,nidhi06@example.com,5635820485,Jaipur,VALUE,2025-06-05
7775,Owen Bhagat,misracharita@example.net,7052163621,Delhi,GROWTH,2025-07-14
7776,Yug Sarkar,jananibedi@example.net,2374788602,Kolkata,VALUE,2024-05-24
7777,Urvashi Kibe,phanda@example.com,9805277280,Kolkata,VALUE,2024-08-14
7778,Jalsa Goel,vedika90@example.org,8852339879,Jaipur,VALUE,2025-09-09
7779,Vincent Parekh,ishani08@example.net,6928895430,Hyderabad,GROWTH,2025-01-31
7780,George Natt,sanghasaksham@example.net,4067546986,Bengaluru,PREMIUM,2025-12-06
7781,Leela Raval,bhavya54@example.com,8014216102,Chennai,VALUE,2025-04-18
7782,Gaurangi Bhatti,nagipratyush@example.net,4401728942,Mumbai,PREMIUM,2024-02-29
7783,Vinaya Ramakrishnan,ppadmanabhan@example.com,2250086435,Kolkata,GROWTH,2025-08-21
7784,Kala Koshy,kumarurvi@example.com,3712064256,Pune,GROWTH,2025-07-02
7785,Omaja Saha,pandyameghana@example.net,8278212303,Hyderabad,GROWTH,2024-11-24
7786,Henry Lata,dhritibhagat@example.com,4650939520,Chennai,VALUE,2025-12-12
7787,Kala Kanda,vorawarjas@example.com,4689035618,Pune,PREMIUM,2024-11-11
7788,Nidhi Prabhakar,ayushman27@example.com,1802963204,Chennai,PREMIUM,2024-04-13
7789,Bhavya Sathe,adweta70@example.org,5621837947,Kolkata,PREMIUM,2024-04-19
7790,Meera Saraf,peter95@example.org,4386220065,Jaipur,VALUE,2026-03-22
7791,Viraj Nigam,sakshamsangha@example.net,2596072822,Jaipur,PREMIUM,2024-12-04
7792,Nikita Datta,lajitakar@example.com,6952181048,Chennai,VALUE,2025-01-08
7793,Zaid Dube,dubeyharshil@example.org,7738579435,Pune,GROWTH,2024-10-01
7794,Samaksh Rama,luthrahiral@example.com,9563517060,Bengaluru,VALUE,2025-10-26
7795,Matthew Mishra,manilopa@example.org,8592940815,Delhi,VALUE,2025-06-28
7796,Hamsini Soman,mparsa@example.com,1407498860,Hyderabad,GROWTH,2026-03-20
7797,Naksh Shankar,anshsampath@example.com,8415924969,Kolkata,NEW,2026-03-16
7798,Ronith Kapur,thora@example.net,0177638233,Mumbai,VALUE,2026-06-09
7799,Anika Kala,sagarkeya@example.org,0874923493,Chennai,GROWTH,2024-10-23
7800,Nirja Narasimhan,ekantika77@example.org,4786890326,Mumbai,GROWTH,2025-06-09
7801,Yatin Bal,laljagrati@example.com,4236251269,Hyderabad,NEW,2024-11-07
7802,Harrison Ramaswamy,rehaan62@example.org,6850178110,Mumbai,PREMIUM,2025-09-25
7803,Chaman Singhal,fariskakar@example.org,9481397773,Pune,VALUE,2025-11-04
7804,Faras Sagar,falanbatra@example.net,0814496819,Kolkata,VALUE,2024-08-14
7805,Irya Kapur,dalalbanjeet@example.org,1294201025,Kolkata,GROWTH,2026-02-12
7806,Harrison Ramesh,msinha@example.net,1112454382,Pune,VALUE,2024-09-18
7807,Triya Chakrabarti,bandisanaya@example.net,1596712123,Mumbai,NEW,2026-06-03
7808,Yash Bajaj,gvarty@example.net,0986970087,Chennai,NEW,2026-02-04
7809,Sathvik Som,asethi@example.net,3068272732,Delhi,NEW,2024-01-17
7810,Ladli Bhargava,brajan@example.net,3323773299,Bengaluru,VALUE,2024-12-24
7811,Ojas Agrawal,ryan31@example.com,1872433879,Chennai,PREMIUM,2024-12-15
7812,Anusha Yadav,bachittar98@example.org,5289188700,Pune,PREMIUM,2026-01-10
7813,Vasatika Bahl,dominicgole@example.com,3530578406,Delhi,VALUE,2025-10-13
7814,Libni Maharaj,chaayabasu@example.org,1524553352,Kolkata,VALUE,2024-02-15
7815,Jacob Deep,chatura54@example.org,6744163909,Hyderabad,VALUE,2026-01-26
7816,Bhavika Rao,atipuri@example.net,2471422357,Jaipur,GROWTH,2024-07-15
7817,Chameli Sathe,vanya38@example.com,9068061928,Chennai,NEW,2024-11-28
7818,Qarin Naik,edhithakala@example.com,4169453212,Chennai,NEW,2024-06-02
7819,Maanas Gala,jhalakvarughese@example.org,6929815185,Pune,VALUE,2024-05-21
7820,Chaman Padmanabhan,nayarvincent@example.net,5466041947,Kolkata,GROWTH,2025-04-19
7821,Samesh Halder,baghyawati96@example.org,0870796520,Mumbai,VALUE,2024-03-17
7822,Triveni Dewan,baniksamarth@example.org,5047639631,Chennai,VALUE,2024-03-13
7823,Advay Kale,balendragaba@example.org,4596378206,Delhi,VALUE,2025-12-08
7824,Adweta Tiwari,deshmukhladli@example.net,5519211921,Hyderabad,GROWTH,2024-11-05
7825,Imaran Golla,hbhasin@example.com,0305146618,Kolkata,PREMIUM,2025-08-06
7826,Leela Master,yashicapant@example.com,5553178917,Kolkata,NEW,2026-06-06
7827,Gaurang Rout,januja50@example.com,2419870479,Bengaluru,NEW,2024-02-15
7828,Atharv Sabharwal,chandaunnati@example.net,3193150493,Hyderabad,VALUE,2025-12-15
7829,Tejas Narasimhan,tchand@example.org,5024828438,Chennai,PREMIUM,2024-04-08
7830,Indrajit Bali,isaini@example.com,2864570366,Hyderabad,VALUE,2025-11-15
7831,Lopa Chokshi,utkarsh67@example.com,0731997993,Mumbai,GROWTH,2024-10-02
7832,Inaya Bala,kuriangaurav@example.org,0069353320,Bengaluru,GROWTH,2024-05-01
7833,Nandini Koshy,thakerbanjeet@example.org,0608225029,Hyderabad,VALUE,2024-07-24
7834,Bahadurjit Bumb,mayamajumdar@example.net,8677838985,Chennai,VALUE,2024-11-24
7835,Upkaar Kata,jainekanta@example.net,5847341838,Jaipur,VALUE,2025-10-18
7836,Anita Kale,hkuruvilla@example.net,0780643703,Chennai,VALUE,2025-09-04
7837,Oni Subramaniam,nidhi42@example.com,5152422220,Hyderabad,NEW,2025-10-17
7838,Anusha Walla,vyanjananigam@example.net,4015414466,Pune,VALUE,2024-01-20
7839,Baghyawati Bath,gautamsavant@example.com,0840222505,Kolkata,GROWTH,2026-05-27
7840,Gaurang Bhatia,ahujajanani@example.org,6309445114,Hyderabad,NEW,2025-01-25
7841,Radha Tak,wgill@example.com,1890236866,Hyderabad,GROWTH,2024-04-10
7842,Baljiwan Borah,lekha33@example.com,6819893651,Mumbai,GROWTH,2026-04-15
7843,Gavin Chawla,aarinihanda@example.com,0737375090,Kolkata,NEW,2025-12-14
7844,Advaith Mandal,bhasinaryan@example.org,0348283107,Kolkata,VALUE,2024-03-15
7845,Aryan Batta,gangulyzashil@example.org,7632040749,Mumbai,VALUE,2025-01-28
7846,Neel Barad,borakevin@example.com,2297855438,Bengaluru,GROWTH,2026-03-26
7847,Omisha Sahni,yprashad@example.org,4622573962,Bengaluru,GROWTH,2025-09-06
7848,Netra Bali,irao@example.com,5655907066,Jaipur,PREMIUM,2024-06-24
7849,Balveer Koshy,urishilla87@example.com,1337555849,Delhi,VALUE,2025-09-22
7850,Maanas Dara,indrajit12@example.net,9871136752,Mumbai,GROWTH,2024-06-19
7851,Aarna Thaker,yachana42@example.org,8154279463,Bengaluru,PREMIUM,2024-11-12
7852,Chasmum Lal,ygill@example.com,2727995037,Chennai,NEW,2024-06-24
7853,Darpan Kadakia,manthan19@example.com,2283916510,Mumbai,VALUE,2025-09-16
7854,Rudra Borde,maniurvashi@example.net,0595315714,Chennai,VALUE,2026-04-18
7855,Darsh Sridhar,jainrachana@example.com,1150198097,Pune,NEW,2024-02-10
7856,Vedika Chaudhry,sarkarekaraj@example.net,9558869123,Kolkata,GROWTH,2025-06-27
7857,Lavanya Bhargava,svohra@example.net,1892711418,Delhi,VALUE,2024-08-11
7858,Ekiya Srivastava,dualeena@example.org,5262833367,Mumbai,VALUE,2025-11-06
7859,Gabriel Tandon,siyamorar@example.org,6110024710,Delhi,PREMIUM,2024-05-05
7860,Samar Deshmukh,inaya50@example.net,1136738836,Jaipur,GROWTH,2024-11-25
7861,Dayamai Babu,wkhare@example.org,7452595111,Pune,GROWTH,2024-07-04
7862,Chavvi Shetty,chakradharverma@example.com,6112467043,Chennai,NEW,2026-02-24
7863,Neel Verma,kapadiayoshita@example.org,9723050987,Kolkata,VALUE,2024-03-15
7864,Bimala Chanda,onkar98@example.com,1554148644,Chennai,VALUE,2025-06-07
7865,Kevin Walla,watikabhargava@example.com,0446541480,Mumbai,GROWTH,2024-04-18
7866,Chandani Nadig,rkashyap@example.com,7368785515,Chennai,NEW,2025-06-23
7867,Vedhika Borde,madhavi34@example.com,1307928985,Pune,VALUE,2025-11-22
7868,Rajata Soni,vasana49@example.com,4574630967,Delhi,PREMIUM,2025-11-08
7869,Vritti Rai,jairaj31@example.org,8665925407,Chennai,VALUE,2024-01-31
7870,Priya Guha,bobalkashish@example.org,8428154431,Hyderabad,VALUE,2025-11-27
7871,William Buch,ethanwali@example.org,2877314031,Delhi,NEW,2024-09-24
7872,Xalak Mitra,isha88@example.org,7435005600,Bengaluru,VALUE,2025-09-05
7873,Ladli Das,rohansandal@example.net,9913434478,Hyderabad,VALUE,2026-05-17
7874,Omkaar Krish,crajagopalan@example.net,7818716460,Bengaluru,PREMIUM,2024-04-17
7875,Jagat Pall,vincentdivan@example.org,9059784613,Bengaluru,GROWTH,2024-11-22
7876,Chanakya Borra,harrison13@example.net,6231688100,Pune,GROWTH,2026-02-19
7877,Fitan Nayak,noah25@example.net,9612683040,Hyderabad,PREMIUM,2024-05-07
7878,Garima Behl,bhavini57@example.org,4250019304,Hyderabad,VALUE,2024-08-22
7879,Rachita Goyal,fariqsingh@example.com,4584117920,Kolkata,PREMIUM,2025-05-09
7880,Ekalinga Ray,bhallagabriel@example.net,1955674575,Delhi,VALUE,2026-06-15
7881,Hemangini Nazareth,nathanmall@example.com,7050793939,Bengaluru,VALUE,2024-09-22
7882,Ekantika Gill,srivastavaraghav@example.org,3748448921,Delhi,PREMIUM,2024-12-12
7883,Devika Borde,masterfarhan@example.com,6047482814,Jaipur,VALUE,2025-12-17
7884,Liam Patla,udantsarna@example.com,3031522612,Mumbai,NEW,2024-04-17
7885,Vidhi Bhattacharyya,tmajumdar@example.com,2866634375,Kolkata,NEW,2024-10-21
7886,Anya Verma,kavya17@example.org,9916896999,Mumbai,NEW,2024-10-11
7887,Pooja Ramakrishnan,abdulbhavsar@example.com,3823886639,Bengaluru,VALUE,2024-12-26
7888,Yashawini Kant,adweta87@example.com,0704584421,Chennai,VALUE,2025-05-31
7889,Azaan Pingle,saumya81@example.com,5489015484,Kolkata,NEW,2024-07-18
7890,Harini Sant,salvimahika@example.com,1256017986,Mumbai,GROWTH,2024-12-18
7891,Ijaya Ratti,girik72@example.net,0492233388,Mumbai,PREMIUM,2026-04-05
7892,Jasmit Patla,jkrishna@example.org,4110054964,Jaipur,NEW,2026-01-15
7893,Madhav Gour,radhabera@example.org,5025807545,Bengaluru,VALUE,2026-05-10
7894,Gabriel Shah,tchander@example.com,2420926531,Mumbai,VALUE,2025-09-05
7895,Madhavi Raval,oscardass@example.net,4253076863,Pune,GROWTH,2025-06-08
7896,Janaki Ravel,ganga31@example.net,3870869872,Delhi,GROWTH,2024-07-11
7897,Atharv Lad,fnadig@example.com,6920412042,Kolkata,VALUE,2024-05-22
7898,Abhiram Soni,bina18@example.net,5146021277,Jaipur,GROWTH,2025-04-29
7899,Brijesh Butala,nathamrita@example.org,8477106064,Kolkata,PREMIUM,2024-12-30
7900,Anvi Choudhry,venkataramanekta@example.net,7410132387,Bengaluru,GROWTH,2025-12-09
7901,Abdul Radhakrishnan,zarnaarya@example.net,4388645780,Delhi,VALUE,2024-01-09
7902,Pranit Lad,nathaniel07@example.net,2593698072,Hyderabad,PREMIUM,2026-03-13
7903,Yauvani Saxena,schhabra@example.net,2066672044,Bengaluru,PREMIUM,2024-06-02
7904,Abdul Aggarwal,shethpooja@example.com,3156449226,Jaipur,NEW,2024-12-21
7905,Nilima Bhargava,karaharrison@example.org,6182501812,Pune,VALUE,2024-11-16
7906,Harish Sunder,qbains@example.net,9111624979,Jaipur,NEW,2026-04-12
7907,Lohit Amble,vvenkataraman@example.org,0430380805,Kolkata,PREMIUM,2025-10-10
7908,Nikita Ganguly,sara49@example.net,3533427168,Pune,PREMIUM,2024-02-02
7909,Yachana Choudhry,samivedika@example.org,9961950235,Delhi,VALUE,2026-02-06
7910,Indali Edwin,bnagi@example.com,3607330056,Delhi,VALUE,2025-09-01
7911,Veer Dhar,voraqushi@example.com,7160950922,Delhi,GROWTH,2024-03-02
7912,Pratyush Gill,vwarrior@example.org,7934007037,Chennai,VALUE,2025-12-04
7913,Bhanumati Arya,bgokhale@example.org,7018316646,Mumbai,VALUE,2024-01-31
7914,Urishilla Narain,madhav85@example.com,6119274119,Jaipur,NEW,2025-01-17
7915,Reyansh Parmar,darpan15@example.com,9499434084,Mumbai,VALUE,2024-05-25
7916,Azad Agarwal,pillaiandrew@example.com,9907490263,Jaipur,NEW,2024-01-10
7917,George Barad,gaurav18@example.net,3283351499,Pune,GROWTH,2025-05-18
7918,Sneha D’Alia,buchlajita@example.net,2182949722,Delhi,NEW,2025-09-10
7919,Kashish Chaudry,fwarrior@example.org,7553433600,Delhi,VALUE,2025-03-07
7920,Yatin Palan,yasti08@example.com,2343524096,Hyderabad,GROWTH,2024-11-04
7921,Dipta Hari,krishnannetra@example.com,7914695425,Bengaluru,GROWTH,2025-04-07
7922,Saanvi Dhingra,dprasad@example.net,7260056307,Bengaluru,NEW,2024-05-16
7923,Karan Amble,raiedhitha@example.com,2240951205,Chennai,VALUE,2024-02-14
7924,Bimala Dalal,deyrehaan@example.org,2192835198,Mumbai,VALUE,2024-05-21
7925,Vrishti Baria,bhavnagour@example.net,4374979069,Mumbai,NEW,2024-02-18
7926,Wridesh Balakrishnan,nhegde@example.net,2308153864,Pune,VALUE,2025-11-23
7927,Anay Bora,dpadmanabhan@example.org,8402813401,Jaipur,GROWTH,2025-07-01
7928,Charita Chaudry,irashetty@example.org,9597847110,Bengaluru,VALUE,2024-06-17
7929,Forum Kibe,cherianpahal@example.net,6826440033,Jaipur,VALUE,2025-05-27
7930,Faras Natarajan,idika12@example.org,8284546871,Bengaluru,GROWTH,2025-03-11
7931,Yashvi Chandran,david23@example.net,9174637271,Bengaluru,GROWTH,2024-04-10
7932,Bhavna Singh,nwason@example.net,7538356919,Delhi,GROWTH,2026-05-23
7933,Suhani Mani,chaitanyajain@example.net,3414288498,Hyderabad,GROWTH,2026-04-24
7934,Balhaar Gill,merchantudyati@example.com,6349726852,Hyderabad,PREMIUM,2025-11-13
7935,Yashvi Kapoor,maharajaarnav@example.net,7390665008,Pune,NEW,2025-12-28
7936,Lekha Kapadia,vgour@example.com,6004495362,Mumbai,VALUE,2025-05-07
7937,Widisha Bakshi,naveendora@example.com,7480167995,Mumbai,VALUE,2025-12-24
7938,Ucchal D’Alia,samaksh76@example.org,8933804077,Hyderabad,VALUE,2025-04-20
7939,Gunbir Kapadia,ahluwaliajagvi@example.org,6319373955,Delhi,PREMIUM,2024-05-29
7940,Zashil Khatri,saidayal@example.com,4839958483,Mumbai,VALUE,2024-05-30
7941,Akshay Nagar,banjeetsankaran@example.com,3709968818,Pune,PREMIUM,2026-02-07
7942,Ekantika Padmanabhan,rpillay@example.net,1534674273,Jaipur,GROWTH,2025-02-05
7943,Kashish Mohan,patlawidisha@example.org,2780097731,Chennai,GROWTH,2025-10-18
7944,Arunima Grover,khoslatanmayi@example.com,5297035254,Mumbai,NEW,2024-05-10
7945,Oni Sani,urmikumer@example.com,8912726129,Jaipur,GROWTH,2025-02-07
7946,Chanchal Parmer,toorzaitra@example.org,2800249678,Chennai,GROWTH,2024-03-16
7947,Zinal Sanghvi,rattanliam@example.net,0382769067,Pune,VALUE,2024-07-17
7948,Krishna Bhavsar,zaitra17@example.org,2614521891,Mumbai,GROWTH,2024-04-08
7949,Lipika Narula,oni72@example.net,0336376562,Chennai,VALUE,2024-07-06
7950,Tripti Khosla,krishna79@example.org,9480044944,Delhi,NEW,2025-06-29
7951,Sneha Mahajan,sanghvisimon@example.com,1542936968,Pune,GROWTH,2024-01-05
7952,Sachi Bassi,banikamruta@example.com,4927178138,Mumbai,VALUE,2024-06-23
7953,Mohini Nadkarni,aaravganesan@example.net,5752427586,Jaipur,VALUE,2025-09-13
7954,Sachi Sachdeva,tanaysavant@example.net,0987568662,Delhi,GROWTH,2024-05-14
7955,Udant Sahota,xagate@example.net,2559751821,Pune,NEW,2025-05-15
7956,Chandani Bhardwaj,csoni@example.org,4909596028,Mumbai,VALUE,2026-02-19
7957,Ishita Kannan,om42@example.com,4001575042,Pune,VALUE,2025-12-03
7958,Yauvani Mand,yuvraj10@example.org,5489527467,Hyderabad,GROWTH,2024-04-19
7959,Varenya Rastogi,lukechandra@example.org,2414297702,Jaipur,NEW,2024-05-12
7960,Mitali Merchant,netrasodhi@example.net,6324085109,Pune,NEW,2025-09-27
7961,Charvi Sharaf,balendra09@example.org,5673289828,Bengaluru,VALUE,2024-11-07
7962,Pranit Naidu,adya27@example.org,9460882919,Delhi,GROWTH,2025-01-10
7963,Baghyawati Gour,hritikvarkey@example.org,8608758972,Chennai,PREMIUM,2025-03-05
7964,Lohit Krishna,khalsaarya@example.org,8503539414,Hyderabad,PREMIUM,2025-06-05
7965,Simon Mitra,shanhenry@example.com,9610253974,Delhi,GROWTH,2025-02-08
7966,Azad Mahal,benjaminnarayanan@example.net,8520685002,Chennai,PREMIUM,2024-01-22
7967,Suhani Date,hemani08@example.org,4950762235,Mumbai,GROWTH,2024-03-26
7968,Indrajit Narayanan,rparmar@example.net,6155142251,Mumbai,VALUE,2024-01-01
7969,Yatin Rao,xvasa@example.net,9605578291,Delhi,VALUE,2024-08-26
7970,Falak Warrior,takati@example.net,8769262968,Bengaluru,GROWTH,2026-01-05
7971,Divya Shanker,omaja74@example.net,7184862592,Mumbai,VALUE,2026-05-24
7972,Ayush Rajagopalan,onkargupta@example.org,2420069910,Delhi,GROWTH,2025-03-03
7973,Wishi Radhakrishnan,kkumar@example.com,5978786225,Hyderabad,NEW,2024-01-25
7974,Nicholas Mall,mitternikita@example.com,0860940361,Mumbai,NEW,2024-03-05
7975,Jyoti Sethi,schander@example.net,6723781038,Mumbai,VALUE,2026-01-03
7976,William Kala,imaster@example.com,3371350529,Hyderabad,VALUE,2024-11-05
7977,Maanas Nigam,chanchal06@example.com,8313066075,Delhi,PREMIUM,2026-03-04
7978,Jagrati Golla,doctoranamika@example.com,0961958249,Jaipur,GROWTH,2025-03-31
7979,Fitan Nagy,chackoekaraj@example.com,0009905232,Hyderabad,VALUE,2026-03-02
7980,Lila Kara,chaudhrynaksh@example.net,1464926514,Jaipur,NEW,2024-05-01
7981,Ati Bahri,ishwar81@example.org,7397768477,Jaipur,VALUE,2026-02-11
7982,Radhika Ramanathan,dbera@example.com,0307912568,Jaipur,VALUE,2025-05-06
7983,Gautam Savant,harrisonbajaj@example.net,1921359218,Chennai,PREMIUM,2025-01-28
7984,Hardik Sunder,agaba@example.net,4663014134,Hyderabad,GROWTH,2025-04-20
7985,Naksh Dewan,georgepuri@example.net,0454650761,Pune,GROWTH,2024-10-21
7986,Avi Mittal,upasna20@example.org,7172336614,Delhi,PREMIUM,2025-06-26
7987,Nikita Shetty,raghavanrobert@example.org,7857850151,Kolkata,NEW,2025-11-24
7988,Jagdish Parmer,ekansh09@example.org,0275548973,Bengaluru,VALUE,2025-12-30
7989,Patrick Ravi,aarini32@example.net,9382815904,Delhi,GROWTH,2026-05-30
7990,Shaurya Soman,chameli05@example.com,1392088762,Mumbai,VALUE,2025-01-06
7991,Meghana Kant,jmangal@example.net,0888988885,Mumbai,GROWTH,2025-11-22
7992,Isha Bali,tdasgupta@example.com,9934319747,Delhi,GROWTH,2026-03-10
7993,Jairaj Kashyap,aradhanashankar@example.org,8421058855,Pune,GROWTH,2024-01-16
7994,Xiti Bath,ejoshi@example.net,0085094049,Delhi,VALUE,2025-03-03
7995,Ishita Amble,bbansal@example.org,0622959488,Kolkata,NEW,2025-09-22
7996,Matthew Bath,amara62@example.org,1030370632,Hyderabad,GROWTH,2025-02-15
7997,Girish Bava,saanvimanda@example.com,0739268540,Pune,NEW,2024-03-31
7998,Wriddhish Kohli,vaishnavi19@example.net,5879228165,Bengaluru,GROWTH,2025-08-13
7999,Kashvi Kara,sarinvansha@example.org,1300763336,Mumbai,NEW,2024-12-31
8000,Vidhi Chad,manbir14@example.org,5779321681,Mumbai,GROWTH,2025-07-09
8001,Aarnav Bhardwaj,chaudharyarya@example.org,6546598972,Pune,GROWTH,2024-01-02
8002,Qarin Om,obrahmbhatt@example.com,6933833298,Pune,PREMIUM,2024-01-11
8003,Hardik Puri,mmuni@example.org,5668275053,Bengaluru,PREMIUM,2025-06-26
8004,Qarin Oak,talwardakshesh@example.org,4427969536,Bengaluru,GROWTH,2026-06-03
8005,Avni Tailor,bishakhaghose@example.com,1097988038,Jaipur,GROWTH,2025-07-29
8006,Yoshita Pillay,kannanalka@example.org,3274984753,Kolkata,GROWTH,2026-04-28
8007,Dayamai Agate,vrishti06@example.net,3416025185,Hyderabad,GROWTH,2026-02-01
8008,Luke Karan,kiaan22@example.com,7912268618,Mumbai,GROWTH,2024-09-10
8009,Bhavika Padmanabhan,achatterjee@example.net,9238928487,Bengaluru,PREMIUM,2024-04-02
8010,Laban Kaur,chandran04@example.net,5556223952,Chennai,GROWTH,2025-05-17
8011,Lekha Sidhu,nicholas41@example.com,7726058144,Chennai,GROWTH,2025-07-12
8012,Faqid Mane,avnipatla@example.com,1023140488,Mumbai,GROWTH,2025-11-24
8013,Krisha Mann,nilima63@example.net,4413246420,Delhi,NEW,2025-04-13
8014,Bhavna Konda,gbuch@example.org,7332593753,Hyderabad,VALUE,2026-04-08
8015,Agastya Dani,dewanchaitanya@example.com,7937632015,Kolkata,VALUE,2026-01-29
8016,Ira Hayre,wrideshpandya@example.com,6059173254,Mumbai,VALUE,2025-06-11
8017,Faris Seth,vansha94@example.net,9456700786,Hyderabad,PREMIUM,2025-05-11
8018,Priya Salvi,zmutti@example.com,2211151518,Mumbai,GROWTH,2024-01-18
8019,Harini Bhardwaj,omya46@example.net,3821250018,Mumbai,GROWTH,2025-12-03
8020,Peter Sinha,ytandon@example.com,1711120858,Chennai,VALUE,2025-09-04
8021,Ekalinga Dass,kkumer@example.net,3796516232,Bengaluru,NEW,2026-03-17
8022,Nathaniel Chadha,kannanchasmum@example.net,1043317434,Bengaluru,GROWTH,2024-03-24
8023,Vansha Bhakta,ramaswamyarya@example.org,0023698892,Jaipur,GROWTH,2024-05-11
8024,Ethan Bhasin,ojasmitra@example.org,3621329670,Mumbai,VALUE,2025-08-27
8025,Kevin Korpal,indrajitsampath@example.net,6190090643,Mumbai,VALUE,2025-03-16
8026,Ishaan Raman,ira32@example.net,8415378416,Jaipur,VALUE,2025-06-12
8027,Riya Bajwa,bhavini21@example.com,7337724427,Chennai,GROWTH,2025-01-26
8028,Vanya Sane,achandran@example.org,0213175985,Delhi,GROWTH,2025-07-30
8029,Gautami Korpal,yoshita35@example.net,3490574328,Hyderabad,VALUE,2025-08-15
8030,Matthew Issac,beragaurika@example.net,4218787944,Chennai,VALUE,2024-06-19
8031,Jatin Zacharia,handapahal@example.com,1957025793,Bengaluru,VALUE,2025-11-15
8032,Nachiket Bora,mastermugdha@example.net,2748744941,Chennai,GROWTH,2025-03-20
8033,Kritika Varughese,naidufrederick@example.net,8159047900,Pune,VALUE,2025-06-02
8034,Yauvani Pillai,vasanasachar@example.com,6359386767,Bengaluru,VALUE,2025-07-10
8035,Thomas Tank,tanvibali@example.org,2998767625,Kolkata,VALUE,2025-11-01
8036,Fiyaz Mangal,tara83@example.com,0292299973,Hyderabad,PREMIUM,2024-09-27
8037,Devika Hans,badalchandran@example.com,6208661412,Jaipur,NEW,2024-01-07
8038,Banjeet Balakrishnan,balendra95@example.org,5581152027,Delhi,GROWTH,2024-06-12
8039,Sudiksha Nayar,ekiyamagar@example.com,7875227335,Bengaluru,VALUE,2026-05-19
8040,Manthan Kohli,kadakiaqushi@example.com,0940239972,Pune,NEW,2024-07-19
8041,Sarthak Dhar,dasschanchal@example.org,2242099320,Jaipur,NEW,2024-08-12
8042,Rajeshri Padmanabhan,calebnatarajan@example.net,7188629660,Mumbai,GROWTH,2026-02-11
8043,Lajita Joshi,aarnav31@example.org,4676697846,Jaipur,VALUE,2024-07-31
8044,Varenya Wason,parsagayathri@example.net,1218051174,Mumbai,PREMIUM,2025-02-22
8045,Harshil Swaminathan,jyoti92@example.com,3762773399,Hyderabad,NEW,2024-11-29
8046,Watika Sachar,sarnaindrajit@example.com,7729139354,Bengaluru,PREMIUM,2025-08-17
8047,Ekbal Om,unigam@example.org,4295120298,Hyderabad,GROWTH,2025-06-19
8048,Liam Barman,hbatra@example.net,2746335602,Jaipur,GROWTH,2025-04-08
8049,Guneet Maharaj,chopraupma@example.org,1112925302,Pune,NEW,2025-03-27
8050,Lipika Pandit,kaibasu@example.net,8254804798,Kolkata,VALUE,2026-01-20
8051,Priya Ramaswamy,matthewpant@example.org,1231949592,Bengaluru,VALUE,2025-06-07
8052,Qarin Sankar,mekhalabobal@example.com,0240470258,Jaipur,NEW,2025-04-02
8053,Thomas Pillay,jairaj79@example.org,6395698829,Hyderabad,VALUE,2026-03-09
8054,Maanas Sura,sahotahamsini@example.org,7757611740,Pune,GROWTH,2024-03-24
8055,Ati Mutti,jai11@example.com,3241012781,Pune,VALUE,2026-01-20
8056,Thomas Kothari,ltara@example.com,5922889113,Pune,VALUE,2024-06-27
8057,Jasmit Ramanathan,daniwakeeta@example.org,8181436063,Chennai,VALUE,2024-10-25
8058,Libni Singh,latwal@example.org,6171318767,Hyderabad,GROWTH,2024-01-12
8059,Abha Wadhwa,sathvik84@example.com,4773339904,Pune,GROWTH,2025-05-29
8060,Yasti Memon,jayaramanjanani@example.com,1338067083,Jaipur,GROWTH,2026-01-18
8061,Nathaniel Gala,oshenoy@example.org,0730817178,Hyderabad,VALUE,2024-12-09
8062,Bhavna Pillai,hredhaandoshi@example.org,5790258236,Chennai,NEW,2025-08-19
8063,Anthony Mohanty,falangoyal@example.com,7460767325,Mumbai,GROWTH,2024-12-19
8064,Lakshit Murty,aadhyaraj@example.com,7168534265,Bengaluru,NEW,2025-11-14
8065,Odika Dayal,mdave@example.org,8363234856,Kolkata,GROWTH,2026-06-17
8066,Eta Rajagopal,krishnagokhale@example.org,2944526038,Pune,VALUE,2025-10-05
8067,Imaran Dhar,utkarsh94@example.com,2282324717,Mumbai,PREMIUM,2024-11-02
8068,Oviya Date,rajagopalanaarnav@example.org,9873172600,Chennai,NEW,2026-01-12
8069,Omisha Tailor,oni12@example.org,7241522077,Kolkata,VALUE,2024-02-04
8070,Vihaan Nagarajan,anvi98@example.com,1181881083,Delhi,GROWTH,2026-06-07
8071,Ridhi Kale,siya53@example.net,8346105001,Delhi,PREMIUM,2026-01-25
8072,Amruta Devi,pavanibhatia@example.org,5589580956,Hyderabad,VALUE,2025-08-11
8073,Karan Choudhary,hminhas@example.org,1716921928,Pune,GROWTH,2025-07-12
8074,Rajeshri Prabhu,ranbirpingle@example.org,6605341061,Bengaluru,VALUE,2024-08-15
8075,Quincy Din,yashsangha@example.net,9753724246,Kolkata,VALUE,2025-01-23
8076,Brinda Tak,dev75@example.org,5070207457,Kolkata,NEW,2024-04-01
8077,Abeer Mangat,aggarwalsaumya@example.net,8382708360,Chennai,GROWTH,2024-10-31
8078,Waida Sheth,libni58@example.org,9917699985,Hyderabad,PREMIUM,2025-06-14
8079,Kashvi Dada,falak48@example.net,1139149612,Delhi,PREMIUM,2024-11-21
8080,Charles Shanker,yashawinisandhu@example.net,0413983159,Kolkata,NEW,2025-11-24
8081,Samar Karpe,jchakrabarti@example.org,7025314369,Jaipur,GROWTH,2026-02-06
8082,Girik Master,vidhi90@example.com,6786305871,Hyderabad,GROWTH,2025-05-20
8083,Maanas Kibe,srinivassamesh@example.org,9333231871,Chennai,VALUE,2024-11-02
8084,Sai Dugal,srivastavajoshua@example.net,7787335740,Kolkata,GROWTH,2024-09-30
8085,Anamika Nadig,dipta63@example.com,1297870457,Pune,GROWTH,2025-05-07
8086,Megha Sura,craval@example.org,6712583518,Mumbai,PREMIUM,2025-10-09
8087,Sai Arora,kalanidhi@example.net,6236233205,Pune,GROWTH,2024-04-24
8088,Ronith Ray,zilmilranganathan@example.org,4452889230,Jaipur,VALUE,2025-02-07
8089,Logan Venkatesh,taranatt@example.com,7353684935,Kolkata,NEW,2025-01-31
8090,Sai Agrawal,hbajaj@example.net,6822312950,Hyderabad,NEW,2024-09-14
8091,Ekalinga Devi,gollafiyaz@example.com,1824751983,Chennai,GROWTH,2024-08-01
8092,Avi Bawa,jagratihalder@example.net,1303225802,Bengaluru,PREMIUM,2026-01-26
8093,Yahvi Loyal,aashiedwin@example.com,2439600512,Pune,GROWTH,2025-01-24
8094,Lipika Kulkarni,yauvanidixit@example.net,7663812943,Mumbai,PREMIUM,2025-06-02
8095,Samarth Kala,panchalomaja@example.com,8293054554,Bengaluru,GROWTH,2024-02-04
8096,Siya Raj,satwal@example.org,7629686169,Bengaluru,GROWTH,2024-09-12
8097,Yashodhara Ganesan,ucchalmanda@example.com,4580062382,Bengaluru,VALUE,2024-07-20
8098,Wishi Chada,bshetty@example.com,6319459624,Bengaluru,VALUE,2024-10-22
8099,Lakshmi Anand,farhan33@example.com,9130891654,Delhi,PREMIUM,2026-01-27
8100,Zehaan Mangal,kvirk@example.net,5403816530,Pune,GROWTH,2025-05-29
8101,Kiaan Bajwa,amritamander@example.org,3526549204,Hyderabad,VALUE,2026-03-22
8102,Oni Mammen,ektabasu@example.com,3745271712,Jaipur,VALUE,2025-01-15
8103,Ishaan Guha,tanveer93@example.net,0361082340,Mumbai,GROWTH,2025-11-24
8104,Advika Pingle,lopabala@example.com,8613675786,Pune,PREMIUM,2024-05-24
8105,Tanveer Prasad,pahalhegde@example.net,4671213898,Mumbai,GROWTH,2026-01-03
8106,Aadi Brahmbhatt,victorchoudhary@example.net,3933539829,Chennai,PREMIUM,2025-07-03
8107,Garima Manne,chakrikasinghal@example.net,8397998074,Hyderabad,NEW,2024-02-04
8108,Imaran Soman,wmallick@example.com,8196618350,Hyderabad,VALUE,2025-09-12
8109,Darpan Zachariah,oni03@example.net,7199997290,Pune,NEW,2025-03-07
8110,Tarak Viswanathan,sabharwalyamini@example.com,2944105560,Kolkata,VALUE,2024-01-01
8111,Bhavika Kumer,qadim79@example.net,9233310956,Bengaluru,GROWTH,2026-02-01
8112,Darsh Manda,zaitra12@example.net,2258978993,Kolkata,VALUE,2025-04-28
8113,Anita Khurana,umenon@example.com,9517094764,Mumbai,VALUE,2025-06-29
8114,Ijaya Ravi,trivenitandon@example.org,2869879928,Bengaluru,VALUE,2025-06-03
8115,Yashodhara Oak,faris19@example.net,8942593621,Bengaluru,VALUE,2024-03-22
8116,Tanay Narayanan,indrajit36@example.com,7625321035,Jaipur,NEW,2024-10-25
8117,Harshil Maharaj,sanaya72@example.net,6594720007,Delhi,GROWTH,2025-09-23
8118,Vansha Mukherjee,daryadavi@example.com,9861820694,Hyderabad,NEW,2024-10-31
8119,Ekaja Pandey,caleb14@example.com,3955240758,Hyderabad,GROWTH,2026-03-10
8120,Ronith Basak,goelrushil@example.org,6727814906,Kolkata,GROWTH,2024-10-12
8121,Harshil Rau,echoudhary@example.net,5388269283,Hyderabad,VALUE,2025-02-17
8122,Lakshmi Manda,iravala@example.net,8520372310,Jaipur,GROWTH,2025-02-04
8123,Imaran Sur,zaitrakuruvilla@example.net,4700218884,Pune,GROWTH,2024-01-18
8124,Adweta Banik,onkar71@example.net,4702244783,Pune,NEW,2025-12-31
8125,Baljiwan Dubey,lallajalsa@example.com,8500253313,Kolkata,NEW,2024-05-02
8126,Harshil Ravel,gillkashish@example.org,0977204160,Mumbai,VALUE,2025-02-26
8127,Veda Chauhan,ikbalsood@example.com,2799569882,Hyderabad,GROWTH,2026-03-28
8128,Girik Chhabra,sachi56@example.net,2386596883,Chennai,GROWTH,2026-06-13
8129,Zaitra Ramachandran,mahikaoommen@example.org,3072628228,Mumbai,GROWTH,2024-07-26
8130,Zansi Sami,upasnabajwa@example.com,9592900771,Delhi,VALUE,2024-12-04
8131,Frederick Singhal,tbasak@example.org,2000388675,Mumbai,PREMIUM,2025-05-24
8132,Reva Parekh,sudikshadasgupta@example.net,3213081213,Kolkata,PREMIUM,2025-09-21
8133,Rushil Dutta,jananibajaj@example.com,9482518134,Pune,VALUE,2024-08-13
8134,Dominic Soni,indrajitdevan@example.org,9682656733,Bengaluru,GROWTH,2025-05-09
8135,Ekani Bala,jhalakvarkey@example.org,1292974328,Pune,VALUE,2026-01-20
8136,Sarthak Prasad,sainarayanan@example.org,9059601370,Pune,NEW,2025-11-17
8137,Aadhya Parikh,sgopal@example.com,8102578842,Kolkata,VALUE,2026-01-09
8138,Ijaya Sami,mason40@example.com,4572769908,Jaipur,VALUE,2026-03-10
8139,Ria Doctor,yashawini97@example.org,2299546049,Jaipur,VALUE,2026-02-14
8140,Yatin Patla,jananibhatnagar@example.net,5123880961,Mumbai,NEW,2025-04-05
8141,Yug Upadhyay,ishita22@example.net,1540701401,Kolkata,PREMIUM,2026-05-26
8142,Barkha Dutta,revasubramanian@example.org,2861242790,Hyderabad,VALUE,2025-03-21
8143,Mugdha Dhar,janyamander@example.com,9360741619,Hyderabad,VALUE,2025-09-30
8144,Upadhriti Subramaniam,dipta42@example.org,8556714516,Pune,PREMIUM,2026-04-28
8145,Caleb Bhavsar,nagychaitaly@example.net,5492155624,Chennai,GROWTH,2024-02-08
8146,Amrita Sandal,ygokhale@example.net,4966481603,Hyderabad,VALUE,2026-04-20
8147,Vedhika Joshi,grewalyamini@example.net,8834459185,Jaipur,NEW,2026-01-09
8148,Samaksh Ahuja,psem@example.org,7195263384,Mumbai,VALUE,2026-06-16
8149,Yutika Om,warinder70@example.net,6161501941,Delhi,GROWTH,2025-11-26
8150,Nakul Shere,jkale@example.org,3507089704,Delhi,VALUE,2024-05-20
8151,Varenya Rajagopalan,aggarwalfalan@example.com,2950343882,Kolkata,PREMIUM,2024-09-28
8152,Tristan Kumer,pandyaishani@example.com,5051633635,Hyderabad,PREMIUM,2024-01-04
8153,Ekaraj Prabhakar,igulati@example.net,7140056494,Hyderabad,GROWTH,2025-07-01
8154,Nitesh Nagarajan,jagdish66@example.org,3772286831,Pune,PREMIUM,2025-01-28
8155,Zarna Prabhakar,pallpallavi@example.net,5191850489,Hyderabad,NEW,2025-03-03
8156,Pooja Chhabra,ymadan@example.net,0624942421,Chennai,NEW,2025-10-22
8157,Aayush Sibal,fjha@example.com,3185908846,Delhi,GROWTH,2026-01-08
8158,Abhimanyu Wason,pbehl@example.net,5978628351,Mumbai,GROWTH,2024-03-06
8159,Jeremiah Anand,kalaodika@example.com,0467261907,Jaipur,NEW,2026-04-05
8160,Udarsh Ganesan,zaitrasane@example.net,8292559060,Hyderabad,VALUE,2024-12-02
8161,Vaishnavi Singh,dattalibni@example.net,5494986119,Mumbai,VALUE,2025-11-07
8162,Jack Dara,rdada@example.com,0298996985,Bengaluru,VALUE,2025-06-07
8163,Logan Nagar,yadavi40@example.com,1623462495,Bengaluru,NEW,2025-02-03
8164,Vasana Thaman,ekalingawali@example.net,6623205722,Bengaluru,VALUE,2024-07-10
8165,Rushil Agarwal,inarula@example.com,3876267010,Bengaluru,VALUE,2024-06-19
8166,Abhiram Savant,quincytripathi@example.net,0250402285,Pune,GROWTH,2025-10-20
8167,Madhav Bora,uramakrishnan@example.org,6653367259,Delhi,VALUE,2024-10-16
8168,Lohit Mallick,ddugar@example.com,7277271160,Bengaluru,VALUE,2024-07-25
8169,Rishi Merchant,abhardwaj@example.org,5428573441,Hyderabad,GROWTH,2024-01-06
8170,Vrinda Kalita,gautam05@example.net,1422173224,Chennai,VALUE,2026-01-26
8171,Ikshita Sule,shravyabala@example.org,6581609499,Jaipur,NEW,2024-12-22
8172,Upasna Chandra,gaurang71@example.net,1480251257,Jaipur,VALUE,2024-11-09
8173,Jai Soman,sai45@example.org,6319993837,Bengaluru,NEW,2024-11-30
8174,Krisha Patla,soodchandran@example.com,5357167019,Chennai,GROWTH,2025-06-22
8175,Inaya Rastogi,aarna07@example.net,4570164700,Delhi,VALUE,2025-03-09
8176,Tamanna Ray,ghoseekani@example.org,4203324302,Chennai,VALUE,2025-05-04
8177,Banjeet Purohit,omya11@example.com,6972069364,Mumbai,GROWTH,2024-09-07
8178,Robert Mani,gaurika24@example.net,0517636805,Delhi,GROWTH,2024-09-23
8179,Amol Badal,devanreva@example.net,7483740584,Pune,VALUE,2026-02-15
8180,Max Edwin,chaturacomar@example.com,2902925837,Mumbai,NEW,2025-01-30
8181,Lakshit Raghavan,contractorveer@example.org,6690998941,Hyderabad,GROWTH,2026-05-25
8182,Rohan Shanker,indalihalder@example.org,2592106431,Delhi,NEW,2026-01-31
8183,Qabil Datta,sarafekiya@example.net,6500607844,Pune,VALUE,2025-10-02
8184,Faqid Kuruvilla,pandeyjoshua@example.org,4877159596,Kolkata,VALUE,2025-05-08
8185,Agastya Shanker,adyanarang@example.org,6448679709,Chennai,GROWTH,2026-01-23
8186,Janaki Mane,rbalakrishnan@example.com,9170468669,Kolkata,VALUE,2024-02-20
8187,Yagnesh Sama,kallavinaya@example.com,3759273118,Hyderabad,VALUE,2025-03-25
8188,Ishaan Natt,asibal@example.net,1761715116,Mumbai,VALUE,2025-10-03
8189,Ishwar Butala,rajagopalanadvaith@example.com,9243981662,Mumbai,VALUE,2024-04-07
8190,Baljiwan Char,ozadarpan@example.net,5681628379,Mumbai,PREMIUM,2024-06-13
8191,Ekapad Ranganathan,bmann@example.com,9975023284,Mumbai,VALUE,2024-02-28
8192,Oni Andra,chakrabartiveer@example.org,3585511355,Bengaluru,NEW,2025-03-13
8193,Yamini Bali,anthony14@example.net,8066108511,Mumbai,VALUE,2025-05-02
8194,Nandini Palla,banjeet79@example.org,9418657205,Chennai,GROWTH,2025-02-25
8195,Advika Sidhu,saksham89@example.org,8524149204,Mumbai,GROWTH,2024-02-19
8196,Tamanna Jani,umang17@example.org,9061704018,Chennai,GROWTH,2025-03-13
8197,Eiravati Mani,binasant@example.org,2150248756,Bengaluru,NEW,2026-03-10
8198,Ishita Swamy,ishita22@example.com,1369727580,Pune,NEW,2024-01-28
8199,Rachit Chokshi,bhavsaryuvraj@example.com,9690591169,Chennai,VALUE,2025-11-29
8200,Neha Sodhi,memonhemang@example.org,0080138574,Jaipur,GROWTH,2024-09-02
8201,Zayyan Rajagopalan,ydeol@example.com,3954216017,Hyderabad,NEW,2024-03-08
8202,Yashasvi Sachdev,falakghosh@example.com,5290263730,Bengaluru,VALUE,2024-02-15
8203,Bhanumati Khatri,samarthrout@example.net,2170477581,Chennai,GROWTH,2024-01-12
8204,Arin Johal,nikita06@example.net,7435497129,Pune,VALUE,2025-01-08
8205,Warda Dewan,ekta68@example.net,8441477605,Hyderabad,GROWTH,2025-03-24
8206,Pallavi Patla,reva09@example.org,6673469062,Chennai,GROWTH,2025-07-13
8207,Zarna Dhar,prasadvyanjana@example.net,8264775505,Hyderabad,GROWTH,2024-03-14
8208,Maya Yohannan,knarayanan@example.org,3188152471,Bengaluru,NEW,2025-08-11
8209,Aishani Ganesan,yagneshkrishnan@example.com,4393740157,Bengaluru,GROWTH,2025-10-27
8210,Kabir Mannan,teerth07@example.net,6437625221,Jaipur,NEW,2024-02-28
8211,Balveer Banerjee,falguni78@example.com,7316299851,Pune,PREMIUM,2025-08-30
8212,Ansh Raman,david23@example.org,8820291510,Delhi,GROWTH,2024-04-17
8213,Gabriel Modi,hsom@example.com,3755924186,Jaipur,GROWTH,2025-01-30
8214,Anay Nagarajan,rnarayan@example.org,2489010448,Pune,GROWTH,2025-08-18
8215,Arjun Nigam,pahalarya@example.org,8812234920,Delhi,NEW,2026-02-22
8216,Sathvik Dhar,tripathizaid@example.com,6549160115,Pune,VALUE,2025-04-23
8217,Ishwar Rattan,cbhavsar@example.net,5896912443,Chennai,NEW,2025-01-26
8218,Dakshesh Hora,zachariagunbir@example.net,1944434446,Jaipur,GROWTH,2026-01-20
8219,Ekaja Salvi,urvashiwable@example.org,3466770589,Hyderabad,GROWTH,2024-07-13
8220,Lakshmi Iyer,choudhrychaitanya@example.com,8868272381,Chennai,GROWTH,2024-07-03
8221,Gaurav Bhardwaj,gaggarwal@example.net,8871318222,Bengaluru,GROWTH,2025-02-23
8222,Baljiwan Ben,aradhana44@example.com,3535265714,Bengaluru,PREMIUM,2024-04-18
8223,Dominic Sawhney,krishpalla@example.com,0376741241,Chennai,PREMIUM,2024-01-21
8224,Aarush Mukherjee,fdesai@example.net,4009109631,Kolkata,VALUE,2024-11-21
8225,Oscar Vyas,narulafaqid@example.org,9063630664,Jaipur,GROWTH,2024-05-17
8226,Gautami Mallick,mahajanjanaki@example.net,5369397001,Kolkata,GROWTH,2025-07-27
8227,Gautami Gole,neelimapandya@example.net,7616224069,Chennai,GROWTH,2025-05-08
8228,Victor Bawa,ekavirray@example.com,5788396540,Chennai,GROWTH,2025-03-13
8229,Thomas Sawhney,gaurang46@example.org,1601308618,Bengaluru,VALUE,2025-03-22
8230,Panini Chakrabarti,acharyaabhimanyu@example.net,0951397668,Kolkata,PREMIUM,2024-03-29
8231,Omisha Ramesh,tsama@example.net,1613176420,Bengaluru,GROWTH,2024-12-28
8232,Aryan Vala,morarwriddhish@example.com,8059731158,Bengaluru,GROWTH,2024-03-05
8233,Logan Devan,kgandhi@example.org,6285858507,Kolkata,PREMIUM,2024-11-15
8234,Zinal Bhavsar,eshana69@example.net,2848896035,Chennai,PREMIUM,2025-09-01
8235,Chavvi Shanker,farhanmallick@example.net,7624901000,Bengaluru,PREMIUM,2026-06-06
8236,Tanvi Aggarwal,ishamani@example.net,5917218606,Kolkata,VALUE,2024-09-24
8237,Thomas Borah,basuwaida@example.org,5248900134,Jaipur,VALUE,2024-08-25
8238,Balhaar Palla,ubikasaha@example.net,0404430454,Bengaluru,PREMIUM,2025-08-25
8239,Yash Anand,bariawarjas@example.com,3286452082,Chennai,VALUE,2026-04-06
8240,Widisha Jain,pseth@example.org,2326942734,Hyderabad,VALUE,2024-09-22
8241,Yahvi Mannan,andraonkar@example.com,1451092755,Pune,VALUE,2026-01-24
8242,Girindra Dash,suhaninagar@example.net,4026088692,Jaipur,VALUE,2024-10-10
8243,Logan Sami,sathviknarayanan@example.net,9655953723,Chennai,NEW,2025-07-29
8244,Urvi Reddy,ishwar51@example.net,5080465202,Kolkata,VALUE,2024-07-07
8245,Ayush Chawla,anusha00@example.com,1512983712,Chennai,VALUE,2024-08-23
8246,Vedika Sane,raagini72@example.org,9062001046,Jaipur,NEW,2026-06-04
8247,Guneet Upadhyay,ivig@example.org,9983773547,Hyderabad,NEW,2024-12-16
8248,Varenya Rao,vohrayamini@example.org,3211805410,Hyderabad,VALUE,2024-01-15
8249,Tarak Rege,battareva@example.com,3605052582,Hyderabad,NEW,2025-11-25
8250,Rachana Vora,naikjanuja@example.com,7980239196,Jaipur,VALUE,2024-04-24
8251,Aryan Chahal,qbath@example.org,0831223304,Chennai,PREMIUM,2024-04-09
8252,Neel Sharaf,udant77@example.com,2074042255,Mumbai,VALUE,2026-01-22
8253,Orinder Dutt,tsridhar@example.org,2229087295,Delhi,GROWTH,2024-11-09
8254,Pavani Sankaran,kashvimadan@example.net,3292979159,Chennai,VALUE,2024-05-04
8255,Sachi Varma,braja@example.com,0158213307,Kolkata,PREMIUM,2026-05-28
8256,Robert Sem,godaupasna@example.org,8499729696,Hyderabad,VALUE,2024-09-09
8257,Frederick Rana,ndatta@example.net,3555238859,Chennai,GROWTH,2025-07-23
8258,Omkaar Grover,pateltamanna@example.org,1873375020,Kolkata,PREMIUM,2024-08-24
8259,Ubika Manne,jackrau@example.net,0695226843,Chennai,VALUE,2025-06-07
8260,Eesha Wason,mgole@example.com,3684349456,Jaipur,NEW,2025-09-19
8261,Krishna Naik,ovig@example.net,9086058088,Pune,GROWTH,2025-11-12
8262,Vansha Srinivasan,vanyakarnik@example.com,9350316946,Pune,VALUE,2025-01-05
8263,Max Saraf,daniellanka@example.org,0828410316,Kolkata,VALUE,2025-07-08
8264,Warhi Rai,vnair@example.net,7891151118,Pune,VALUE,2026-01-26
8265,Aryan Guha,bina60@example.net,9770238791,Delhi,VALUE,2026-01-26
8266,Aryan Nadig,htoor@example.net,2370505875,Hyderabad,GROWTH,2025-11-03
8267,Elijah Mannan,yashawini99@example.org,7608492637,Mumbai,GROWTH,2024-12-25
8268,Ridhi Chopra,ekavirbose@example.net,5024695651,Chennai,GROWTH,2025-04-22
8269,Forum Subramanian,ranbirbalay@example.com,8586705902,Mumbai,GROWTH,2026-05-20
8270,Ekaraj Dewan,jonathan17@example.net,3701124738,Chennai,PREMIUM,2024-08-12
8271,Meghana Panchal,shivansh48@example.com,9877454410,Bengaluru,VALUE,2025-09-15
8272,Ridhi Buch,wkrishnamurthy@example.net,4031962815,Delhi,GROWTH,2025-12-14
8273,Darika Vora,manderdevika@example.com,9973262071,Delhi,NEW,2025-03-08
8274,Balveer Bhalla,aarnabakshi@example.com,6394494535,Chennai,VALUE,2026-02-18
8275,Caleb Agrawal,gopal63@example.org,3174466997,Delhi,GROWTH,2025-01-20
8276,Adweta Madan,xraju@example.com,3244507506,Kolkata,NEW,2026-01-22
8277,Sanya Swamy,surchristopher@example.org,6425499641,Kolkata,GROWTH,2025-08-02
8278,Ubika Bawa,kanttheodore@example.com,6331098749,Pune,NEW,2024-02-16
8279,Anay Dhaliwal,kurianridhi@example.com,6063630856,Mumbai,VALUE,2026-01-11
8280,Andrew Dasgupta,jacksondeo@example.net,5619488759,Kolkata,GROWTH,2025-09-20
8281,Mason Oak,sandalmegha@example.org,9169723211,Pune,VALUE,2024-07-19
8282,Devansh Tripathi,xiti08@example.com,0475891093,Hyderabad,VALUE,2025-09-25
8283,Balendra Tak,wahuja@example.org,3230494309,Delhi,NEW,2025-04-05
8284,Onveer Bajaj,tankcharles@example.net,0291555913,Chennai,VALUE,2026-04-28
8285,Hemangini Dixit,sarnalohit@example.com,7416368466,Kolkata,NEW,2024-10-01
8286,Neel Karan,davidsood@example.com,3910866286,Delhi,PREMIUM,2024-08-25
8287,Nikita Kade,andrewsaxena@example.com,8505448512,Delhi,NEW,2024-02-22
8288,Amol Rajagopalan,maxraghavan@example.net,8937809931,Hyderabad,NEW,2025-12-08
8289,Benjamin Arya,craman@example.org,2938268081,Chennai,GROWTH,2026-06-05
8290,Rohan Bahri,divya86@example.org,1481715956,Hyderabad,NEW,2025-09-12
8291,Advika Gera,nairbalendra@example.org,0456916695,Hyderabad,PREMIUM,2024-11-28
8292,Pallavi Dewan,ekantika49@example.org,3229602172,Bengaluru,GROWTH,2026-03-01
8293,Siya Patla,lopa51@example.com,9705560447,Delhi,PREMIUM,2024-08-16
8294,Upasna Mani,hganguly@example.org,7205441555,Delhi,VALUE,2025-09-15
8295,Eta Talwar,ubhattacharyya@example.net,8870128477,Delhi,VALUE,2025-06-21
8296,Aradhana Mody,lucky61@example.com,7411351390,Pune,VALUE,2026-02-06
8297,Jhalak Reddy,vargheseoni@example.com,0711004380,Kolkata,GROWTH,2026-05-24
8298,Aadhya Bawa,saniyashasvi@example.org,3842215027,Hyderabad,VALUE,2024-11-19
8299,Waida Joshi,bdey@example.org,2444021539,Delhi,GROWTH,2024-03-26
8300,Daksha Kulkarni,ikumer@example.net,8043462025,Hyderabad,PREMIUM,2024-05-21
8301,Theodore Kumar,aashi71@example.org,0099636732,Jaipur,PREMIUM,2025-10-27
8302,Dominic Mand,krishnanda@example.net,6625362120,Mumbai,NEW,2024-11-23
8303,Pushti Yadav,reddysathvik@example.com,4933629720,Hyderabad,NEW,2024-05-05
8304,Irya Varkey,kariandrew@example.org,6570446437,Chennai,NEW,2026-01-03
8305,Amrita Toor,wyatt62@example.com,6972949639,Bengaluru,GROWTH,2025-08-06
8306,Chaman Karnik,qcontractor@example.com,2965174144,Hyderabad,VALUE,2024-04-28
8307,Pushti Dutta,wriddhishamble@example.com,0901888680,Hyderabad,NEW,2025-10-03
8308,Warda Kalita,yohannanxalak@example.net,6153539723,Hyderabad,VALUE,2025-07-28
8309,Manya Mistry,sgandhi@example.org,2688361085,Pune,VALUE,2026-06-05
8310,Wridesh Dube,priya61@example.org,4660374006,Chennai,VALUE,2026-06-07
8311,Triveni Solanki,banerjeeradhika@example.net,8783071880,Delhi,GROWTH,2026-05-27
8312,Urishilla Agrawal,palanyashica@example.org,3045434839,Delhi,PREMIUM,2026-03-16
8313,Yagnesh Dutt,hchand@example.net,9548895406,Hyderabad,VALUE,2025-12-14
8314,Tejas Krishnamurthy,manthansankar@example.com,2825662461,Jaipur,PREMIUM,2025-08-27
8315,Yagnesh Sani,priyarajan@example.org,7762345896,Delhi,VALUE,2025-05-05
8316,Azad Parekh,ishanvi01@example.net,6876254073,Delhi,VALUE,2025-12-14
8317,Dalaja Nagar,srinivasanjanani@example.org,2173609373,Pune,VALUE,2026-05-19
8318,Jalsa Balay,ucchalmitra@example.net,1452692791,Hyderabad,VALUE,2024-04-14
8319,Amruta Rattan,lekhaborde@example.org,6347908473,Mumbai,PREMIUM,2024-05-02
8320,Noah Anand,dominic42@example.net,0129895204,Mumbai,VALUE,2025-03-24
8321,Tanvi Hegde,hchatterjee@example.net,2631364413,Pune,VALUE,2024-09-21
8322,Orinder Hayre,dedevika@example.org,1589675482,Chennai,VALUE,2025-04-23
8323,Unni Sekhon,nathaniel12@example.org,0571480909,Pune,PREMIUM,2024-10-07
8324,Vrishti Dhar,simonsha@example.org,8967387901,Bengaluru,NEW,2025-12-05
8325,Anamika Pai,bathlibni@example.org,3906268489,Chennai,PREMIUM,2026-03-19
8326,Wyatt Balakrishnan,nathanieltiwari@example.net,0908399871,Kolkata,GROWTH,2024-09-11
8327,Oviya Devi,dparmer@example.org,7698474683,Bengaluru,NEW,2025-11-26
8328,Indali Choudhary,xshenoy@example.com,7731778597,Hyderabad,VALUE,2024-04-05
8329,Balvan Deo,harshil08@example.net,5007032843,Mumbai,VALUE,2025-12-18
8330,Charita Oza,kala20@example.com,8365362199,Pune,GROWTH,2025-09-20
8331,Qasim Chandra,geetikamahajan@example.net,3680290805,Delhi,VALUE,2025-10-01
8332,Shaurya Oza,hanswarhi@example.com,6089743801,Mumbai,GROWTH,2025-03-19
8333,Dhruv Dewan,chandani13@example.org,4416635558,Pune,GROWTH,2024-04-06
8334,Alka Kaul,valaaachal@example.net,3199242385,Delhi,VALUE,2026-01-28
8335,Vyanjana Narayanan,jalsa22@example.com,3468381029,Jaipur,GROWTH,2024-04-08
8336,Farhan Chaudhry,bina94@example.org,7943928491,Hyderabad,GROWTH,2025-03-09
8337,Lucky Khare,yashodharaom@example.org,4122055317,Hyderabad,VALUE,2024-06-05
8338,Ayush Maharaj,gavin36@example.net,6129563908,Chennai,NEW,2026-01-31
8339,Nandini Parmar,manbirpanchal@example.com,9435161205,Pune,PREMIUM,2025-05-31
8340,Triveni Lalla,pchopra@example.org,2168693624,Hyderabad,VALUE,2025-04-02
8341,Radha Rai,tanayapte@example.com,6822192361,Jaipur,VALUE,2024-10-12
8342,Hemangini Choudhry,zchaudhary@example.net,7393795881,Jaipur,VALUE,2025-12-05
8343,Januja Tandon,hritikbrahmbhatt@example.org,4751371393,Mumbai,VALUE,2024-07-08
8344,Reyansh Palla,waidadey@example.org,3773180228,Pune,VALUE,2025-10-10
8345,Brinda Oommen,tsingh@example.net,5004593420,Bengaluru,VALUE,2026-05-22
8346,Aashi Sankar,vaidyapranit@example.net,3495847863,Jaipur,NEW,2024-08-27
8347,Faris Kata,kakarkamala@example.net,4376558547,Bengaluru,NEW,2025-09-09
8348,Girindra Brar,maxbose@example.org,2755863148,Bengaluru,PREMIUM,2024-10-05
8349,Daksha Padmanabhan,chawlazaitra@example.net,4811412973,Pune,GROWTH,2026-04-16
8350,Dhriti Kannan,kalitachandran@example.net,0065621203,Kolkata,PREMIUM,2026-03-20
8351,Azad Sahni,okala@example.org,6166870833,Mumbai,PREMIUM,2024-10-09
8352,Urvi Grewal,bhatnagarraghav@example.net,7931319771,Chennai,NEW,2024-07-26
8353,Ojasvi Shah,samiansh@example.org,6295333318,Bengaluru,PREMIUM,2024-03-15
8354,Yug Sathe,uppalmichael@example.net,9028236974,Chennai,PREMIUM,2025-09-19
8355,Lekha Chandran,otoor@example.org,0660605522,Chennai,NEW,2026-04-07
8356,Gabriel Nadkarni,latawarinder@example.org,4668441293,Jaipur,GROWTH,2024-05-10
8357,Kavya Sampath,zilmil62@example.net,3159378383,Jaipur,VALUE,2026-01-04
8358,Pavani Kurian,kalatiwari@example.net,6568557674,Pune,VALUE,2025-11-10
8359,Oscar Samra,patilsiya@example.com,2076803191,Pune,GROWTH,2025-02-28
8360,Yoshita Kurian,ctella@example.com,5622963196,Jaipur,VALUE,2024-07-19
8361,Yasti Sathe,ktalwar@example.org,1975103589,Mumbai,VALUE,2025-08-10
8362,Nathaniel Atwal,atimander@example.com,5891289429,Pune,VALUE,2025-06-18
8363,Panini Kaur,anjali23@example.net,8230942608,Kolkata,VALUE,2025-12-31
8364,Raagini Khosla,lakshmi48@example.com,3495197878,Mumbai,NEW,2025-05-22
8365,Wahab Nayar,grewalurmi@example.org,2159718785,Jaipur,GROWTH,2024-02-13
8366,Rajata Tak,banjeetsundaram@example.com,5460018333,Pune,VALUE,2024-07-02
8367,Deepa Nayak,maanav24@example.net,2153066266,Bengaluru,GROWTH,2024-12-08
8368,Forum Zacharia,chanacharvi@example.com,9244293561,Hyderabad,VALUE,2025-03-18
8369,Jeremiah Sahota,kzachariah@example.net,4150089723,Hyderabad,PREMIUM,2024-11-10
8370,Vedant Chaudhry,neelimagupta@example.net,1272848717,Jaipur,GROWTH,2026-03-02
8371,Tanveer Mand,nayakmanya@example.com,1650864806,Jaipur,VALUE,2024-09-10
8372,Balvan Morar,rsaha@example.net,8321075360,Kolkata,GROWTH,2025-09-04
8373,Gautam Manne,mahajanchatura@example.org,9420483692,Pune,VALUE,2024-11-21
8374,Dakshesh Dhillon,zayyan54@example.com,0007560960,Delhi,PREMIUM,2026-06-12
8375,Xavier Rattan,oviyasha@example.net,7147050116,Jaipur,NEW,2026-04-04
8376,Jeevika Batra,orindersaha@example.org,1218181528,Mumbai,NEW,2025-12-07
8377,Parth Khanna,abhapadmanabhan@example.net,9408474722,Mumbai,VALUE,2025-11-19
8378,Yatin Kumer,gbhardwaj@example.net,1371479561,Delhi,PREMIUM,2025-08-02
8379,Urishilla Pathak,boraurvi@example.com,6093223586,Jaipur,PREMIUM,2025-06-12
8380,Riya Radhakrishnan,zreddy@example.org,9991087198,Hyderabad,NEW,2025-05-21
8381,Qasim Bhatt,damini66@example.com,1222143387,Mumbai,VALUE,2024-01-25
8382,Garima Master,daniel89@example.net,7800060618,Delhi,GROWTH,2026-04-23
8383,Bhavika Kuruvilla,upma10@example.com,0006715855,Hyderabad,VALUE,2026-06-02
8384,Frederick Verma,rajagopalanjackson@example.org,0770797800,Pune,VALUE,2025-04-19
8385,Chandani Kothari,akshay22@example.net,6592852106,Jaipur,PREMIUM,2026-02-22
8386,Kashish Kar,harinakshisahni@example.org,8640229790,Chennai,GROWTH,2024-12-28
8387,Balvan Dugar,hpanchal@example.com,8534442875,Chennai,VALUE,2024-04-11
8388,Veda Dani,oscar29@example.com,8342469135,Kolkata,NEW,2026-01-21
8389,Ekani Babu,mitrabhavya@example.org,6860283096,Jaipur,GROWTH,2025-04-03
8390,Manan Contractor,zbahl@example.net,6170988983,Bengaluru,NEW,2026-04-26
8391,Jonathan Ramakrishnan,yoshita48@example.net,1339400324,Jaipur,PREMIUM,2024-07-10
8392,Devansh Seth,ibhatti@example.org,2405989403,Chennai,NEW,2025-03-07
8393,Neel Upadhyay,umane@example.com,4313567215,Jaipur,PREMIUM,2025-08-23
8394,Prisha Dhaliwal,ridhi68@example.org,4892758383,Delhi,VALUE,2024-05-03
8395,Chatresh Thakur,ykala@example.com,3073516028,Delhi,VALUE,2026-06-15
8396,Veer Dugal,bansalyashica@example.net,7901797695,Jaipur,NEW,2025-07-01
8397,Guneet Koshy,pkaur@example.org,2537473913,Pune,VALUE,2024-06-03
8398,Faqid Nagy,paninipant@example.net,1499262838,Mumbai,GROWTH,2025-10-28
8399,Tejas Sharma,shroffupadhriti@example.com,8289023586,Jaipur,GROWTH,2026-03-01
8400,Veda Comar,zsarma@example.com,8397125254,Delhi,VALUE,2024-12-02
8401,Jagrati Devan,robertmishra@example.org,2175680433,Pune,VALUE,2025-07-02
8402,Vinaya Agarwal,ubera@example.com,4081365490,Mumbai,GROWTH,2025-11-04
8403,Brinda Pal,ayushman13@example.org,4843436276,Delhi,GROWTH,2024-05-10
8404,Kashvi Hegde,binakaran@example.net,3737758709,Kolkata,PREMIUM,2025-04-22
8405,Aachal Mahal,singhalkrish@example.net,1106928381,Kolkata,VALUE,2025-05-18
8406,Charan Anne,nmani@example.com,9055555443,Delhi,GROWTH,2024-09-28
8407,Abeer Deep,gopalthaker@example.net,0935060411,Delhi,VALUE,2024-09-26
8408,Yagnesh Talwar,wahab40@example.org,8210698527,Chennai,GROWTH,2025-07-20
8409,Tanay Mukherjee,rdash@example.org,2869129863,Delhi,VALUE,2025-11-07
8410,Christopher Garde,narulaekaja@example.org,3784033421,Pune,VALUE,2024-12-16
8411,Yahvi Ratta,kjohal@example.org,5933496942,Jaipur,NEW,2024-05-11
8412,Mekhala Batta,batrasai@example.net,7565642691,Kolkata,VALUE,2025-12-09
8413,Champak Magar,upasna78@example.net,6212459604,Mumbai,PREMIUM,2024-06-05
8414,Samesh Mahajan,omya20@example.com,5625995690,Mumbai,VALUE,2024-01-03
8415,Tripti Pall,krish01@example.org,0923465413,Pune,VALUE,2024-10-17
8416,Ekapad Yadav,gramanathan@example.org,4298892423,Delhi,VALUE,2026-01-06
8417,Wriddhish Samra,zgala@example.org,7216402440,Chennai,NEW,2025-11-12
8418,Chaitanya Borra,chakradhar18@example.net,3702964742,Hyderabad,GROWTH,2024-10-02
8419,Kevin Sekhon,mandalraksha@example.net,6322341692,Pune,VALUE,2025-04-12
8420,Ekbal Bava,gkunda@example.net,7053104898,Mumbai,GROWTH,2026-05-13
8421,Harish Kohli,thakurjonathan@example.com,6323999986,Kolkata,GROWTH,2025-10-08
8422,Avni Prashad,parekhharshil@example.org,6372896458,Pune,PREMIUM,2025-11-14
8423,Harish Mukherjee,madanomkaar@example.net,2550664242,Mumbai,NEW,2024-03-19
8424,Manthan Agate,unnisachdeva@example.net,8394430205,Bengaluru,GROWTH,2024-08-04
8425,Wahab Wason,anamikakadakia@example.net,4381650872,Delhi,GROWTH,2024-04-03
8426,Janaki Keer,rachana35@example.com,8163106954,Hyderabad,VALUE,2026-05-30
8427,Azad Hegde,walineelima@example.net,3652235358,Bengaluru,NEW,2024-11-04
8428,Lila Virk,edhithamammen@example.com,5794186020,Delhi,GROWTH,2025-03-25
8429,Nirja Kapadia,unnatimangal@example.com,3633981980,Chennai,VALUE,2025-05-11
8430,Aditya Khanna,tchoudhry@example.net,8888209005,Chennai,NEW,2025-04-15
8431,Varenya Korpal,cgoyal@example.com,0888577589,Delhi,NEW,2024-02-16
8432,Advik Shukla,hjaggi@example.net,0607938796,Mumbai,GROWTH,2026-03-29
8433,Vedika Sangha,satheethan@example.org,4009149721,Delhi,VALUE,2024-12-08
8434,Qarin Batra,ranveersamra@example.com,9092570193,Pune,PREMIUM,2026-04-06
8435,Arin Pandya,dhillonhritik@example.com,7095990426,Bengaluru,NEW,2025-11-19
8436,Faris Kurian,anamika23@example.com,4605877294,Delhi,GROWTH,2025-09-19
8437,Chandresh Som,siyaseth@example.net,9769479713,Mumbai,VALUE,2025-09-24
8438,Tanmayi Comar,madanharshil@example.com,2840535739,Jaipur,VALUE,2026-05-30
8439,Wyatt Luthra,odika13@example.com,4583500013,Bengaluru,VALUE,2024-09-30
8440,Ayaan Walia,robert23@example.com,8992168202,Pune,VALUE,2024-10-22
8441,Hemang Gole,rastogixavier@example.org,7859082118,Hyderabad,PREMIUM,2025-08-26
8442,Tara Ahuja,useth@example.com,7467315586,Mumbai,VALUE,2024-07-28
8443,Faris Choudhary,yachana40@example.org,1378778343,Bengaluru,GROWTH,2025-12-24
8444,Alka Modi,mason10@example.net,2743032151,Delhi,NEW,2024-01-27
8445,Aashi Patla,hvenkatesh@example.com,1172388293,Pune,GROWTH,2026-03-18
8446,Urmi Dhar,treddy@example.org,0298787680,Bengaluru,VALUE,2024-11-07
8447,Hemangini Nigam,raviomisha@example.net,9186702091,Hyderabad,NEW,2024-01-05
8448,Ishwar Grewal,ksathe@example.org,4097059824,Mumbai,VALUE,2025-06-26
8449,Priya Tara,wakeetayogi@example.net,9553372936,Kolkata,NEW,2024-09-04
8450,Warinder Sarna,lipikabalay@example.net,2664736331,Mumbai,VALUE,2024-10-01
8451,Jackson Thaker,mvenkataraman@example.org,9890897637,Chennai,GROWTH,2025-03-09
8452,Lohit Sandal,mwalla@example.net,5698132043,Kolkata,GROWTH,2025-06-05
8453,Irya Rattan,amoltata@example.net,5700632049,Pune,GROWTH,2024-05-02
8454,Krish Ratti,yagneshvenkatesh@example.org,4423086469,Chennai,GROWTH,2024-02-13
8455,Ridhi Kanda,chokshiranbir@example.com,9299643417,Jaipur,VALUE,2025-02-19
8456,Kashish Patla,avniahluwalia@example.net,6223126798,Mumbai,GROWTH,2024-11-14
8457,Sarthak Shanker,finnnatt@example.net,6868307654,Jaipur,VALUE,2025-06-07
8458,Rohan Vohra,kritikalal@example.com,6553859948,Chennai,PREMIUM,2025-11-04
8459,Bhavini Batra,qmangal@example.com,7376660196,Hyderabad,GROWTH,2025-07-07
8460,Logan Kalla,uhans@example.net,2673045179,Bengaluru,GROWTH,2024-04-03
8461,Lajita Biswas,maanavnarasimhan@example.org,7188751392,Pune,VALUE,2026-06-15
8462,Chameli Raman,dalaja67@example.net,5105738695,Jaipur,GROWTH,2025-10-05
8463,Patrick Talwar,xiti80@example.com,1780307625,Pune,GROWTH,2024-02-14
8464,Samarth Kamdar,adweta74@example.org,3611944320,Delhi,VALUE,2025-11-17
8465,Chaman Choudhry,balakrishnanjoshua@example.net,4963482650,Hyderabad,PREMIUM,2026-03-03
8466,Tanvi Saha,udarshmodi@example.org,6649401934,Pune,VALUE,2025-05-26
8467,Chanchal Ghosh,schandra@example.org,7358937822,Hyderabad,VALUE,2026-01-19
8468,Kavya Grewal,reyansh88@example.org,6735239505,Kolkata,PREMIUM,2026-03-08
8469,Yasti Karan,korpaltriya@example.org,9325314536,Pune,VALUE,2026-05-17
8470,Mekhala Wali,naksh88@example.com,0783271256,Delhi,VALUE,2026-05-09
8471,Sarthak Sagar,rauoni@example.com,8185311832,Chennai,PREMIUM,2024-06-23
8472,Varenya Bala,hkapoor@example.net,3916413116,Mumbai,PREMIUM,2024-02-01
8473,Lipika Munshi,vivaan75@example.org,1174911845,Hyderabad,VALUE,2025-08-09
8474,Lila Uppal,matthewarora@example.com,6133599391,Hyderabad,VALUE,2025-09-03
8475,Anthony Kalita,fredericknadkarni@example.net,2121859191,Kolkata,GROWTH,2025-05-26
8476,Vihaan Aggarwal,narayanleena@example.org,3992257859,Kolkata,GROWTH,2024-08-01
8477,Arunima Kannan,qarindoctor@example.com,9072757592,Hyderabad,GROWTH,2026-05-03
8478,Vedant Ratti,obanik@example.org,1337335990,Chennai,GROWTH,2025-01-02
8479,Farhan Padmanabhan,khalsarayaan@example.com,8630370964,Pune,PREMIUM,2025-10-29
8480,Maanav Comar,bhargavalipika@example.net,7773907897,Pune,NEW,2025-07-14
8481,Vasudha Bhardwaj,advaith96@example.com,8119751679,Pune,VALUE,2026-03-17
8482,Forum Kapoor,vihaanpathak@example.com,7166579495,Kolkata,VALUE,2025-10-03
8483,Devansh Bassi,balveer79@example.org,5529979910,Jaipur,VALUE,2025-07-25
8484,Chandresh Purohit,abhimanyubarad@example.net,3397079417,Kolkata,VALUE,2026-01-26
8485,Girindra Bumb,kabirmistry@example.com,3224183958,Mumbai,GROWTH,2024-02-18
8486,Onkar Dave,kannanbalveer@example.net,4290564919,Hyderabad,NEW,2025-09-26
8487,Avni Srinivasan,achaudhuri@example.net,9273116681,Hyderabad,VALUE,2025-06-11
8488,Zilmil Hans,eesha70@example.com,3307726890,Chennai,VALUE,2025-11-30
8489,Gagan Yadav,guhanikita@example.com,5398052857,Chennai,GROWTH,2024-07-20
8490,Sanya Rattan,rajaanusha@example.org,2411926886,Pune,NEW,2025-06-23
8491,Varsha Natt,ikbal18@example.org,6762071025,Hyderabad,VALUE,2024-09-12
8492,Zayyan Sood,onkarmani@example.org,3954846431,Bengaluru,PREMIUM,2024-04-15
8493,Saumya Bhandari,noahpradhan@example.org,4782625177,Hyderabad,NEW,2025-06-01
8494,Neel Deshmukh,baljoshua@example.org,5189236299,Kolkata,GROWTH,2024-01-20
8495,Vritti Dash,robertdugar@example.net,0730337795,Bengaluru,GROWTH,2024-03-24
8496,Arya Rout,kallalaban@example.net,5645514678,Delhi,GROWTH,2025-04-21
8497,Omisha Parekh,yashica14@example.org,4860917400,Jaipur,VALUE,2026-03-19
8498,Harsh Andra,ukaur@example.org,1515965835,Mumbai,GROWTH,2025-10-05
8499,Faraj Tailor,lakshchaudhry@example.net,9065533011,Chennai,VALUE,2024-01-14
8500,Dhriti Ray,frado61@example.org,0842347185,Kolkata,PREMIUM,2024-04-07
8501,Girindra Reddy,noriudarsh@example.net,5332410950,Bengaluru,NEW,2025-01-22
8502,Girindra Ganguly,georgeacharya@example.com,7392060975,Bengaluru,VALUE,2025-01-21
8503,Jeevika Pandey,pthakkar@example.com,4621542426,Bengaluru,GROWTH,2024-02-05
8504,Pranav Sachdeva,gaurangmemon@example.net,1939954157,Mumbai,VALUE,2024-08-18
8505,Omya Mody,ekiyadara@example.net,4286054541,Mumbai,VALUE,2024-04-24
8506,Tejas Sura,jason99@example.com,0728108845,Mumbai,PREMIUM,2025-05-25
8507,Gaurang Kakar,sunderniharika@example.org,9899352144,Hyderabad,VALUE,2025-08-15
8508,Manya Wali,cherianharshil@example.org,0024618956,Chennai,PREMIUM,2024-12-17
8509,Champak Comar,anya31@example.com,4235042887,Delhi,VALUE,2025-05-29
8510,Agastya Tata,fben@example.net,4654759229,Kolkata,NEW,2024-06-30
8511,Pooja Tak,imaran04@example.net,2230121270,Pune,GROWTH,2026-02-05
8512,Ranbir Garg,ayaanray@example.com,2913224136,Delhi,GROWTH,2024-01-04
8513,Lopa Kapadia,lajita20@example.net,4613288052,Kolkata,PREMIUM,2025-03-29
8514,Oviya Dara,guhapatrick@example.net,9887221748,Delhi,GROWTH,2024-10-16
8515,Faraj Singhal,bhalder@example.com,5161420052,Chennai,VALUE,2025-02-09
8516,Amrita Bansal,samarthshah@example.org,1075897047,Hyderabad,NEW,2025-04-09
8517,Dayita Bhalla,jonathan05@example.com,0043087861,Chennai,VALUE,2025-08-04
8518,Vamakshi Gade,nisha79@example.net,0558749918,Jaipur,VALUE,2026-04-16
8519,Chakrika Prabhu,sandalsai@example.org,1411852064,Jaipur,GROWTH,2025-05-20
8520,Yahvi Kar,ucchalmukhopadhyay@example.com,0072690520,Bengaluru,GROWTH,2024-07-23
8521,Oviya Keer,chatterjeevedant@example.org,1378924027,Chennai,GROWTH,2025-04-16
8522,Michael Subramaniam,shravya25@example.org,8220828966,Jaipur,NEW,2025-04-06
8523,Tejas Dube,noahmore@example.net,8069217726,Pune,GROWTH,2026-02-17
8524,Ekanta Oommen,dbassi@example.net,3596924486,Jaipur,VALUE,2025-05-24
8525,Raksha Magar,amolrandhawa@example.net,3056279827,Hyderabad,VALUE,2026-02-20
8526,Qarin Naidu,eupadhyay@example.net,2647920490,Bengaluru,VALUE,2025-08-07
8527,Aachal Tak,kdalia@example.org,6042351578,Chennai,PREMIUM,2025-05-29
8528,Praneel Cherian,deshpandelohit@example.net,4877428658,Kolkata,VALUE,2024-10-22
8529,Raghav Ravi,bhavya04@example.org,8146893641,Jaipur,GROWTH,2024-08-18
8530,Jairaj Rana,netrachanda@example.com,8162636132,Pune,GROWTH,2024-03-30
8531,Advika Parmar,qvenkatesh@example.com,4579835852,Pune,PREMIUM,2025-05-08
8532,Guneet Johal,darsh15@example.com,2785643801,Chennai,VALUE,2026-04-09
8533,Eesha Kaur,noahoommen@example.net,8885488630,Bengaluru,VALUE,2024-01-12
8534,Dipta Ramachandran,zarna19@example.org,5641874845,Hyderabad,NEW,2026-05-07
8535,Charles Kibe,sarya@example.com,8956879455,Hyderabad,GROWTH,2026-02-12
8536,Upma Ratta,revabhattacharyya@example.com,3920762039,Kolkata,GROWTH,2025-01-29
8537,Chakradhar Sangha,vbanik@example.net,8965074742,Chennai,PREMIUM,2024-10-09
8538,Janani Yohannan,nmitra@example.com,6461744386,Kolkata,NEW,2025-06-06
8539,Krishna Mall,sulemadhav@example.net,1413853645,Delhi,VALUE,2026-02-08
8540,Patrick Chokshi,gardemugdha@example.net,3653565475,Kolkata,NEW,2024-01-27
8541,Veda Guha,murthyyagnesh@example.org,4335493418,Chennai,VALUE,2025-02-08
8542,Girik Sahota,jagrati33@example.net,9451837440,Jaipur,NEW,2024-02-12
8543,Yashoda Bhatt,sathvik09@example.net,4703866964,Hyderabad,VALUE,2025-08-02
8544,Samuel Kale,omishasetty@example.net,9088227297,Hyderabad,VALUE,2024-03-10
8545,Rehaan Sanghvi,shauryadalal@example.org,0066637691,Mumbai,VALUE,2024-10-11
8546,Ayush Sridhar,chandreshthakur@example.com,6032943947,Kolkata,NEW,2025-10-26
8547,Jai Srinivas,calebpatil@example.com,9981429975,Pune,NEW,2025-11-07
8548,Chaaya Apte,hamsini98@example.org,5375794612,Kolkata,VALUE,2024-07-23
8549,Dalaja Deo,aarnakumer@example.org,2520644831,Delhi,VALUE,2025-04-06
8550,Onkar Madan,ishita65@example.net,7514469491,Mumbai,VALUE,2024-06-15
8551,Victor Bhat,farhan97@example.net,0193415072,Jaipur,VALUE,2025-06-16
8552,Yatan Goyal,yagnesh95@example.org,5299358794,Delhi,PREMIUM,2024-01-08
8553,Radha Munshi,chaman49@example.net,3126547322,Chennai,VALUE,2026-01-02
8554,Akshay Chandra,anayprabhu@example.com,0090787328,Hyderabad,NEW,2024-01-21
8555,Dayita Mannan,jasmit49@example.org,6467763025,Jaipur,NEW,2025-07-01
8556,Om Minhas,shivanshbora@example.org,9008145636,Kolkata,VALUE,2024-12-30
8557,Nachiket Balasubramanian,lmane@example.com,1124679161,Jaipur,GROWTH,2024-07-20
8558,Ati Konda,karan28@example.org,3634606640,Bengaluru,NEW,2025-05-02
8559,Abhimanyu Morar,gautamitella@example.com,3287600504,Chennai,NEW,2024-05-07
8560,Nisha Panchal,nachiket79@example.com,3993534091,Pune,PREMIUM,2025-06-05
8561,Jacob Varma,aarushmall@example.net,4439544953,Jaipur,VALUE,2025-08-03
8562,Dhruv Nayar,harita09@example.com,7840714912,Delhi,VALUE,2025-02-16
8563,Anusha Anand,pwali@example.net,4846151226,Jaipur,PREMIUM,2024-11-21
8564,Harshil More,emane@example.com,0299800580,Bengaluru,GROWTH,2025-02-17
8565,Indali Hans,omtoor@example.net,7546685739,Mumbai,PREMIUM,2026-05-10
8566,Reyansh Sibal,aryagayathri@example.net,8081679687,Chennai,PREMIUM,2025-11-08
8567,Ekaja Mukhopadhyay,ijayachaudry@example.org,1112566886,Kolkata,GROWTH,2024-01-06
8568,Charita Nair,darayamini@example.net,7563699770,Mumbai,VALUE,2024-09-17
8569,Daksh Trivedi,lakshmi23@example.org,7278814103,Delhi,GROWTH,2024-01-23
8570,Lekha Borra,sarafkrisha@example.com,0872086704,Jaipur,NEW,2024-08-01
8571,Avi Iyengar,madhavi36@example.org,2423734635,Jaipur,VALUE,2025-12-01
8572,Leela Nagarajan,bavachakrika@example.net,4072341765,Mumbai,VALUE,2026-02-07
8573,Pratyush Gill,samakshnagarajan@example.net,0901051773,Jaipur,NEW,2025-02-15
8574,Owen Khurana,brarijaya@example.com,1251160766,Jaipur,PREMIUM,2025-09-12
8575,Lavanya Raj,agastya75@example.com,7351212916,Jaipur,GROWTH,2024-11-29
8576,Pallavi Ghose,fmangal@example.com,6820170590,Mumbai,NEW,2025-03-05
8577,Idika Kaur,nsavant@example.com,0569215106,Chennai,GROWTH,2026-01-16
8578,Leela Chander,yaminihayer@example.net,5552594563,Jaipur,NEW,2024-09-04
8579,Girik Bhattacharyya,xdixit@example.com,3265913886,Jaipur,NEW,2024-10-13
8580,Amol Kashyap,slala@example.org,9269046662,Chennai,VALUE,2024-05-02
8581,Jonathan Mand,zdas@example.com,9833102161,Mumbai,GROWTH,2024-07-15
8582,Chaitaly Agate,omaja65@example.com,1535410845,Delhi,VALUE,2024-02-03
8583,Panini Goel,amukherjee@example.com,0425780497,Bengaluru,PREMIUM,2026-01-04
8584,Anamika Rout,yagneshrajagopal@example.com,4241448784,Delhi,GROWTH,2026-02-06
8585,Saksham Mital,yashoda61@example.com,8757252753,Mumbai,GROWTH,2025-01-14
8586,Wazir Kurian,chaddaksh@example.com,0500043974,Delhi,NEW,2025-06-18
8587,Urmi Prabhakar,ksharaf@example.com,1014121461,Kolkata,GROWTH,2024-08-11
8588,Lakshmi Sarin,qarinmand@example.net,7347187203,Chennai,PREMIUM,2024-02-11
8589,Baljiwan Tripathi,odubey@example.com,4468696072,Chennai,PREMIUM,2025-04-09
8590,Janaki Mani,sai69@example.org,9430748817,Kolkata,GROWTH,2024-05-22
8591,Bhavani Krish,fiyaz56@example.org,3626774141,Hyderabad,VALUE,2026-02-02
8592,Leela Deol,watikamane@example.com,4440280705,Hyderabad,PREMIUM,2024-09-08
8593,Hemal Bail,emann@example.com,0404370513,Mumbai,GROWTH,2025-10-25
8594,Amruta Jayaraman,udantkota@example.com,3557329566,Hyderabad,VALUE,2024-08-24
8595,Anthony Palan,daliachatresh@example.com,4441630418,Mumbai,PREMIUM,2024-04-23
8596,Kashvi Magar,ysridhar@example.net,5979904747,Chennai,GROWTH,2025-05-08
8597,Abhiram Kothari,pillaitanish@example.com,7639412942,Jaipur,VALUE,2024-06-13
8598,Pahal Mander,balhaar35@example.net,0693340851,Chennai,NEW,2024-12-25
8599,Shaurya Naidu,sanghajanani@example.com,1110947409,Bengaluru,VALUE,2024-09-20
8600,Upma Ravel,ramaswamyikbal@example.net,9159780049,Pune,GROWTH,2026-03-04
8601,Chaitanya Kuruvilla,lavanya48@example.com,4935581725,Kolkata,GROWTH,2025-03-28
8602,Jeet Virk,hahuja@example.net,4170118882,Hyderabad,VALUE,2025-10-09
8603,Aayush Barad,siya64@example.com,8933403773,Bengaluru,GROWTH,2025-06-13
8604,Anusha Deshpande,janikeya@example.org,1055838020,Pune,VALUE,2026-03-30
8605,Simon Maharaj,barkhade@example.net,7126259506,Mumbai,VALUE,2025-01-30
8606,Neelima Purohit,lravel@example.org,8272034920,Jaipur,PREMIUM,2026-02-15
8607,Qushi Sengupta,nchaudhari@example.net,1398587238,Bengaluru,VALUE,2026-03-19
8608,Tanmayi Babu,gaganshan@example.org,3007221537,Bengaluru,NEW,2026-04-09
8609,Hredhaan Shankar,vram@example.com,5294606971,Pune,GROWTH,2025-09-18
8610,Rachita Behl,dsahota@example.org,2410347280,Delhi,VALUE,2026-06-01
8611,Advika Sarraf,purohitchaitanya@example.com,2073712849,Mumbai,NEW,2025-11-01
8612,Faris Bal,widishatalwar@example.org,6383336839,Mumbai,GROWTH,2024-10-07
8613,Abha Sem,odikaprakash@example.net,8060449825,Hyderabad,GROWTH,2024-05-21
8614,Gayathri Ramanathan,esachar@example.com,0524498984,Chennai,PREMIUM,2024-07-07
8615,Jagrati Sahota,asankaran@example.com,0633877101,Mumbai,NEW,2025-05-31
8616,Eshana Acharya,adani@example.com,2157243927,Bengaluru,VALUE,2024-05-28
8617,Faraj Tiwari,dugarnakul@example.com,0769685150,Kolkata,VALUE,2024-08-01
8618,Anmol Char,dattarohan@example.com,1045341065,Jaipur,NEW,2025-07-19
8619,Vyanjana Master,harinakshi72@example.com,6777006170,Delhi,VALUE,2024-10-26
8620,Pratyush Jayaraman,gagan76@example.com,9945150350,Pune,PREMIUM,2025-09-04
8621,Sarthak Pillai,pahalchar@example.com,2278856467,Delhi,GROWTH,2026-06-16
8622,Zansi Narang,balharini@example.net,8038041635,Chennai,GROWTH,2024-03-20
8623,Arunima Naik,zvarghese@example.org,4292602717,Jaipur,PREMIUM,2025-07-31
8624,Gautami Rege,samarvenkataraman@example.net,4964034765,Kolkata,NEW,2026-01-08
8625,Veer Sundaram,swaminathanadvik@example.org,0638093850,Mumbai,VALUE,2024-05-06
8626,Deepa Bath,jackpanchal@example.com,0996975370,Bengaluru,GROWTH,2025-12-05
8627,Aishani Gokhale,asubramanian@example.com,4651412445,Kolkata,PREMIUM,2025-04-01
8628,Ekbal Sinha,yuvrajbaria@example.net,8047340035,Kolkata,VALUE,2025-07-19
8629,Garima Sehgal,gabriel98@example.org,1008045273,Bengaluru,NEW,2024-02-16
8630,Charita Bandi,zbhandari@example.net,2592490889,Delhi,GROWTH,2025-01-27
8631,Ganga Bhalla,tgoswami@example.net,2991484538,Hyderabad,VALUE,2024-11-26
8632,Ekiya Swaminathan,omaja91@example.org,7048190517,Chennai,NEW,2024-05-18
8633,Orinder Puri,hariagastya@example.net,7888939944,Hyderabad,NEW,2025-11-17
8634,Yoshita Bora,hparmer@example.com,4442417942,Jaipur,VALUE,2025-03-31
8635,Zaid Varughese,ayaankuruvilla@example.org,9781531046,Kolkata,PREMIUM,2026-03-01
8636,Yash Ray,amrita16@example.org,4819890916,Kolkata,VALUE,2024-05-23
8637,Lekha Hayre,oravi@example.net,0027857367,Delhi,VALUE,2025-10-19
8638,Yauvani Panchal,jaggiaarush@example.com,1571579669,Kolkata,VALUE,2025-06-28
8639,Anirudh Chad,falakmander@example.net,2070043808,Kolkata,NEW,2025-08-08
8640,Fariq Dhaliwal,rishi96@example.org,5728296530,Hyderabad,VALUE,2024-10-05
8641,Krishna Nath,mannanyutika@example.org,1168832216,Chennai,VALUE,2025-09-13
8642,Sathvik Agarwal,murtyvanya@example.com,5947387088,Kolkata,PREMIUM,2024-08-10
8643,Yahvi Pillay,hparsa@example.net,5710595901,Jaipur,GROWTH,2025-11-17
8644,Vrishti Sharaf,chatresh24@example.net,1905143723,Chennai,VALUE,2025-01-31
8645,Krisha Soman,yachanasharaf@example.org,6118717988,Delhi,VALUE,2025-03-07
8646,Tarak Ram,luckyshanker@example.net,0271544750,Chennai,PREMIUM,2025-06-06
8647,Oeshi Din,hamsinimanda@example.com,6504105191,Pune,GROWTH,2024-03-16
8648,Rishi Sami,gayathri89@example.org,1071642925,Delhi,PREMIUM,2024-11-26
8649,Zehaan Modi,raksha30@example.org,5708408708,Kolkata,VALUE,2024-07-01
8650,Siddharth Kuruvilla,kevin61@example.com,0906889888,Mumbai,GROWTH,2026-05-17
8651,Yashoda Purohit,sai82@example.com,0594058131,Jaipur,PREMIUM,2025-01-14
8652,Viraj Cheema,neelima63@example.com,9798680765,Chennai,VALUE,2024-01-06
8653,Matthew Hayre,champakparmer@example.org,2005483458,Bengaluru,VALUE,2024-01-24
8654,Kamala Sarraf,zansichacko@example.com,7296742842,Delhi,GROWTH,2026-04-01
8655,Gaurang Sood,rakshasaran@example.org,6582730857,Delhi,VALUE,2024-05-21
8656,Saumya Kannan,sharmaxavier@example.org,8261308393,Pune,VALUE,2024-01-01
8657,Sanya Mitra,indirarandhawa@example.net,2324620538,Hyderabad,NEW,2024-07-09
8658,Ishanvi Shenoy,meeranath@example.com,1802172282,Kolkata,GROWTH,2024-07-14
8659,Priya Ghose,bhasinishwar@example.com,6565417293,Mumbai,GROWTH,2024-03-12
8660,Laban Rama,kibeanamika@example.org,0915772521,Jaipur,VALUE,2026-06-15
8661,Manya Saxena,sanghamitesh@example.net,9977753399,Jaipur,GROWTH,2024-02-23
8662,Benjamin Upadhyay,sainagy@example.com,8203886642,Delhi,GROWTH,2025-10-17
8663,Warhi Lanka,jatinkhare@example.com,2903525191,Pune,NEW,2026-01-23
8664,Kavya Mahajan,wriddhishpingle@example.com,9904730107,Jaipur,GROWTH,2025-08-03
8665,Wriddhish Mangal,ghoseamol@example.com,0160034560,Bengaluru,PREMIUM,2024-04-29
8666,Lakshit Pandya,nmukherjee@example.org,6664525725,Delhi,VALUE,2025-10-15
8667,Sanaya Sharaf,kandapavani@example.org,0854988810,Jaipur,GROWTH,2024-10-23
8668,Ayaan Khatri,lthaman@example.net,6224318718,Hyderabad,NEW,2025-01-02
8669,Lopa Shroff,ydeol@example.net,2804759349,Delhi,GROWTH,2024-08-14
8670,Vaishnavi Manda,jbandi@example.com,0407575970,Kolkata,PREMIUM,2025-12-06
8671,Alka Doctor,neelima45@example.org,2628718633,Pune,NEW,2025-06-05
8672,Varsha Sama,bediupma@example.com,5332501580,Delhi,NEW,2024-05-19
8673,Isha Buch,sridharayushman@example.org,7458523407,Bengaluru,VALUE,2025-01-01
8674,Sai Panchal,jbaria@example.net,5006894894,Delhi,VALUE,2025-12-15
8675,Chanchal Chakrabarti,tshroff@example.com,7051912164,Jaipur,GROWTH,2026-04-23
8676,Edhitha Sinha,ekantikakara@example.com,8704081782,Delhi,NEW,2026-04-25
8677,Sarthak Bhargava,waida16@example.net,0326723970,Kolkata,GROWTH,2024-05-01
8678,Bachittar Batra,patilpavani@example.org,5128635392,Chennai,VALUE,2026-02-10
8679,Bahadurjit Rege,lopabahl@example.com,5939775898,Chennai,GROWTH,2025-05-24
8680,Mitali Parikh,badalfarhan@example.org,5070898603,Kolkata,VALUE,2025-10-27
8681,Wyatt Mannan,tanayboase@example.org,1337370733,Jaipur,VALUE,2024-12-13
8682,Hemal Konda,anthonykari@example.com,8857413773,Mumbai,VALUE,2025-08-09
8683,Pahal Pau,bdutta@example.net,8543831414,Delhi,VALUE,2024-08-20
8684,Hema Gole,ridhi30@example.net,1035185554,Delhi,PREMIUM,2025-04-13
8685,Kalpit Sabharwal,roybrijesh@example.org,8137294681,Pune,VALUE,2024-07-22
8686,Azad Arya,ayush34@example.org,5481199288,Chennai,VALUE,2024-12-21
8687,Abha Shukla,rattamadhav@example.net,1282632365,Delhi,GROWTH,2025-01-02
8688,Farhan Boase,aditya42@example.com,4093708474,Mumbai,VALUE,2026-02-18
8689,Yatan Morar,harish16@example.net,0251351306,Chennai,GROWTH,2025-07-19
8690,Oviya Brahmbhatt,nathanielbora@example.org,1083786841,Pune,VALUE,2025-08-05
8691,Yachana Rastogi,yatin67@example.net,0439305251,Bengaluru,VALUE,2024-09-12
8692,Faris Chadha,siya33@example.net,5010852014,Jaipur,PREMIUM,2025-01-26
8693,Eesha Thakkar,libni67@example.com,8886006774,Jaipur,VALUE,2025-03-01
8694,Sara Malhotra,iwali@example.net,9278220759,Kolkata,VALUE,2025-12-07
8695,Pooja Bose,chaturabal@example.net,7556170102,Hyderabad,VALUE,2024-06-15
8696,Damini Singhal,ejoshi@example.org,1775487517,Jaipur,VALUE,2024-02-18
8697,Pavani Chander,yashasvisethi@example.com,8021818477,Pune,VALUE,2025-03-30
8698,Yasti Sur,rachana43@example.net,0634398847,Chennai,VALUE,2026-01-01
8699,Avni Shenoy,anay88@example.org,8726135986,Hyderabad,VALUE,2025-10-22
8700,Mugdha Rajagopal,shravya04@example.com,4940000835,Kolkata,VALUE,2025-12-30
8701,Amol Pradhan,ijaya42@example.net,7403283333,Chennai,NEW,2024-12-20
8702,Jyoti Raval,jhalakvala@example.net,8340200097,Mumbai,VALUE,2024-07-24
8703,Kavya Badal,lkumar@example.org,4374681983,Jaipur,VALUE,2025-08-16
8704,Anya Gala,latavivaan@example.net,0931665160,Delhi,GROWTH,2024-02-03
8705,Vincent Aggarwal,pallbaghyawati@example.net,9033231602,Pune,VALUE,2026-03-16
8706,Quincy Taneja,vlalla@example.net,3354959796,Pune,PREMIUM,2025-10-04
8707,Bhavika Badal,abeerdar@example.net,0113091634,Chennai,VALUE,2025-03-29
8708,Arunima Srivastava,ibawa@example.org,7974746972,Delhi,GROWTH,2024-06-28
8709,Pahal Ghosh,ypillai@example.net,0134083446,Hyderabad,NEW,2024-08-13
8710,Ekalinga Kulkarni,veerpatel@example.com,5017098458,Jaipur,VALUE,2026-06-15
8711,Isha Bhavsar,ysampath@example.org,9565336716,Mumbai,VALUE,2024-01-14
8712,Gaurang Wali,krishnanpratyush@example.com,6873105595,Pune,GROWTH,2024-01-09
8713,Krisha Bali,varmawriddhish@example.net,2045207158,Kolkata,NEW,2024-11-08
8714,Vedhika Mohanty,snayak@example.net,5395896328,Jaipur,GROWTH,2024-07-25
8715,Yagnesh Kala,ronith38@example.net,7241947842,Chennai,GROWTH,2025-09-01
8716,Zehaan Setty,periteerth@example.com,5890325488,Bengaluru,VALUE,2024-02-07
8717,Oliver Lal,zayansawhney@example.net,8011621878,Pune,GROWTH,2025-12-07
8718,Chandani Mittal,ramwarhi@example.net,5128572794,Hyderabad,VALUE,2025-12-05
8719,Aarnav Guha,kuriansachi@example.net,1681993809,Pune,GROWTH,2024-07-25
8720,Adweta Manda,padmanabhandayita@example.com,4421452026,Pune,VALUE,2025-06-04
8721,Anay Ganesan,karan92@example.com,5282923283,Pune,GROWTH,2025-08-27
8722,Yamini Srivastava,adwetachokshi@example.com,0304918454,Mumbai,VALUE,2026-02-02
8723,Ishanvi Butala,semaashi@example.com,3538101865,Kolkata,PREMIUM,2025-10-21
8724,Odika Mukherjee,gunbirtoor@example.net,2923993392,Chennai,PREMIUM,2026-05-16
8725,Varenya Mittal,guneetbaral@example.com,2483632670,Jaipur,NEW,2024-04-14
8726,Samar Chana,xramachandran@example.net,8091749875,Pune,NEW,2025-07-03
8727,Jeevika Bose,zkurian@example.com,5454614351,Jaipur,GROWTH,2025-11-26
8728,Abhiram Dhaliwal,mammenfitan@example.com,8041674560,Jaipur,PREMIUM,2024-07-27
8729,Yoshita Prakash,wishi14@example.org,1022958459,Jaipur,VALUE,2024-07-15
8730,Amara Sahota,wsethi@example.com,9045786921,Pune,NEW,2024-03-24
8731,Farhan Palla,balaneta@example.com,4700164425,Chennai,GROWTH,2026-06-06
8732,Janya Ganesh,ihari@example.com,4823147472,Delhi,GROWTH,2026-02-18
8733,Vrinda Narang,aradhanasampath@example.org,6650571351,Hyderabad,GROWTH,2024-04-18
8734,Dalbir Virk,goleharini@example.net,8970141298,Hyderabad,PREMIUM,2024-08-08
8735,Faqid Garde,vsachdeva@example.org,7095068835,Kolkata,NEW,2025-02-16
8736,Ganga Patel,vasana86@example.com,7292579111,Chennai,NEW,2026-03-15
8737,Krisha Sharma,nsharma@example.com,3098717365,Hyderabad,GROWTH,2026-01-13
8738,Pranav Kale,kandamaanav@example.org,8862602709,Mumbai,GROWTH,2026-03-01
8739,Gunbir Kannan,ganesanaradhana@example.com,2277180419,Pune,NEW,2026-01-15
8740,Gavin Barman,wbutala@example.com,0637904961,Hyderabad,GROWTH,2025-07-19
8741,Rohan Walia,ttripathi@example.com,4094149380,Delhi,GROWTH,2024-09-18
8742,Aarna Rajan,palldominic@example.net,4518737631,Bengaluru,GROWTH,2025-06-27
8743,Aashi Datta,nvarghese@example.net,9482224014,Jaipur,GROWTH,2025-03-20
8744,Devika Dugar,vasanasaini@example.org,4837078997,Delhi,PREMIUM,2026-05-05
8745,Kala Sheth,vaidyamaanas@example.org,5046807502,Hyderabad,GROWTH,2025-02-07
8746,Charles Chaudry,bchoudhary@example.com,2941255390,Chennai,NEW,2025-11-11
8747,Dev Varma,kapte@example.org,9190692048,Delhi,NEW,2024-06-05
8748,Mohammed Sodhi,yashodharabahri@example.com,9688343960,Mumbai,GROWTH,2025-09-06
8749,Chakrika Chana,jkorpal@example.com,9732437052,Jaipur,VALUE,2025-02-12
8750,Chakrika Ratti,kabirmahajan@example.org,8422075829,Chennai,GROWTH,2025-01-27
8751,Ronith Krish,imutti@example.net,9706535123,Mumbai,GROWTH,2025-11-10
8752,Gaurangi Parekh,chauhanpooja@example.org,5521825541,Mumbai,GROWTH,2025-03-11
8753,Rohan Bhagat,madhavi97@example.org,4704940353,Hyderabad,NEW,2024-02-23
8754,Ekani Kapoor,ekavir14@example.net,3857975777,Pune,VALUE,2024-12-16
8755,Ranveer Bhargava,dsathe@example.org,3069584456,Pune,VALUE,2026-05-16
8756,Chaman Anne,hjain@example.net,0162337480,Mumbai,NEW,2026-05-01
8757,Ridhi Walia,rushil80@example.net,5615961384,Pune,NEW,2025-07-06
8758,Harish Batta,pdhar@example.net,9960387509,Jaipur,GROWTH,2025-07-28
8759,Jalsa Mitter,wvaidya@example.com,3296252858,Mumbai,VALUE,2024-08-24
8760,Ekaja Shan,chanderzarna@example.net,0779437113,Delhi,GROWTH,2025-12-03
8761,Rachana Khanna,galavihaan@example.net,3518422785,Jaipur,GROWTH,2025-06-23
8762,Eshana Mitter,amrita02@example.com,4782895465,Chennai,GROWTH,2024-02-03
8763,Qarin Chaudhari,vargheseumang@example.com,6929084800,Kolkata,VALUE,2026-05-04
8764,Niharika Loke,omanda@example.net,5698422895,Bengaluru,VALUE,2026-02-06
8765,Michael Bhakta,kavyamody@example.org,8472998537,Bengaluru,PREMIUM,2024-03-14
8766,Damyanti Butala,bina20@example.com,7644374280,Mumbai,GROWTH,2025-01-10
8767,Arin Saini,zayan92@example.net,8257862621,Mumbai,PREMIUM,2025-10-30
8768,Lavanya Rai,drama@example.net,8985904031,Hyderabad,GROWTH,2025-10-25
8769,Anay Bhargava,rachita75@example.org,2200076382,Delhi,VALUE,2024-05-30
8770,Nathaniel Krishna,jrege@example.net,5944867597,Kolkata,GROWTH,2024-02-06
8771,Jatin Ravel,munihema@example.net,2471735757,Chennai,NEW,2026-06-05
8772,Omisha Thakur,kalpitmohanty@example.org,5936055146,Jaipur,GROWTH,2026-03-15
8773,Max Chacko,samakshsuresh@example.org,3902383408,Chennai,GROWTH,2025-10-26
8774,Ishani Ratti,oscarrana@example.net,4949060442,Bengaluru,GROWTH,2025-08-16
8775,Lakshmi Raj,charles81@example.net,3566613467,Chennai,NEW,2025-09-09
8776,Azaan Wadhwa,dayita48@example.net,1041712014,Mumbai,GROWTH,2025-02-15
8777,Anika Taneja,dhingraarjun@example.net,6530929549,Kolkata,GROWTH,2025-09-07
8778,Aarush Apte,logan73@example.com,1385245932,Pune,NEW,2024-09-30
8779,Victor Dewan,dattagirik@example.com,5388254631,Mumbai,VALUE,2024-03-16
8780,Waida Dayal,btripathi@example.com,5707674856,Chennai,GROWTH,2024-10-06
8781,Tamanna Bawa,nihal96@example.org,8029562389,Chennai,GROWTH,2024-09-21
8782,Nakul Dhingra,advikmunshi@example.org,1679277128,Mumbai,NEW,2024-09-30
8783,Chakradhar Sheth,cbala@example.org,5890191157,Delhi,PREMIUM,2025-02-27
8784,Harinakshi Tak,purinakul@example.com,4215684415,Kolkata,VALUE,2024-04-27
8785,Aachal Halder,jpradhan@example.org,9748735596,Bengaluru,NEW,2025-01-01
8786,Jason Dhillon,maxpandit@example.com,8766726677,Chennai,PREMIUM,2025-02-21
8787,Gaurang Merchant,zayyanmannan@example.org,1673308610,Mumbai,GROWTH,2024-06-18
8788,Quincy Basu,zsachdeva@example.org,0486885867,Pune,VALUE,2025-02-12
8789,Yauvani Bajaj,baljiwansamra@example.com,5675502132,Delhi,VALUE,2025-08-29
8790,Zaitra Ratta,abha56@example.net,1733615030,Bengaluru,GROWTH,2025-01-05
8791,Lajita Bassi,dtandon@example.org,7220442505,Chennai,GROWTH,2024-01-03
8792,Ayush Ghose,cbava@example.org,3059524455,Hyderabad,NEW,2025-09-24
8793,Adweta Arya,behlkavya@example.net,5349119160,Chennai,VALUE,2025-06-04
8794,Jagrati Mital,veda53@example.net,7507008638,Mumbai,GROWTH,2025-01-12
8795,Adya Seshadri,hemasethi@example.net,2909448469,Hyderabad,VALUE,2024-01-21
8796,Harita Barman,samesh71@example.org,5400238136,Kolkata,GROWTH,2024-03-21
8797,Aarini Chacko,rbora@example.net,4907765036,Bengaluru,VALUE,2024-03-12
8798,Rajata Ramanathan,netra91@example.net,5683687576,Mumbai,GROWTH,2026-02-05
8799,Samarth Banik,sodhifaris@example.net,9027977267,Kolkata,VALUE,2024-10-04
8800,Lopa Narayan,ynarasimhan@example.net,4658320323,Kolkata,GROWTH,2025-01-17
8801,Raagini Desai,parsajagdish@example.net,8554566262,Pune,VALUE,2025-09-18
8802,Yutika Swamy,pdewan@example.net,6283917715,Kolkata,PREMIUM,2025-08-12
8803,Lakshmi Palan,unnativasa@example.com,6857375717,Kolkata,VALUE,2024-02-27
8804,Wazir Borah,thakurubika@example.org,2261404184,Pune,GROWTH,2026-04-16
8805,Lopa Ben,vansha15@example.com,8523561145,Chennai,GROWTH,2024-08-26
8806,Kabir Devi,hiteshandra@example.org,1692884287,Delhi,VALUE,2025-11-21
8807,Gaurang Chaudhari,kuruvillavidhi@example.net,7798929650,Chennai,VALUE,2026-01-18
8808,Lavanya Andra,mannechaitanya@example.com,8307371847,Bengaluru,VALUE,2025-04-29
8809,Vasatika Malhotra,rachita85@example.net,5307515848,Kolkata,GROWTH,2024-05-25
8810,Fariq Aurora,bhaktarishi@example.com,3203435780,Hyderabad,NEW,2025-05-05
8811,Yashodhara Badal,sahadev@example.com,1542455981,Jaipur,VALUE,2024-08-08
8812,Forum Dara,ljha@example.org,7383587780,Chennai,PREMIUM,2026-02-03
8813,Ekantika Korpal,dhartripti@example.net,2209881957,Chennai,PREMIUM,2025-11-10
8814,Bimala Morar,oscar37@example.net,3706096455,Jaipur,PREMIUM,2026-01-11
8815,Jairaj Lad,sanayasampath@example.org,2928373979,Hyderabad,GROWTH,2026-01-15
8816,Champak Pathak,indrajitmaharaj@example.com,7139158356,Hyderabad,NEW,2024-06-09
8817,Darika Sastry,chandermadhav@example.com,0953745572,Bengaluru,GROWTH,2024-01-28
8818,Wriddhish Parmer,prabhakarniharika@example.net,2083759982,Jaipur,NEW,2025-07-17
8819,Nilima Som,kabirrau@example.com,7555300825,Kolkata,VALUE,2025-07-06
8820,Daksh Narula,vivaanrama@example.org,8259568443,Mumbai,NEW,2026-02-18
8821,Jonathan Ramesh,chandravincent@example.com,0758978114,Hyderabad,NEW,2025-07-28
8822,Abhiram Kumer,harshkrishnamurthy@example.net,0652650550,Bengaluru,NEW,2025-12-23
8823,Odika Narula,osarkar@example.org,5878824783,Pune,VALUE,2024-11-09
8824,Manthan Ganesan,xitiramesh@example.org,5516481677,Delhi,NEW,2024-04-22
8825,Quincy Dutt,bumbandrew@example.org,7459562635,Pune,VALUE,2024-02-04
8826,Aarav Choudhry,ramanforum@example.org,0777266447,Pune,PREMIUM,2025-01-27
8827,Mitesh Korpal,ekapad35@example.net,6277797954,Mumbai,VALUE,2024-01-02
8828,Shaurya Barman,priyakrish@example.com,6946004987,Mumbai,PREMIUM,2025-04-11
8829,Yashvi Varkey,sanya88@example.net,2407205340,Pune,GROWTH,2024-12-26
8830,Prisha Wason,chamelinarula@example.net,6074693347,Bengaluru,VALUE,2024-08-20
8831,Pahal Sundaram,vermawishi@example.net,8084655743,Jaipur,VALUE,2025-06-16
8832,Warhi Thakkar,kalitatanay@example.net,2197633464,Kolkata,VALUE,2025-09-03
8833,Mohini Mallick,swamymanthan@example.org,2884567345,Jaipur,GROWTH,2024-02-05
8834,Theodore Srinivasan,zilmildugar@example.net,7630462790,Chennai,NEW,2025-03-04
8835,Avni Nanda,qadimshankar@example.com,4450681250,Jaipur,PREMIUM,2026-04-25
8836,Gaurika Din,george38@example.com,2458842256,Delhi,PREMIUM,2024-09-24
8837,Vihaan Parikh,pradhaneiravati@example.com,5134339313,Bengaluru,NEW,2025-12-03
8838,Finn Sridhar,avi54@example.com,7841595539,Delhi,GROWTH,2024-10-30
8839,Hemangini Narayan,indira32@example.com,0754263364,Pune,GROWTH,2024-09-01
8840,Yahvi Suresh,jaggioviya@example.net,7649905708,Chennai,GROWTH,2026-02-10
8841,Tanvi Malhotra,soodbakhshi@example.org,6138789282,Bengaluru,VALUE,2024-11-16
8842,Devansh Manne,jacob41@example.org,8748500949,Bengaluru,GROWTH,2026-02-18
8843,Naksh Sangha,echaudhari@example.net,0097686532,Pune,PREMIUM,2025-08-12
8844,Ekantika Dara,kvarkey@example.com,0398224932,Mumbai,GROWTH,2026-01-01
8845,Waida Samra,vparekh@example.org,5729294139,Chennai,PREMIUM,2026-01-03
8846,Gaurika Kapur,aanne@example.com,4342908009,Chennai,VALUE,2026-04-02
8847,Niharika Parekh,daksha57@example.net,9450327453,Mumbai,PREMIUM,2025-05-14
8848,Ekbal Parmar,logan75@example.org,3993429986,Mumbai,VALUE,2026-05-07
8849,Deepa Choudhury,dkala@example.org,0600909600,Bengaluru,NEW,2024-02-23
8850,Ridhi Wagle,mekhalapai@example.org,7266783684,Chennai,VALUE,2025-03-18
8851,Wazir Anand,qdin@example.com,4245280714,Bengaluru,GROWTH,2024-12-22
8852,Samuel Panchal,vamakshi12@example.org,6940762191,Hyderabad,GROWTH,2024-03-28
8853,Darsh Choudhary,emurty@example.com,4633500784,Chennai,VALUE,2026-02-24
8854,Rehaan Barad,omajagaba@example.org,6414513842,Mumbai,GROWTH,2025-12-21
8855,Falak Soman,charmaanas@example.com,9980021255,Chennai,VALUE,2025-11-04
8856,Orinder Mand,warinder40@example.org,9521688720,Mumbai,GROWTH,2025-07-24
8857,Jonathan Viswanathan,gbadal@example.net,3798189996,Mumbai,NEW,2025-06-25
8858,Tanveer Mody,warinder89@example.com,4029500777,Mumbai,VALUE,2024-12-08
8859,Varsha Raj,saranabha@example.org,9025923754,Bengaluru,GROWTH,2025-09-07
8860,Chanakya Venkatesh,jhawakeeta@example.com,4134238714,Delhi,NEW,2026-05-27
8861,Rajata Bawa,jtata@example.org,2912621398,Jaipur,GROWTH,2024-08-14
8862,Yashawini Bandi,fkapadia@example.com,0059900678,Bengaluru,NEW,2024-10-31
8863,Abhiram Jani,adyarao@example.org,2420300748,Kolkata,GROWTH,2024-04-08
8864,Charita Ahluwalia,narayananyagnesh@example.org,0989829480,Jaipur,GROWTH,2026-03-27
8865,Gauri Kanda,menoncharita@example.com,2832483527,Kolkata,VALUE,2025-04-22
8866,Wyatt Prasad,atharv50@example.net,2306685878,Kolkata,VALUE,2025-06-17
8867,Mugdha Sunder,harshil59@example.com,6194880126,Delhi,GROWTH,2024-08-27
8868,Hiral Narain,regedarsh@example.org,6271970776,Bengaluru,NEW,2024-02-02
8869,Anjali Saha,oni27@example.org,6529752599,Pune,VALUE,2025-12-25
8870,Hemani Konda,bborra@example.net,4461181745,Chennai,NEW,2026-02-13
8871,Maya Baria,balveer09@example.org,5723321894,Delhi,GROWTH,2024-11-02
8872,Vedhika Loke,ncheema@example.net,3544832538,Chennai,GROWTH,2025-11-16
8873,Lakshit Tandon,yash72@example.net,1970812620,Kolkata,NEW,2025-05-29
8874,Chanakya Natarajan,shenoyvasudha@example.net,4299685509,Kolkata,NEW,2025-08-01
8875,Megha Mistry,abeer89@example.net,9200967861,Hyderabad,GROWTH,2024-06-04
8876,Hredhaan Dua,urvashi97@example.com,4407225543,Mumbai,VALUE,2025-07-07
8877,Nilima Saxena,falandalal@example.com,2972114497,Bengaluru,VALUE,2024-05-25
8878,Yachana Patla,ekantika16@example.com,0641820306,Bengaluru,VALUE,2024-07-15
8879,Onkar Chada,yagneshwadhwa@example.org,9329360955,Bengaluru,PREMIUM,2024-11-17
8880,Ekani Kalla,libnishenoy@example.org,9094145902,Bengaluru,VALUE,2024-07-12
8881,Anmol Tank,shahzayyan@example.org,0156603964,Hyderabad,PREMIUM,2026-03-29
8882,Harini Nagarajan,xdevan@example.net,5169961543,Delhi,VALUE,2024-01-27
8883,Gaurav Dutt,fpandit@example.org,4712257895,Bengaluru,GROWTH,2026-03-24
8884,Qabil Saha,ogrover@example.net,6060497987,Bengaluru,GROWTH,2024-05-18
8885,Teerth Prabhakar,charlessarna@example.com,0070921424,Mumbai,GROWTH,2026-02-22
8886,Vanya Vala,urvashi86@example.net,0397843519,Jaipur,GROWTH,2024-10-29
8887,Bhavya Rana,raghavanedhitha@example.net,7345366249,Pune,NEW,2026-04-09
8888,Sanaya Bains,harish30@example.org,9197673994,Jaipur,NEW,2025-05-01
8889,Hemal Butala,naveengala@example.org,6133934587,Chennai,PREMIUM,2025-03-16
8890,Yamini Bhattacharyya,zmaster@example.org,6411446466,Delhi,VALUE,2024-04-27
8891,Vasudha Prasad,salvipriya@example.com,7878908837,Jaipur,NEW,2025-01-25
8892,Ekapad Dua,yachanakhosla@example.com,8114961811,Hyderabad,NEW,2025-05-16
8893,Chandani Char,modyfitan@example.net,9947745168,Pune,NEW,2026-06-04
8894,Noah Nori,gollayahvi@example.net,3311702034,Hyderabad,GROWTH,2024-08-24
8895,Harish Sanghvi,nehajaggi@example.net,8323021573,Hyderabad,VALUE,2024-03-15
8896,Pranav Venkatesh,godarajata@example.com,5303877857,Hyderabad,PREMIUM,2024-08-16
8897,Zansi Nayar,chaturakashyap@example.org,0804248391,Bengaluru,GROWTH,2024-08-06
8898,Anita Sarraf,hredhaan22@example.net,8014713262,Chennai,VALUE,2026-05-03
8899,Radha Palla,pmurty@example.net,0943489951,Pune,GROWTH,2024-05-15
8900,Eiravati Bansal,satheturvi@example.org,8888220904,Delhi,GROWTH,2026-06-12
8901,Anirudh Pathak,hemanisidhu@example.net,6623116902,Mumbai,VALUE,2024-04-11
8902,Chavvi Lall,paninikaur@example.com,6287024998,Kolkata,PREMIUM,2025-12-31
8903,Damini Kapadia,dattatristan@example.org,7409782124,Chennai,GROWTH,2025-01-08
8904,Urishilla Tailor,thomas25@example.org,7104399901,Jaipur,GROWTH,2024-02-18
8905,Gayathri Roy,cbava@example.org,5521215633,Chennai,VALUE,2025-07-06
8906,Lohit Agate,zachariahredhaan@example.org,0263589141,Pune,NEW,2025-10-17
8907,Chatura Sur,amolsrinivasan@example.org,9351509405,Jaipur,GROWTH,2026-01-24
8908,Wridesh Misra,boselucky@example.org,1714949393,Pune,GROWTH,2024-06-09
8909,Hiral Kade,deshpandeaishani@example.net,6986286055,Bengaluru,GROWTH,2025-07-09
8910,Ubika Shukla,ojasvipalla@example.org,0171527688,Chennai,GROWTH,2025-05-27
8911,Charan Batta,bhasinfaras@example.org,9081729071,Mumbai,PREMIUM,2025-02-02
8912,Jatin Nath,vmahajan@example.org,7920392481,Bengaluru,VALUE,2026-03-15
8913,Turvi Sha,pallcharan@example.org,8292217311,Pune,NEW,2025-01-15
8914,Bhavna Lall,bhavsartriya@example.org,4025274815,Mumbai,VALUE,2024-12-08
8915,Ekbal Lala,yamini08@example.com,2191899140,Pune,NEW,2025-04-17
8916,Kiaan Ghose,chackodev@example.com,4629388238,Chennai,GROWTH,2026-04-15
8917,Jasmit Sidhu,mitterhredhaan@example.org,9389225782,Bengaluru,VALUE,2026-02-19
8918,Nandini Kumar,hemalbhasin@example.org,4610604662,Delhi,GROWTH,2025-09-29
8919,Udant Oommen,ganesanyahvi@example.com,7347897554,Pune,VALUE,2024-03-13
8920,Vinaya More,darpan82@example.com,3477058817,Kolkata,NEW,2024-09-27
8921,Maya Walla,mbarman@example.net,0760840438,Pune,PREMIUM,2024-01-14
8922,Kavya Sibal,sundaramyatin@example.net,6428459049,Hyderabad,GROWTH,2024-03-26
8923,Dipta Doshi,sarnagirindra@example.com,7989875935,Pune,GROWTH,2026-01-18
8924,Maanav Yadav,waidachokshi@example.net,1120745802,Hyderabad,NEW,2026-01-03
8925,Kashish Palla,balayanya@example.com,0262738755,Bengaluru,PREMIUM,2024-04-02
8926,Hemangini Sunder,mitterjason@example.com,9612912187,Bengaluru,GROWTH,2025-02-16
8927,Vinaya Pathak,gyogi@example.org,3261384558,Mumbai,GROWTH,2024-09-08
8928,Nilima Rau,wnadkarni@example.com,4077941966,Jaipur,VALUE,2024-03-06
8929,Nachiket Wali,basakikshita@example.net,7510104726,Pune,PREMIUM,2024-12-09
8930,Jacob Hari,chakrikazacharia@example.net,7659215033,Mumbai,GROWTH,2024-04-02
8931,Oliver Khare,harinakshibhattacharyya@example.org,8281836238,Kolkata,NEW,2025-10-24
8932,Chasmum Sawhney,onayak@example.com,8378993916,Mumbai,GROWTH,2026-05-20
8933,Charita Badami,charvisolanki@example.net,9023853729,Chennai,GROWTH,2025-01-15
8934,Harsh Krishnamurthy,pandyaqadim@example.org,7477956051,Mumbai,GROWTH,2024-08-06
8935,Sai Char,darikasoni@example.com,6105606420,Bengaluru,PREMIUM,2025-03-25
8936,Waida Suresh,boaseveda@example.net,4111942878,Pune,GROWTH,2026-05-19
8937,Bina Dash,ishanisama@example.org,7843631000,Jaipur,NEW,2024-05-23
8938,Ekaja Oak,cmadan@example.net,1072219643,Jaipur,VALUE,2025-09-05
8939,Zarna Kalita,ganga88@example.org,9462638065,Jaipur,PREMIUM,2024-03-24
8940,Bhanumati Pradhan,prabhuinaya@example.com,2377070551,Mumbai,NEW,2024-09-27
8941,Balhaar Das,echad@example.org,6286309661,Delhi,PREMIUM,2025-01-30
8942,Atharv Halder,xseth@example.com,1469948732,Jaipur,VALUE,2024-12-11
8943,Harrison Bahl,isant@example.com,1892511799,Jaipur,PREMIUM,2024-06-09
8944,Triveni Pall,bhardwajmadhavi@example.org,7575515119,Bengaluru,VALUE,2025-11-30
8945,Balveer Cheema,maneorinder@example.org,1126339347,Delhi,VALUE,2025-08-28
8946,Balendra Rajagopal,anshsolanki@example.org,7624584438,Pune,PREMIUM,2025-01-26
8947,Anamika Bandi,vivaan86@example.net,5509418150,Delhi,NEW,2025-01-11
8948,Rachana Gokhale,xitibhatti@example.com,9085357045,Delhi,VALUE,2024-03-08
8949,Dipta Chaudhari,byadav@example.org,4499605233,Jaipur,NEW,2025-08-17
8950,Nachiket Choudhary,hrajagopalan@example.com,9789330908,Hyderabad,GROWTH,2024-07-25
8951,Warjas Samra,bhatiaeesha@example.org,5129993665,Delhi,NEW,2024-09-27
8952,Neelima Krish,unnati55@example.org,4233800582,Pune,PREMIUM,2026-02-13
8953,Rudra Sangha,hmishra@example.org,0044387529,Bengaluru,NEW,2025-07-31
8954,Wriddhish Pillai,chandani43@example.net,8951247201,Chennai,NEW,2025-09-18
8955,Nikita Bath,avni69@example.org,0424263066,Jaipur,NEW,2024-08-26
8956,Dalbir Sha,lrastogi@example.com,0840923491,Mumbai,GROWTH,2025-03-26
8957,Kiaan Walla,hemanginichar@example.net,5848684635,Pune,VALUE,2024-01-13
8958,Anamika Chada,kariviraj@example.org,1703259660,Kolkata,GROWTH,2024-08-08
8959,Vihaan Pai,daksha15@example.com,8671574217,Hyderabad,PREMIUM,2025-12-21
8960,Rishi Amble,nathanielshere@example.com,7307142902,Jaipur,VALUE,2025-03-03
8961,Anita Gupta,fsetty@example.org,7627286733,Hyderabad,NEW,2025-07-25
8962,Upadhriti Mukherjee,nisha16@example.org,3936204847,Hyderabad,VALUE,2025-12-10
8963,Waida Mukherjee,buchsamarth@example.org,7830176438,Jaipur,NEW,2026-04-23
8964,Rachana Ravel,kibewaida@example.net,1926714038,Pune,GROWTH,2024-03-14
8965,Dipta Srinivasan,zbir@example.net,3158424817,Kolkata,NEW,2025-06-06
8966,Riya Bhatnagar,qshenoy@example.net,9382288038,Kolkata,NEW,2026-06-14
8967,Zinal Bains,wyattbhardwaj@example.net,1078426321,Pune,GROWTH,2024-06-28
8968,Advay Behl,seshadriurmi@example.org,0317573526,Mumbai,PREMIUM,2026-02-12
8969,Vedant Patla,chanchal00@example.net,2467288578,Hyderabad,VALUE,2025-06-06
8970,Janya Dube,sachdevarachit@example.net,3796274925,Kolkata,NEW,2024-10-13
8971,Aryan Varghese,atharv94@example.com,7498763687,Chennai,NEW,2025-12-05
8972,Hema Golla,arana@example.com,2673899968,Bengaluru,VALUE,2026-02-22
8973,Warjas Sinha,sahazansi@example.net,9792627508,Bengaluru,VALUE,2024-05-08
8974,Ekansh Dhaliwal,gopaljanuja@example.net,9040654631,Kolkata,GROWTH,2025-09-05
8975,Pushti Chawla,naksh88@example.net,4388732832,Mumbai,VALUE,2026-04-22
8976,Jonathan Dave,dhora@example.net,0688180527,Delhi,NEW,2025-08-22
8977,Ojas Borra,atharv70@example.com,8015938439,Kolkata,VALUE,2025-05-07
8978,Ojas Naidu,balaoscar@example.com,8087706136,Bengaluru,NEW,2024-05-05
8979,Krishna Butala,royhemang@example.com,9206817485,Kolkata,NEW,2025-02-09
8980,Vrinda Din,mdeshpande@example.com,1715678757,Chennai,NEW,2026-03-26
8981,Damini Ramesh,ckarnik@example.net,2167756823,Jaipur,GROWTH,2025-12-20
8982,Siya Lalla,narasimhanudarsh@example.org,4612493949,Chennai,VALUE,2025-02-09
8983,Krishna Pradhan,dalianaveen@example.com,7062965688,Kolkata,NEW,2024-10-05
8984,Pratyush Prasad,vyasprisha@example.com,3813934054,Kolkata,PREMIUM,2025-12-23
8985,Ati Mangat,qbahri@example.net,9802623531,Mumbai,NEW,2026-05-20
8986,Imaran Verma,eesha02@example.org,6049980574,Jaipur,GROWTH,2024-09-26
8987,Hema Chada,kotharishivani@example.net,0949858418,Pune,VALUE,2025-12-30
8988,Lavanya Sengupta,anika71@example.com,5549733271,Delhi,NEW,2024-10-04
8989,Yasti Badami,dparmar@example.org,5478761506,Delhi,NEW,2026-01-14
8990,Maanas Bhardwaj,uchaudhary@example.net,3572701821,Bengaluru,VALUE,2026-05-18
8991,Harish Kalita,anneveda@example.com,6020882698,Delhi,PREMIUM,2025-08-19
8992,Pushti Varghese,yashvidixit@example.com,9044687927,Bengaluru,VALUE,2025-03-22
8993,Harish Yadav,christopherbumb@example.org,2214716084,Jaipur,GROWTH,2024-10-09
8994,Watika Buch,dhawanhritik@example.com,2961882379,Hyderabad,GROWTH,2024-02-23
8995,Lavanya Desai,nidhighose@example.org,3677100005,Delhi,GROWTH,2024-02-17
8996,Ayaan Borde,rsandal@example.com,7313460278,Hyderabad,VALUE,2026-01-22
8997,Yagnesh Issac,waida57@example.org,2170764692,Mumbai,VALUE,2025-08-18
8998,Ekiya Loke,jsen@example.com,0021178673,Kolkata,GROWTH,2024-07-23
8999,Gunbir Choudhry,balarajata@example.net,0757151569,Delhi,VALUE,2025-05-11
9000,Saanvi Gara,bkonda@example.com,1723307247,Kolkata,GROWTH,2026-03-01
9001,Lopa Apte,llal@example.net,0220584640,Hyderabad,GROWTH,2025-08-06
9002,Aarav Trivedi,shivanshdar@example.net,8070999183,Delhi,PREMIUM,2026-04-04
9003,Megha Manne,hritik10@example.net,1232682123,Pune,PREMIUM,2024-04-15
9004,Vasudha Batra,takyauvani@example.org,7022900906,Hyderabad,VALUE,2024-03-06
9005,Oviya Subramanian,kariforum@example.com,7623154658,Kolkata,VALUE,2025-08-22
9006,Ikbal Khalsa,bhargavaronith@example.net,7468929967,Chennai,NEW,2025-06-08
9007,Krishna Dhawan,usandal@example.org,3975033996,Kolkata,NEW,2025-09-11
9008,Aarnav Subramanian,xrout@example.net,3271031569,Hyderabad,NEW,2026-06-02
9009,Vasudha Bhatti,vorayashvi@example.org,4773924356,Delhi,NEW,2024-04-08
9010,Qasim Chandra,bpurohit@example.com,0925279830,Mumbai,GROWTH,2026-04-17
9011,Manan Barman,seshadrifaras@example.org,6859814002,Hyderabad,NEW,2024-02-24
9012,Zaitra Rana,harita07@example.com,8954156468,Hyderabad,GROWTH,2025-04-17
9013,Chandani Chauhan,rohan91@example.net,2588169236,Kolkata,PREMIUM,2026-01-18
9014,Tristan Basu,kwason@example.com,1429192088,Hyderabad,NEW,2025-09-04
9015,Neel Ram,dalbir83@example.com,5486599843,Kolkata,PREMIUM,2024-07-19
9016,Falguni Rattan,damyanti34@example.org,5822014382,Mumbai,GROWTH,2025-06-27
9017,Pushti Sibal,zansivig@example.com,0561856239,Hyderabad,GROWTH,2026-03-22
9018,Ikbal Chacko,frado08@example.com,6630886332,Kolkata,VALUE,2024-07-01
9019,Balhaar Naidu,fchokshi@example.com,6298278566,Delhi,GROWTH,2026-04-23
9020,Anmol Ram,upurohit@example.net,8378612246,Bengaluru,NEW,2025-08-10
9021,Bachittar Sur,dhritisuri@example.net,5766312433,Kolkata,PREMIUM,2024-03-19
9022,Veer Misra,hayeryashica@example.org,0634481324,Chennai,VALUE,2024-10-26
9023,Gayathri Contractor,mvenkatesh@example.org,0275982750,Kolkata,PREMIUM,2026-02-14
9024,Chatresh Dasgupta,andraunni@example.net,2059918798,Chennai,GROWTH,2024-10-31
9025,Kashvi Chaudhry,mayanarasimhan@example.com,9016060356,Kolkata,GROWTH,2026-05-02
9026,Mekhala Dhar,saiaggarwal@example.org,7198509211,Jaipur,GROWTH,2025-01-12
9027,Ucchal Apte,deomeera@example.net,9721898555,Jaipur,GROWTH,2024-11-04
9028,Aradhana Gill,triptideshpande@example.org,2337635171,Delhi,PREMIUM,2026-02-05
9029,Gaurangi Koshy,sai61@example.net,1742287028,Chennai,PREMIUM,2025-12-07
9030,Yuvraj Rao,dayitawarrior@example.com,2465184930,Delhi,PREMIUM,2024-08-02
9031,Harita Garg,craj@example.org,5512812095,Mumbai,GROWTH,2025-12-03
9032,Aarush Dey,harshbains@example.net,8966764536,Bengaluru,PREMIUM,2024-08-13
9033,Isaiah Sampath,qdeep@example.com,6345194651,Pune,VALUE,2026-03-17
9034,Yashvi Shah,fariqdasgupta@example.com,3337245332,Hyderabad,GROWTH,2024-01-07
9035,Anya Varkey,icherian@example.org,2910110696,Kolkata,GROWTH,2025-08-18
9036,Lohit Kata,inayak@example.org,5823668821,Bengaluru,PREMIUM,2024-05-19
9037,Jhalak Kashyap,sdada@example.org,6552268015,Chennai,NEW,2025-09-01
9038,Rehaan Butala,qwagle@example.com,0077461521,Kolkata,VALUE,2026-05-30
9039,Nilima Pathak,wsarin@example.com,8471658382,Jaipur,NEW,2025-08-23
9040,Wriddhish Narain,zashil04@example.org,2406241336,Mumbai,VALUE,2025-01-25
9041,Varsha Mukhopadhyay,bhatiatanveer@example.com,1416930847,Pune,GROWTH,2026-01-10
9042,Zehaan Purohit,siya36@example.com,4989492293,Delhi,NEW,2024-06-24
9043,Hemani Das,oeshi71@example.org,3421676763,Chennai,PREMIUM,2025-05-03
9044,Nicholas Bumb,edwinchandani@example.net,0865813292,Hyderabad,NEW,2026-05-19
9045,Champak Chakrabarti,osankaran@example.com,6338759306,Jaipur,NEW,2024-11-16
9046,Yash Gulati,nagyindira@example.com,8431693370,Kolkata,VALUE,2024-01-25
9047,Ganga Pillai,jairajkota@example.org,0249957641,Jaipur,NEW,2025-02-01
9048,Advik Kannan,kotakritika@example.net,2610523726,Kolkata,NEW,2025-03-11
9049,Sudiksha Chaudhry,champakganguly@example.net,4672479291,Hyderabad,GROWTH,2025-12-31
9050,Waida Bumb,siyasant@example.com,5843777730,Pune,VALUE,2025-12-25
9051,Avi Handa,pranavbabu@example.com,8618402529,Delhi,VALUE,2024-11-02
9052,Hemani Roy,bosetanveer@example.com,2597211895,Chennai,NEW,2025-11-26
9053,Dakshesh Mitter,karanranbir@example.com,9451609175,Delhi,NEW,2024-05-08
9054,Kai Kulkarni,wvenkataraman@example.net,5656465496,Pune,NEW,2024-06-19
9055,Aayush Narayan,bhavna92@example.com,2660807826,Jaipur,GROWTH,2025-06-27
9056,Manya Kulkarni,poojasoni@example.com,5222164605,Pune,VALUE,2025-09-29
9057,Ekani Joshi,chaman73@example.org,8094147961,Kolkata,GROWTH,2025-12-27
9058,Sara Rajan,garima71@example.net,7778054552,Mumbai,GROWTH,2025-07-14
9059,Jack Setty,jasmit49@example.com,6493338030,Jaipur,VALUE,2024-04-24
9060,Tanvi Shetty,vamakshi27@example.net,8535107195,Chennai,VALUE,2025-08-30
9061,Darsh Andra,qbasak@example.org,9561552982,Pune,VALUE,2025-01-21
9062,Ati Kapur,georgesridhar@example.com,7147844500,Kolkata,VALUE,2024-08-27
9063,Ekta Sha,sundergautam@example.com,2173860433,Pune,PREMIUM,2024-11-01
9064,Fariq Sodhi,anita42@example.net,6993253523,Bengaluru,GROWTH,2025-12-30
9065,Chaitanya Kari,kritikakala@example.org,6356902423,Chennai,GROWTH,2024-06-08
9066,Peter Lalla,waida00@example.com,9019146999,Pune,GROWTH,2025-05-18
9067,Siya Nath,kamyanagy@example.net,9515473272,Kolkata,NEW,2024-03-15
9068,Aishani Oak,upasna12@example.org,5697095946,Hyderabad,PREMIUM,2025-10-14
9069,Aadi Mittal,sastryvincent@example.org,5149304480,Chennai,GROWTH,2024-05-14
9070,Caleb Mitter,ibasak@example.org,8010117536,Chennai,PREMIUM,2026-04-25
9071,Teerth Dada,rgolla@example.org,7761918277,Delhi,PREMIUM,2026-03-04
9072,Hemangini Ram,urvisarma@example.com,0497357013,Delhi,PREMIUM,2026-02-08
9073,Harita Mann,mnagarajan@example.org,5931400915,Delhi,GROWTH,2024-11-09
9074,Veda Behl,harrisonsrinivasan@example.net,8553503817,Pune,GROWTH,2025-12-05
9075,Jagvi Mistry,charan58@example.net,3208899606,Hyderabad,GROWTH,2024-05-01
9076,Odika Dalal,jackson94@example.net,7465693428,Kolkata,GROWTH,2024-09-17
9077,Hritik Behl,anyasahni@example.com,0936441363,Pune,VALUE,2024-04-29
9078,Urvashi Ramanathan,bhavsaraayush@example.org,5258903305,Mumbai,GROWTH,2024-02-18
9079,Shivani Pathak,nandini70@example.net,7787399981,Delhi,GROWTH,2024-11-26
9080,Indali Sahota,samihredhaan@example.com,7451067737,Bengaluru,GROWTH,2025-06-01
9081,Triya Doctor,alkaswaminathan@example.org,6256320286,Jaipur,GROWTH,2026-02-15
9082,Max Ganesan,balanmeghana@example.org,1607780765,Delhi,VALUE,2024-02-01
9083,Shivansh Minhas,ragrawal@example.com,5427295791,Mumbai,VALUE,2025-01-01
9084,Amrita Bakshi,ekavirpradhan@example.org,5736784729,Delhi,GROWTH,2025-10-04
9085,Advaith Tripathi,lakshramaswamy@example.org,6279723449,Hyderabad,PREMIUM,2024-06-30
9086,Lajita Wadhwa,tkothari@example.org,0366613689,Jaipur,VALUE,2025-10-25
9087,Omaja Apte,baghyawati64@example.net,6550859599,Pune,VALUE,2025-05-28
9088,Ladli Gopal,anmol17@example.com,6551297400,Hyderabad,VALUE,2025-05-21
9089,Ekansh Kamdar,dayamaibhat@example.net,5772288012,Mumbai,GROWTH,2024-04-22
9090,Nimrat Soni,borasuhani@example.com,1827644815,Bengaluru,VALUE,2024-05-31
9091,Saanvi Sastry,aryan49@example.net,4720989642,Chennai,GROWTH,2026-02-28
9092,Reva Prasad,eshanasengupta@example.net,5412429281,Bengaluru,GROWTH,2026-02-27
9093,Banjeet Jha,manigirik@example.org,7218057756,Pune,NEW,2025-02-11
9094,Maanas Puri,bsunder@example.org,4489275856,Jaipur,PREMIUM,2025-06-20
9095,Watika Sidhu,wriddhish38@example.com,5346473283,Mumbai,VALUE,2025-05-02
9096,Sachi Boase,williamganguly@example.net,3588463919,Bengaluru,GROWTH,2025-04-08
9097,Christopher Sarma,dubewridesh@example.net,3499403472,Mumbai,PREMIUM,2025-10-02
9098,Ishita Dasgupta,buchvritti@example.com,0462217347,Pune,VALUE,2025-05-25
9099,Oni Gera,bhaktawarhi@example.com,1450057270,Hyderabad,NEW,2024-04-22
9100,Bachittar Ray,lukeraju@example.org,4039775254,Bengaluru,GROWTH,2024-03-15
9101,Bhavna Jaggi,simon23@example.net,5457837812,Mumbai,VALUE,2026-02-04
9102,Vincent Hans,crajagopalan@example.net,4401351798,Delhi,VALUE,2025-10-28
9103,Charles Dhar,ekajapurohit@example.com,3645504014,Hyderabad,NEW,2024-06-27
9104,Victor Krishnan,aryamahal@example.org,4646865221,Pune,NEW,2024-02-24
9105,Ladli Bajaj,vasana22@example.org,0017313127,Mumbai,NEW,2024-07-16
9106,Ayaan Purohit,emangat@example.org,7211942111,Delhi,VALUE,2025-06-04
9107,Utkarsh Agate,yashkanda@example.com,9666584092,Hyderabad,PREMIUM,2025-06-09
9108,Hemangini De,nathanradhakrishnan@example.org,1297927852,Pune,VALUE,2024-06-01
9109,Harita Sarma,pranitdeshpande@example.org,1351242622,Bengaluru,GROWTH,2024-06-07
9110,Ekantika Dey,ynarayanan@example.org,2037252989,Bengaluru,PREMIUM,2024-07-05
9111,Gautam Deshpande,hpandya@example.org,9660474847,Mumbai,NEW,2025-02-02
9112,Xavier Subramaniam,anita17@example.org,7546602471,Pune,GROWTH,2024-07-28
9113,Bachittar Raja,tripathifiyaz@example.net,7246052887,Kolkata,GROWTH,2025-02-14
9114,Zehaan Wali,dharbhavya@example.net,9704635980,Kolkata,VALUE,2024-01-13
9115,Bhavna Wali,atichoudhary@example.org,0187390820,Chennai,GROWTH,2026-04-22
9116,Harini Korpal,wkara@example.net,9129599436,Pune,VALUE,2026-03-13
9117,Jackson Venkatesh,kprabhakar@example.org,8403393900,Hyderabad,NEW,2024-10-31
9118,Aahana Ganesan,manthanbalasubramanian@example.net,8706060797,Delhi,VALUE,2025-12-24
9119,Inaya Mukhopadhyay,vrishtilala@example.net,8108845379,Bengaluru,PREMIUM,2025-04-26
9120,Abeer Naik,balapatrick@example.net,7453056050,Pune,VALUE,2024-01-29
9121,Sachi Roy,nikitasavant@example.com,3574033468,Pune,GROWTH,2024-09-13
9122,Kevin Patla,fitan45@example.com,7592767214,Jaipur,VALUE,2024-02-21
9123,Ayushman Srinivasan,devika44@example.net,0670118644,Jaipur,GROWTH,2025-09-29
9124,Sanya Ranganathan,lohit97@example.org,3407006327,Mumbai,GROWTH,2025-12-05
9125,Pranit Basak,bdin@example.net,4688326941,Delhi,GROWTH,2025-07-09
9126,Kalpit Ganguly,nihalkashyap@example.org,8125789920,Bengaluru,NEW,2024-01-07
9127,Zaid Borde,tanay37@example.net,6998862325,Jaipur,VALUE,2024-07-31
9128,Bakhshi Chander,kamya73@example.com,3827888047,Kolkata,GROWTH,2025-02-26
9129,Nandini Sachdeva,george39@example.org,9266542039,Delhi,NEW,2024-05-10
9130,Karan Zacharia,chhabralopa@example.com,3782242517,Mumbai,VALUE,2024-04-06
9131,Veda Dutta,ishaandhillon@example.com,5639440784,Chennai,NEW,2024-09-30
9132,Samaksh Bose,hiral69@example.com,3402320600,Pune,NEW,2025-06-16
9133,Nakul Mukherjee,cpandey@example.org,7896845998,Jaipur,NEW,2024-03-20
9134,Nilima Ghose,vanya17@example.org,3450120931,Kolkata,GROWTH,2026-06-17
9135,Urvi Ramanathan,gabriel83@example.org,5634386796,Mumbai,PREMIUM,2025-02-17
9136,Charita Contractor,vincentpau@example.com,3527796162,Delhi,GROWTH,2024-06-03
9137,Abhiram Keer,kamyanayar@example.org,6221866170,Pune,GROWTH,2024-01-19
9138,Qadim Toor,jhagautami@example.net,5684978758,Chennai,NEW,2026-05-11
9139,Urishilla Agrawal,isaiah03@example.net,3413963167,Jaipur,VALUE,2025-06-19
9140,Ekiya Brar,fiyaz13@example.com,2752427477,Chennai,PREMIUM,2026-02-17
9141,Praneel Vyas,liambajwa@example.net,8492515174,Chennai,GROWTH,2025-11-29
9142,Devika Nigam,kevinbalay@example.org,7872748647,Bengaluru,VALUE,2026-06-06
9143,Mason Bail,ikari@example.org,1885414157,Delhi,GROWTH,2026-03-11
9144,Nathaniel Aggarwal,qushibaral@example.com,6080926713,Jaipur,PREMIUM,2025-11-20
9145,Vrinda Patel,asachdev@example.org,8432211371,Kolkata,GROWTH,2026-02-05
9146,Jeevika Magar,srivastavaamol@example.net,5881744254,Mumbai,NEW,2026-02-10
9147,Mitali Majumdar,imander@example.net,4885938806,Pune,GROWTH,2024-08-17
9148,Laksh Bir,mkari@example.net,1111892886,Bengaluru,NEW,2025-06-19
9149,Amruta Ravi,bmunshi@example.net,1012985013,Hyderabad,GROWTH,2026-06-06
9150,Karan Shukla,garagarima@example.net,7019942549,Kolkata,NEW,2026-02-19
9151,Andrew Chaudhari,chadhaandrew@example.org,5599583415,Kolkata,VALUE,2024-04-04
9152,Onveer Ravi,sarthak83@example.com,0090905543,Mumbai,GROWTH,2024-04-10
9153,Zayyan Majumdar,kondamadhav@example.com,5151122512,Bengaluru,NEW,2024-06-29
9154,Charan Karpe,ranveer29@example.net,1692007551,Kolkata,VALUE,2025-10-29
9155,Christopher Srivastava,gmann@example.net,3893440262,Jaipur,GROWTH,2024-12-20
9156,Brinda Gulati,rhalder@example.net,3746697510,Delhi,PREMIUM,2025-07-19
9157,Agastya Pradhan,christopherbumb@example.org,5573494635,Kolkata,PREMIUM,2024-05-05
9158,Lucky Khanna,randhawaekantika@example.org,3150339185,Hyderabad,NEW,2024-02-23
9159,Mitali Warrior,onveerkhalsa@example.net,7552941127,Chennai,PREMIUM,2025-11-24
9160,Pooja Bawa,gbobal@example.net,9177147064,Delhi,NEW,2024-09-19
9161,Aashi Nayak,trai@example.net,2039420169,Pune,GROWTH,2024-02-08
9162,Mitesh Karnik,borahharinakshi@example.org,9720622757,Pune,GROWTH,2024-07-13
9163,Nandini Sunder,smemon@example.net,2979482733,Pune,NEW,2024-10-17
9164,Amrita Wali,nitara59@example.org,8339103400,Kolkata,PREMIUM,2024-12-30
9165,Xiti Chaudhry,ojasviprasad@example.net,7579199931,Jaipur,VALUE,2026-03-18
9166,Abhimanyu Chandran,bdora@example.net,6004632081,Kolkata,GROWTH,2024-06-27
9167,Chaitanya Chhabra,benalexander@example.org,0582170615,Pune,GROWTH,2025-06-27
9168,Watika Subramanian,tamanna03@example.org,5393072950,Jaipur,PREMIUM,2024-09-04
9169,Ayaan Dayal,omajabaria@example.net,5787560285,Pune,GROWTH,2025-03-24
9170,Ethan De,wableyamini@example.net,9895915703,Pune,PREMIUM,2024-09-23
9171,Jagdish Dubey,ranveer91@example.org,9082941296,Chennai,NEW,2024-11-05
9172,Jonathan Khanna,tripti31@example.org,0021019454,Kolkata,VALUE,2025-06-23
9173,Manthan Sengupta,simon88@example.net,7193100295,Delhi,GROWTH,2025-06-14
9174,Amruta Hora,harrisondyal@example.net,2566438044,Chennai,GROWTH,2024-05-01
9175,Harini Tiwari,mukhopadhyayanita@example.org,4912056704,Hyderabad,VALUE,2024-05-21
9176,Harshil Oza,wazirsama@example.org,1469338097,Jaipur,GROWTH,2024-08-04
9177,Ekantika Dash,wbandi@example.org,4544098649,Delhi,GROWTH,2026-03-20
9178,Pushti Kakar,swamymanbir@example.net,1859354100,Pune,NEW,2024-10-12
9179,Fiyaz Mandal,onveerbiswas@example.org,8379729064,Mumbai,GROWTH,2025-06-04
9180,Anirudh Shukla,baralgunbir@example.com,2535685351,Jaipur,VALUE,2025-02-08
9181,Tripti Mittal,ahluwaliaoeshi@example.org,8036310781,Kolkata,GROWTH,2024-11-14
9182,Dayita Goswami,tvarma@example.net,1539767384,Mumbai,NEW,2024-02-04
9183,Unni Khanna,sbal@example.net,5873179473,Kolkata,GROWTH,2025-02-01
9184,Nathan Rajan,bahadurjitsarma@example.net,3764974828,Hyderabad,VALUE,2026-06-18
9185,Hiral Buch,bravi@example.net,5768787697,Jaipur,NEW,2026-04-26
9186,Ekaraj Gokhale,harshilbali@example.org,9224939158,Pune,VALUE,2024-09-27
9187,Upma Sengupta,gaurika31@example.net,4622041799,Delhi,VALUE,2025-04-24
9188,Radha Shenoy,liam23@example.com,9515503977,Mumbai,GROWTH,2024-09-15
9189,Onveer Kuruvilla,william27@example.org,8110201608,Hyderabad,PREMIUM,2026-04-09
9190,Rayaan Mohan,vasatika25@example.org,3670265171,Mumbai,NEW,2025-05-14
9191,Hema Modi,zradhakrishnan@example.org,0775184653,Mumbai,VALUE,2026-04-08
9192,Zilmil Tandon,vedantdatta@example.com,3262978578,Jaipur,PREMIUM,2026-02-07
9193,Krisha Pathak,balveer94@example.com,3435811424,Kolkata,PREMIUM,2024-10-21
9194,Imaran Nazareth,yoshita31@example.com,5315788684,Hyderabad,NEW,2025-02-15
9195,Damyanti Kapoor,tanish60@example.org,0634387461,Mumbai,NEW,2025-05-27
9196,Naksh Batta,bbumb@example.net,4280416957,Mumbai,PREMIUM,2024-08-11
9197,Anamika Walla,orajagopal@example.net,5566749986,Jaipur,VALUE,2026-01-18
9198,Chaman Dass,sundaramryan@example.com,5880702313,Bengaluru,VALUE,2025-05-24
9199,Urishilla Sahota,maxmutti@example.com,9960586394,Delhi,NEW,2024-07-05
9200,Azaan Bedi,advika83@example.com,6939817425,Hyderabad,GROWTH,2025-03-10
9201,Aditya Bhatti,jagatsawhney@example.org,8595216635,Hyderabad,GROWTH,2026-01-09
9202,Irya Subramanian,kakaryochana@example.net,3587805386,Chennai,NEW,2025-01-15
9203,Vanya Sagar,ahujamaanas@example.net,2884137702,Bengaluru,NEW,2025-10-01
9204,Bhavna Ganesh,riya88@example.org,7980761278,Jaipur,PREMIUM,2026-06-04
9205,Lavanya Devi,sathvikkata@example.net,6089613933,Pune,NEW,2024-10-28
9206,Jasmit Lal,pushti23@example.com,5219103271,Jaipur,VALUE,2026-06-15
9207,Bachittar Kant,karankari@example.com,3471640599,Bengaluru,PREMIUM,2025-01-07
9208,Vihaan Bera,maanassahni@example.com,6856604308,Pune,NEW,2025-05-20
9209,Amrita Bhargava,badaljairaj@example.com,6801655374,Bengaluru,VALUE,2025-11-26
9210,Gaurangi Divan,lohit30@example.com,3337237802,Pune,VALUE,2024-03-02
9211,Wyatt Chopra,yramakrishnan@example.com,3481548743,Pune,PREMIUM,2025-09-23
9212,Triveni Gour,aseth@example.org,9426160152,Bengaluru,GROWTH,2025-05-25
9213,Meghana Mukhopadhyay,ochokshi@example.net,1225343854,Jaipur,VALUE,2025-08-12
9214,Aarna Swamy,ishanvidash@example.com,2535456518,Kolkata,VALUE,2026-05-07
9215,Oviya Arya,wazir42@example.org,6664576202,Jaipur,VALUE,2025-03-12
9216,Dominic Vig,mukhopadhyaywahab@example.net,6794026410,Mumbai,VALUE,2026-04-13
9217,Jeremiah Kapoor,avikothari@example.net,2646562156,Pune,NEW,2025-05-25
9218,Forum Wable,sarannisha@example.com,2447264881,Delhi,PREMIUM,2024-07-12
9219,Saumya Mohan,hsankaran@example.org,4446655969,Delhi,PREMIUM,2025-08-10
9220,Nakul Yohannan,manyasoman@example.com,0013845444,Jaipur,VALUE,2024-06-20
9221,Ekantika Sahni,indrajit17@example.com,7732902204,Mumbai,GROWTH,2026-03-20
9222,Vasana Sood,jcontractor@example.com,7070381837,Kolkata,VALUE,2024-05-17
9223,Ira Krish,pprashad@example.net,5445482024,Hyderabad,NEW,2025-03-24
9224,Om Ganesan,tanmayi66@example.com,2400591868,Bengaluru,NEW,2026-01-07
9225,Nihal Mitra,bdugar@example.com,7646881588,Delhi,GROWTH,2024-01-09
9226,Warinder Rau,goswaminathaniel@example.com,9129343072,Pune,NEW,2025-03-17
9227,Advaith Basak,amishra@example.net,2179709030,Pune,VALUE,2025-03-31
9228,Luke Babu,qadim54@example.com,1789517693,Hyderabad,VALUE,2024-10-31
9229,Christopher Sankaran,praghavan@example.com,7652127245,Kolkata,PREMIUM,2025-08-28
9230,Sudiksha Ray,sneha82@example.org,9211463129,Bengaluru,GROWTH,2024-10-19
9231,Devika Mitra,choprarehaan@example.com,4529978985,Chennai,NEW,2024-12-02
9232,Siya Thakur,pvaidya@example.com,4816497447,Bengaluru,VALUE,2024-09-04
9233,Zaid Nair,faraskeer@example.com,7477359344,Chennai,PREMIUM,2025-07-15
9234,Abha Ben,aishanighose@example.org,4403642942,Mumbai,VALUE,2026-03-05
9235,Patrick Kothari,oni53@example.com,7257644665,Hyderabad,VALUE,2024-06-08
9236,Nandini Tailor,ekalingatailor@example.net,6499219405,Chennai,GROWTH,2025-01-03
9237,Darsh Sant,nazarethvaishnavi@example.org,5640657470,Chennai,NEW,2024-07-22
9238,Januja Loyal,dtalwar@example.net,2032739080,Hyderabad,GROWTH,2024-08-07
9239,Ronith Mohan,calebbatta@example.org,5403359811,Pune,GROWTH,2026-05-24
9240,Mugdha Bahl,handabalvan@example.com,4047746862,Chennai,VALUE,2025-10-01
9241,Ekaja Kala,saibava@example.com,1118058484,Bengaluru,VALUE,2026-04-30
9242,Idika Ghosh,ubadami@example.org,0915408763,Mumbai,VALUE,2025-07-25
9243,Tristan Natt,degaurav@example.com,7053320122,Pune,NEW,2025-08-22
9244,Rudra Kothari,pranitkoshy@example.net,8602245319,Jaipur,VALUE,2025-10-05
9245,Timothy Koshy,david99@example.com,8376160520,Kolkata,VALUE,2025-08-10
9246,Vasana Kaul,hamsini06@example.org,2382178843,Pune,GROWTH,2026-01-09
9247,Harini Kothari,jdas@example.org,6469567081,Jaipur,GROWTH,2024-10-20
9248,Chandresh Golla,rajagopalanryan@example.org,0809157106,Jaipur,GROWTH,2024-04-01
9249,Pallavi Mukherjee,bhavani48@example.org,6056967276,Chennai,VALUE,2025-03-15
9250,Praneel Dua,cramachandran@example.net,3438630448,Delhi,GROWTH,2024-01-02
9251,Vamakshi Kulkarni,tmadan@example.com,7844091536,Pune,PREMIUM,2024-02-12
9252,Kavya Halder,bachittarsama@example.com,6660478047,Chennai,VALUE,2024-02-15
9253,Nakul Bhakta,rastogiijaya@example.org,3321204454,Bengaluru,PREMIUM,2024-03-10
9254,Victor Palan,nandininagar@example.com,3306934259,Kolkata,VALUE,2025-09-28
9255,Ekiya Bora,ehegde@example.org,3502292227,Kolkata,NEW,2025-06-21
9256,Chanakya Dass,nitesh14@example.org,2032760736,Bengaluru,NEW,2026-04-21
9257,Kevin Narain,maanas38@example.com,6420709217,Hyderabad,VALUE,2024-09-17
9258,Ayush Sura,fwadhwa@example.org,2492558606,Mumbai,GROWTH,2024-10-24
9259,Jasmit Parikh,ahujaharita@example.com,3961497819,Mumbai,GROWTH,2025-03-17
9260,Wishi Bhagat,daksh69@example.org,5259941239,Bengaluru,NEW,2025-12-04
9261,Charles Mahajan,vaishnavi63@example.net,5725755424,Bengaluru,GROWTH,2026-04-17
9262,Max Mistry,yutikadada@example.org,9643656485,Bengaluru,GROWTH,2025-10-18
9263,Maya Mody,ekiyamishra@example.net,2822411642,Mumbai,VALUE,2025-04-01
9264,Farhan Dugar,tanishsani@example.org,5064737821,Hyderabad,VALUE,2026-05-30
9265,Kashish Chahal,adubey@example.org,0273160136,Chennai,PREMIUM,2024-06-12
9266,Ekani Kaul,dsachar@example.org,5650431612,Bengaluru,GROWTH,2025-02-27
9267,Vedika Varughese,taraazad@example.com,8293916203,Chennai,NEW,2024-08-10
9268,Gavin Krish,upmakhanna@example.com,1975338429,Bengaluru,NEW,2024-05-29
9269,Ansh Palla,cyadav@example.org,2569566114,Pune,GROWTH,2024-12-22
9270,Dayita Kumar,sarafriya@example.com,7354840352,Pune,GROWTH,2025-11-19
9271,Upma Choudhary,senakshay@example.com,4562356293,Jaipur,NEW,2024-10-14
9272,Widisha Murthy,bsankar@example.org,9908231145,Delhi,NEW,2026-01-06
9273,Watika Dara,gautami93@example.net,8562137190,Kolkata,NEW,2025-07-03
9274,Rachana Kashyap,mallickraghav@example.com,5616363782,Bengaluru,NEW,2025-09-28
9275,Yutika Deep,ekansh61@example.com,9090067896,Delhi,GROWTH,2024-08-06
9276,Nimrat Korpal,groverreva@example.net,3514603692,Pune,PREMIUM,2026-02-15
9277,Qushi Dara,omajaghose@example.org,7590757825,Mumbai,PREMIUM,2024-07-02
9278,Krish Borde,gayathri57@example.com,0494897241,Mumbai,VALUE,2024-11-30
9279,Rachana Khanna,lalhemani@example.net,9207169186,Jaipur,GROWTH,2025-12-05
9280,Karan Andra,vermabalvan@example.com,4614356549,Mumbai,GROWTH,2025-09-13
9281,Tara Sarin,obakshi@example.com,4889366037,Chennai,GROWTH,2024-09-26
9282,Dhriti Barman,amairaarya@example.net,6304642985,Mumbai,VALUE,2024-08-25
9283,Mitesh Bhakta,raifarhan@example.com,2039134021,Delhi,PREMIUM,2025-01-24
9284,Lekha Tella,jatinkorpal@example.org,1066717395,Delhi,PREMIUM,2025-02-05
9285,Osha Sehgal,krishnaiyer@example.com,0448277541,Delhi,GROWTH,2024-02-23
9286,Faras Mohan,orinder80@example.com,0665583837,Hyderabad,VALUE,2024-08-06
9287,Tanveer Sami,ranbirgokhale@example.net,5644759808,Hyderabad,GROWTH,2024-05-19
9288,Yashasvi Basak,rkurian@example.com,5349753139,Delhi,VALUE,2024-05-19
9289,Ikbal Basu,yashvi16@example.com,1842956778,Bengaluru,VALUE,2024-11-14
9290,Bhavani Sahni,ojasvi15@example.org,2970371774,Bengaluru,GROWTH,2024-02-02
9291,Chandresh Kalita,ucomar@example.net,2803465706,Chennai,NEW,2025-09-01
9292,Vedika Varghese,pathaknitara@example.com,0834741167,Jaipur,GROWTH,2025-08-27
9293,Sarthak Barad,andrew79@example.com,7144563374,Pune,GROWTH,2024-07-17
9294,Mahika Contractor,sarnaayush@example.com,0334753321,Jaipur,NEW,2026-02-26
9295,Xavier Virk,chaudharyliam@example.com,4445715406,Mumbai,GROWTH,2025-06-18
9296,Nikita Trivedi,zbhatia@example.org,4346992161,Mumbai,NEW,2024-10-09
9297,Indira Chakrabarti,noahdivan@example.com,1155985257,Kolkata,VALUE,2024-06-23
9298,Osha Bath,tbhavsar@example.com,7101454187,Bengaluru,GROWTH,2025-01-21
9299,Balendra Raj,routvinaya@example.com,8074427166,Kolkata,VALUE,2026-05-14
9300,Mugdha Yadav,cnarayan@example.org,8377468212,Hyderabad,GROWTH,2024-01-04
9301,Lajita Srinivas,gopalisaiah@example.net,9187378598,Mumbai,NEW,2024-01-19
9302,Bakhshi Arora,xsehgal@example.net,5796515289,Kolkata,PREMIUM,2025-01-06
9303,Nachiket Sura,ymitter@example.net,6384409115,Chennai,GROWTH,2026-04-07
9304,Aarav Choudhury,pamble@example.com,0972960077,Kolkata,VALUE,2024-09-10
9305,Sara Dubey,fbalakrishnan@example.com,0768966494,Hyderabad,NEW,2025-11-03
9306,Tara Kade,mitali12@example.com,4048910790,Mumbai,GROWTH,2025-05-31
9307,Osha Mandal,isabharwal@example.com,3723429874,Pune,VALUE,2024-06-28
9308,Unnati Varty,epalan@example.org,0083456702,Delhi,NEW,2026-03-28
9309,Ayush Walla,ekalinga62@example.net,4485124049,Pune,GROWTH,2024-05-26
9310,Chandran Ratta,gilllavanya@example.org,5103999800,Hyderabad,GROWTH,2025-03-31
9311,Zinal Prabhu,praneel28@example.net,7039161888,Kolkata,VALUE,2025-08-19
9312,Aadhya Pal,xalak46@example.net,2468449746,Kolkata,VALUE,2025-08-30
9313,Samarth Sabharwal,wverma@example.org,0556772009,Hyderabad,NEW,2026-02-07
9314,Fariq Lad,pahalwable@example.org,8551041458,Jaipur,GROWTH,2025-09-26
9315,Vasana Lall,anthony44@example.net,8874500632,Delhi,NEW,2025-08-14
9316,Radhika Raghavan,vkata@example.net,7601633509,Delhi,VALUE,2024-05-17
9317,Shivani Pradhan,basakkrish@example.com,6623276908,Jaipur,GROWTH,2024-10-02
9318,Geetika Swamy,giriksekhon@example.org,9617029304,Chennai,PREMIUM,2024-11-07
9319,Frado Sandal,jeet12@example.org,5874367817,Hyderabad,GROWTH,2024-11-29
9320,Irya Sankar,banjeetpal@example.net,2205776604,Mumbai,GROWTH,2024-04-11
9321,Indali Pau,ekansh93@example.com,0804354937,Bengaluru,GROWTH,2024-03-26
9322,Sarthak Mitter,keyakade@example.org,8450731680,Pune,PREMIUM,2025-01-31
9323,Gaurav Thakur,charvikumer@example.com,8401785447,Kolkata,NEW,2025-10-12
9324,Reva Kadakia,shuklayauvani@example.org,2973169923,Jaipur,VALUE,2026-03-09
9325,Amol Bali,geetikadave@example.org,1617033496,Hyderabad,GROWTH,2026-04-26
9326,Ikshita Wadhwa,hemagade@example.org,5454687873,Hyderabad,GROWTH,2025-03-08
9327,Priya Narula,tejasdara@example.org,5015633704,Mumbai,VALUE,2026-03-19
9328,Wriddhish Singh,qasim31@example.org,9500427354,Delhi,VALUE,2025-02-14
9329,Vasatika Khurana,deepa79@example.net,4905435360,Hyderabad,NEW,2025-03-02
9330,Ryan Chaudhary,qanand@example.net,3391525083,Chennai,VALUE,2024-07-07
9331,Warhi Srivastava,farhanghosh@example.org,2580799962,Delhi,VALUE,2025-07-19
9332,Naveen Sagar,ubanik@example.org,9377414968,Hyderabad,GROWTH,2024-10-06
9333,Kamya Mandal,dayita32@example.net,3043058640,Pune,VALUE,2025-03-12
9334,Mitesh Arora,idika12@example.net,9239212845,Kolkata,VALUE,2026-04-22
9335,Maanas Lala,taravig@example.net,0551102100,Jaipur,VALUE,2025-05-06
9336,Lakshit Prasad,saksham10@example.com,5724108792,Bengaluru,VALUE,2024-09-29
9337,Geetika Nagi,faris48@example.com,9770032991,Hyderabad,GROWTH,2025-08-26
9338,Dalbir Oommen,lmand@example.com,0356175598,Kolkata,NEW,2025-10-20
9339,Azad Tripathi,aayushahuja@example.net,9729746719,Pune,VALUE,2025-06-29
9340,Sathvik Tandon,charleschaudhuri@example.net,8658313015,Bengaluru,GROWTH,2024-02-07
9341,Tara Khalsa,xbhat@example.com,8446189316,Pune,GROWTH,2024-07-22
9342,Krishna Mukherjee,manbirdivan@example.com,7969673631,Mumbai,VALUE,2024-04-25
9343,Gunbir Ramanathan,buchishwar@example.com,2048326178,Hyderabad,GROWTH,2026-05-10
9344,Agastya Jain,yashvibahri@example.org,2591397104,Bengaluru,GROWTH,2024-10-07
9345,Yuvraj Vora,yzachariah@example.org,5563188067,Jaipur,VALUE,2025-03-02
9346,Daniel Bala,kkhurana@example.net,3225060736,Delhi,GROWTH,2026-03-22
9347,Fariq Manne,shethjeevika@example.net,7095886556,Kolkata,VALUE,2026-06-11
9348,Dhriti Dugar,shavritti@example.org,2254579035,Bengaluru,NEW,2024-07-16
9349,Upkaar Badami,thakurandrew@example.com,0227945231,Delhi,NEW,2026-02-12
9350,Arunima Cherian,ppalla@example.org,9088112811,Pune,NEW,2025-10-16
9351,Nitara Murthy,pavani55@example.org,2284387286,Pune,VALUE,2025-07-06
9352,Odika Ram,arin02@example.com,9130699939,Mumbai,PREMIUM,2024-05-30
9353,Yauvani Taneja,abutala@example.org,6221357112,Delhi,GROWTH,2025-09-14
9354,Jagrati Chaudhry,zdeshmukh@example.com,8487134327,Delhi,VALUE,2025-07-05
9355,Naksh Dhillon,onadkarni@example.net,5578236580,Hyderabad,NEW,2025-02-05
9356,Mohammed Sethi,aashi31@example.net,1765454528,Mumbai,PREMIUM,2025-06-12
9357,Netra Bhalla,echandra@example.net,0329270402,Pune,VALUE,2024-07-08
9358,Noah Datta,hvarughese@example.com,2782916928,Delhi,NEW,2025-07-13
9359,Baljiwan Dayal,jacktripathi@example.com,4889183557,Kolkata,VALUE,2024-05-17
9360,Bhavini Barad,wyattbehl@example.org,3307194130,Kolkata,GROWTH,2024-09-14
9361,Lavanya Sidhu,anvi92@example.org,3908985532,Pune,VALUE,2025-03-21
9362,Harsh Gour,nitara89@example.com,9700330132,Jaipur,VALUE,2024-05-25
9363,Farhan Pillay,achaudry@example.com,0366272992,Jaipur,NEW,2026-04-02
9364,Adweta Chaudry,dadakashish@example.com,4192303481,Delhi,GROWTH,2026-03-08
9365,Yashica Arora,bawagirik@example.org,3276211711,Bengaluru,VALUE,2025-03-02
9366,Ekaraj Sachar,darpansoman@example.org,2314654461,Kolkata,PREMIUM,2025-05-27
9367,Raagini Bassi,zsarkar@example.com,3315263015,Bengaluru,NEW,2024-09-19
9368,Pranit Kalla,urvashi19@example.com,2496069722,Pune,NEW,2024-07-09
9369,Vinaya Vyas,vasudha29@example.org,7368271959,Kolkata,NEW,2026-05-14
9370,Anya Sunder,alkabiswas@example.net,7612784210,Jaipur,NEW,2025-01-06
9371,Lakshmi Hari,omyamurthy@example.org,7951162411,Bengaluru,GROWTH,2026-05-08
9372,Fitan Narain,frajagopalan@example.net,1294218129,Bengaluru,VALUE,2024-03-01
9373,Urvi Raman,vanshadixit@example.com,9709491066,Delhi,NEW,2024-04-06
9374,Baghyawati Mitter,hemanginibalakrishnan@example.com,5825026489,Bengaluru,VALUE,2025-03-03
9375,Nachiket Aurora,hemanginikanda@example.org,4901186514,Bengaluru,VALUE,2025-12-04
9376,Nathaniel Lad,jacobparsa@example.org,1135567921,Hyderabad,GROWTH,2025-01-16
9377,Zayan Yadav,balasubramanianhritik@example.org,9585741701,Hyderabad,VALUE,2026-01-25
9378,Rayaan Bobal,anjalivirk@example.com,7632832209,Kolkata,GROWTH,2024-04-29
9379,Triya Keer,kamdarfiyaz@example.org,9014500334,Kolkata,NEW,2026-02-09
9380,Faraj Mital,guptaeta@example.net,1523753310,Pune,GROWTH,2025-02-03
9381,Benjamin Kara,shaudyati@example.net,1093290747,Delhi,GROWTH,2024-09-13
9382,Imaran Walia,bhandarigeorge@example.org,6434392469,Hyderabad,GROWTH,2025-07-29
9383,Michael Rai,kulkarniharita@example.net,3657971223,Pune,PREMIUM,2025-12-01
9384,Jairaj Lall,yastisoni@example.net,0989258965,Mumbai,VALUE,2026-04-15
9385,Yuvraj Rege,krisha38@example.net,7539206026,Hyderabad,VALUE,2024-03-19
9386,Leela Chada,ekanta35@example.net,7779514096,Pune,GROWTH,2025-09-24
9387,Aishani Sha,mahika81@example.net,9935610026,Kolkata,GROWTH,2024-10-10
9388,Yachana Dash,lrajagopalan@example.org,5502150055,Kolkata,GROWTH,2025-03-28
9389,Jeremiah Murty,andrarayaan@example.com,3155579463,Hyderabad,VALUE,2025-02-19
9390,Luke Modi,mahikahegde@example.com,8101895313,Hyderabad,VALUE,2025-11-24
9391,Nimrat Kakar,vanya08@example.org,6470923039,Hyderabad,PREMIUM,2024-12-24
9392,Dev Bath,devansh80@example.net,6296778422,Pune,GROWTH,2024-09-08
9393,Adweta Brar,italwar@example.org,1946865571,Hyderabad,GROWTH,2025-03-14
9394,Girik Hora,prishavyas@example.org,2234302363,Hyderabad,NEW,2025-08-24
9395,Zaitra Chawla,sbhatt@example.net,3229993665,Mumbai,PREMIUM,2026-01-31
9396,Hemang Muni,mekhala45@example.com,6044171646,Hyderabad,VALUE,2024-01-05
9397,Hema Chada,opalla@example.org,5028399338,Mumbai,PREMIUM,2025-05-26
9398,Naksh Murty,bassilaban@example.com,2276256059,Chennai,VALUE,2024-03-06
9399,Sai Agate,tsawhney@example.org,3834972656,Jaipur,VALUE,2025-07-11
9400,Devika Seshadri,cnagar@example.org,8187920605,Kolkata,PREMIUM,2025-07-15
9401,Yadavi Patel,dev25@example.com,4020067553,Hyderabad,VALUE,2026-02-08
9402,Aarav Maharaj,guneetravi@example.com,1640331855,Jaipur,VALUE,2024-06-22
9403,Libni Setty,warhikrishna@example.com,5803709498,Jaipur,NEW,2025-12-16
9404,Chaman Thakur,akrishnamurthy@example.org,3641003781,Hyderabad,PREMIUM,2025-09-11
9405,Simon Biswas,nitara68@example.com,7699720548,Kolkata,NEW,2025-08-21
9406,Rudra Cheema,saidutta@example.com,4559285809,Bengaluru,NEW,2025-07-27
9407,Irya Ramakrishnan,ganga28@example.org,4098049208,Jaipur,VALUE,2025-05-09
9408,Divya Som,anushabalakrishnan@example.org,2447053413,Bengaluru,GROWTH,2024-02-27
9409,Michael Shankar,bachittarverma@example.net,0304564753,Bengaluru,GROWTH,2026-01-01
9410,Urmi Luthra,deshpandeneel@example.net,7843550934,Mumbai,PREMIUM,2024-12-19
9411,Suhani Loyal,robert97@example.org,8952738741,Kolkata,VALUE,2024-04-04
9412,Tristan Kala,balhaar10@example.org,6171982706,Bengaluru,VALUE,2025-07-05
9413,Alka Kuruvilla,chanchaldalia@example.com,0492967661,Kolkata,VALUE,2026-05-02
9414,Aarush Karpe,dakshbhatia@example.net,8557461973,Delhi,PREMIUM,2025-10-04
9415,Hredhaan Karnik,banjeet17@example.com,5568595578,Chennai,VALUE,2024-08-09
9416,Bhavya Chakraborty,gunbir92@example.net,4125596468,Hyderabad,GROWTH,2026-01-04
9417,Nidhi Mital,loganmerchant@example.net,1835254181,Hyderabad,NEW,2026-01-31
9418,Aayush Rajan,gunbir10@example.net,5569003979,Mumbai,PREMIUM,2024-10-24
9419,Udarsh Ganesh,bseth@example.net,1105299284,Delhi,GROWTH,2025-04-15
9420,Shravya Panchal,chamanbhatt@example.org,4937454926,Bengaluru,VALUE,2026-01-23
9421,Dhruv Bath,ykapoor@example.com,8879694806,Hyderabad,NEW,2024-05-21
9422,Vrinda Ranganathan,dsethi@example.com,9812804432,Kolkata,GROWTH,2024-11-14
9423,Gagan Bansal,urmimahajan@example.net,6646038140,Hyderabad,GROWTH,2025-02-14
9424,Avi Walla,msastry@example.org,9435141019,Mumbai,NEW,2024-01-07
9425,Gaurangi Merchant,shenoymanan@example.org,2960702775,Bengaluru,VALUE,2024-05-30
9426,Girindra Gandhi,egill@example.net,7544028000,Chennai,GROWTH,2025-07-03
9427,Upkaar Randhawa,vedabala@example.net,2487779351,Hyderabad,VALUE,2024-08-25
9428,Lipika Mani,ravelyochana@example.net,3602246344,Jaipur,VALUE,2024-08-05
9429,Darsh Mand,maya42@example.net,8941309667,Hyderabad,GROWTH,2024-09-23
9430,Bina Verma,tkota@example.com,7906954877,Chennai,PREMIUM,2024-04-21
9431,Ucchal Mital,mram@example.net,2228648331,Delhi,VALUE,2025-07-27
9432,Zilmil Magar,yochana73@example.org,1854139172,Mumbai,PREMIUM,2024-08-20
9433,Zansi Boase,chadatanveer@example.com,5591482485,Kolkata,NEW,2025-08-09
9434,Advik Koshy,pranit58@example.com,0594050421,Bengaluru,NEW,2026-01-15
9435,Hredhaan Bakshi,umahal@example.com,7205886462,Hyderabad,VALUE,2025-03-06
9436,Tamanna Sidhu,devika31@example.org,1691860463,Chennai,PREMIUM,2026-04-02
9437,Ekbal Saxena,indrajitprakash@example.com,7476405134,Delhi,VALUE,2024-06-25
9438,Tristan Srivastava,jainosha@example.net,5440230608,Chennai,PREMIUM,2026-05-15
9439,Dayita Hora,theodorekeer@example.net,4461363923,Bengaluru,GROWTH,2024-10-16
9440,Balhaar Sawhney,bakhshimanne@example.com,2370380305,Mumbai,PREMIUM,2024-09-29
9441,Indrajit Borah,varughesebrinda@example.com,1541019529,Hyderabad,VALUE,2026-05-31
9442,Hredhaan Sampath,cmishra@example.com,6417791078,Hyderabad,GROWTH,2025-02-14
9443,Balhaar Mall,bhavnawadhwa@example.org,5359681367,Mumbai,VALUE,2025-11-03
9444,Onkar Chander,varkeyvanya@example.net,4486288817,Chennai,VALUE,2025-12-23
9445,Bhavini Memon,ychaudry@example.com,2375233394,Pune,GROWTH,2025-02-07
9446,Ishanvi Natt,zachariahaachal@example.net,2749644150,Bengaluru,VALUE,2024-10-13
9447,Sara Mammen,nagarnathaniel@example.com,6762633112,Jaipur,PREMIUM,2025-03-18
9448,Vincent Kaul,echerian@example.com,3738548235,Chennai,PREMIUM,2024-12-12
9449,Niharika Oommen,wakeetanagy@example.net,5539932692,Kolkata,GROWTH,2025-01-09
9450,Neel Karnik,shroffsamarth@example.com,2731308769,Delhi,PREMIUM,2024-08-01
9451,Varsha Bala,kharerachit@example.org,6447770647,Kolkata,PREMIUM,2026-04-03
9452,Vivaan Parsa,dakshesh63@example.org,9564145017,Bengaluru,NEW,2025-05-30
9453,Aarav Bhakta,rishiram@example.org,3862964987,Pune,VALUE,2025-12-17
9454,Pranit Rajagopalan,shanfariq@example.org,0332897602,Kolkata,GROWTH,2025-08-16
9455,Ijaya Kala,kalaatharv@example.com,3872434325,Bengaluru,PREMIUM,2024-11-13
9456,Isaac Sridhar,osharam@example.org,9929481174,Bengaluru,VALUE,2024-10-13
9457,Warinder Chawla,hshankar@example.net,2931912910,Delhi,VALUE,2026-06-03
9458,Tarak Mitter,ysankar@example.net,1524617150,Chennai,VALUE,2024-01-22
9459,Mohammed Mahajan,eviswanathan@example.com,1195852428,Kolkata,GROWTH,2024-09-22
9460,Max Hayre,nandiniraghavan@example.com,3184675390,Hyderabad,GROWTH,2025-10-24
9461,Krisha Narayan,madandevansh@example.com,3282114850,Mumbai,PREMIUM,2025-05-06
9462,Mitesh Srinivas,niharikapatla@example.net,1427855611,Bengaluru,GROWTH,2025-07-08
9463,Sudiksha Chanda,dbarman@example.com,0938867047,Hyderabad,PREMIUM,2024-01-20
9464,Farhan Khurana,neelchoudhry@example.org,7972739988,Jaipur,VALUE,2024-07-16
9465,Sai Dash,qbora@example.net,9538251247,Delhi,PREMIUM,2025-06-23
9466,Madhavi Sarraf,frederickpandya@example.org,1482826741,Bengaluru,PREMIUM,2024-10-10
9467,Qushi Ahuja,mbahl@example.com,2388356327,Pune,VALUE,2025-02-27
9468,Januja Chaudhuri,tarakanda@example.org,4231621898,Mumbai,VALUE,2026-05-11
9469,Veer Nagarajan,nsoman@example.com,5727502110,Jaipur,VALUE,2025-07-28
9470,Jeremiah Dani,aashidhawan@example.com,5677460547,Jaipur,NEW,2025-07-21
9471,Lipika Deshpande,avenkatesh@example.net,9590501679,Hyderabad,VALUE,2024-06-25
9472,Aryan Ramaswamy,semxiti@example.com,4437704009,Pune,VALUE,2025-06-19
9473,Kamala Lall,naikcharita@example.net,1029466895,Kolkata,VALUE,2026-05-14
9474,Chasmum Rattan,isaiah20@example.com,9379017805,Pune,VALUE,2025-07-29
9475,Sara Aurora,datekrishna@example.net,1737266168,Mumbai,GROWTH,2025-12-07
9476,Chaman Narang,ekothari@example.org,0911129656,Delhi,PREMIUM,2026-05-09
9477,Vedika Ahluwalia,madanamaira@example.net,3892543099,Bengaluru,GROWTH,2026-03-22
9478,Wazir Krishna,gsule@example.net,5132928066,Mumbai,NEW,2024-11-01
9479,Vaishnavi Chaudhary,jeremiah78@example.org,3029594320,Bengaluru,VALUE,2024-09-23
9480,Mitali Dora,ishitatoor@example.org,5525889887,Pune,GROWTH,2024-09-09
9481,Ekanta Date,farajswamy@example.net,6685102158,Chennai,PREMIUM,2025-11-24
9482,Forum Bajwa,onithaker@example.com,3869147874,Mumbai,PREMIUM,2024-12-05
9483,Lopa Bera,nathan15@example.org,1372132297,Delhi,NEW,2026-01-10
9484,Chanakya Buch,deolmahika@example.org,1744187875,Mumbai,VALUE,2025-12-21
9485,Christopher Chacko,bhattikrishna@example.net,4074489926,Hyderabad,GROWTH,2025-08-22
9486,Panini Borah,varenyasur@example.com,4056840043,Kolkata,PREMIUM,2024-04-18
9487,Ekavir Sharaf,mpanchal@example.net,1868858984,Bengaluru,VALUE,2025-10-02
9488,Aarna Krishnan,vrittisangha@example.net,1319901506,Bengaluru,NEW,2024-07-05
9489,Liam Chahal,zkari@example.org,7838745894,Chennai,VALUE,2025-05-12
9490,Aarav Batta,kmohanty@example.com,5409217882,Delhi,VALUE,2024-07-24
9491,Reyansh Wali,csengupta@example.org,3969187593,Mumbai,PREMIUM,2024-02-25
9492,Keya Behl,chahaladweta@example.org,8972691981,Delhi,PREMIUM,2025-07-26
9493,Vanya Datta,harinidevan@example.com,4688296413,Chennai,NEW,2025-02-10
9494,Tejas Borah,wriddhish40@example.com,0200070266,Hyderabad,NEW,2025-07-31
9495,Aishani Lala,ravilucky@example.net,9269482625,Chennai,VALUE,2025-03-17
9496,Wakeeta Shukla,brattan@example.com,2786250648,Chennai,GROWTH,2024-11-30
9497,Nitara Patil,twadhwa@example.net,4879400883,Hyderabad,NEW,2024-01-15
9498,Oni Boase,radha05@example.com,1799824158,Kolkata,VALUE,2024-09-05
9499,Jonathan Bora,jacob31@example.net,3881258734,Jaipur,GROWTH,2026-03-03
9500,Logan Bail,rattanneelima@example.com,6731197419,Delhi,NEW,2025-11-10
9501,Tanay Bumb,dubewarhi@example.org,1884578293,Jaipur,VALUE,2025-02-21
9502,Bhavna Dara,gauri13@example.net,6008386096,Mumbai,NEW,2024-01-29
9503,Leena Bhatnagar,nirja09@example.net,8005938363,Mumbai,GROWTH,2026-06-05
9504,Ayush Dugal,borraabha@example.net,1424645220,Chennai,NEW,2025-10-26
9505,Odika Lala,rattiekbal@example.org,5857687443,Delhi,GROWTH,2024-01-20
9506,Rajata Khare,lnigam@example.net,4704437139,Bengaluru,PREMIUM,2024-07-08
9507,Yashawini Gulati,aarav36@example.org,2940140979,Mumbai,PREMIUM,2024-06-02
9508,Dominic Sachdev,qushigarg@example.org,0026159194,Hyderabad,VALUE,2026-03-23
9509,Radha Mahal,bnaidu@example.com,3533932368,Kolkata,GROWTH,2026-05-08
9510,Yagnesh Din,shaurya22@example.net,7061761045,Jaipur,NEW,2025-01-07
9511,Ekansh Kari,kanne@example.com,6421188330,Mumbai,NEW,2024-06-09
9512,Hemal Dey,lopa24@example.org,8208776051,Chennai,NEW,2025-08-01
9513,Neelima Sha,nvarughese@example.com,6485733852,Hyderabad,GROWTH,2024-09-02
9514,Parth Rai,aashi58@example.com,8667323947,Hyderabad,GROWTH,2024-04-18
9515,Triya Lad,dhawantanay@example.org,8602975397,Pune,GROWTH,2024-08-21
9516,Noah Grewal,cbhattacharyya@example.net,5661247579,Jaipur,GROWTH,2024-08-16
9517,Qasim Sachdeva,krisha40@example.net,8619952718,Hyderabad,GROWTH,2024-02-18
9518,Aarna Mitra,sacharshivani@example.com,9199337343,Delhi,VALUE,2025-09-22
9519,Yuvraj Sanghvi,pradhanlekha@example.com,8988107801,Jaipur,VALUE,2024-11-12
9520,Yashica Chowdhury,karan40@example.net,1310685089,Jaipur,GROWTH,2025-05-10
9521,Falan More,gmahajan@example.com,2994487012,Bengaluru,VALUE,2025-05-10
9522,Timothy Batra,anay75@example.com,2399118664,Chennai,VALUE,2025-11-24
9523,Aarini Bajwa,tkuruvilla@example.net,0337199955,Kolkata,VALUE,2025-11-17
9524,Ekani Tata,xkota@example.net,8336670764,Chennai,NEW,2025-05-22
9525,Frederick Nath,gopalmodi@example.net,2632251827,Hyderabad,NEW,2026-01-24
9526,Ijaya Bhalla,rameshdeepa@example.org,3874977886,Jaipur,GROWTH,2025-05-27
9527,Ojas Subramaniam,david43@example.com,4997319267,Kolkata,NEW,2024-01-24
9528,Charles Garg,bina51@example.net,1365210218,Chennai,NEW,2026-02-11
9529,Guneet Doshi,sandhuchandresh@example.org,3525116885,Mumbai,VALUE,2025-11-23
9530,Amaira Ramakrishnan,lakshitdoshi@example.com,9820006307,Hyderabad,VALUE,2025-01-17
9531,Upadhriti Ganguly,pahal79@example.net,4113571811,Pune,VALUE,2024-12-13
9532,Nitara Gokhale,oshaprashad@example.org,3737129730,Bengaluru,VALUE,2026-03-16
9533,Megha Bajaj,veer41@example.com,4730465904,Chennai,GROWTH,2025-01-18
9534,Madhav Gupta,mittalbrijesh@example.net,9860801665,Pune,VALUE,2024-11-30
9535,Yashoda Mishra,upatel@example.net,9333099907,Delhi,NEW,2025-10-21
9536,Abeer Gill,tchauhan@example.com,9099263790,Chennai,GROWTH,2024-10-22
9537,Hemangini Suri,jacksonbose@example.net,4859391673,Pune,GROWTH,2024-12-29
9538,Utkarsh Shah,lakshmiyohannan@example.com,7173119809,Mumbai,NEW,2025-12-02
9539,Jagrati Suresh,varenya41@example.org,0585998585,Chennai,NEW,2024-07-19
9540,Hiral Bir,yashodasolanki@example.com,7180058141,Pune,PREMIUM,2024-01-11
9541,Aachal Seth,rarora@example.com,8844804891,Delhi,PREMIUM,2024-10-29
9542,Frederick Borah,darika71@example.net,4736295880,Pune,NEW,2024-06-03
9543,Varenya Kalita,qminhas@example.org,6132915257,Bengaluru,GROWTH,2024-11-21
9544,Tamanna Arora,charleskumar@example.org,7850468034,Hyderabad,NEW,2024-03-05
9545,Pavani Divan,tripathinikita@example.org,6708955303,Pune,VALUE,2025-06-14
9546,Maya Sheth,eeshanarang@example.net,8547727791,Delhi,GROWTH,2025-04-05
9547,Hemang Chauhan,schaudhuri@example.org,0315268534,Delhi,GROWTH,2024-09-02
9548,Janya Manne,lbalay@example.org,4044988411,Hyderabad,VALUE,2025-07-19
9549,Samesh Johal,chackoqadim@example.net,6430175276,Jaipur,VALUE,2024-05-10
9550,Akshay Basak,doragautami@example.net,7795718232,Delhi,VALUE,2024-01-10
9551,Mitali Krish,veer53@example.net,0774337485,Kolkata,VALUE,2025-03-05
9552,Yashoda Dhingra,bhavyadar@example.org,6331216188,Delhi,VALUE,2024-05-25
9553,Zayyan Dewan,zsachdeva@example.net,5236896277,Hyderabad,GROWTH,2026-02-09
9554,Udant Garg,chakradevsandal@example.net,2711410084,Hyderabad,NEW,2024-09-29
9555,Balveer Sodhi,manya60@example.net,6092112538,Hyderabad,GROWTH,2025-01-20
9556,Fiyaz Garg,doshiyutika@example.net,0869200460,Delhi,PREMIUM,2024-09-21
9557,Victor Sane,daksha11@example.org,9326306993,Kolkata,VALUE,2025-01-25
9558,Bina Palla,deepayush@example.org,5858813560,Bengaluru,NEW,2024-03-28
9559,Qarin Agate,bahadurjit26@example.org,9308103356,Kolkata,VALUE,2026-04-20
9560,Kiaan Ahuja,kala42@example.com,4798212429,Pune,VALUE,2024-06-04
9561,Saumya Bajaj,pchand@example.com,5388555173,Chennai,GROWTH,2024-12-21
9562,Lakshit Singhal,bendevika@example.com,7282062837,Bengaluru,NEW,2026-02-01
9563,Ekaraj Sarkar,urmiray@example.com,5211363202,Pune,NEW,2025-01-18
9564,Vrishti Sani,gtripathi@example.org,2775568356,Jaipur,PREMIUM,2025-09-22
9565,Meghana Narain,krishnanekani@example.org,4887581766,Jaipur,PREMIUM,2024-03-02
9566,Naksh Narang,vbala@example.net,8994342053,Jaipur,GROWTH,2024-09-23
9567,Garima Chand,thakerjyoti@example.com,7338836256,Mumbai,PREMIUM,2025-11-14
9568,Andrew Patla,gmalhotra@example.org,6038900179,Chennai,VALUE,2024-08-25
9569,Bachittar Varghese,xdhillon@example.net,4830319513,Hyderabad,VALUE,2025-01-07
9570,Chavvi Yogi,cherianjoshua@example.org,5262786527,Jaipur,NEW,2024-03-13
9571,Kabir Dave,farasmitter@example.com,8593148561,Jaipur,NEW,2025-03-30
9572,Oscar Johal,akarnik@example.com,0951546891,Kolkata,VALUE,2024-11-10
9573,Agastya Kadakia,gilleesha@example.com,6466516948,Mumbai,VALUE,2026-02-13
9574,Advaith Seth,hemal99@example.com,1958112958,Bengaluru,VALUE,2024-12-24
9575,Kai Khosla,qarin65@example.com,9274074823,Pune,GROWTH,2026-01-14
9576,Balvan Dube,bhandarihiral@example.com,7798286965,Pune,VALUE,2026-03-24
9577,Aarnav Gupta,bimalamander@example.org,6099508056,Bengaluru,GROWTH,2026-01-25
9578,Lucky Maharaj,bachittarchakrabarti@example.net,7626825292,Mumbai,VALUE,2025-10-30
9579,Tanmayi Narayanan,sandhucaleb@example.net,3494687271,Mumbai,VALUE,2025-06-09
9580,Ishwar Saran,ngokhale@example.net,0003492175,Pune,VALUE,2025-03-07
9581,Ayushman Choudhury,etasaraf@example.org,4853423216,Hyderabad,PREMIUM,2024-03-14
9582,Meghana Kant,lavanyachander@example.com,0907965993,Hyderabad,VALUE,2024-05-01
9583,Pahal Sandhu,anandabhimanyu@example.org,3071816374,Kolkata,GROWTH,2024-12-08
9584,Urishilla Mody,okuruvilla@example.net,7894182278,Delhi,PREMIUM,2025-08-13
9585,Yuvraj Jhaveri,jeetdoctor@example.org,1397749087,Kolkata,PREMIUM,2024-01-05
9586,Aachal Prakash,xvala@example.com,3275262232,Bengaluru,VALUE,2026-04-22
9587,Zayyan Bhatt,bawawatika@example.com,8895934520,Jaipur,PREMIUM,2026-06-12
9588,Lopa Chaudhary,sanya15@example.com,1691546915,Jaipur,VALUE,2024-03-11
9589,Mahika Lalla,lekha23@example.net,2723196853,Chennai,GROWTH,2024-03-27
9590,Aayush Balasubramanian,watika64@example.com,8975794114,Bengaluru,GROWTH,2026-02-02
9591,Bina Narula,mandageetika@example.com,9112480959,Mumbai,NEW,2024-06-28
9592,Harish Narayan,abhimanyu95@example.org,9524143796,Mumbai,NEW,2024-06-11
9593,Vrishti Ray,munshidarsh@example.com,1791762163,Jaipur,PREMIUM,2024-06-17
9594,Luke Sachar,nbadami@example.org,5106391604,Mumbai,NEW,2025-09-23
9595,Zaitra Aggarwal,wravi@example.org,0772521872,Hyderabad,VALUE,2024-04-29
9596,Chakrika Char,gunbir03@example.org,8282688889,Hyderabad,PREMIUM,2024-06-14
9597,Jagrati Ahuja,yuvraj08@example.com,0013420500,Pune,VALUE,2024-12-23
9598,Andrew Reddy,khareutkarsh@example.org,5906615826,Kolkata,VALUE,2025-06-24
9599,Hardik Hayer,anyaroy@example.com,0484067646,Chennai,GROWTH,2026-06-10
9600,Forum Gaba,qsahota@example.net,6881196767,Kolkata,PREMIUM,2024-08-01
9601,Kashish Dutta,usehgal@example.org,8504450767,Chennai,PREMIUM,2024-08-17
9602,Nicholas Deol,fmemon@example.org,0069672201,Hyderabad,NEW,2025-05-02
9603,Ekta Thakur,bhattiabhimanyu@example.com,6091404093,Mumbai,GROWTH,2025-01-10
9604,Tamanna Saxena,radhatandon@example.org,8539266550,Mumbai,NEW,2025-06-24
9605,Wahab Palla,bhanumativyas@example.com,3438155101,Hyderabad,NEW,2024-08-09
9606,Dakshesh Mohan,jack57@example.org,3623682577,Delhi,NEW,2025-07-10
9607,Nidhi Ghosh,aarnajain@example.com,1209223248,Bengaluru,VALUE,2026-04-12
9608,Rushil Patla,sarnafaraj@example.net,7178791439,Hyderabad,GROWTH,2025-09-06
9609,Hredhaan Chahal,beraviraj@example.net,9658894080,Hyderabad,PREMIUM,2025-10-23
9610,Forum Dutt,waida05@example.net,8164976284,Kolkata,NEW,2024-03-03
9611,Ekaja Toor,theodoremorar@example.net,4512140529,Jaipur,VALUE,2026-03-23
9612,Pratyush Sheth,yash74@example.com,7666642721,Pune,VALUE,2025-09-25
9613,Peter Ratti,daniel63@example.com,8471854902,Delhi,VALUE,2025-07-18
9614,Timothy Butala,sathvik99@example.net,5822181372,Hyderabad,VALUE,2024-05-19
9615,Anya Wali,yashicarastogi@example.net,1708288772,Pune,NEW,2025-05-13
9616,Wazir Bahri,keyakaul@example.com,0061911054,Chennai,VALUE,2025-09-01
9617,Jagrati Walla,bhattjanuja@example.org,6291047160,Hyderabad,GROWTH,2025-07-15
9618,Urishilla Dalal,omya41@example.net,4737622299,Hyderabad,PREMIUM,2024-04-21
9619,Ekansh More,dpandya@example.com,4834049517,Hyderabad,GROWTH,2024-02-06
9620,Pranav Kannan,siddharth30@example.com,3509082071,Chennai,VALUE,2025-03-07
9621,Falguni Merchant,darsh69@example.com,0157024349,Mumbai,GROWTH,2025-10-07
9622,Pratyush Bath,harish48@example.org,0754917531,Chennai,GROWTH,2024-12-14
9623,Ira Ray,dgoda@example.org,0313064080,Mumbai,NEW,2025-09-10
9624,Ekani Saxena,niharika39@example.org,8771817046,Pune,PREMIUM,2026-05-20
9625,Gaurang Chhabra,bhatiamanbir@example.net,6513490080,Kolkata,NEW,2026-03-11
9626,Saumya Kapoor,aryabora@example.org,2541163893,Chennai,VALUE,2025-07-21
9627,Dalaja Narula,hsom@example.com,1066331809,Hyderabad,PREMIUM,2025-10-17
9628,Nisha Dhar,rehaan67@example.org,8547171052,Jaipur,GROWTH,2024-03-20
9629,Zashil Nair,sulebina@example.org,3065542597,Pune,PREMIUM,2024-03-17
9630,Gagan Ramachandran,chawlahema@example.org,0398795770,Hyderabad,GROWTH,2025-09-22
9631,Ishanvi Wali,duttrachita@example.net,1559412428,Delhi,VALUE,2025-12-21
9632,Balvan Chopra,oniamble@example.net,1529531713,Delhi,VALUE,2024-06-23
9633,Oliver Golla,ebaral@example.org,2125322251,Mumbai,NEW,2025-06-17
9634,Samesh Jaggi,januja13@example.org,4365729882,Mumbai,NEW,2024-09-14
9635,Keya Bhat,khoslapriya@example.net,9860900594,Pune,VALUE,2024-04-07
9636,Yoshita Hayre,vhayer@example.net,7638127249,Chennai,GROWTH,2024-12-06
9637,Tara Sant,harish23@example.org,1891855243,Jaipur,PREMIUM,2025-02-06
9638,Kalpit Tripathi,yparekh@example.com,7987307625,Chennai,GROWTH,2025-11-29
9639,Abhimanyu Tandon,dhriti37@example.net,2540167518,Jaipur,VALUE,2026-02-17
9640,Madhavi Cherian,mbanik@example.com,3641262765,Chennai,NEW,2026-04-29
9641,Yatin Srinivas,nachiket25@example.com,9985638509,Bengaluru,GROWTH,2024-04-04
9642,Unnati Cheema,yashodapatla@example.org,7510181845,Pune,PREMIUM,2026-04-11
9643,Meera Bava,mbalakrishnan@example.org,4134031256,Hyderabad,PREMIUM,2025-04-11
9644,Siddharth Verma,devanshbumb@example.com,9821675991,Bengaluru,PREMIUM,2024-06-02
9645,Zilmil Pandit,kevin38@example.org,4194786441,Hyderabad,VALUE,2025-08-05
9646,Yochana Pau,garima40@example.org,5782123783,Pune,NEW,2024-02-24
9647,Yauvani Cheema,vanshamagar@example.org,0463050834,Hyderabad,VALUE,2025-02-19
9648,Wahab Sibal,aachal64@example.org,0864587578,Pune,NEW,2026-01-15
9649,Xavier Behl,janujapingle@example.net,3130369506,Jaipur,NEW,2026-05-24
9650,Aayush Singhal,labantata@example.org,4725035898,Hyderabad,PREMIUM,2024-09-16
9651,Watika Mane,adityasinghal@example.com,0242939730,Bengaluru,GROWTH,2024-06-06
9652,Aradhana Munshi,farhan14@example.net,7309436291,Hyderabad,VALUE,2025-06-08
9653,Zayyan Mukherjee,mgade@example.net,8830978561,Kolkata,GROWTH,2024-05-21
9654,Imaran Bassi,mtrivedi@example.org,5521027958,Mumbai,GROWTH,2026-05-30
9655,Neha Garde,ekantika38@example.org,0501050086,Jaipur,VALUE,2024-10-22
9656,Krishna Rajan,jeetsaraf@example.com,8857543677,Hyderabad,VALUE,2024-06-16
9657,Bhavani Kata,luthraadvik@example.net,0895288594,Kolkata,NEW,2024-08-02
9658,Siya Pant,karpallavi@example.net,1854522898,Kolkata,VALUE,2024-12-03
9659,Mahika Balasubramanian,ebarman@example.com,4646409606,Kolkata,VALUE,2025-10-29
9660,Zaid Om,faqidpillai@example.net,4571595437,Jaipur,VALUE,2026-02-19
9661,Zaitra Narayan,waliaaishani@example.net,4586592549,Mumbai,GROWTH,2025-10-24
9662,Turvi Sanghvi,qmandal@example.org,8980350919,Chennai,GROWTH,2025-08-07
9663,Yashawini Murthy,bhasineesha@example.com,1307421481,Delhi,PREMIUM,2024-08-31
9664,Yashica Kapoor,gautamedwin@example.org,9817010867,Bengaluru,GROWTH,2026-04-23
9665,Forum Saha,omishamistry@example.net,6619996312,Delhi,VALUE,2026-06-18
9666,Kritika Sood,timothydugal@example.com,3964782696,Pune,GROWTH,2025-07-22
9667,Tejas Mohan,chamelimorar@example.net,9966751096,Chennai,VALUE,2025-12-05
9668,Vrinda Kade,bakhshi38@example.net,7022575808,Pune,NEW,2024-09-30
9669,Saanvi Chaudhari,dakshasrivastava@example.com,3847764727,Mumbai,VALUE,2025-02-06
9670,Udyati Rama,ekani23@example.org,6889564187,Bengaluru,VALUE,2025-12-25
9671,Reyansh Mutti,ryan77@example.net,5956355314,Pune,GROWTH,2025-01-16
9672,Aarnav Swamy,pranit26@example.com,5559463269,Kolkata,VALUE,2025-11-14
9673,Lipika Dugar,raibhavna@example.net,4867004703,Jaipur,GROWTH,2026-02-12
9674,Rayaan Hora,wyatt51@example.com,8125581101,Delhi,GROWTH,2026-04-20
9675,Barkha Arya,bhavini62@example.com,5179015175,Hyderabad,NEW,2024-09-19
9676,Ranbir Rege,naiduhemal@example.org,9646272573,Delhi,VALUE,2025-03-04
9677,Kalpit Nath,isha58@example.net,1308028818,Kolkata,GROWTH,2024-12-13
9678,Rachit Kapur,guneet89@example.org,2289572135,Delhi,PREMIUM,2025-03-28
9679,Lakshit Ramaswamy,amritasodhi@example.com,3551618260,Kolkata,VALUE,2025-10-30
9680,Rohan Dutt,anusha99@example.com,2226682609,Mumbai,GROWTH,2024-10-18
9681,Wazir Murthy,siddharth91@example.org,3411280341,Delhi,NEW,2024-07-28
9682,Jagat Mane,kapoorchatura@example.net,8087447214,Jaipur,PREMIUM,2024-08-29
9683,Nachiket Lala,maanavbumb@example.org,5630823901,Hyderabad,NEW,2025-11-20
9684,Raghav Dey,saneharrison@example.net,3096260560,Hyderabad,PREMIUM,2026-06-15
9685,Yatan Loyal,isaini@example.com,0645610671,Pune,GROWTH,2024-04-02
9686,Vidhi Borde,shahsamuel@example.net,1392827499,Bengaluru,NEW,2026-05-29
9687,Panini Narayan,balanmanbir@example.net,0993127288,Pune,VALUE,2024-01-29
9688,Xavier Parikh,tejaschandra@example.org,3984194675,Hyderabad,GROWTH,2025-04-21
9689,Jhalak Padmanabhan,znanda@example.org,8324553947,Bengaluru,PREMIUM,2024-04-30
9690,Benjamin Dixit,agarwalchristopher@example.com,7822481644,Hyderabad,NEW,2026-05-09
9691,Banjeet Roy,varenya10@example.com,3545268395,Delhi,NEW,2025-11-16
9692,Upma Krishnamurthy,bishakha04@example.org,3955306659,Bengaluru,VALUE,2024-11-16
9693,Robert Sahota,bhandarilajita@example.com,6540577817,Chennai,PREMIUM,2025-09-09
9694,Alka Patel,hnarayanan@example.net,3032373450,Mumbai,VALUE,2026-02-03
9695,Upma Ramanathan,murtysathvik@example.net,9823199544,Delhi,PREMIUM,2024-07-14
9696,Nathaniel Chokshi,kritikadugal@example.org,3058738899,Pune,PREMIUM,2025-07-25
9697,Girik Divan,wrideshkade@example.com,3383887609,Hyderabad,VALUE,2024-09-26
9698,Akshay Sahota,pushti95@example.com,8269473037,Mumbai,NEW,2025-10-07
9699,Ayushman Sarma,raagini59@example.org,0408389353,Pune,GROWTH,2025-05-25
9700,Harshil Dube,patilcharita@example.net,3611581649,Kolkata,GROWTH,2025-10-08
9701,Mason Khalsa,charan73@example.org,2497763861,Delhi,NEW,2025-07-27
9702,Janya Raju,ubika91@example.com,3257001944,Mumbai,PREMIUM,2025-07-26
9703,Bhanumati Saini,daksheshsrivastava@example.com,1743588981,Bengaluru,GROWTH,2024-03-17
9704,Yuvraj Agrawal,ojasvidave@example.com,3637297286,Pune,VALUE,2026-02-06
9705,Kamala Pingle,shivanshdayal@example.org,8752787171,Delhi,VALUE,2024-06-03
9706,Harini Natarajan,jsahni@example.com,3817118222,Kolkata,VALUE,2024-12-18
9707,Jonathan Reddy,harinibandi@example.com,0257684120,Bengaluru,VALUE,2025-04-04
9708,Gaurangi Sangha,boasekrishna@example.org,5749925020,Mumbai,VALUE,2026-02-03
9709,Xalak Tara,manechakradev@example.com,9286366888,Kolkata,GROWTH,2025-07-20
9710,Devika Kalita,zilmil82@example.org,6150336665,Delhi,PREMIUM,2024-06-14
9711,Laksh Sura,varenyadatta@example.net,7280415748,Mumbai,VALUE,2024-09-14
9712,Rehaan Bhatia,yauvani59@example.net,4086414061,Jaipur,GROWTH,2024-06-28
9713,Nirja Banik,devtalwar@example.net,3350479112,Chennai,NEW,2025-06-15
9714,Zinal Gokhale,yashasvi78@example.net,9436226958,Hyderabad,VALUE,2025-10-07
9715,Mugdha Purohit,rjha@example.org,7240598952,Pune,PREMIUM,2025-09-30
9716,Panini Badal,viraj86@example.com,1521148826,Pune,VALUE,2025-11-06
9717,Qarin Doctor,dsarna@example.org,1878642601,Chennai,GROWTH,2025-09-23
9718,Sachi Prasad,vasanagupta@example.com,6952734724,Delhi,PREMIUM,2026-03-23
9719,Arin Rattan,jsoman@example.net,4930645044,Chennai,VALUE,2026-03-26
9720,Tanvi Barad,jainnilima@example.com,7587912692,Bengaluru,VALUE,2024-09-04
9721,Turvi Bajwa,krishnanetra@example.net,3372037305,Kolkata,NEW,2024-09-30
9722,Harini Chokshi,bachittar12@example.org,7491991235,Chennai,VALUE,2024-02-20
9723,Balvan Bhalla,vasudha82@example.org,1377868414,Delhi,PREMIUM,2024-08-28
9724,Sathvik Krishnan,anitashenoy@example.org,3409045031,Jaipur,GROWTH,2025-04-01
9725,Bachittar Shankar,daminibava@example.com,9183806191,Bengaluru,VALUE,2025-08-15
9726,Vamakshi Gade,krishadhaliwal@example.net,5657888315,Bengaluru,PREMIUM,2026-02-26
9727,Lavanya Gopal,vincent64@example.com,0803728453,Jaipur,GROWTH,2025-06-18
9728,Rishi Khanna,madanurvi@example.com,5080971510,Kolkata,VALUE,2026-05-24
9729,Elijah Dugar,vmemon@example.net,3226865066,Kolkata,NEW,2025-05-12
9730,Manan Chowdhury,jairaj88@example.org,7892088963,Pune,GROWTH,2026-02-11
9731,Geetika Kapur,wvarma@example.net,8507870953,Jaipur,PREMIUM,2025-12-28
9732,Varsha Chada,voradavid@example.net,2408715499,Delhi,VALUE,2025-03-16
9733,Oscar Sahni,ojasbahri@example.com,8500388926,Chennai,VALUE,2026-02-24
9734,Christopher Dass,smane@example.net,5581021440,Bengaluru,PREMIUM,2026-02-16
9735,Yasti Kaul,soniisha@example.com,8888781511,Hyderabad,PREMIUM,2024-10-08
9736,Sai Mammen,gautamikarpe@example.net,0979033448,Mumbai,VALUE,2024-07-11
9737,Sudiksha Bhagat,gopalindali@example.com,6958889366,Mumbai,PREMIUM,2024-04-19
9738,Bhavika Naik,ekanibala@example.org,8540318954,Hyderabad,GROWTH,2026-04-09
9739,Sai Ganesan,charanshukla@example.org,9076168832,Jaipur,VALUE,2025-02-01
9740,David Ratta,drout@example.net,5503906602,Pune,PREMIUM,2025-05-25
9741,Matthew Dutt,upmavasa@example.com,7320947608,Bengaluru,GROWTH,2024-09-02
9742,Fariq Ganesh,issaczaid@example.org,6491675251,Hyderabad,GROWTH,2024-12-16
9743,Chatresh Manne,nigamxiti@example.org,8732986684,Chennai,PREMIUM,2024-12-28
9744,Ojasvi Saini,cjoshi@example.org,9560898833,Mumbai,GROWTH,2025-06-07
9745,Yahvi Naik,yastipai@example.net,5669372617,Chennai,NEW,2024-06-06
9746,Anika Swaminathan,rshroff@example.org,9817707779,Pune,NEW,2025-12-06
9747,Agastya Saha,sbajaj@example.net,9301732267,Mumbai,GROWTH,2024-12-17
9748,Pooja Lanka,wyattramanathan@example.org,6547702498,Chennai,GROWTH,2024-08-04
9749,Nachiket Kurian,sarnaedhitha@example.org,1450736296,Pune,NEW,2024-01-14
9750,Peter Pathak,sbaral@example.net,6424774096,Chennai,NEW,2024-04-01
9751,Teerth Sethi,ucchal18@example.net,3128410844,Bengaluru,VALUE,2024-08-30
9752,Zashil Singh,ramakrishnanhemani@example.org,9150470842,Chennai,VALUE,2025-10-21
9753,Advika Atwal,fradodara@example.com,2640089466,Kolkata,GROWTH,2026-02-08
9754,Aarush Mahajan,niharikasem@example.org,6702940047,Mumbai,NEW,2026-05-07
9755,Eesha Srinivas,sekhonzayyan@example.com,2141751606,Chennai,NEW,2024-09-25
9756,Tara Bera,ijayaraman@example.com,4028674537,Pune,NEW,2025-07-27
9757,Gabriel Dhar,lopa10@example.net,0954695709,Bengaluru,VALUE,2024-08-29
9758,Michael Mohan,kchaudhary@example.com,5473397750,Hyderabad,NEW,2024-05-08
9759,Mohini Vig,nkurian@example.org,8347852845,Jaipur,VALUE,2025-05-03
9760,Laban Vala,usamra@example.com,5555996031,Bengaluru,GROWTH,2025-08-02
9761,Nandini Bobal,thomasbhattacharyya@example.com,5221435509,Chennai,GROWTH,2025-11-15
9762,Aarini Dar,vasudhabanerjee@example.com,4794496455,Mumbai,GROWTH,2024-04-14
9763,Avi Agarwal,manejagat@example.net,9245785903,Jaipur,GROWTH,2025-11-03
9764,Rohan Tailor,omaja23@example.org,1087519984,Chennai,VALUE,2024-09-30
9765,Zaitra Samra,warjaschoudhary@example.com,0928544588,Kolkata,VALUE,2024-09-07
9766,Gaurika Ram,lgola@example.org,5265814099,Chennai,NEW,2024-01-29
9767,Yutika Anne,keersneha@example.org,5156351531,Bengaluru,VALUE,2024-07-02
9768,Falan Ratti,vyanjana09@example.net,2911495286,Bengaluru,GROWTH,2025-03-14
9769,Dalaja Sodhi,jagat95@example.org,4935798625,Pune,VALUE,2024-06-19
9770,Devansh Dhawan,charlessuresh@example.com,2492105180,Kolkata,VALUE,2024-10-16
9771,Rayaan Dasgupta,jeevika29@example.org,8613240939,Mumbai,VALUE,2025-04-22
9772,Adweta Deol,horaindali@example.net,3532955455,Kolkata,PREMIUM,2024-03-28
9773,Wazir Prakash,anmolperi@example.com,3511000657,Kolkata,GROWTH,2026-02-26
9774,Fiyaz Rastogi,hegdekaran@example.net,8683246765,Delhi,VALUE,2024-10-05
9775,Frado Chada,ojasvikhurana@example.net,1675977558,Delhi,NEW,2025-11-14
9776,Anmol Vig,jhachatura@example.com,9200498906,Pune,VALUE,2025-08-05
9777,Aarnav Dani,watikabhatti@example.net,5222137380,Kolkata,PREMIUM,2025-11-07
9778,Aarav Varkey,jlad@example.net,4488872114,Hyderabad,VALUE,2024-09-17
9779,Vedika Chauhan,neha12@example.net,5938034431,Pune,NEW,2024-06-03
9780,Onkar Baral,vrinda98@example.net,0474884213,Jaipur,VALUE,2024-05-08
9781,Unni Chauhan,gandhiranbir@example.org,7896574340,Bengaluru,GROWTH,2024-07-25
9782,Urishilla Mangal,samaayush@example.org,9257669677,Mumbai,GROWTH,2025-05-05
9783,Bhavani Kara,zachariaqasim@example.net,2966706002,Jaipur,GROWTH,2025-07-15
9784,Panini Pradhan,neha31@example.org,2788023782,Bengaluru,NEW,2025-11-08
9785,Ladli Sethi,anthony21@example.com,8026427513,Hyderabad,VALUE,2026-05-17
9786,Chaaya Sachar,chandreshupadhyay@example.org,4284883744,Hyderabad,GROWTH,2026-01-17
9787,Chatresh Narang,christopher27@example.com,3248850031,Chennai,NEW,2024-11-17
9788,Gavin Banerjee,shuklavrinda@example.net,7912459841,Bengaluru,NEW,2025-02-28
9789,Charan Singh,gangulyyochana@example.net,4410454348,Pune,GROWTH,2026-05-09
9790,Hitesh Taneja,yatandeo@example.org,7142082919,Pune,GROWTH,2025-10-01
9791,Ayaan Goda,kashvi42@example.net,7538095603,Mumbai,PREMIUM,2025-01-10
9792,Kashish Bava,sameshchada@example.net,3533610443,Hyderabad,PREMIUM,2026-01-19
9793,Ijaya Mani,htata@example.org,0027472248,Delhi,NEW,2024-05-02
9794,Nihal Karpe,zgoel@example.org,9487719739,Mumbai,NEW,2025-08-28
9795,Bachittar Bumb,nathaniel76@example.com,5644636954,Jaipur,GROWTH,2026-05-03
9796,Orinder Singhal,cnigam@example.org,3485116448,Chennai,GROWTH,2025-04-19
9797,Urvashi Luthra,jsamra@example.org,8432540124,Chennai,GROWTH,2025-07-05
9798,Gauri Karpe,jai63@example.com,2402527798,Jaipur,VALUE,2024-02-23
9799,Ekanta Seth,dewandevansh@example.com,7476906127,Pune,NEW,2025-06-28
9800,Aachal Ganesh,fitanbajaj@example.com,0945863087,Kolkata,GROWTH,2024-09-18
9801,Matthew Rajagopal,daraadya@example.org,8727689354,Pune,VALUE,2026-06-14
9802,Noah Bhalla,ramakrishnanbarkha@example.com,5775876406,Hyderabad,PREMIUM,2024-10-14
9803,Fiyaz Ravel,yahvi20@example.org,0691112940,Pune,VALUE,2024-10-09
9804,Isaiah Palla,devansh24@example.com,9814982162,Bengaluru,VALUE,2024-12-21
9805,Ridhi Manne,jeet61@example.net,4254086775,Jaipur,GROWTH,2025-09-19
9806,Jeevika Chander,nikita53@example.com,7393149241,Mumbai,PREMIUM,2026-05-05
9807,William Shanker,doshitejas@example.net,9993249564,Jaipur,GROWTH,2024-11-07
9808,Sachi Sampath,pvasa@example.org,3143953464,Jaipur,VALUE,2024-07-06
9809,Sara Raghavan,omkaarkohli@example.net,5971315330,Mumbai,GROWTH,2025-11-19
9810,Krisha Agrawal,csastry@example.org,4770736052,Pune,VALUE,2025-05-02
9811,Hemal Taneja,samar42@example.com,5671349675,Jaipur,NEW,2025-02-13
9812,Tanvi Mitra,tanejadarpan@example.org,9295986878,Chennai,VALUE,2026-06-11
9813,Janani Verma,edhithatella@example.net,7091943926,Bengaluru,NEW,2025-03-22
9814,Mahika Varty,dugarjai@example.com,8555152468,Jaipur,VALUE,2025-07-10
9815,Anvi Mahajan,inaya24@example.net,5071897892,Chennai,VALUE,2026-06-02
9816,Yutika Bhardwaj,aaravtiwari@example.com,0660868225,Delhi,GROWTH,2024-07-07
9817,Geetika Thakur,janiagastya@example.org,3466026146,Mumbai,PREMIUM,2026-03-23
9818,Onveer Mander,jchand@example.net,6801797982,Pune,NEW,2026-05-14
9819,Ishani Sawhney,moreekapad@example.org,2868118708,Hyderabad,GROWTH,2025-02-27
9820,Alka Narayanan,dominicde@example.com,6436148608,Mumbai,GROWTH,2024-10-29
9821,Rajeshri Kadakia,bediaayush@example.com,4200728237,Kolkata,VALUE,2024-05-26
9822,Aarna Prakash,bavalaksh@example.net,7597244045,Delhi,GROWTH,2024-02-13
9823,Edhitha Dhillon,rsinha@example.com,5673177206,Mumbai,GROWTH,2026-06-04
9824,Ikbal Chatterjee,gsarna@example.org,3634389944,Hyderabad,NEW,2025-01-23
9825,Gautam Bhandari,bhavanihayer@example.org,7740277481,Delhi,GROWTH,2025-08-24
9826,Ekavir Warrior,ukaul@example.net,2796022901,Hyderabad,PREMIUM,2024-08-04
9827,Nirja Samra,dakshakeer@example.com,3315045184,Jaipur,NEW,2024-10-18
9828,Tristan Gandhi,riya49@example.org,6783454604,Jaipur,VALUE,2026-01-06
9829,Xavier Parikh,ria47@example.org,2226089494,Kolkata,GROWTH,2025-08-13
9830,Jacob Tella,gsavant@example.com,3575852910,Bengaluru,NEW,2024-07-16
9831,Charles Setty,nimrat48@example.net,8010284295,Delhi,GROWTH,2024-01-05
9832,Anvi Wali,pkrishnan@example.org,3283742854,Kolkata,GROWTH,2026-01-07
9833,Balveer Dugal,adwetaramanathan@example.net,0062081581,Bengaluru,NEW,2024-03-13
9834,Omya Lanka,gkaul@example.net,9693000838,Pune,VALUE,2024-02-02
9835,Hiral Tandon,nandaosha@example.org,9104448932,Delhi,NEW,2024-09-27
9836,Abhiram Natt,nathanielrama@example.org,2300383147,Pune,GROWTH,2026-04-16
9837,Chaman Gade,rohan09@example.org,3037862463,Chennai,GROWTH,2025-08-03
9838,Harsh Dhaliwal,bdugar@example.com,2940555470,Jaipur,VALUE,2024-02-07
9839,Baghyawati Singhal,zayanbahri@example.org,5817168307,Delhi,GROWTH,2026-04-05
9840,Ati Sekhon,maanav17@example.org,2230660958,Hyderabad,VALUE,2026-04-24
9841,Libni Ahluwalia,bediekansh@example.net,3204163225,Jaipur,VALUE,2025-09-19
9842,Owen Kota,vkhare@example.org,0271513667,Hyderabad,GROWTH,2024-03-07
9843,Hemang Subramaniam,bhavanisood@example.org,6309316675,Pune,VALUE,2024-01-13
9844,Urvi Gole,nicholas58@example.net,2797598307,Mumbai,GROWTH,2026-02-24
9845,Adweta Sani,osoman@example.net,3042915556,Pune,VALUE,2026-01-10
9846,Tara Goswami,guptaharshil@example.com,4988447155,Bengaluru,VALUE,2026-01-18
9847,Gayathri Wason,hgoda@example.org,7477377053,Chennai,VALUE,2025-03-13
9848,Anika Padmanabhan,zashil07@example.org,4459072501,Jaipur,GROWTH,2025-06-18
9849,Pratyush Sampath,veer19@example.org,1671604822,Pune,VALUE,2024-06-04
9850,Priya Thakur,sara34@example.com,6010419886,Hyderabad,VALUE,2024-02-02
9851,Triya Singhal,vshenoy@example.net,3174349415,Mumbai,GROWTH,2024-07-18
9852,Chaaya Mallick,fbhat@example.com,2277760321,Bengaluru,PREMIUM,2025-07-13
9853,Yochana Kuruvilla,max27@example.org,4555616183,Kolkata,PREMIUM,2024-12-27
9854,Chaitaly Biswas,kavya77@example.net,2262442506,Mumbai,VALUE,2025-07-10
9855,Arunima Agrawal,bakhshibatta@example.net,8167571695,Pune,NEW,2025-01-31
9856,Laban Kala,vivaan68@example.net,0604455688,Hyderabad,GROWTH,2025-05-16
9857,Aarush Narasimhan,sankarananjali@example.org,1632609050,Bengaluru,GROWTH,2026-05-06
9858,Qabil Setty,yatan82@example.org,8416217481,Pune,VALUE,2025-07-22
9859,Devansh Joshi,zachariaupasna@example.com,8690588269,Bengaluru,VALUE,2026-05-08
9860,Krisha Krish,sseth@example.org,1847325808,Bengaluru,GROWTH,2026-05-21
9861,Indrajit Dua,amrutakrishnan@example.net,8913806754,Chennai,VALUE,2025-07-09
9862,Bhavini Menon,boasekamala@example.org,5456804239,Kolkata,PREMIUM,2026-06-14
9863,Xavier Sami,chokshimason@example.net,5967204692,Kolkata,VALUE,2024-08-12
9864,Niharika Dani,zbhalla@example.com,8017904892,Pune,VALUE,2025-04-13
9865,Jagvi Rout,lekharatta@example.org,3280545571,Pune,VALUE,2024-03-08
9866,Laban Deo,routmatthew@example.com,0745330845,Kolkata,VALUE,2024-03-23
9867,David Shroff,aarnamallick@example.com,7494730683,Bengaluru,GROWTH,2024-04-29
9868,Omya Nayak,sanghviupma@example.com,1265878312,Bengaluru,VALUE,2024-04-30
9869,Zarna Balan,agastya71@example.com,1476216263,Hyderabad,GROWTH,2025-01-04
9870,Vincent Chaudry,virajdubey@example.com,3301744274,Pune,VALUE,2025-10-10
9871,Bakhshi Deep,radhikapalan@example.net,2342021911,Pune,GROWTH,2026-06-06
9872,Shivani Mistry,gaurangi75@example.com,2958323515,Mumbai,NEW,2026-06-02
9873,Yuvraj Bera,hvarkey@example.org,1540926567,Kolkata,NEW,2024-06-09
9874,Ria Goda,abhimanyubansal@example.com,8972229299,Bengaluru,GROWTH,2025-01-27
9875,Ekansh Yadav,rnagi@example.com,3298065165,Jaipur,GROWTH,2025-01-23
9876,Neel Mane,yagnesh04@example.org,5933924871,Pune,PREMIUM,2024-03-29
9877,Tanmayi Pandey,mmall@example.net,6531494012,Jaipur,NEW,2024-02-05
9878,Raghav Bhatnagar,taradugar@example.net,5466184524,Pune,GROWTH,2024-11-13
9879,Kalpit Bose,eandra@example.net,4222811587,Chennai,VALUE,2026-02-09
9880,Akshay Swamy,tanish35@example.net,0675657364,Mumbai,PREMIUM,2024-12-12
9881,Vinaya Zacharia,bhavikaganesh@example.org,1895968474,Hyderabad,VALUE,2024-12-11
9882,Megha Saha,zashil82@example.org,3712668661,Kolkata,PREMIUM,2026-06-15
9883,Eiravati Misra,advikchatterjee@example.net,4377976690,Hyderabad,VALUE,2024-12-05
9884,Yashvi Narula,cbhatnagar@example.com,5371036743,Delhi,VALUE,2025-09-09
9885,Krisha Kata,vidhivohra@example.org,0470867734,Mumbai,PREMIUM,2026-06-02
9886,Rachita Nanda,sankarxavier@example.net,4408864198,Chennai,PREMIUM,2024-04-16
9887,Fariq Virk,hemallad@example.org,7186681113,Pune,GROWTH,2025-04-04
9888,Noah Vig,gauri71@example.org,1946492604,Jaipur,NEW,2024-10-30
9889,Hamsini Dewan,christopher38@example.com,9968189223,Jaipur,NEW,2024-04-16
9890,Onveer Virk,pillaiucchal@example.org,1149844232,Chennai,GROWTH,2024-02-13
9891,Rachita Barman,george93@example.org,3726453373,Chennai,NEW,2025-08-06
9892,Anjali Ramakrishnan,ikanda@example.org,4534782266,Kolkata,GROWTH,2025-08-10
9893,Parth Yadav,etachaudry@example.net,0123898537,Delhi,VALUE,2025-05-20
9894,Bhavini Sen,charles96@example.org,7409743112,Chennai,NEW,2025-08-28
9895,Falguni Dube,yatinmody@example.com,3113476365,Hyderabad,GROWTH,2025-10-09
9896,Xavier Buch,patlayash@example.net,9447983180,Kolkata,NEW,2024-02-21
9897,Oliver Zachariah,xavierhegde@example.org,4640843534,Kolkata,VALUE,2024-01-31
9898,Gavin Ganesh,fverma@example.org,8529448545,Pune,VALUE,2024-10-28
9899,Nathaniel Badal,etaviswanathan@example.org,2655884962,Pune,VALUE,2025-05-26
9900,Rachana Raj,neel99@example.net,0121474216,Pune,GROWTH,2026-03-23
9901,Chaaya Date,yahvi14@example.net,7879935381,Chennai,NEW,2026-05-31
9902,Vasana Ramachandran,naikgaurika@example.org,2596930571,Mumbai,GROWTH,2026-01-14
9903,Prisha Nigam,hema67@example.com,8997530369,Bengaluru,VALUE,2024-09-19
9904,Urishilla Dhawan,imitra@example.org,4528543872,Pune,GROWTH,2025-05-31
9905,Kritika Balakrishnan,dissac@example.org,0247935558,Chennai,VALUE,2024-04-14
9906,Mason Ahuja,zkhatri@example.com,9237864135,Mumbai,GROWTH,2025-03-12
9907,Saumya Kara,rbarad@example.net,4462281510,Jaipur,PREMIUM,2024-03-29
9908,Raksha Buch,sbhasin@example.org,0438212465,Jaipur,VALUE,2026-06-12
9909,Niharika Gopal,madanikbal@example.net,2041101296,Pune,GROWTH,2025-02-09
9910,Tristan Lata,bishakhamadan@example.com,0917842487,Mumbai,GROWTH,2025-10-11
9911,Jyoti Srinivasan,mkala@example.net,3038847084,Jaipur,VALUE,2024-04-03
9912,Hema Sandal,xsuresh@example.net,6684606558,Mumbai,GROWTH,2026-05-07
9913,Reyansh Dayal,yashvibahl@example.com,2605844065,Hyderabad,GROWTH,2025-04-16
9914,Xalak Bansal,hbaria@example.org,0942900987,Kolkata,GROWTH,2024-03-05
9915,Aachal Narayanan,issacsudiksha@example.com,0175752677,Chennai,VALUE,2024-11-27
9916,Harinakshi Wali,madanikbal@example.net,6408934357,Mumbai,VALUE,2024-07-09
9917,Upma Kamdar,tailorupadhriti@example.org,0370031157,Delhi,PREMIUM,2024-03-03
9918,Jeremiah Shere,tamanna97@example.org,1421095231,Bengaluru,VALUE,2024-01-28
9919,Jonathan Garde,bahriyamini@example.org,7617148731,Pune,NEW,2025-10-03
9920,Sara Bajaj,vinayaboase@example.org,5088519275,Pune,GROWTH,2026-02-20
9921,Nihal Kumar,lganesan@example.com,2206881584,Mumbai,GROWTH,2025-08-17
9922,Michael Narula,vedika84@example.org,5352961175,Mumbai,PREMIUM,2025-09-16
9923,Geetika Mannan,krishmanthan@example.org,1076743933,Pune,GROWTH,2024-02-03
9924,Udant Sengupta,ethandada@example.org,8803222095,Mumbai,VALUE,2024-06-08
9925,Balvan Memon,jbir@example.com,0735617140,Delhi,VALUE,2024-01-31
9926,Hemang Sagar,ebalan@example.org,9285542845,Hyderabad,PREMIUM,2026-05-26
9927,Ekapad Parsa,fariq95@example.com,0293909404,Chennai,GROWTH,2025-10-26
9928,Bhavika Ratta,zayyanchakrabarti@example.com,4996376958,Mumbai,NEW,2026-05-10
9929,Viraj Wable,yashica45@example.net,4492603156,Mumbai,GROWTH,2026-03-25
9930,Hemal Rai,madhavitrivedi@example.net,5274302746,Mumbai,GROWTH,2024-07-21
9931,Chameli Mallick,baradikshita@example.org,9008689737,Bengaluru,VALUE,2025-04-05
9932,Raagini Tata,aditya53@example.com,3828321732,Delhi,VALUE,2025-08-05
9933,Sarthak Grover,kmangal@example.org,4053362876,Delhi,NEW,2025-10-29
9934,Ekavir Gaba,benjaminzacharia@example.org,4691548657,Bengaluru,VALUE,2025-08-24
9935,Ganga Pandey,sinhavincent@example.com,5384073116,Delhi,NEW,2025-02-11
9936,Raksha Balakrishnan,nidra51@example.org,5505492067,Bengaluru,VALUE,2024-01-04
9937,Pallavi Edwin,singhom@example.com,8864897805,Chennai,GROWTH,2026-04-24
9938,Adweta Munshi,qmital@example.com,9676839563,Delhi,VALUE,2025-09-11
9939,Nathaniel Sama,umangprashad@example.org,0202311549,Chennai,PREMIUM,2026-01-22
9940,Azad Sura,farhan78@example.org,4843292665,Chennai,VALUE,2024-07-18
9941,Arjun Naidu,vasanachaudhari@example.com,7629837476,Chennai,GROWTH,2024-04-05
9942,Daniel Chada,liamsethi@example.org,9311777273,Pune,NEW,2026-03-22
9943,Champak Kar,uedwin@example.org,4613995459,Kolkata,GROWTH,2025-12-26
9944,Yasti Balakrishnan,wiyengar@example.net,1512402954,Delhi,VALUE,2026-01-24
9945,Wyatt Thaman,dchoudhury@example.org,3119808614,Mumbai,PREMIUM,2025-01-31
9946,Gavin Prashad,mbhatnagar@example.net,1352964483,Bengaluru,GROWTH,2026-03-25
9947,Udarsh Kota,harinakshivora@example.org,1452578328,Pune,VALUE,2024-07-20
9948,Panini Bera,gtripathi@example.org,9151271084,Kolkata,GROWTH,2025-11-12
9949,Faqid Barad,mitesh45@example.org,6433109686,Jaipur,NEW,2025-03-20
9950,Jackson Pau,diptasetty@example.net,3333158498,Chennai,GROWTH,2024-05-28
9951,Samuel Shankar,jeevikamukhopadhyay@example.org,8005830715,Hyderabad,PREMIUM,2025-10-07
9952,Rudra Nanda,dadaryan@example.net,6113632880,Hyderabad,PREMIUM,2024-11-20
9953,Tara Bail,urvashi96@example.org,6648079233,Delhi,GROWTH,2024-05-22
9954,Shivani Swaminathan,adweta40@example.org,2250864566,Hyderabad,VALUE,2025-09-30
9955,Yasti Sharma,tanvi99@example.com,8995493831,Chennai,PREMIUM,2025-11-25
9956,Eiravati Raj,thomas15@example.org,5077677479,Mumbai,GROWTH,2024-10-17
9957,Raagini Pillai,vedhikachad@example.org,0469712092,Kolkata,VALUE,2026-05-20
9958,Chakrika Pandit,shukladalaja@example.com,1786569624,Kolkata,VALUE,2025-10-01
9959,Harini Oza,harita06@example.com,3655882043,Bengaluru,NEW,2024-01-21
9960,Jhalak Bal,adityagola@example.net,2156591503,Jaipur,VALUE,2024-10-29
9961,Ekiya Khatri,balpallavi@example.net,2070902473,Delhi,VALUE,2026-05-26
9962,Krish Butala,ppalan@example.org,9144124627,Jaipur,VALUE,2024-06-08
9963,Ishwar Mital,nakshbedi@example.com,3961736120,Kolkata,VALUE,2026-05-08
9964,Bhavini Borde,anthonymani@example.org,9033919262,Mumbai,NEW,2025-04-11
9965,Hemani Dyal,aryashroff@example.org,8281362090,Pune,GROWTH,2025-08-30
9966,Karan Peri,naksh84@example.net,9370165072,Bengaluru,PREMIUM,2025-09-09
9967,David Setty,chanakya13@example.com,2018492964,Kolkata,PREMIUM,2025-04-05
9968,Falan Ramesh,sdevi@example.com,3917351710,Mumbai,GROWTH,2025-04-10
9969,Gopal Bhavsar,khalsalohit@example.net,7239709685,Mumbai,PREMIUM,2025-05-25
9970,George Mistry,bainsedhitha@example.net,1749310867,Bengaluru,NEW,2025-07-31
9971,Vyanjana Merchant,jnaidu@example.org,9718350307,Mumbai,PREMIUM,2025-10-25
9972,Ekaja Dixit,nathanielrajagopal@example.net,5206726110,Bengaluru,PREMIUM,2025-01-29
9973,Samarth Baria,aradhana64@example.org,8751618002,Chennai,GROWTH,2025-01-27
9974,Urvashi Rajan,bahrijeremiah@example.net,7502822967,Pune,NEW,2025-12-01
9975,Ubika Jain,desaiavi@example.net,5606958747,Chennai,VALUE,2025-11-12
9976,Yochana Dhaliwal,psarin@example.com,7612739716,Mumbai,PREMIUM,2025-08-07
9977,Dakshesh Gulati,jagratitailor@example.org,9890689162,Mumbai,GROWTH,2025-02-18
9978,Wyatt Gera,wverma@example.com,0102468308,Jaipur,GROWTH,2025-06-01
9979,Om Mane,agastyaverma@example.net,8934399978,Bengaluru,NEW,2025-05-28
9980,Aditya Ghose,tanvitalwar@example.net,4415116496,Delhi,GROWTH,2025-01-26
9981,Rajata Kaur,zashilkala@example.org,8597176615,Hyderabad,VALUE,2024-06-09
9982,Anthony Krishna,zinal07@example.com,9923861243,Delhi,PREMIUM,2025-04-27
9983,Patrick Chakrabarti,neelimathakkar@example.net,8306405113,Bengaluru,NEW,2025-02-02
9984,Janaki Gala,darsara@example.com,8577078804,Kolkata,GROWTH,2024-02-15
9985,Vanya Nadig,chandranunnati@example.com,5361264661,Bengaluru,NEW,2026-05-09
9986,Avi Mandal,arunima75@example.org,3504846363,Pune,NEW,2025-08-23
9987,Zayyan Chakrabarti,faqidsahota@example.net,8356680041,Hyderabad,NEW,2024-04-12
9988,Warjas Dube,parmartanvi@example.org,5470313166,Bengaluru,VALUE,2024-07-02
9989,Chasmum Ray,tsangha@example.net,2293111845,Pune,GROWTH,2025-05-29
9990,Gabriel Chahal,sahniabeer@example.org,3327492641,Chennai,NEW,2026-02-13
9991,Samar Mittal,atharvbahl@example.org,5487838542,Bengaluru,NEW,2025-03-12
9992,Adweta Thakkar,waglejairaj@example.net,7338913279,Mumbai,VALUE,2026-01-01
9993,Urvashi Biswas,qbhandari@example.com,1451848705,Jaipur,VALUE,2024-04-25
9994,Tanish Sankaran,vravi@example.net,9959781819,Mumbai,VALUE,2025-04-20
9995,Triya Sane,chaman40@example.net,0729953156,Jaipur,PREMIUM,2026-01-14
9996,Gagan Grewal,advay37@example.org,7680061913,Hyderabad,NEW,2026-02-01
9997,William Mannan,jayaramanavi@example.com,1948167462,Jaipur,GROWTH,2024-08-04
9998,Jack Dada,badalzinal@example.net,2215239363,Bengaluru,VALUE,2025-08-26
9999,Atharv Gandhi,kevin96@example.org,1417484337,Chennai,VALUE,2024-02-05
10000,Samar Thakkar,oni20@example.net,0603854015,Chennai,NEW,2024-05-07
