ticket_id,customer_id,reason,priority,opened_at,status,first_response_minutes,resolution_minutes
1,2757,PAYMENT,HIGH,2026-08-14 12:09:00,RESOLVED,43.8,331.8
2,6826,ACCOUNT,LOW,2026-09-05 20:50:00,RESOLVED,48.1,200.5
3,2350,PAYMENT,HIGH,2026-09-06 18:00:00,RESOLVED,33.3,312.1
4,4865,REFUND,MEDIUM,2026-08-08 04:34:00,OPEN,62.0,165.2
5,2683,PRODUCT,MEDIUM,2026-08-20 12:23:00,RESOLVED,8.4,304.1
6,3032,PRODUCT,HIGH,2026-08-19 08:32:00,RESOLVED,12.4,198.9
7,6494,DELIVERY,MEDIUM,2026-08-21 13:12:00,RESOLVED,15.5,65.1
8,3140,ACCOUNT,MEDIUM,2026-08-21 20:46:00,PENDING,7.2,224.7
9,7302,DELIVERY,HIGH,2026-08-02 23:07:00,RESOLVED,29.3,153.2
10,5040,REFUND,LOW,2026-09-04 22:07:00,RESOLVED,31.6,281.6
11,9811,ACCOUNT,LOW,2026-08-10 21:54:00,OPEN,4.2,220.7
12,1920,PAYMENT,CRITICAL,2026-08-11 08:46:00,PENDING,40.2,231.7
13,9449,PAYMENT,HIGH,2026-09-02 10:29:00,RESOLVED,33.0,468.8
14,1325,ACCOUNT,MEDIUM,2026-09-08 18:48:00,RESOLVED,29.1,156.1
15,5497,PAYMENT,HIGH,2026-09-06 01:56:00,OPEN,0.9,469.8
16,3724,PRODUCT,HIGH,2026-08-12 16:16:00,PENDING,23.1,229.1
17,7523,PAYMENT,MEDIUM,2026-08-30 19:46:00,RESOLVED,69.3,189.0
18,1305,DELIVERY,LOW,2026-08-07 12:28:00,RESOLVED,27.7,265.1
19,2548,REFUND,MEDIUM,2026-08-17 03:56:00,RESOLVED,13.6,310.6
20,2308,PRODUCT,MEDIUM,2026-08-11 03:26:00,RESOLVED,11.3,202.8
21,9208,REFUND,LOW,2026-08-10 01:59:00,OPEN,44.8,494.6
22,5351,ACCOUNT,CRITICAL,2026-09-05 05:50:00,PENDING,12.5,351.8
23,1643,ACCOUNT,MEDIUM,2026-09-05 12:55:00,RESOLVED,27.6,203.5
24,7901,PRODUCT,HIGH,2026-08-07 02:18:00,PENDING,7.7,207.3
25,2856,DELIVERY,MEDIUM,2026-08-15 19:05:00,RESOLVED,61.6,231.3
26,2248,PRODUCT,LOW,2026-08-02 06:38:00,RESOLVED,42.4,221.5
27,4944,ACCOUNT,MEDIUM,2026-09-03 00:43:00,RESOLVED,44.5,70.9
28,7917,PRODUCT,MEDIUM,2026-08-12 15:55:00,RESOLVED,37.2,525.2
29,8396,PRODUCT,MEDIUM,2026-08-24 22:58:00,OPEN,20.5,214.9
30,156,PRODUCT,LOW,2026-08-22 18:46:00,RESOLVED,6.8,125.4
31,8981,PAYMENT,HIGH,2026-08-08 22:20:00,PENDING,7.5,277.7
32,9971,REFUND,LOW,2026-08-15 06:23:00,PENDING,34.8,429.4
33,3209,PAYMENT,MEDIUM,2026-08-05 10:41:00,OPEN,17.7,167.6
34,5170,ACCOUNT,MEDIUM,2026-08-07 10:17:00,RESOLVED,21.1,104.5
35,3764,DELIVERY,CRITICAL,2026-09-03 22:04:00,RESOLVED,23.3,166.6
36,4759,DELIVERY,LOW,2026-08-15 13:37:00,RESOLVED,3.3,163.2
37,6524,ACCOUNT,LOW,2026-08-19 03:15:00,RESOLVED,31.8,431.7
38,6506,ACCOUNT,CRITICAL,2026-08-28 16:52:00,RESOLVED,18.0,162.4
39,4747,PAYMENT,CRITICAL,2026-09-05 02:29:00,RESOLVED,54.8,166.7
40,4752,REFUND,LOW,2026-08-18 10:39:00,RESOLVED,18.1,339.8
41,4886,DELIVERY,HIGH,2026-09-04 20:16:00,RESOLVED,41.3,310.3
42,4081,PRODUCT,HIGH,2026-08-23 21:48:00,RESOLVED,39.0,233.2
43,1233,PAYMENT,LOW,2026-08-03 01:06:00,RESOLVED,20.8,275.6
44,3710,ACCOUNT,HIGH,2026-09-07 21:10:00,OPEN,8.7,181.5
45,7156,REFUND,LOW,2026-08-11 11:21:00,RESOLVED,28.7,79.9
46,9779,PRODUCT,HIGH,2026-08-30 22:18:00,PENDING,35.6,425.1
47,8127,ACCOUNT,LOW,2026-09-04 20:00:00,RESOLVED,72.3,448.4
48,8615,DELIVERY,MEDIUM,2026-09-02 03:40:00,RESOLVED,38.2,281.9
49,7832,PRODUCT,HIGH,2026-08-25 08:29:00,RESOLVED,24.9,329.3
50,5025,PRODUCT,LOW,2026-08-12 12:29:00,RESOLVED,26.8,104.3
51,6821,PAYMENT,HIGH,2026-08-26 20:38:00,RESOLVED,27.3,310.3
52,8365,REFUND,LOW,2026-08-21 10:55:00,PENDING,36.4,246.1
53,2230,DELIVERY,LOW,2026-08-27 11:50:00,RESOLVED,15.3,241.2
54,1491,DELIVERY,HIGH,2026-08-14 18:48:00,RESOLVED,24.6,105.6
55,2664,REFUND,HIGH,2026-08-28 12:01:00,RESOLVED,4.0,229.5
56,5295,PAYMENT,MEDIUM,2026-08-20 09:08:00,RESOLVED,10.0,579.8
57,7863,PAYMENT,HIGH,2026-09-08 20:26:00,OPEN,26.7,421.5
58,4502,ACCOUNT,LOW,2026-08-05 11:24:00,RESOLVED,47.4,236.4
59,9829,PRODUCT,MEDIUM,2026-08-29 23:00:00,RESOLVED,24.1,164.6
60,3249,ACCOUNT,HIGH,2026-08-21 17:43:00,PENDING,39.0,205.2
61,4620,PRODUCT,HIGH,2026-08-24 00:25:00,RESOLVED,40.2,272.6
62,9185,PAYMENT,MEDIUM,2026-08-22 00:46:00,RESOLVED,37.9,150.9
63,1708,ACCOUNT,LOW,2026-08-06 10:21:00,RESOLVED,6.1,374.4
64,8325,PRODUCT,MEDIUM,2026-08-23 23:58:00,OPEN,13.4,93.6
65,1511,ACCOUNT,LOW,2026-08-17 18:10:00,RESOLVED,47.8,334.2
66,9071,REFUND,HIGH,2026-08-10 09:13:00,RESOLVED,20.0,144.1
67,3233,PRODUCT,LOW,2026-09-06 23:57:00,RESOLVED,22.0,109.0
68,6353,REFUND,MEDIUM,2026-08-09 20:35:00,RESOLVED,24.5,300.7
69,7118,REFUND,LOW,2026-08-17 20:39:00,RESOLVED,56.4,453.2
70,3763,PRODUCT,MEDIUM,2026-08-15 17:00:00,RESOLVED,11.5,100.8
71,5503,PAYMENT,CRITICAL,2026-08-19 03:23:00,RESOLVED,36.7,259.7
72,7569,PRODUCT,MEDIUM,2026-08-22 12:11:00,RESOLVED,26.2,288.1
73,8759,PRODUCT,CRITICAL,2026-08-26 04:58:00,RESOLVED,23.7,184.4
74,1086,PRODUCT,MEDIUM,2026-08-14 11:18:00,OPEN,14.3,312.7
75,4955,DELIVERY,LOW,2026-08-14 21:07:00,RESOLVED,31.7,801.2
76,8531,DELIVERY,HIGH,2026-08-29 05:53:00,RESOLVED,19.5,307.4
77,5559,REFUND,LOW,2026-08-28 21:27:00,RESOLVED,50.6,370.9
78,288,REFUND,LOW,2026-08-24 09:43:00,OPEN,37.2,206.2
79,1256,ACCOUNT,MEDIUM,2026-08-21 18:20:00,RESOLVED,33.0,321.7
80,8183,DELIVERY,LOW,2026-08-05 12:20:00,RESOLVED,43.6,148.0
81,4234,PAYMENT,HIGH,2026-08-23 15:32:00,RESOLVED,12.0,328.3
82,7040,PRODUCT,MEDIUM,2026-08-09 22:56:00,RESOLVED,62.8,823.2
83,8927,REFUND,LOW,2026-08-03 22:02:00,PENDING,26.8,224.0
84,885,REFUND,MEDIUM,2026-08-25 04:25:00,RESOLVED,20.8,139.5
85,4552,REFUND,LOW,2026-08-21 22:25:00,RESOLVED,44.3,399.7
86,1470,PAYMENT,MEDIUM,2026-08-22 06:40:00,RESOLVED,12.0,118.9
87,8423,PRODUCT,LOW,2026-08-30 07:22:00,RESOLVED,23.0,154.7
88,4524,PAYMENT,HIGH,2026-08-14 13:37:00,RESOLVED,21.8,202.6
89,8767,ACCOUNT,LOW,2026-08-14 10:20:00,RESOLVED,17.5,346.5
90,2999,DELIVERY,LOW,2026-08-07 21:00:00,OPEN,37.7,161.9
91,1454,REFUND,MEDIUM,2026-08-04 00:55:00,OPEN,32.1,200.3
92,8673,REFUND,MEDIUM,2026-09-06 19:36:00,RESOLVED,20.1,119.9
93,6132,REFUND,MEDIUM,2026-08-12 12:34:00,RESOLVED,48.9,297.9
94,1929,PRODUCT,MEDIUM,2026-08-18 23:27:00,RESOLVED,26.6,79.3
95,6943,DELIVERY,LOW,2026-09-06 07:04:00,RESOLVED,30.4,309.9
96,4171,REFUND,MEDIUM,2026-08-09 12:02:00,RESOLVED,33.2,358.4
97,467,DELIVERY,HIGH,2026-08-07 23:53:00,OPEN,9.7,194.4
98,2605,PAYMENT,LOW,2026-08-29 20:03:00,RESOLVED,20.6,133.8
99,7501,ACCOUNT,MEDIUM,2026-08-15 04:18:00,RESOLVED,18.0,350.4
100,1272,ACCOUNT,LOW,2026-08-11 05:41:00,RESOLVED,15.5,235.6
101,3377,DELIVERY,HIGH,2026-09-01 04:15:00,RESOLVED,17.1,151.3
102,2598,DELIVERY,LOW,2026-08-11 15:00:00,RESOLVED,77.0,266.3
103,7330,PAYMENT,LOW,2026-08-01 05:10:00,PENDING,14.3,189.7
104,8600,REFUND,MEDIUM,2026-09-03 01:58:00,RESOLVED,44.7,153.4
105,7876,REFUND,MEDIUM,2026-09-08 19:44:00,RESOLVED,31.1,121.1
106,7156,PRODUCT,LOW,2026-09-06 07:32:00,RESOLVED,25.7,335.1
107,896,REFUND,HIGH,2026-08-05 14:42:00,PENDING,16.7,323.9
108,9143,PAYMENT,LOW,2026-08-19 17:21:00,OPEN,5.3,184.7
109,1619,DELIVERY,HIGH,2026-09-05 09:10:00,RESOLVED,14.0,319.9
110,4053,ACCOUNT,HIGH,2026-08-26 06:59:00,RESOLVED,16.9,164.8
111,8278,DELIVERY,HIGH,2026-08-12 22:57:00,RESOLVED,21.1,236.5
112,2405,DELIVERY,MEDIUM,2026-08-15 10:33:00,RESOLVED,50.9,365.6
113,2169,PAYMENT,MEDIUM,2026-08-13 12:55:00,RESOLVED,19.0,120.1
114,264,ACCOUNT,HIGH,2026-08-26 08:16:00,RESOLVED,0.8,214.1
115,3583,PRODUCT,LOW,2026-08-27 02:35:00,RESOLVED,37.7,225.0
116,4952,PAYMENT,HIGH,2026-08-30 02:53:00,RESOLVED,30.5,279.2
117,4674,REFUND,MEDIUM,2026-08-12 03:04:00,RESOLVED,26.6,117.2
118,398,REFUND,HIGH,2026-08-29 20:10:00,RESOLVED,38.8,221.1
119,2050,PRODUCT,MEDIUM,2026-08-18 13:55:00,RESOLVED,24.8,437.0
120,43,PAYMENT,MEDIUM,2026-08-02 15:04:00,RESOLVED,43.3,483.7
121,2250,PRODUCT,LOW,2026-09-01 05:59:00,PENDING,39.7,316.5
122,6048,PAYMENT,MEDIUM,2026-08-04 22:40:00,RESOLVED,31.2,511.5
123,88,REFUND,MEDIUM,2026-08-01 09:00:00,PENDING,58.6,280.8
124,1649,DELIVERY,MEDIUM,2026-08-29 07:38:00,RESOLVED,23.5,120.7
125,5441,REFUND,LOW,2026-08-04 11:34:00,RESOLVED,15.2,285.7
126,5598,REFUND,HIGH,2026-08-22 06:33:00,RESOLVED,32.0,92.2
127,8963,PAYMENT,HIGH,2026-08-14 09:44:00,RESOLVED,11.1,90.8
128,5736,REFUND,HIGH,2026-09-07 17:35:00,RESOLVED,8.3,554.2
129,9259,PRODUCT,HIGH,2026-08-13 08:49:00,RESOLVED,15.3,233.4
130,7239,PAYMENT,MEDIUM,2026-08-05 03:25:00,OPEN,23.7,260.9
131,5505,REFUND,HIGH,2026-08-06 10:25:00,OPEN,12.4,230.7
132,3832,DELIVERY,MEDIUM,2026-09-09 14:05:00,RESOLVED,22.0,108.6
133,1114,DELIVERY,LOW,2026-09-08 11:12:00,RESOLVED,4.6,129.6
134,7052,DELIVERY,LOW,2026-08-06 08:11:00,RESOLVED,31.2,310.4
135,9381,REFUND,LOW,2026-08-14 11:07:00,OPEN,22.8,121.3
136,3660,REFUND,LOW,2026-08-02 06:10:00,OPEN,28.8,121.7
137,3556,DELIVERY,MEDIUM,2026-09-02 20:34:00,RESOLVED,19.3,364.7
138,978,PRODUCT,CRITICAL,2026-09-05 23:01:00,PENDING,8.4,137.5
139,5977,PAYMENT,LOW,2026-08-29 05:56:00,RESOLVED,16.5,73.9
140,3100,ACCOUNT,HIGH,2026-08-21 03:52:00,RESOLVED,65.4,144.5
141,102,ACCOUNT,HIGH,2026-08-15 18:36:00,RESOLVED,8.6,75.2
142,76,DELIVERY,HIGH,2026-08-12 11:12:00,RESOLVED,30.4,194.3
143,3356,PRODUCT,HIGH,2026-08-29 12:23:00,OPEN,48.7,195.3
144,4625,ACCOUNT,CRITICAL,2026-08-23 20:55:00,RESOLVED,6.2,113.9
145,4572,ACCOUNT,LOW,2026-08-19 14:51:00,RESOLVED,44.9,128.0
146,7404,PRODUCT,MEDIUM,2026-08-16 02:25:00,PENDING,36.1,737.7
147,5281,DELIVERY,LOW,2026-08-30 05:08:00,RESOLVED,10.8,99.7
148,7848,ACCOUNT,LOW,2026-09-09 13:04:00,RESOLVED,5.8,262.6
149,2971,ACCOUNT,MEDIUM,2026-08-05 21:29:00,RESOLVED,57.5,392.5
150,2321,PAYMENT,MEDIUM,2026-08-31 23:01:00,RESOLVED,8.8,139.4
151,5396,ACCOUNT,CRITICAL,2026-08-19 03:15:00,RESOLVED,13.7,167.6
152,1057,PAYMENT,LOW,2026-08-27 05:42:00,RESOLVED,77.9,428.4
153,7646,PAYMENT,HIGH,2026-09-01 23:03:00,OPEN,17.0,127.1
154,1855,PRODUCT,LOW,2026-08-13 21:12:00,OPEN,5.2,127.5
155,9151,PRODUCT,MEDIUM,2026-08-09 00:06:00,RESOLVED,4.0,194.6
156,9838,PAYMENT,LOW,2026-08-02 00:48:00,OPEN,20.7,267.4
157,5375,PRODUCT,CRITICAL,2026-09-08 15:04:00,RESOLVED,18.2,337.0
158,3122,ACCOUNT,MEDIUM,2026-09-01 21:28:00,RESOLVED,9.3,254.5
159,3387,PRODUCT,LOW,2026-08-29 18:22:00,RESOLVED,3.9,194.0
160,4293,ACCOUNT,HIGH,2026-08-02 21:53:00,RESOLVED,20.6,380.2
161,4793,PAYMENT,LOW,2026-09-06 21:41:00,PENDING,5.8,83.3
162,757,PAYMENT,HIGH,2026-08-05 12:36:00,PENDING,13.2,167.1
163,1976,PRODUCT,LOW,2026-08-12 14:28:00,RESOLVED,11.5,182.0
164,7894,PAYMENT,LOW,2026-08-24 13:26:00,RESOLVED,10.4,211.1
165,528,DELIVERY,LOW,2026-08-01 11:14:00,RESOLVED,6.5,627.1
166,4485,PAYMENT,MEDIUM,2026-08-31 06:38:00,RESOLVED,6.4,234.3
167,8751,DELIVERY,HIGH,2026-09-07 01:51:00,RESOLVED,31.6,450.5
168,874,PRODUCT,MEDIUM,2026-08-17 08:35:00,PENDING,28.2,241.7
169,9256,PRODUCT,LOW,2026-08-05 20:12:00,RESOLVED,2.3,123.8
170,4730,PRODUCT,MEDIUM,2026-08-24 13:29:00,RESOLVED,43.0,403.0
171,4234,ACCOUNT,MEDIUM,2026-09-01 02:50:00,RESOLVED,9.4,312.0
172,7133,PRODUCT,MEDIUM,2026-09-08 22:41:00,RESOLVED,8.5,252.2
173,7773,REFUND,MEDIUM,2026-08-11 21:00:00,RESOLVED,14.2,325.9
174,4731,DELIVERY,MEDIUM,2026-08-12 06:02:00,RESOLVED,11.8,167.1
175,832,DELIVERY,MEDIUM,2026-08-04 07:36:00,RESOLVED,46.2,380.0
176,9687,ACCOUNT,MEDIUM,2026-08-02 18:12:00,RESOLVED,22.5,140.2
177,89,PRODUCT,LOW,2026-08-30 11:03:00,RESOLVED,10.1,198.2
178,8717,REFUND,HIGH,2026-08-09 20:59:00,RESOLVED,18.2,81.8
179,4341,ACCOUNT,HIGH,2026-08-13 03:45:00,RESOLVED,3.6,297.0
180,5149,REFUND,HIGH,2026-08-18 20:36:00,RESOLVED,17.8,325.2
181,7651,PRODUCT,HIGH,2026-08-04 02:28:00,RESOLVED,5.9,357.5
182,9406,REFUND,MEDIUM,2026-09-01 02:16:00,RESOLVED,39.2,151.1
183,1505,PRODUCT,CRITICAL,2026-08-23 18:19:00,PENDING,25.6,289.3
184,8114,DELIVERY,MEDIUM,2026-08-17 18:29:00,RESOLVED,16.8,563.4
185,6612,PRODUCT,MEDIUM,2026-08-10 07:47:00,OPEN,40.2,427.3
186,3683,PAYMENT,HIGH,2026-08-24 13:21:00,RESOLVED,22.0,256.9
187,4258,PAYMENT,HIGH,2026-08-29 18:34:00,RESOLVED,45.3,99.0
188,7715,DELIVERY,MEDIUM,2026-08-23 15:10:00,RESOLVED,21.3,446.7
189,1401,REFUND,HIGH,2026-08-31 07:25:00,RESOLVED,26.8,281.7
190,5059,DELIVERY,MEDIUM,2026-08-20 12:18:00,OPEN,34.6,389.6
191,7222,PRODUCT,MEDIUM,2026-08-05 21:50:00,RESOLVED,34.5,180.0
192,5392,DELIVERY,HIGH,2026-08-07 08:39:00,RESOLVED,5.2,119.7
193,4479,ACCOUNT,MEDIUM,2026-09-01 19:11:00,PENDING,10.0,491.3
194,5207,DELIVERY,HIGH,2026-08-03 17:17:00,RESOLVED,10.2,308.1
195,5116,PAYMENT,HIGH,2026-08-19 05:10:00,PENDING,23.9,218.3
196,8037,ACCOUNT,LOW,2026-08-09 02:51:00,PENDING,14.2,243.0
197,8210,PAYMENT,HIGH,2026-08-31 06:08:00,RESOLVED,4.0,356.6
198,9186,PAYMENT,LOW,2026-08-11 19:23:00,RESOLVED,9.5,68.7
199,722,ACCOUNT,HIGH,2026-08-31 12:46:00,RESOLVED,8.8,232.0
200,3196,DELIVERY,HIGH,2026-08-08 12:03:00,RESOLVED,62.7,311.7
201,8768,PAYMENT,MEDIUM,2026-08-25 08:01:00,PENDING,53.0,176.9
202,6420,PAYMENT,HIGH,2026-08-08 16:45:00,PENDING,35.3,143.0
203,3769,PRODUCT,MEDIUM,2026-08-19 16:21:00,RESOLVED,16.1,102.3
204,6285,PRODUCT,LOW,2026-08-25 08:03:00,RESOLVED,29.1,475.5
205,4632,PAYMENT,MEDIUM,2026-08-07 03:56:00,RESOLVED,30.8,245.7
206,8875,PAYMENT,MEDIUM,2026-08-19 04:19:00,OPEN,9.9,78.3
207,5582,REFUND,MEDIUM,2026-08-29 12:11:00,PENDING,18.7,225.4
208,4473,REFUND,LOW,2026-08-11 00:11:00,PENDING,10.1,264.6
209,6236,ACCOUNT,MEDIUM,2026-08-03 02:45:00,OPEN,3.8,94.9
210,1902,PRODUCT,HIGH,2026-08-10 10:21:00,OPEN,24.0,494.9
211,7708,PRODUCT,MEDIUM,2026-08-16 19:31:00,RESOLVED,30.3,107.1
212,2031,DELIVERY,HIGH,2026-08-06 17:30:00,RESOLVED,15.9,105.1
213,238,REFUND,MEDIUM,2026-09-02 05:33:00,RESOLVED,45.3,200.3
214,513,REFUND,HIGH,2026-08-28 16:07:00,PENDING,30.5,544.3
215,662,ACCOUNT,HIGH,2026-08-21 06:25:00,OPEN,8.0,333.6
216,1008,ACCOUNT,MEDIUM,2026-08-20 00:53:00,RESOLVED,15.7,109.0
217,507,REFUND,MEDIUM,2026-09-01 19:18:00,RESOLVED,4.9,171.8
218,3013,PAYMENT,CRITICAL,2026-08-27 13:57:00,RESOLVED,38.6,398.1
219,9608,PRODUCT,CRITICAL,2026-08-28 14:11:00,RESOLVED,34.0,342.4
220,1026,DELIVERY,MEDIUM,2026-08-16 03:19:00,RESOLVED,23.5,202.8
221,6762,PAYMENT,HIGH,2026-08-01 05:04:00,PENDING,24.7,319.9
222,8711,REFUND,HIGH,2026-08-04 09:36:00,OPEN,24.3,88.6
223,8093,PAYMENT,LOW,2026-08-30 11:09:00,PENDING,28.4,217.7
224,3621,PRODUCT,MEDIUM,2026-09-02 22:06:00,RESOLVED,29.0,501.9
225,528,PRODUCT,HIGH,2026-08-04 17:38:00,OPEN,9.9,187.3
226,3685,DELIVERY,LOW,2026-08-02 15:54:00,RESOLVED,5.0,203.7
227,6016,REFUND,HIGH,2026-08-10 09:28:00,RESOLVED,34.3,413.0
228,7576,REFUND,LOW,2026-08-15 16:47:00,OPEN,40.6,220.6
229,1419,PRODUCT,MEDIUM,2026-08-08 06:38:00,RESOLVED,40.9,158.6
230,3014,REFUND,MEDIUM,2026-08-24 09:43:00,RESOLVED,50.5,100.9
231,6015,PAYMENT,MEDIUM,2026-09-05 15:49:00,RESOLVED,49.0,799.8
232,7152,REFUND,LOW,2026-08-27 13:54:00,RESOLVED,33.0,535.1
233,3110,REFUND,MEDIUM,2026-08-14 07:09:00,PENDING,11.7,450.8
234,8225,PAYMENT,LOW,2026-08-20 06:28:00,RESOLVED,4.8,151.9
235,8019,REFUND,LOW,2026-09-07 20:02:00,RESOLVED,14.0,563.4
236,3602,DELIVERY,HIGH,2026-09-01 22:56:00,PENDING,3.1,472.3
237,5361,DELIVERY,LOW,2026-08-07 04:24:00,RESOLVED,41.3,141.1
238,4779,PAYMENT,LOW,2026-08-20 04:24:00,RESOLVED,5.7,477.8
239,6689,DELIVERY,LOW,2026-08-04 07:23:00,RESOLVED,21.2,76.2
240,3223,DELIVERY,MEDIUM,2026-09-03 10:23:00,RESOLVED,20.1,157.5
241,3296,ACCOUNT,LOW,2026-08-28 18:38:00,RESOLVED,41.2,710.6
242,4232,ACCOUNT,MEDIUM,2026-08-10 20:58:00,RESOLVED,27.9,193.6
243,2159,PAYMENT,MEDIUM,2026-08-30 20:19:00,RESOLVED,12.4,355.5
244,5808,PRODUCT,LOW,2026-08-19 21:38:00,RESOLVED,21.8,141.6
245,9581,DELIVERY,LOW,2026-09-01 20:20:00,RESOLVED,20.8,190.2
246,3497,DELIVERY,MEDIUM,2026-08-02 05:41:00,OPEN,8.1,113.6
247,8610,DELIVERY,HIGH,2026-08-18 04:00:00,RESOLVED,17.2,354.5
248,4642,DELIVERY,LOW,2026-08-24 03:02:00,OPEN,37.2,292.7
249,1658,DELIVERY,MEDIUM,2026-08-05 04:25:00,PENDING,22.9,170.3
250,4963,PRODUCT,CRITICAL,2026-08-17 02:27:00,RESOLVED,16.4,331.0
251,4995,PRODUCT,LOW,2026-08-30 13:16:00,OPEN,23.6,157.0
252,246,PRODUCT,LOW,2026-08-28 05:56:00,RESOLVED,6.1,226.5
253,4794,REFUND,HIGH,2026-08-05 05:21:00,RESOLVED,40.8,189.7
254,1637,REFUND,HIGH,2026-08-30 16:38:00,OPEN,62.1,303.5
255,7945,REFUND,LOW,2026-08-30 00:30:00,OPEN,3.2,167.0
256,5414,DELIVERY,MEDIUM,2026-08-18 07:41:00,RESOLVED,1.5,188.9
257,3042,PAYMENT,MEDIUM,2026-09-02 18:36:00,OPEN,21.6,99.5
258,27,PAYMENT,MEDIUM,2026-08-25 08:05:00,RESOLVED,4.5,213.3
259,5710,REFUND,MEDIUM,2026-09-09 23:32:00,RESOLVED,21.2,237.6
260,7042,REFUND,MEDIUM,2026-08-30 06:45:00,RESOLVED,23.8,576.7
261,4241,PAYMENT,HIGH,2026-09-09 22:30:00,OPEN,30.2,146.0
262,9055,DELIVERY,MEDIUM,2026-09-03 11:18:00,RESOLVED,21.0,299.2
263,1963,PAYMENT,MEDIUM,2026-08-14 09:45:00,RESOLVED,0.7,507.6
264,7546,REFUND,MEDIUM,2026-08-05 04:55:00,RESOLVED,51.5,158.7
265,4957,PRODUCT,LOW,2026-08-26 04:54:00,RESOLVED,28.8,718.9
266,3142,PRODUCT,MEDIUM,2026-08-22 21:59:00,RESOLVED,11.7,118.3
267,2882,REFUND,LOW,2026-09-09 10:30:00,RESOLVED,13.7,180.2
268,4499,REFUND,MEDIUM,2026-09-06 23:49:00,RESOLVED,13.2,212.0
269,806,PAYMENT,MEDIUM,2026-08-01 03:31:00,RESOLVED,8.1,231.8
270,6508,DELIVERY,HIGH,2026-08-12 08:40:00,RESOLVED,21.0,187.2
271,4089,DELIVERY,HIGH,2026-08-21 12:28:00,RESOLVED,13.8,254.6
272,6805,DELIVERY,MEDIUM,2026-08-26 03:27:00,RESOLVED,33.4,202.6
273,5153,REFUND,MEDIUM,2026-08-16 22:25:00,OPEN,24.1,139.8
274,9775,PAYMENT,LOW,2026-08-12 07:01:00,RESOLVED,73.6,633.4
275,827,REFUND,MEDIUM,2026-08-19 02:06:00,RESOLVED,10.2,239.9
276,4930,PAYMENT,LOW,2026-09-02 03:41:00,RESOLVED,37.0,135.6
277,5363,PRODUCT,LOW,2026-09-07 15:13:00,RESOLVED,11.5,84.9
278,2496,PRODUCT,HIGH,2026-08-30 17:38:00,OPEN,15.4,170.5
279,6724,PAYMENT,CRITICAL,2026-08-07 12:02:00,RESOLVED,6.2,228.2
280,3622,PAYMENT,MEDIUM,2026-09-07 23:31:00,RESOLVED,16.4,407.1
281,7636,PAYMENT,LOW,2026-08-22 06:00:00,RESOLVED,8.7,116.8
282,9225,PAYMENT,LOW,2026-08-28 23:00:00,PENDING,85.9,321.5
283,8537,PRODUCT,LOW,2026-08-28 02:41:00,PENDING,24.7,259.4
284,6328,PAYMENT,HIGH,2026-08-20 13:33:00,RESOLVED,29.2,151.8
285,7180,REFUND,MEDIUM,2026-08-22 03:26:00,RESOLVED,14.3,66.7
286,8643,ACCOUNT,HIGH,2026-08-22 15:28:00,PENDING,67.2,317.7
287,9807,ACCOUNT,MEDIUM,2026-08-06 05:56:00,OPEN,39.8,216.7
288,7241,ACCOUNT,MEDIUM,2026-09-01 04:14:00,PENDING,26.8,307.2
289,9130,ACCOUNT,MEDIUM,2026-08-13 12:19:00,RESOLVED,14.2,156.2
290,9655,REFUND,LOW,2026-08-30 12:22:00,RESOLVED,56.4,125.1
291,1759,ACCOUNT,MEDIUM,2026-08-02 01:16:00,OPEN,24.9,460.4
292,5013,PRODUCT,HIGH,2026-08-05 17:05:00,RESOLVED,25.9,431.5
293,3575,ACCOUNT,LOW,2026-08-11 15:42:00,RESOLVED,30.9,349.2
294,9500,DELIVERY,LOW,2026-08-12 23:09:00,PENDING,49.4,174.3
295,7441,DELIVERY,MEDIUM,2026-08-05 03:36:00,PENDING,48.1,274.6
296,8859,DELIVERY,CRITICAL,2026-08-28 07:11:00,OPEN,10.4,131.1
297,3496,ACCOUNT,CRITICAL,2026-08-03 15:29:00,RESOLVED,24.3,436.5
298,8431,REFUND,LOW,2026-08-05 00:50:00,RESOLVED,21.2,1000.8
299,813,DELIVERY,HIGH,2026-08-25 14:24:00,PENDING,24.9,357.4
300,9391,PRODUCT,HIGH,2026-08-27 09:28:00,RESOLVED,44.4,328.8
301,2300,PRODUCT,HIGH,2026-08-27 04:35:00,RESOLVED,54.0,490.2
302,5256,ACCOUNT,LOW,2026-09-04 12:54:00,RESOLVED,10.7,158.2
303,7164,PAYMENT,CRITICAL,2026-09-01 13:07:00,RESOLVED,13.3,517.6
304,7429,PRODUCT,HIGH,2026-08-15 17:01:00,RESOLVED,16.3,237.0
305,2123,PRODUCT,MEDIUM,2026-08-26 17:23:00,RESOLVED,45.2,147.8
306,5554,PRODUCT,LOW,2026-08-09 17:16:00,OPEN,41.9,93.2
307,5306,PAYMENT,LOW,2026-09-02 22:05:00,PENDING,1.1,286.5
308,7763,DELIVERY,LOW,2026-09-04 03:51:00,RESOLVED,27.0,590.2
309,3209,DELIVERY,HIGH,2026-08-23 06:03:00,PENDING,5.6,218.5
310,7638,ACCOUNT,HIGH,2026-08-20 06:16:00,RESOLVED,16.9,178.9
311,6163,DELIVERY,HIGH,2026-08-25 20:18:00,RESOLVED,3.5,166.9
312,7585,DELIVERY,MEDIUM,2026-09-03 06:57:00,RESOLVED,20.1,106.8
313,8753,ACCOUNT,HIGH,2026-09-06 12:08:00,RESOLVED,20.6,435.4
314,4285,ACCOUNT,HIGH,2026-08-04 02:58:00,PENDING,10.3,199.6
315,4322,PAYMENT,LOW,2026-08-25 01:29:00,RESOLVED,19.7,383.4
316,7963,DELIVERY,LOW,2026-08-09 11:18:00,RESOLVED,16.2,309.6
317,7819,PAYMENT,HIGH,2026-08-03 11:39:00,RESOLVED,23.8,183.4
318,8765,DELIVERY,MEDIUM,2026-08-01 00:59:00,RESOLVED,2.3,236.2
319,5505,REFUND,LOW,2026-08-04 19:31:00,OPEN,8.4,119.6
320,6363,PAYMENT,HIGH,2026-08-18 22:13:00,RESOLVED,27.3,277.8
321,592,ACCOUNT,LOW,2026-09-04 06:15:00,PENDING,12.6,369.8
322,4547,DELIVERY,MEDIUM,2026-09-05 06:48:00,RESOLVED,7.2,130.6
323,2463,PRODUCT,HIGH,2026-09-01 04:51:00,PENDING,8.9,379.4
324,8533,DELIVERY,LOW,2026-08-26 19:27:00,PENDING,60.2,236.7
325,1225,PAYMENT,LOW,2026-08-25 09:42:00,RESOLVED,4.6,424.6
326,7785,PRODUCT,MEDIUM,2026-08-01 17:07:00,RESOLVED,10.2,153.6
327,8369,DELIVERY,MEDIUM,2026-09-02 21:21:00,OPEN,22.0,162.6
328,4697,PRODUCT,LOW,2026-08-01 23:45:00,PENDING,21.1,165.4
329,6682,ACCOUNT,MEDIUM,2026-09-01 12:58:00,RESOLVED,18.9,103.5
330,5799,REFUND,MEDIUM,2026-08-29 19:30:00,OPEN,10.8,94.8
331,6892,PRODUCT,HIGH,2026-08-11 14:09:00,RESOLVED,13.5,63.7
332,6859,PAYMENT,MEDIUM,2026-08-04 17:05:00,RESOLVED,16.3,236.8
333,2531,ACCOUNT,LOW,2026-09-05 05:36:00,OPEN,5.7,130.6
334,6884,PAYMENT,LOW,2026-08-09 19:26:00,PENDING,56.7,150.5
335,9018,ACCOUNT,LOW,2026-08-22 07:01:00,RESOLVED,11.7,216.0
336,3111,DELIVERY,LOW,2026-08-28 22:29:00,RESOLVED,35.5,161.1
337,3066,REFUND,LOW,2026-08-19 12:01:00,RESOLVED,22.5,293.4
338,2927,PAYMENT,HIGH,2026-08-10 22:52:00,RESOLVED,26.7,490.2
339,9118,ACCOUNT,HIGH,2026-08-20 15:22:00,RESOLVED,25.6,107.7
340,8874,PRODUCT,LOW,2026-08-20 14:35:00,RESOLVED,7.2,213.1
341,3478,REFUND,HIGH,2026-08-18 17:13:00,PENDING,43.7,523.6
342,9371,ACCOUNT,MEDIUM,2026-08-16 19:29:00,PENDING,3.9,232.1
343,7615,PRODUCT,MEDIUM,2026-08-03 02:32:00,RESOLVED,10.1,225.6
344,4021,PAYMENT,HIGH,2026-08-14 18:01:00,PENDING,21.4,369.8
345,8252,REFUND,LOW,2026-08-15 15:02:00,RESOLVED,15.8,127.0
346,9134,PRODUCT,MEDIUM,2026-08-11 02:29:00,RESOLVED,10.6,417.0
347,8686,ACCOUNT,LOW,2026-08-05 08:39:00,OPEN,41.1,114.6
348,4707,PAYMENT,HIGH,2026-08-17 07:12:00,RESOLVED,28.6,186.9
349,2167,ACCOUNT,LOW,2026-09-06 22:14:00,RESOLVED,24.2,173.4
350,1673,PRODUCT,MEDIUM,2026-08-08 07:28:00,RESOLVED,17.1,197.7
351,8274,DELIVERY,LOW,2026-08-28 18:50:00,RESOLVED,28.4,312.1
352,7329,PRODUCT,MEDIUM,2026-09-08 04:29:00,RESOLVED,35.6,92.7
353,7089,PAYMENT,MEDIUM,2026-09-08 11:13:00,OPEN,12.6,158.6
354,459,PAYMENT,HIGH,2026-08-13 15:45:00,RESOLVED,6.7,253.5
355,9654,PRODUCT,LOW,2026-08-06 11:20:00,RESOLVED,5.6,359.2
356,1140,DELIVERY,LOW,2026-08-30 03:48:00,RESOLVED,46.1,350.9
357,5806,ACCOUNT,LOW,2026-08-13 04:11:00,RESOLVED,7.9,158.0
358,9411,ACCOUNT,LOW,2026-08-12 16:56:00,RESOLVED,8.0,309.0
359,2421,ACCOUNT,LOW,2026-08-29 22:08:00,RESOLVED,35.0,121.8
360,5177,PRODUCT,MEDIUM,2026-08-11 11:42:00,RESOLVED,20.9,413.9
361,8402,REFUND,MEDIUM,2026-08-21 17:57:00,RESOLVED,59.6,399.6
362,2664,PRODUCT,CRITICAL,2026-08-20 07:24:00,RESOLVED,14.7,174.1
363,1018,REFUND,MEDIUM,2026-09-03 18:30:00,RESOLVED,20.8,287.8
364,4805,PAYMENT,LOW,2026-08-30 07:12:00,OPEN,16.9,115.3
365,7951,ACCOUNT,HIGH,2026-08-15 17:32:00,PENDING,45.5,433.1
366,5782,DELIVERY,LOW,2026-08-01 03:45:00,RESOLVED,19.4,91.4
367,4427,PAYMENT,HIGH,2026-08-10 23:14:00,OPEN,16.8,220.0
368,6390,PAYMENT,MEDIUM,2026-08-07 20:15:00,RESOLVED,18.1,215.1
369,518,ACCOUNT,LOW,2026-09-01 09:44:00,PENDING,1.2,468.6
370,3483,PAYMENT,CRITICAL,2026-08-31 23:20:00,RESOLVED,3.9,153.3
371,8780,REFUND,MEDIUM,2026-08-02 15:37:00,RESOLVED,9.4,133.9
372,3875,REFUND,HIGH,2026-08-15 02:50:00,RESOLVED,22.2,426.4
373,9652,REFUND,MEDIUM,2026-08-06 23:35:00,RESOLVED,29.1,224.8
374,5498,DELIVERY,MEDIUM,2026-09-04 05:10:00,RESOLVED,31.1,485.2
375,9339,PRODUCT,MEDIUM,2026-08-29 21:15:00,PENDING,28.7,256.8
376,6267,PRODUCT,MEDIUM,2026-08-06 07:54:00,RESOLVED,26.1,209.6
377,4189,DELIVERY,HIGH,2026-08-28 18:02:00,RESOLVED,17.5,332.9
378,9214,PAYMENT,LOW,2026-09-02 12:28:00,RESOLVED,29.2,426.4
379,2700,PRODUCT,MEDIUM,2026-08-03 14:40:00,RESOLVED,17.3,293.4
380,3923,PRODUCT,LOW,2026-08-25 21:13:00,RESOLVED,54.3,382.4
381,7225,DELIVERY,MEDIUM,2026-08-22 01:17:00,RESOLVED,19.9,296.8
382,8747,DELIVERY,LOW,2026-08-07 17:44:00,RESOLVED,9.2,206.3
383,1933,DELIVERY,LOW,2026-09-06 19:07:00,PENDING,96.7,204.2
384,9933,PAYMENT,MEDIUM,2026-08-01 11:51:00,RESOLVED,2.2,94.5
385,4307,ACCOUNT,MEDIUM,2026-08-20 15:52:00,RESOLVED,14.1,260.1
386,3391,DELIVERY,HIGH,2026-09-05 06:08:00,RESOLVED,20.5,567.2
387,1286,PRODUCT,LOW,2026-08-13 10:56:00,RESOLVED,20.9,260.3
388,273,PRODUCT,MEDIUM,2026-08-12 13:19:00,PENDING,11.7,103.8
389,5574,ACCOUNT,LOW,2026-08-30 02:23:00,PENDING,12.7,242.7
390,6044,PAYMENT,MEDIUM,2026-08-10 15:42:00,OPEN,26.5,300.3
391,939,ACCOUNT,MEDIUM,2026-08-21 03:13:00,RESOLVED,3.6,231.9
392,9037,PAYMENT,LOW,2026-08-08 08:29:00,RESOLVED,23.5,142.1
393,5439,REFUND,MEDIUM,2026-08-03 17:18:00,RESOLVED,47.8,233.0
394,534,ACCOUNT,LOW,2026-08-15 04:48:00,RESOLVED,16.9,355.2
395,8414,PAYMENT,LOW,2026-08-06 16:07:00,RESOLVED,36.3,117.0
396,1972,REFUND,HIGH,2026-08-21 22:54:00,RESOLVED,23.2,100.4
397,6729,PRODUCT,HIGH,2026-08-20 15:28:00,RESOLVED,5.7,79.1
398,6762,PAYMENT,MEDIUM,2026-08-20 02:34:00,OPEN,2.3,358.3
399,8104,PRODUCT,LOW,2026-09-08 17:12:00,OPEN,19.5,237.5
400,8097,PRODUCT,LOW,2026-09-04 01:10:00,RESOLVED,5.4,128.1
401,9857,DELIVERY,LOW,2026-08-18 08:19:00,RESOLVED,35.5,218.4
402,867,PAYMENT,MEDIUM,2026-08-08 21:26:00,RESOLVED,22.1,98.5
403,3650,ACCOUNT,HIGH,2026-08-09 06:10:00,RESOLVED,54.2,291.5
404,3638,PRODUCT,MEDIUM,2026-08-30 20:40:00,OPEN,9.7,745.5
405,3763,PRODUCT,MEDIUM,2026-09-03 17:51:00,RESOLVED,7.5,121.0
406,2388,ACCOUNT,LOW,2026-09-06 08:50:00,RESOLVED,28.6,293.6
407,2339,REFUND,MEDIUM,2026-09-07 01:33:00,RESOLVED,42.8,574.0
408,9649,PRODUCT,LOW,2026-08-02 11:23:00,OPEN,39.2,409.5
409,8989,DELIVERY,MEDIUM,2026-09-03 05:04:00,RESOLVED,50.9,229.3
410,6825,DELIVERY,MEDIUM,2026-08-31 01:09:00,OPEN,29.2,151.0
411,5550,PRODUCT,LOW,2026-08-07 15:22:00,RESOLVED,15.5,590.8
412,4757,REFUND,HIGH,2026-08-11 23:30:00,PENDING,14.8,293.8
413,6821,PRODUCT,HIGH,2026-09-08 19:08:00,RESOLVED,41.9,104.4
414,8624,ACCOUNT,MEDIUM,2026-08-18 21:47:00,RESOLVED,43.2,323.4
415,4263,ACCOUNT,LOW,2026-08-28 19:41:00,PENDING,38.3,143.0
416,5377,DELIVERY,LOW,2026-08-03 10:37:00,RESOLVED,16.5,394.9
417,9122,REFUND,LOW,2026-08-26 14:34:00,RESOLVED,32.1,146.9
418,9114,PAYMENT,MEDIUM,2026-08-12 18:34:00,RESOLVED,29.2,310.9
419,2300,DELIVERY,LOW,2026-09-01 00:19:00,RESOLVED,28.8,284.6
420,2389,ACCOUNT,HIGH,2026-08-05 11:36:00,RESOLVED,27.8,102.5
421,2043,ACCOUNT,MEDIUM,2026-09-09 18:29:00,OPEN,20.1,393.6
422,274,PRODUCT,MEDIUM,2026-08-10 07:32:00,RESOLVED,13.3,614.7
423,6945,REFUND,HIGH,2026-08-17 07:52:00,RESOLVED,6.7,280.2
424,4288,DELIVERY,MEDIUM,2026-08-02 07:28:00,PENDING,99.4,198.3
425,318,ACCOUNT,MEDIUM,2026-08-04 20:35:00,RESOLVED,12.9,48.0
426,2043,PRODUCT,CRITICAL,2026-09-07 13:19:00,PENDING,29.6,190.0
427,5322,ACCOUNT,MEDIUM,2026-08-29 01:39:00,RESOLVED,7.8,305.7
428,8358,REFUND,MEDIUM,2026-09-05 19:30:00,RESOLVED,22.5,117.4
429,6630,DELIVERY,MEDIUM,2026-09-03 19:26:00,OPEN,24.7,121.3
430,5330,ACCOUNT,MEDIUM,2026-08-27 00:57:00,OPEN,3.4,255.4
431,1865,DELIVERY,HIGH,2026-08-26 20:32:00,RESOLVED,3.4,553.2
432,2887,PAYMENT,MEDIUM,2026-08-14 00:11:00,RESOLVED,28.4,183.1
433,7820,PAYMENT,LOW,2026-08-29 00:30:00,RESOLVED,16.0,176.6
434,7736,PAYMENT,HIGH,2026-09-07 17:34:00,RESOLVED,5.3,341.1
435,8682,PAYMENT,MEDIUM,2026-08-10 08:12:00,RESOLVED,3.3,377.0
436,5269,DELIVERY,HIGH,2026-09-08 20:56:00,RESOLVED,20.7,209.1
437,2731,PRODUCT,LOW,2026-08-21 22:05:00,RESOLVED,46.8,474.6
438,5028,REFUND,MEDIUM,2026-09-01 18:44:00,RESOLVED,26.0,320.4
439,8963,DELIVERY,HIGH,2026-08-15 04:40:00,PENDING,24.7,143.3
440,1808,PAYMENT,MEDIUM,2026-08-28 06:20:00,PENDING,24.5,274.4
441,8470,REFUND,LOW,2026-08-23 06:17:00,PENDING,6.4,172.7
442,9953,PRODUCT,MEDIUM,2026-08-14 03:38:00,RESOLVED,1.0,326.6
443,8199,REFUND,LOW,2026-08-02 01:59:00,PENDING,11.2,115.9
444,6591,PAYMENT,MEDIUM,2026-09-05 07:57:00,PENDING,6.9,107.4
445,4092,PAYMENT,LOW,2026-08-28 17:54:00,RESOLVED,7.4,286.6
446,8549,ACCOUNT,LOW,2026-08-20 23:55:00,RESOLVED,33.7,315.7
447,1609,DELIVERY,LOW,2026-08-22 22:21:00,RESOLVED,42.0,273.5
448,7598,DELIVERY,MEDIUM,2026-08-26 07:03:00,RESOLVED,2.5,164.6
449,4017,ACCOUNT,MEDIUM,2026-08-02 00:57:00,RESOLVED,2.1,186.3
450,5030,REFUND,LOW,2026-08-07 22:18:00,RESOLVED,34.8,191.7
451,4632,PRODUCT,MEDIUM,2026-09-09 14:20:00,RESOLVED,28.8,406.3
452,98,PAYMENT,MEDIUM,2026-08-01 20:34:00,PENDING,17.6,239.5
453,9867,PRODUCT,CRITICAL,2026-08-05 09:35:00,RESOLVED,73.4,237.9
454,6667,PRODUCT,HIGH,2026-09-09 12:00:00,RESOLVED,41.7,217.6
455,6001,REFUND,HIGH,2026-09-01 09:24:00,RESOLVED,30.9,322.7
456,1008,PAYMENT,HIGH,2026-08-25 20:37:00,RESOLVED,18.0,365.8
457,7789,REFUND,MEDIUM,2026-09-06 17:22:00,RESOLVED,5.6,499.1
458,9615,REFUND,LOW,2026-08-28 09:53:00,RESOLVED,45.0,439.0
459,8147,PAYMENT,HIGH,2026-08-04 12:36:00,RESOLVED,7.3,91.0
460,2493,DELIVERY,HIGH,2026-08-03 00:22:00,PENDING,26.4,353.8
461,1815,DELIVERY,LOW,2026-09-05 02:33:00,RESOLVED,53.4,210.7
462,3674,PRODUCT,LOW,2026-08-17 20:37:00,RESOLVED,7.6,228.9
463,227,DELIVERY,MEDIUM,2026-08-15 02:58:00,PENDING,15.3,78.1
464,5516,ACCOUNT,LOW,2026-08-12 08:53:00,OPEN,12.4,138.7
465,4583,PRODUCT,CRITICAL,2026-09-01 23:11:00,RESOLVED,18.2,282.8
466,5027,ACCOUNT,LOW,2026-09-03 10:13:00,RESOLVED,38.9,451.1
467,9900,PAYMENT,LOW,2026-08-25 20:21:00,PENDING,6.6,243.8
468,6552,PRODUCT,LOW,2026-08-20 10:06:00,RESOLVED,13.5,126.7
469,4169,DELIVERY,MEDIUM,2026-08-24 16:07:00,RESOLVED,3.8,200.6
470,7835,PRODUCT,MEDIUM,2026-08-16 09:08:00,RESOLVED,24.2,306.9
471,3698,REFUND,MEDIUM,2026-08-15 14:33:00,RESOLVED,12.8,451.6
472,7577,PRODUCT,LOW,2026-08-06 21:56:00,RESOLVED,2.6,168.4
473,9328,REFUND,HIGH,2026-08-19 16:37:00,RESOLVED,23.6,337.9
474,9081,PRODUCT,MEDIUM,2026-08-16 08:12:00,PENDING,29.6,592.5
475,5189,ACCOUNT,LOW,2026-08-12 07:29:00,OPEN,13.7,70.2
476,4700,DELIVERY,LOW,2026-08-15 11:35:00,OPEN,35.1,267.1
477,3976,DELIVERY,MEDIUM,2026-08-29 01:26:00,OPEN,13.8,209.8
478,5342,REFUND,MEDIUM,2026-09-01 11:31:00,RESOLVED,10.7,268.9
479,9363,PAYMENT,MEDIUM,2026-09-02 04:15:00,PENDING,6.1,119.1
480,8741,ACCOUNT,LOW,2026-09-03 21:37:00,RESOLVED,107.1,526.6
481,6065,PAYMENT,HIGH,2026-09-09 08:11:00,RESOLVED,26.8,206.8
482,2824,ACCOUNT,LOW,2026-08-16 04:04:00,OPEN,23.2,330.4
483,3766,PRODUCT,LOW,2026-09-05 18:31:00,RESOLVED,20.0,349.0
484,2460,PRODUCT,MEDIUM,2026-08-17 09:52:00,PENDING,35.1,422.6
485,1866,ACCOUNT,MEDIUM,2026-09-03 02:50:00,RESOLVED,47.1,181.8
486,92,REFUND,CRITICAL,2026-09-09 00:12:00,OPEN,22.9,255.6
487,7739,PRODUCT,MEDIUM,2026-09-01 08:23:00,RESOLVED,36.3,260.9
488,7385,PRODUCT,LOW,2026-08-16 03:04:00,RESOLVED,42.1,308.8
489,1791,ACCOUNT,CRITICAL,2026-08-16 01:34:00,RESOLVED,44.9,122.0
490,6876,REFUND,MEDIUM,2026-08-26 03:28:00,OPEN,17.3,242.0
491,1654,PRODUCT,MEDIUM,2026-09-09 22:37:00,RESOLVED,14.3,200.9
492,2768,REFUND,LOW,2026-08-06 09:24:00,RESOLVED,17.6,86.8
493,2586,ACCOUNT,LOW,2026-08-11 07:13:00,RESOLVED,21.4,1107.4
494,1300,PAYMENT,CRITICAL,2026-08-18 03:43:00,RESOLVED,25.9,261.5
495,7291,ACCOUNT,CRITICAL,2026-09-02 07:27:00,RESOLVED,2.9,482.4
496,426,PAYMENT,CRITICAL,2026-08-10 15:56:00,RESOLVED,35.5,85.0
497,4054,DELIVERY,HIGH,2026-08-19 03:06:00,RESOLVED,9.1,231.6
498,4879,REFUND,MEDIUM,2026-08-10 17:11:00,RESOLVED,42.0,252.8
499,5772,PRODUCT,MEDIUM,2026-08-29 07:27:00,RESOLVED,8.4,346.0
500,1935,PRODUCT,LOW,2026-08-10 08:42:00,RESOLVED,20.4,266.5
501,4715,PAYMENT,HIGH,2026-08-04 20:30:00,RESOLVED,15.2,702.6
502,7934,PRODUCT,MEDIUM,2026-08-19 23:42:00,RESOLVED,2.6,380.5
503,3744,PAYMENT,MEDIUM,2026-08-01 01:19:00,RESOLVED,9.6,245.2
504,9501,DELIVERY,MEDIUM,2026-08-12 18:22:00,RESOLVED,50.7,398.5
505,4298,DELIVERY,LOW,2026-09-08 15:54:00,OPEN,10.5,217.0
506,7769,REFUND,HIGH,2026-09-02 16:07:00,RESOLVED,9.9,252.8
507,1142,DELIVERY,CRITICAL,2026-08-26 02:53:00,RESOLVED,50.8,363.9
508,8516,PRODUCT,MEDIUM,2026-08-18 22:46:00,RESOLVED,26.6,177.3
509,4798,ACCOUNT,LOW,2026-09-02 08:41:00,RESOLVED,9.3,148.4
510,9908,ACCOUNT,HIGH,2026-08-03 04:39:00,RESOLVED,16.8,114.5
511,7007,PAYMENT,MEDIUM,2026-08-18 09:15:00,PENDING,67.5,449.0
512,7409,ACCOUNT,MEDIUM,2026-08-18 13:06:00,RESOLVED,44.8,235.3
513,1485,PRODUCT,HIGH,2026-08-01 16:05:00,OPEN,10.6,280.3
514,5674,DELIVERY,MEDIUM,2026-08-04 23:14:00,PENDING,20.6,315.0
515,7381,PAYMENT,MEDIUM,2026-08-18 06:11:00,RESOLVED,16.3,114.7
516,8101,PAYMENT,MEDIUM,2026-08-06 21:15:00,RESOLVED,16.6,159.7
517,3764,PAYMENT,MEDIUM,2026-09-09 13:52:00,RESOLVED,19.2,160.1
518,5639,ACCOUNT,LOW,2026-08-06 09:53:00,OPEN,4.1,234.1
519,1734,ACCOUNT,LOW,2026-08-02 04:02:00,PENDING,7.6,320.8
520,4326,REFUND,MEDIUM,2026-09-01 17:05:00,RESOLVED,38.1,395.9
521,4760,DELIVERY,LOW,2026-08-17 05:14:00,PENDING,40.3,368.1
522,326,PRODUCT,HIGH,2026-08-18 04:21:00,PENDING,19.6,388.4
523,9167,DELIVERY,MEDIUM,2026-08-11 15:08:00,RESOLVED,14.8,512.6
524,6430,PAYMENT,MEDIUM,2026-08-01 00:56:00,RESOLVED,15.6,90.1
525,1831,ACCOUNT,LOW,2026-08-29 16:52:00,OPEN,50.0,181.6
526,8976,PRODUCT,MEDIUM,2026-08-21 11:14:00,RESOLVED,54.6,269.3
527,6915,ACCOUNT,MEDIUM,2026-08-16 20:43:00,RESOLVED,44.9,224.1
528,6932,DELIVERY,HIGH,2026-08-09 01:11:00,OPEN,21.6,259.9
529,9330,PRODUCT,LOW,2026-08-06 10:02:00,PENDING,14.7,406.3
530,4042,REFUND,MEDIUM,2026-08-29 16:38:00,PENDING,29.9,112.7
531,3552,DELIVERY,HIGH,2026-08-03 16:26:00,RESOLVED,13.0,565.3
532,6169,REFUND,MEDIUM,2026-09-07 15:57:00,RESOLVED,20.2,240.2
533,8886,ACCOUNT,HIGH,2026-08-22 10:38:00,RESOLVED,19.7,245.0
534,8130,PAYMENT,HIGH,2026-08-07 19:31:00,RESOLVED,18.0,246.6
535,7867,ACCOUNT,MEDIUM,2026-09-05 09:32:00,RESOLVED,10.8,225.2
536,7643,DELIVERY,MEDIUM,2026-08-12 01:24:00,PENDING,23.4,312.8
537,350,PRODUCT,MEDIUM,2026-08-12 23:00:00,RESOLVED,13.3,233.0
538,4912,PAYMENT,LOW,2026-08-29 11:47:00,RESOLVED,2.7,730.5
539,3558,REFUND,LOW,2026-08-05 20:19:00,RESOLVED,4.3,29.2
540,3617,PAYMENT,MEDIUM,2026-08-26 07:04:00,PENDING,15.9,107.3
541,8560,PRODUCT,HIGH,2026-08-11 23:17:00,RESOLVED,7.7,192.6
542,3969,DELIVERY,MEDIUM,2026-09-03 03:11:00,RESOLVED,16.0,578.5
543,8369,PRODUCT,MEDIUM,2026-08-19 14:27:00,PENDING,39.3,426.0
544,9080,REFUND,HIGH,2026-08-26 23:13:00,RESOLVED,13.8,227.4
545,4552,ACCOUNT,MEDIUM,2026-08-19 11:04:00,RESOLVED,25.6,118.5
546,1699,DELIVERY,LOW,2026-08-08 15:19:00,RESOLVED,42.0,466.0
547,6985,REFUND,LOW,2026-08-13 20:43:00,RESOLVED,38.8,187.3
548,8630,ACCOUNT,HIGH,2026-09-03 09:56:00,RESOLVED,23.2,61.8
549,4061,REFUND,MEDIUM,2026-08-21 09:33:00,RESOLVED,41.2,521.3
550,1953,DELIVERY,MEDIUM,2026-08-07 10:22:00,OPEN,6.9,156.9
551,5206,PAYMENT,MEDIUM,2026-08-03 16:46:00,RESOLVED,11.1,418.4
552,9809,PRODUCT,MEDIUM,2026-08-04 08:28:00,OPEN,66.0,214.3
553,5171,PAYMENT,MEDIUM,2026-09-02 14:20:00,RESOLVED,23.2,262.7
554,4484,PAYMENT,MEDIUM,2026-09-07 13:55:00,RESOLVED,26.5,130.0
555,4400,DELIVERY,LOW,2026-08-21 02:52:00,OPEN,16.0,147.7
556,7335,REFUND,LOW,2026-08-24 08:26:00,RESOLVED,14.4,214.9
557,3410,DELIVERY,MEDIUM,2026-08-21 17:51:00,RESOLVED,11.3,248.4
558,7294,ACCOUNT,LOW,2026-08-14 05:54:00,RESOLVED,28.3,338.1
559,9866,REFUND,HIGH,2026-08-31 17:15:00,RESOLVED,27.3,76.7
560,7726,PRODUCT,LOW,2026-08-11 06:07:00,PENDING,29.7,317.2
561,9287,REFUND,MEDIUM,2026-08-30 08:49:00,PENDING,22.0,254.2
562,7894,PRODUCT,MEDIUM,2026-08-04 09:18:00,OPEN,8.2,578.1
563,8437,DELIVERY,MEDIUM,2026-08-24 04:00:00,RESOLVED,9.4,270.5
564,391,DELIVERY,LOW,2026-08-23 09:33:00,RESOLVED,12.8,62.5
565,3530,REFUND,HIGH,2026-08-06 06:51:00,RESOLVED,40.4,161.0
566,2734,REFUND,MEDIUM,2026-09-04 19:29:00,RESOLVED,24.4,304.4
567,8633,REFUND,LOW,2026-08-08 12:41:00,RESOLVED,34.3,227.7
568,2298,REFUND,LOW,2026-08-28 04:43:00,RESOLVED,17.6,90.2
569,9678,PRODUCT,HIGH,2026-08-20 01:41:00,RESOLVED,28.0,249.1
570,6986,PAYMENT,MEDIUM,2026-08-31 11:32:00,OPEN,5.2,132.9
571,1240,DELIVERY,MEDIUM,2026-08-18 09:27:00,RESOLVED,13.6,230.2
572,6834,ACCOUNT,LOW,2026-08-24 22:29:00,RESOLVED,10.8,176.7
573,3427,PRODUCT,MEDIUM,2026-08-30 13:15:00,RESOLVED,69.5,293.4
574,2971,PAYMENT,LOW,2026-08-01 09:29:00,RESOLVED,11.4,202.6
575,9941,PAYMENT,LOW,2026-08-09 11:38:00,OPEN,7.2,171.2
576,7936,REFUND,HIGH,2026-08-18 19:17:00,RESOLVED,29.7,370.3
577,7634,REFUND,HIGH,2026-08-15 08:08:00,RESOLVED,29.9,401.4
578,3117,DELIVERY,MEDIUM,2026-08-02 10:21:00,RESOLVED,31.0,305.1
579,6626,ACCOUNT,LOW,2026-08-26 11:09:00,RESOLVED,15.0,187.3
580,3430,REFUND,MEDIUM,2026-08-04 06:03:00,RESOLVED,27.1,191.7
581,6030,PRODUCT,HIGH,2026-08-31 10:04:00,PENDING,25.5,287.0
582,3989,DELIVERY,MEDIUM,2026-08-08 00:40:00,OPEN,6.5,124.8
583,6096,DELIVERY,LOW,2026-08-25 01:01:00,RESOLVED,1.3,509.4
584,7446,REFUND,MEDIUM,2026-09-05 13:48:00,RESOLVED,12.2,104.6
585,3152,DELIVERY,MEDIUM,2026-08-15 12:42:00,RESOLVED,22.2,117.7
586,118,ACCOUNT,LOW,2026-08-09 14:30:00,RESOLVED,4.1,254.3
587,969,DELIVERY,CRITICAL,2026-08-10 03:55:00,RESOLVED,14.8,280.7
588,9065,PAYMENT,LOW,2026-08-19 01:41:00,RESOLVED,22.7,153.3
589,9594,REFUND,MEDIUM,2026-08-12 18:11:00,PENDING,23.4,118.4
590,6921,REFUND,MEDIUM,2026-09-05 01:25:00,RESOLVED,59.2,215.4
591,1071,DELIVERY,MEDIUM,2026-09-03 15:30:00,RESOLVED,29.9,257.2
592,5866,REFUND,LOW,2026-08-28 02:59:00,PENDING,2.7,92.7
593,4325,DELIVERY,MEDIUM,2026-08-14 19:11:00,PENDING,48.7,492.8
594,2374,PAYMENT,MEDIUM,2026-08-06 07:20:00,RESOLVED,13.4,191.7
595,3793,REFUND,HIGH,2026-08-10 06:13:00,OPEN,7.2,400.3
596,7856,DELIVERY,LOW,2026-08-19 11:50:00,RESOLVED,13.3,200.1
597,9964,DELIVERY,LOW,2026-09-02 14:55:00,OPEN,8.0,187.6
598,8728,ACCOUNT,HIGH,2026-08-31 20:05:00,PENDING,1.1,227.9
599,2039,REFUND,MEDIUM,2026-09-09 03:03:00,RESOLVED,10.3,175.7
600,5016,PAYMENT,MEDIUM,2026-08-18 18:07:00,RESOLVED,23.3,405.2
601,5282,PAYMENT,MEDIUM,2026-08-23 02:36:00,RESOLVED,24.3,352.2
602,2925,PAYMENT,LOW,2026-08-09 16:43:00,PENDING,28.0,382.6
603,4351,ACCOUNT,CRITICAL,2026-08-28 13:42:00,RESOLVED,24.8,207.2
604,3806,PRODUCT,MEDIUM,2026-08-26 17:46:00,RESOLVED,24.3,239.5
605,696,PAYMENT,HIGH,2026-08-03 18:31:00,RESOLVED,11.2,270.9
606,4163,REFUND,MEDIUM,2026-08-17 07:15:00,RESOLVED,9.6,494.0
607,3642,ACCOUNT,HIGH,2026-09-07 07:10:00,PENDING,9.5,362.7
608,3060,DELIVERY,LOW,2026-08-21 13:12:00,RESOLVED,13.9,317.9
609,6138,PAYMENT,LOW,2026-08-18 10:59:00,RESOLVED,31.0,41.7
610,7122,PRODUCT,MEDIUM,2026-08-05 23:58:00,RESOLVED,3.1,374.1
611,470,ACCOUNT,HIGH,2026-09-01 17:34:00,RESOLVED,19.1,352.0
612,3422,DELIVERY,MEDIUM,2026-09-06 04:50:00,OPEN,15.0,568.8
613,309,REFUND,MEDIUM,2026-09-06 05:38:00,RESOLVED,38.7,313.0
614,8213,DELIVERY,LOW,2026-09-06 20:11:00,RESOLVED,45.1,185.6
615,9273,REFUND,MEDIUM,2026-09-07 19:54:00,RESOLVED,19.7,236.6
616,4637,ACCOUNT,MEDIUM,2026-08-13 03:06:00,RESOLVED,19.6,205.7
617,9451,DELIVERY,MEDIUM,2026-08-31 06:42:00,RESOLVED,17.9,189.6
618,6290,PRODUCT,MEDIUM,2026-08-12 16:54:00,PENDING,57.0,242.8
619,8691,ACCOUNT,LOW,2026-08-15 11:38:00,PENDING,8.7,70.9
620,9480,DELIVERY,MEDIUM,2026-08-07 19:46:00,RESOLVED,3.5,175.3
621,5871,REFUND,LOW,2026-08-02 16:45:00,OPEN,10.0,370.1
622,4461,ACCOUNT,LOW,2026-08-24 10:23:00,RESOLVED,36.2,590.3
623,7420,PRODUCT,LOW,2026-08-04 04:22:00,RESOLVED,24.7,111.0
624,1704,DELIVERY,HIGH,2026-08-08 23:05:00,PENDING,7.5,380.2
625,2967,ACCOUNT,LOW,2026-08-08 15:29:00,PENDING,18.9,94.1
626,5500,ACCOUNT,LOW,2026-08-25 13:54:00,RESOLVED,37.8,178.9
627,2014,REFUND,MEDIUM,2026-08-20 20:41:00,RESOLVED,31.6,193.8
628,4967,PAYMENT,MEDIUM,2026-09-07 19:54:00,RESOLVED,3.8,201.5
629,8559,REFUND,HIGH,2026-08-27 07:08:00,RESOLVED,30.0,288.0
630,7826,PAYMENT,HIGH,2026-08-08 05:36:00,RESOLVED,35.9,90.7
631,8913,PRODUCT,MEDIUM,2026-08-11 02:26:00,RESOLVED,14.0,349.6
632,8602,PRODUCT,LOW,2026-08-10 00:52:00,RESOLVED,16.9,126.9
633,3324,ACCOUNT,LOW,2026-08-19 05:45:00,PENDING,17.9,79.0
634,7127,DELIVERY,LOW,2026-08-04 15:32:00,RESOLVED,68.5,684.5
635,3721,ACCOUNT,MEDIUM,2026-08-18 01:05:00,OPEN,27.1,309.3
636,9715,ACCOUNT,LOW,2026-08-13 14:19:00,PENDING,19.9,223.4
637,1768,REFUND,HIGH,2026-08-05 04:15:00,OPEN,21.8,95.6
638,2692,DELIVERY,CRITICAL,2026-09-05 06:21:00,PENDING,3.4,556.2
639,9416,REFUND,MEDIUM,2026-08-14 18:33:00,RESOLVED,31.2,271.8
640,2392,ACCOUNT,MEDIUM,2026-08-01 15:18:00,RESOLVED,50.4,252.0
641,6195,DELIVERY,HIGH,2026-08-30 11:01:00,OPEN,48.6,472.9
642,2913,DELIVERY,LOW,2026-08-26 10:49:00,RESOLVED,10.6,90.7
643,2845,DELIVERY,CRITICAL,2026-08-15 00:48:00,RESOLVED,26.9,235.2
644,6710,DELIVERY,MEDIUM,2026-08-16 08:39:00,OPEN,4.5,382.4
645,7949,PRODUCT,MEDIUM,2026-08-08 23:02:00,RESOLVED,33.9,445.1
646,2326,DELIVERY,LOW,2026-08-13 16:50:00,PENDING,8.2,418.6
647,9829,ACCOUNT,MEDIUM,2026-08-07 14:14:00,RESOLVED,39.7,266.1
648,885,REFUND,LOW,2026-08-07 21:18:00,PENDING,27.5,139.4
649,1001,PAYMENT,LOW,2026-08-16 13:20:00,RESOLVED,3.3,235.5
650,9778,PAYMENT,MEDIUM,2026-09-03 07:25:00,OPEN,37.5,348.4
651,555,ACCOUNT,LOW,2026-08-07 21:04:00,PENDING,2.1,430.8
652,3147,PRODUCT,LOW,2026-09-02 21:52:00,RESOLVED,9.4,399.6
653,1212,DELIVERY,HIGH,2026-09-03 03:27:00,RESOLVED,5.2,242.0
654,2224,ACCOUNT,LOW,2026-08-02 15:16:00,RESOLVED,74.1,448.1
655,741,DELIVERY,MEDIUM,2026-08-12 00:34:00,PENDING,26.8,285.5
656,3588,PAYMENT,LOW,2026-08-24 01:30:00,RESOLVED,20.7,276.9
657,2957,ACCOUNT,MEDIUM,2026-08-07 11:27:00,RESOLVED,14.6,177.8
658,1585,PAYMENT,CRITICAL,2026-08-17 14:21:00,RESOLVED,87.3,298.5
659,7187,PAYMENT,MEDIUM,2026-08-29 01:17:00,PENDING,18.2,198.1
660,358,REFUND,CRITICAL,2026-08-01 05:59:00,RESOLVED,84.6,356.0
661,4743,PRODUCT,MEDIUM,2026-08-26 13:01:00,RESOLVED,19.9,72.3
662,3054,PRODUCT,MEDIUM,2026-08-13 05:07:00,RESOLVED,46.0,388.7
663,6503,ACCOUNT,LOW,2026-09-01 10:33:00,PENDING,50.9,172.5
664,3379,ACCOUNT,CRITICAL,2026-08-08 12:29:00,PENDING,10.9,45.7
665,4727,PAYMENT,HIGH,2026-08-29 00:47:00,RESOLVED,26.9,114.6
666,8111,REFUND,LOW,2026-08-31 12:54:00,RESOLVED,43.5,438.7
667,1445,PAYMENT,LOW,2026-08-18 11:07:00,RESOLVED,2.5,213.8
668,4357,REFUND,MEDIUM,2026-08-18 21:25:00,RESOLVED,36.2,290.1
669,5622,REFUND,LOW,2026-08-17 03:02:00,PENDING,32.0,121.0
670,7368,REFUND,LOW,2026-09-01 22:05:00,RESOLVED,30.3,470.3
671,5366,PAYMENT,CRITICAL,2026-08-17 09:12:00,PENDING,9.9,241.6
672,7358,REFUND,HIGH,2026-09-08 18:03:00,RESOLVED,2.1,356.1
673,7959,REFUND,MEDIUM,2026-08-07 04:30:00,RESOLVED,13.8,161.5
674,7890,PAYMENT,LOW,2026-08-17 01:19:00,RESOLVED,14.0,493.9
675,6155,DELIVERY,MEDIUM,2026-08-22 20:32:00,RESOLVED,31.8,339.1
676,9186,DELIVERY,HIGH,2026-08-23 05:11:00,RESOLVED,11.4,258.5
677,227,PRODUCT,HIGH,2026-08-19 06:36:00,RESOLVED,34.0,200.3
678,4987,ACCOUNT,HIGH,2026-09-08 21:58:00,RESOLVED,2.4,470.4
679,8021,REFUND,HIGH,2026-08-20 11:39:00,RESOLVED,36.6,313.3
680,1040,DELIVERY,MEDIUM,2026-08-07 15:37:00,RESOLVED,13.0,217.8
681,8182,PAYMENT,LOW,2026-08-16 05:55:00,RESOLVED,25.0,93.0
682,387,DELIVERY,HIGH,2026-08-03 04:00:00,RESOLVED,7.3,416.6
683,7866,ACCOUNT,MEDIUM,2026-08-12 14:57:00,RESOLVED,29.9,359.8
684,1870,DELIVERY,HIGH,2026-08-19 18:49:00,RESOLVED,21.6,649.6
685,6676,PAYMENT,MEDIUM,2026-08-04 03:17:00,RESOLVED,28.0,137.1
686,8293,REFUND,LOW,2026-08-20 12:21:00,RESOLVED,65.0,134.2
687,8143,PAYMENT,LOW,2026-08-09 19:47:00,RESOLVED,13.1,282.6
688,5744,PRODUCT,HIGH,2026-09-07 03:51:00,RESOLVED,7.1,237.4
689,9085,REFUND,MEDIUM,2026-08-06 13:47:00,RESOLVED,24.2,316.1
690,1402,ACCOUNT,LOW,2026-08-19 05:24:00,RESOLVED,11.5,87.5
691,2365,ACCOUNT,MEDIUM,2026-08-08 07:02:00,RESOLVED,17.8,248.5
692,1327,PAYMENT,LOW,2026-08-18 18:13:00,RESOLVED,18.7,218.9
693,7194,REFUND,MEDIUM,2026-08-20 04:55:00,PENDING,77.7,468.4
694,8916,REFUND,MEDIUM,2026-08-20 22:11:00,RESOLVED,15.2,92.3
695,9305,ACCOUNT,MEDIUM,2026-08-19 22:57:00,OPEN,40.8,227.2
696,5201,PRODUCT,CRITICAL,2026-08-18 19:47:00,PENDING,2.5,214.7
697,1321,PAYMENT,LOW,2026-08-12 11:47:00,RESOLVED,14.3,293.0
698,1719,PRODUCT,CRITICAL,2026-09-05 22:48:00,RESOLVED,19.6,138.6
699,6264,REFUND,HIGH,2026-08-26 23:23:00,RESOLVED,15.7,539.6
700,8968,PRODUCT,HIGH,2026-08-25 17:05:00,RESOLVED,18.7,530.7
701,9880,ACCOUNT,HIGH,2026-08-17 07:25:00,RESOLVED,9.6,418.2
702,7208,PAYMENT,LOW,2026-09-01 20:26:00,RESOLVED,39.0,322.1
703,8809,PRODUCT,MEDIUM,2026-08-28 05:59:00,RESOLVED,10.8,92.0
704,4778,PAYMENT,LOW,2026-08-07 04:26:00,OPEN,8.0,548.4
705,1961,DELIVERY,MEDIUM,2026-08-18 08:08:00,OPEN,23.6,95.2
706,4651,DELIVERY,LOW,2026-09-05 00:56:00,PENDING,28.4,103.3
707,995,REFUND,LOW,2026-09-05 04:10:00,RESOLVED,19.3,162.5
708,6727,REFUND,HIGH,2026-09-08 19:14:00,RESOLVED,7.2,296.3
709,3295,DELIVERY,HIGH,2026-08-31 00:23:00,RESOLVED,42.6,306.0
710,3384,ACCOUNT,MEDIUM,2026-09-08 06:36:00,RESOLVED,21.1,484.0
711,31,PRODUCT,MEDIUM,2026-08-11 02:01:00,RESOLVED,18.4,218.4
712,10000,DELIVERY,HIGH,2026-09-09 07:27:00,RESOLVED,19.9,331.4
713,4274,ACCOUNT,CRITICAL,2026-09-07 21:55:00,OPEN,57.0,231.9
714,7846,REFUND,LOW,2026-08-28 21:26:00,RESOLVED,8.4,540.0
715,5196,ACCOUNT,LOW,2026-08-28 03:37:00,RESOLVED,39.3,381.3
716,6410,REFUND,HIGH,2026-08-27 20:38:00,OPEN,6.6,285.6
717,4680,DELIVERY,LOW,2026-08-05 09:37:00,OPEN,28.7,109.9
718,6875,DELIVERY,MEDIUM,2026-08-03 16:38:00,RESOLVED,7.0,146.5
719,1999,REFUND,MEDIUM,2026-08-10 13:04:00,RESOLVED,47.3,383.2
720,9961,ACCOUNT,MEDIUM,2026-08-12 07:36:00,PENDING,28.6,164.6
721,4279,PAYMENT,LOW,2026-08-03 09:28:00,RESOLVED,2.9,135.4
722,108,DELIVERY,MEDIUM,2026-09-01 11:34:00,RESOLVED,30.6,569.8
723,9526,REFUND,MEDIUM,2026-08-02 08:55:00,OPEN,21.0,210.1
724,229,PAYMENT,HIGH,2026-08-15 10:39:00,RESOLVED,4.2,106.2
725,4723,PAYMENT,MEDIUM,2026-08-05 06:01:00,RESOLVED,65.2,521.3
726,7851,ACCOUNT,HIGH,2026-08-25 19:41:00,PENDING,20.9,463.8
727,3705,DELIVERY,LOW,2026-09-08 01:08:00,RESOLVED,23.4,199.5
728,2094,DELIVERY,LOW,2026-08-24 11:01:00,RESOLVED,17.7,359.3
729,2406,PRODUCT,HIGH,2026-08-23 09:03:00,PENDING,24.7,312.2
730,6852,DELIVERY,LOW,2026-08-24 05:28:00,RESOLVED,8.7,311.9
731,5738,PRODUCT,LOW,2026-08-11 19:29:00,OPEN,7.2,253.6
732,5034,REFUND,LOW,2026-08-15 19:36:00,RESOLVED,21.7,682.0
733,5143,REFUND,MEDIUM,2026-08-13 15:00:00,RESOLVED,4.5,142.3
734,3187,DELIVERY,HIGH,2026-09-05 09:25:00,RESOLVED,14.9,118.9
735,9351,PRODUCT,HIGH,2026-08-15 12:17:00,PENDING,7.9,182.6
736,2314,DELIVERY,LOW,2026-08-10 22:59:00,RESOLVED,10.7,410.3
737,8376,DELIVERY,LOW,2026-08-21 05:38:00,RESOLVED,45.1,267.7
738,7768,PAYMENT,LOW,2026-08-31 19:33:00,RESOLVED,25.6,342.4
739,68,DELIVERY,CRITICAL,2026-08-16 00:50:00,OPEN,49.6,439.1
740,1710,DELIVERY,MEDIUM,2026-08-02 00:21:00,OPEN,12.0,112.0
741,5523,REFUND,LOW,2026-08-17 08:08:00,PENDING,34.4,411.5
742,1588,PRODUCT,LOW,2026-09-03 12:52:00,OPEN,40.7,384.5
743,8526,PRODUCT,LOW,2026-09-04 09:57:00,RESOLVED,4.7,67.3
744,4420,ACCOUNT,MEDIUM,2026-08-31 07:47:00,OPEN,11.9,90.0
745,8369,ACCOUNT,MEDIUM,2026-08-22 03:08:00,RESOLVED,31.6,282.6
746,1193,REFUND,MEDIUM,2026-09-09 03:47:00,RESOLVED,14.1,95.8
747,241,REFUND,MEDIUM,2026-08-05 05:51:00,OPEN,8.2,303.6
748,6416,REFUND,LOW,2026-08-05 19:56:00,RESOLVED,79.9,227.5
749,8021,DELIVERY,MEDIUM,2026-08-29 11:50:00,RESOLVED,3.2,127.4
750,9920,DELIVERY,MEDIUM,2026-09-02 03:27:00,OPEN,9.6,218.3
751,7876,PAYMENT,LOW,2026-08-09 09:07:00,RESOLVED,14.2,160.8
752,7480,DELIVERY,MEDIUM,2026-08-13 08:39:00,PENDING,18.5,309.7
753,580,DELIVERY,HIGH,2026-08-10 04:48:00,RESOLVED,17.5,703.4
754,6033,REFUND,MEDIUM,2026-08-10 22:00:00,OPEN,14.9,165.8
755,7137,ACCOUNT,MEDIUM,2026-08-01 18:34:00,RESOLVED,13.3,141.1
756,3947,PAYMENT,MEDIUM,2026-08-09 04:50:00,RESOLVED,12.6,269.8
757,9992,REFUND,LOW,2026-08-28 13:36:00,RESOLVED,26.7,310.6
758,9880,DELIVERY,LOW,2026-08-29 17:41:00,RESOLVED,17.5,80.9
759,8561,PRODUCT,MEDIUM,2026-09-05 02:55:00,PENDING,5.5,312.5
760,8800,REFUND,LOW,2026-09-07 16:45:00,OPEN,17.0,339.0
761,5681,ACCOUNT,MEDIUM,2026-08-09 11:55:00,RESOLVED,23.0,195.0
762,8206,DELIVERY,MEDIUM,2026-08-27 02:04:00,RESOLVED,95.6,249.6
763,713,PRODUCT,LOW,2026-08-16 22:04:00,RESOLVED,13.9,246.3
764,2301,PRODUCT,CRITICAL,2026-08-11 15:10:00,PENDING,33.4,154.5
765,6640,REFUND,HIGH,2026-08-28 08:38:00,RESOLVED,38.7,235.9
766,1236,REFUND,LOW,2026-08-16 23:50:00,RESOLVED,14.6,121.4
767,8130,ACCOUNT,MEDIUM,2026-08-25 04:06:00,RESOLVED,40.8,173.7
768,1780,PRODUCT,LOW,2026-08-10 15:22:00,OPEN,34.0,244.5
769,3493,DELIVERY,CRITICAL,2026-08-18 00:26:00,RESOLVED,36.5,300.0
770,2587,PAYMENT,MEDIUM,2026-08-03 18:59:00,RESOLVED,10.5,167.0
771,5413,PRODUCT,MEDIUM,2026-08-02 10:28:00,RESOLVED,77.8,445.7
772,817,REFUND,CRITICAL,2026-08-31 16:37:00,RESOLVED,33.4,101.2
773,8122,PRODUCT,MEDIUM,2026-09-05 14:11:00,RESOLVED,8.0,246.8
774,8885,PRODUCT,HIGH,2026-08-05 04:17:00,RESOLVED,14.7,127.9
775,7471,REFUND,LOW,2026-08-27 21:35:00,RESOLVED,24.6,352.5
776,1853,DELIVERY,LOW,2026-08-26 23:20:00,RESOLVED,25.1,885.0
777,2906,DELIVERY,MEDIUM,2026-08-12 01:08:00,RESOLVED,33.1,170.6
778,2267,PRODUCT,HIGH,2026-08-18 03:08:00,RESOLVED,29.3,172.3
779,6021,PRODUCT,LOW,2026-08-12 18:37:00,RESOLVED,11.3,135.9
780,8882,REFUND,MEDIUM,2026-08-03 21:44:00,RESOLVED,45.0,302.8
781,8793,PAYMENT,HIGH,2026-09-02 20:34:00,OPEN,47.1,219.6
782,9582,PAYMENT,LOW,2026-08-13 01:26:00,RESOLVED,30.9,270.7
783,6896,ACCOUNT,MEDIUM,2026-08-22 03:51:00,PENDING,37.3,140.6
784,2218,PAYMENT,LOW,2026-08-04 00:26:00,OPEN,15.2,253.7
785,3982,PAYMENT,LOW,2026-08-02 16:26:00,RESOLVED,12.1,218.5
786,2942,PAYMENT,LOW,2026-08-26 04:05:00,RESOLVED,14.6,192.9
787,637,DELIVERY,HIGH,2026-08-17 14:27:00,RESOLVED,53.3,489.7
788,8002,PRODUCT,LOW,2026-08-27 16:29:00,RESOLVED,15.8,203.6
789,5781,ACCOUNT,MEDIUM,2026-09-05 06:21:00,RESOLVED,22.2,136.6
790,9703,DELIVERY,MEDIUM,2026-09-05 18:58:00,RESOLVED,12.9,259.7
791,8413,DELIVERY,MEDIUM,2026-08-03 23:48:00,RESOLVED,5.3,150.3
792,6497,PAYMENT,MEDIUM,2026-08-12 10:42:00,RESOLVED,10.8,274.4
793,438,PRODUCT,MEDIUM,2026-08-09 04:58:00,RESOLVED,17.2,160.5
794,4426,DELIVERY,HIGH,2026-08-08 01:07:00,PENDING,27.1,87.8
795,4749,PRODUCT,HIGH,2026-08-19 06:54:00,OPEN,35.7,214.6
796,6746,REFUND,LOW,2026-08-19 23:36:00,OPEN,5.2,107.6
797,5671,DELIVERY,MEDIUM,2026-09-08 17:53:00,RESOLVED,25.7,120.7
798,7803,DELIVERY,MEDIUM,2026-09-02 13:50:00,OPEN,6.4,337.0
799,221,PAYMENT,MEDIUM,2026-08-03 08:20:00,RESOLVED,8.7,133.2
800,1127,PAYMENT,MEDIUM,2026-08-23 15:12:00,RESOLVED,32.2,122.5
801,9527,PAYMENT,HIGH,2026-08-09 19:09:00,RESOLVED,8.2,338.9
802,4353,PRODUCT,HIGH,2026-09-07 18:12:00,OPEN,18.3,211.9
803,8227,ACCOUNT,MEDIUM,2026-08-11 04:01:00,PENDING,11.9,133.6
804,8574,ACCOUNT,LOW,2026-08-04 13:11:00,RESOLVED,32.5,164.9
805,1207,PRODUCT,MEDIUM,2026-09-07 14:49:00,RESOLVED,27.5,160.0
806,7055,PAYMENT,MEDIUM,2026-08-29 18:29:00,RESOLVED,25.6,202.8
807,1739,REFUND,MEDIUM,2026-08-28 22:49:00,RESOLVED,9.2,264.8
808,1538,PRODUCT,HIGH,2026-08-27 12:34:00,OPEN,22.0,336.5
809,2443,PRODUCT,CRITICAL,2026-08-30 00:39:00,RESOLVED,28.8,104.4
810,7553,ACCOUNT,CRITICAL,2026-08-10 17:40:00,PENDING,15.8,175.0
811,932,PRODUCT,MEDIUM,2026-08-27 18:15:00,PENDING,8.9,122.0
812,6675,DELIVERY,MEDIUM,2026-08-09 07:36:00,RESOLVED,18.8,202.8
813,3813,PAYMENT,LOW,2026-09-06 05:56:00,RESOLVED,18.7,257.7
814,2647,PRODUCT,HIGH,2026-08-16 06:44:00,RESOLVED,49.5,270.8
815,2399,ACCOUNT,MEDIUM,2026-09-07 06:32:00,PENDING,21.1,194.8
816,3441,REFUND,LOW,2026-08-13 21:37:00,RESOLVED,15.4,46.6
817,3492,ACCOUNT,LOW,2026-08-08 10:47:00,PENDING,18.5,137.5
818,3145,REFUND,HIGH,2026-08-14 09:34:00,RESOLVED,12.5,38.4
819,5183,REFUND,LOW,2026-08-23 04:20:00,RESOLVED,10.9,239.9
820,9933,ACCOUNT,HIGH,2026-08-29 21:19:00,OPEN,15.3,135.7
821,4516,DELIVERY,MEDIUM,2026-08-01 22:57:00,RESOLVED,16.7,341.3
822,1838,REFUND,LOW,2026-08-04 14:41:00,OPEN,14.5,297.7
823,6117,ACCOUNT,HIGH,2026-08-12 04:37:00,RESOLVED,11.1,377.9
824,8295,ACCOUNT,HIGH,2026-08-30 22:23:00,RESOLVED,53.4,228.6
825,5997,DELIVERY,LOW,2026-08-12 14:01:00,RESOLVED,11.9,203.0
826,5307,ACCOUNT,LOW,2026-08-20 23:26:00,RESOLVED,43.6,724.7
827,6691,PAYMENT,MEDIUM,2026-09-09 15:17:00,RESOLVED,15.8,276.6
828,8806,ACCOUNT,LOW,2026-08-07 23:01:00,RESOLVED,10.3,54.0
829,766,PAYMENT,LOW,2026-08-08 19:43:00,RESOLVED,13.3,208.6
830,9819,PAYMENT,HIGH,2026-08-27 18:41:00,RESOLVED,4.8,357.8
831,8932,REFUND,LOW,2026-09-01 03:51:00,RESOLVED,23.0,382.9
832,9611,PAYMENT,MEDIUM,2026-08-15 22:49:00,RESOLVED,36.6,241.4
833,4983,PAYMENT,LOW,2026-08-08 19:18:00,PENDING,25.3,368.0
834,8543,PAYMENT,LOW,2026-08-06 07:37:00,RESOLVED,20.5,294.9
835,819,REFUND,MEDIUM,2026-09-08 20:23:00,OPEN,84.3,568.9
836,4136,PAYMENT,LOW,2026-08-24 12:18:00,RESOLVED,9.6,239.5
837,8796,DELIVERY,HIGH,2026-08-16 02:17:00,RESOLVED,40.4,321.6
838,2713,ACCOUNT,HIGH,2026-08-13 19:08:00,RESOLVED,26.7,206.0
839,7636,PAYMENT,MEDIUM,2026-08-07 07:30:00,PENDING,5.5,594.4
840,3195,REFUND,HIGH,2026-08-12 08:14:00,RESOLVED,11.4,184.1
841,5892,ACCOUNT,LOW,2026-09-01 04:55:00,PENDING,9.5,254.2
842,6532,PAYMENT,MEDIUM,2026-08-20 02:40:00,RESOLVED,31.2,309.2
843,8780,PRODUCT,HIGH,2026-09-06 07:01:00,RESOLVED,21.1,128.1
844,3419,ACCOUNT,MEDIUM,2026-08-21 19:03:00,RESOLVED,16.8,325.1
845,7875,ACCOUNT,CRITICAL,2026-08-25 05:43:00,RESOLVED,13.5,400.8
846,4349,REFUND,MEDIUM,2026-08-29 02:44:00,PENDING,2.6,351.6
847,3934,PAYMENT,CRITICAL,2026-08-08 03:47:00,PENDING,30.0,151.1
848,798,ACCOUNT,LOW,2026-08-20 16:29:00,RESOLVED,65.2,215.7
849,764,PAYMENT,LOW,2026-09-04 18:46:00,RESOLVED,43.9,168.7
850,7711,REFUND,MEDIUM,2026-08-22 08:10:00,RESOLVED,19.9,172.3
851,1047,PAYMENT,HIGH,2026-08-11 00:10:00,RESOLVED,42.0,362.9
852,1115,DELIVERY,LOW,2026-08-23 19:37:00,RESOLVED,28.5,92.8
853,1854,ACCOUNT,LOW,2026-08-27 12:28:00,RESOLVED,54.9,218.9
854,3371,PAYMENT,CRITICAL,2026-09-07 02:10:00,PENDING,4.2,219.2
855,1628,REFUND,MEDIUM,2026-08-31 12:23:00,PENDING,18.0,496.9
856,5905,PAYMENT,MEDIUM,2026-08-05 01:12:00,RESOLVED,58.4,284.7
857,8221,DELIVERY,LOW,2026-08-24 08:40:00,RESOLVED,6.7,212.2
858,5312,PRODUCT,HIGH,2026-08-27 12:51:00,RESOLVED,19.9,369.8
859,6651,PAYMENT,HIGH,2026-08-30 18:25:00,OPEN,15.9,113.2
860,8932,DELIVERY,MEDIUM,2026-08-02 11:52:00,RESOLVED,10.2,296.3
861,8946,PAYMENT,LOW,2026-08-12 06:37:00,OPEN,55.6,386.5
862,6587,DELIVERY,MEDIUM,2026-08-11 08:44:00,RESOLVED,10.2,248.8
863,682,REFUND,MEDIUM,2026-08-08 23:23:00,OPEN,15.9,347.2
864,7891,ACCOUNT,HIGH,2026-09-01 15:17:00,RESOLVED,16.2,229.2
865,7577,PRODUCT,HIGH,2026-08-19 09:11:00,RESOLVED,14.1,82.5
866,3035,PAYMENT,HIGH,2026-08-15 10:55:00,RESOLVED,14.0,141.9
867,1623,PAYMENT,MEDIUM,2026-08-22 21:26:00,RESOLVED,8.1,215.3
868,1323,PAYMENT,LOW,2026-08-02 01:37:00,RESOLVED,12.8,675.8
869,2764,DELIVERY,HIGH,2026-08-10 07:38:00,RESOLVED,53.9,158.5
870,7434,REFUND,MEDIUM,2026-08-21 12:48:00,RESOLVED,20.9,396.1
871,9460,ACCOUNT,LOW,2026-08-09 02:15:00,PENDING,18.2,254.5
872,1536,ACCOUNT,HIGH,2026-08-18 12:13:00,PENDING,37.1,256.4
873,4149,DELIVERY,LOW,2026-08-13 20:32:00,RESOLVED,14.3,194.9
874,8342,ACCOUNT,MEDIUM,2026-09-07 01:45:00,RESOLVED,3.8,267.5
875,859,DELIVERY,MEDIUM,2026-09-05 04:06:00,RESOLVED,33.8,271.7
876,9431,PAYMENT,LOW,2026-09-07 16:31:00,RESOLVED,7.6,248.7
877,183,ACCOUNT,HIGH,2026-08-16 03:29:00,PENDING,13.3,226.3
878,2830,REFUND,MEDIUM,2026-08-12 03:38:00,OPEN,4.8,450.3
879,325,ACCOUNT,MEDIUM,2026-08-21 14:15:00,RESOLVED,9.2,329.9
880,7611,ACCOUNT,CRITICAL,2026-09-02 19:30:00,RESOLVED,9.1,219.5
881,4271,PAYMENT,HIGH,2026-09-02 04:55:00,OPEN,23.0,302.6
882,4374,ACCOUNT,MEDIUM,2026-08-21 14:08:00,RESOLVED,3.9,308.1
883,5466,DELIVERY,MEDIUM,2026-08-23 13:51:00,RESOLVED,37.4,311.8
884,2990,PAYMENT,MEDIUM,2026-08-22 14:33:00,PENDING,14.3,135.3
885,7571,REFUND,HIGH,2026-08-19 14:14:00,RESOLVED,15.4,273.3
886,4312,PRODUCT,LOW,2026-08-05 13:33:00,OPEN,17.9,59.8
887,7960,REFUND,MEDIUM,2026-08-14 08:36:00,RESOLVED,5.2,216.0
888,6468,PAYMENT,LOW,2026-09-03 11:03:00,RESOLVED,29.2,148.8
889,6750,PRODUCT,HIGH,2026-09-04 14:05:00,PENDING,28.2,256.3
890,9881,REFUND,HIGH,2026-08-25 05:42:00,RESOLVED,28.1,280.9
891,5066,ACCOUNT,LOW,2026-09-09 03:29:00,RESOLVED,6.7,254.0
892,3001,PRODUCT,MEDIUM,2026-09-08 04:59:00,RESOLVED,7.2,213.6
893,7280,REFUND,MEDIUM,2026-08-21 01:17:00,RESOLVED,19.8,243.4
894,7060,PRODUCT,LOW,2026-09-01 07:35:00,RESOLVED,12.1,161.8
895,4835,REFUND,LOW,2026-08-09 09:11:00,RESOLVED,15.8,195.0
896,3349,PAYMENT,HIGH,2026-08-19 15:57:00,OPEN,13.3,58.5
897,9303,PRODUCT,LOW,2026-08-17 13:44:00,RESOLVED,51.6,230.6
898,2514,ACCOUNT,MEDIUM,2026-09-04 06:59:00,RESOLVED,28.4,86.2
899,789,REFUND,HIGH,2026-08-17 15:45:00,OPEN,8.8,196.4
900,6319,PAYMENT,LOW,2026-08-13 17:29:00,RESOLVED,16.2,286.0
901,814,PAYMENT,MEDIUM,2026-08-16 09:26:00,RESOLVED,7.7,281.2
902,7613,ACCOUNT,CRITICAL,2026-09-04 12:27:00,RESOLVED,12.7,68.7
903,8422,ACCOUNT,HIGH,2026-08-25 20:10:00,PENDING,14.4,163.1
904,7174,REFUND,LOW,2026-08-05 15:13:00,OPEN,10.8,125.6
905,2362,DELIVERY,LOW,2026-08-02 01:03:00,PENDING,18.8,240.1
906,9426,ACCOUNT,HIGH,2026-08-14 11:03:00,RESOLVED,25.3,211.8
907,886,DELIVERY,LOW,2026-09-02 19:42:00,PENDING,14.3,742.8
908,1074,REFUND,MEDIUM,2026-09-04 17:30:00,RESOLVED,7.4,713.3
909,3041,DELIVERY,LOW,2026-08-07 05:20:00,RESOLVED,16.1,239.9
910,5407,DELIVERY,HIGH,2026-08-01 23:00:00,PENDING,17.3,185.7
911,7104,DELIVERY,MEDIUM,2026-08-11 11:25:00,RESOLVED,63.5,313.7
912,2909,PRODUCT,MEDIUM,2026-09-04 17:50:00,RESOLVED,25.8,55.2
913,9156,PAYMENT,HIGH,2026-08-18 02:35:00,RESOLVED,3.6,103.1
914,8170,DELIVERY,LOW,2026-08-02 14:29:00,PENDING,18.3,264.7
915,2308,PRODUCT,MEDIUM,2026-08-21 01:34:00,OPEN,36.3,474.2
916,621,DELIVERY,CRITICAL,2026-08-27 08:32:00,RESOLVED,24.4,409.3
917,7019,PAYMENT,MEDIUM,2026-08-04 21:32:00,RESOLVED,19.2,412.5
918,1759,PRODUCT,LOW,2026-08-26 12:35:00,RESOLVED,9.6,292.6
919,2819,PAYMENT,HIGH,2026-09-02 00:10:00,PENDING,24.6,411.1
920,7721,REFUND,LOW,2026-08-03 07:14:00,RESOLVED,12.9,64.4
921,1892,ACCOUNT,MEDIUM,2026-08-03 03:31:00,RESOLVED,26.0,180.7
922,3547,ACCOUNT,LOW,2026-09-03 12:41:00,RESOLVED,33.1,347.6
923,9275,ACCOUNT,MEDIUM,2026-08-19 15:24:00,PENDING,40.3,212.6
924,6819,DELIVERY,LOW,2026-08-04 10:28:00,RESOLVED,33.4,930.9
925,6201,REFUND,LOW,2026-08-06 09:24:00,RESOLVED,21.4,136.7
926,9986,REFUND,MEDIUM,2026-09-04 01:19:00,RESOLVED,6.1,475.9
927,7706,DELIVERY,LOW,2026-09-04 05:12:00,RESOLVED,8.2,229.9
928,4599,REFUND,HIGH,2026-09-09 07:48:00,PENDING,16.6,306.6
929,6646,REFUND,MEDIUM,2026-08-28 16:09:00,RESOLVED,30.1,131.7
930,5330,PAYMENT,MEDIUM,2026-08-27 21:14:00,RESOLVED,19.1,130.2
931,3636,PRODUCT,LOW,2026-09-05 23:31:00,RESOLVED,24.2,220.2
932,9754,PAYMENT,HIGH,2026-09-07 05:03:00,RESOLVED,37.7,157.0
933,5934,PRODUCT,LOW,2026-08-02 01:15:00,RESOLVED,25.6,309.3
934,7464,REFUND,MEDIUM,2026-08-26 00:18:00,RESOLVED,13.4,151.4
935,4100,PAYMENT,LOW,2026-08-31 06:37:00,RESOLVED,56.9,241.7
936,1968,REFUND,CRITICAL,2026-09-09 05:48:00,RESOLVED,29.7,348.9
937,1225,DELIVERY,MEDIUM,2026-08-03 03:15:00,RESOLVED,31.8,192.1
938,8044,DELIVERY,LOW,2026-09-01 20:58:00,RESOLVED,23.4,155.0
939,5212,DELIVERY,LOW,2026-08-23 04:33:00,PENDING,48.2,132.8
940,5159,PRODUCT,MEDIUM,2026-08-28 04:06:00,OPEN,56.6,610.6
941,1212,DELIVERY,LOW,2026-09-09 23:54:00,RESOLVED,29.4,249.3
942,7874,PAYMENT,MEDIUM,2026-09-09 13:21:00,RESOLVED,41.6,119.4
943,2637,DELIVERY,LOW,2026-08-08 07:56:00,RESOLVED,16.2,285.8
944,5986,REFUND,LOW,2026-08-20 08:30:00,RESOLVED,39.7,155.5
945,3504,REFUND,HIGH,2026-08-17 12:23:00,RESOLVED,34.9,409.2
946,2274,REFUND,MEDIUM,2026-08-20 08:19:00,RESOLVED,6.8,213.7
947,1633,PAYMENT,LOW,2026-08-17 18:42:00,RESOLVED,32.8,260.6
948,8145,ACCOUNT,MEDIUM,2026-09-04 01:34:00,OPEN,2.6,76.7
949,950,PRODUCT,HIGH,2026-09-05 14:19:00,RESOLVED,7.3,340.5
950,21,REFUND,HIGH,2026-08-27 23:19:00,RESOLVED,36.7,272.3
951,3067,ACCOUNT,HIGH,2026-08-26 20:05:00,RESOLVED,4.7,103.1
952,8881,ACCOUNT,HIGH,2026-08-06 18:26:00,RESOLVED,7.9,127.3
953,7021,PRODUCT,LOW,2026-08-14 19:59:00,RESOLVED,34.6,133.8
954,8187,REFUND,LOW,2026-08-13 07:39:00,OPEN,20.7,296.0
955,2046,DELIVERY,LOW,2026-08-05 14:13:00,RESOLVED,9.3,185.1
956,9702,ACCOUNT,LOW,2026-08-24 09:19:00,RESOLVED,16.0,109.7
957,1177,ACCOUNT,HIGH,2026-08-26 16:02:00,PENDING,25.0,262.8
958,356,PAYMENT,LOW,2026-08-01 15:22:00,RESOLVED,14.9,258.8
959,4771,PAYMENT,MEDIUM,2026-08-19 10:15:00,RESOLVED,75.2,259.1
960,4377,PAYMENT,LOW,2026-08-21 09:58:00,RESOLVED,46.7,281.7
961,2912,ACCOUNT,HIGH,2026-08-19 06:09:00,OPEN,6.9,235.3
962,1692,REFUND,HIGH,2026-08-10 08:34:00,RESOLVED,39.8,279.3
963,3212,PRODUCT,HIGH,2026-08-01 23:12:00,RESOLVED,20.3,414.0
964,3740,ACCOUNT,MEDIUM,2026-08-10 11:19:00,RESOLVED,43.6,213.5
965,6014,REFUND,HIGH,2026-09-09 11:40:00,RESOLVED,35.5,213.5
966,3598,REFUND,HIGH,2026-09-05 19:31:00,RESOLVED,7.0,226.5
967,2444,DELIVERY,MEDIUM,2026-08-28 20:01:00,RESOLVED,19.7,342.5
968,5976,PRODUCT,MEDIUM,2026-08-12 06:53:00,OPEN,12.5,148.8
969,5826,REFUND,LOW,2026-08-01 18:57:00,RESOLVED,19.4,143.6
970,4375,DELIVERY,MEDIUM,2026-09-05 22:18:00,PENDING,15.0,445.9
971,1101,PAYMENT,HIGH,2026-08-18 02:30:00,RESOLVED,38.5,297.6
972,9656,PAYMENT,LOW,2026-08-22 08:22:00,RESOLVED,15.3,160.7
973,5197,DELIVERY,LOW,2026-09-08 16:39:00,RESOLVED,53.3,355.9
974,2778,PRODUCT,LOW,2026-09-07 02:45:00,RESOLVED,23.5,113.3
975,7258,PAYMENT,CRITICAL,2026-08-23 01:45:00,PENDING,14.1,250.0
976,4188,PAYMENT,MEDIUM,2026-08-30 04:03:00,RESOLVED,20.0,725.2
977,1642,REFUND,CRITICAL,2026-08-23 08:23:00,RESOLVED,14.5,131.4
978,7007,PRODUCT,MEDIUM,2026-08-17 13:27:00,RESOLVED,8.8,294.3
979,927,PRODUCT,LOW,2026-08-10 13:47:00,PENDING,11.8,305.7
980,2766,PRODUCT,MEDIUM,2026-08-02 09:46:00,RESOLVED,23.3,590.8
981,6627,REFUND,LOW,2026-09-07 15:47:00,RESOLVED,20.3,225.1
982,7239,PAYMENT,MEDIUM,2026-09-05 15:58:00,PENDING,25.4,66.6
983,9913,REFUND,MEDIUM,2026-08-16 17:14:00,RESOLVED,18.8,194.3
984,7088,REFUND,MEDIUM,2026-08-29 07:02:00,RESOLVED,14.2,248.5
985,2318,ACCOUNT,MEDIUM,2026-08-05 01:43:00,RESOLVED,8.9,443.4
986,7123,REFUND,MEDIUM,2026-08-06 09:22:00,PENDING,14.8,351.7
987,7516,REFUND,HIGH,2026-09-04 09:53:00,RESOLVED,25.6,526.5
988,6751,PRODUCT,LOW,2026-09-07 09:44:00,RESOLVED,9.1,670.1
989,7462,PRODUCT,HIGH,2026-08-25 09:29:00,RESOLVED,11.7,285.3
990,8175,REFUND,MEDIUM,2026-08-20 13:04:00,RESOLVED,23.2,364.1
991,5683,DELIVERY,MEDIUM,2026-08-26 22:59:00,OPEN,22.9,224.5
992,9950,PRODUCT,LOW,2026-08-02 04:21:00,RESOLVED,8.9,52.4
993,6445,ACCOUNT,LOW,2026-08-13 20:24:00,RESOLVED,26.6,127.6
994,554,DELIVERY,MEDIUM,2026-08-12 20:02:00,RESOLVED,23.5,246.2
995,1726,REFUND,HIGH,2026-08-21 23:17:00,RESOLVED,65.3,267.6
996,4972,ACCOUNT,MEDIUM,2026-09-04 09:24:00,RESOLVED,8.5,105.5
997,4354,PRODUCT,LOW,2026-08-04 09:32:00,OPEN,57.4,219.9
998,8131,PRODUCT,HIGH,2026-08-17 18:21:00,OPEN,23.2,65.0
999,6726,REFUND,HIGH,2026-08-31 15:14:00,OPEN,4.3,136.7
1000,1,PAYMENT,MEDIUM,2026-09-02 07:28:00,RESOLVED,15.5,202.8
1001,4557,DELIVERY,LOW,2026-09-04 07:18:00,RESOLVED,15.0,114.8
1002,5452,ACCOUNT,MEDIUM,2026-08-17 02:39:00,OPEN,39.2,767.7
1003,9808,PAYMENT,HIGH,2026-09-07 20:38:00,RESOLVED,11.8,116.2
1004,6598,PRODUCT,LOW,2026-08-06 08:35:00,RESOLVED,6.2,353.1
1005,1804,ACCOUNT,LOW,2026-09-02 15:58:00,RESOLVED,26.0,131.4
1006,1918,DELIVERY,MEDIUM,2026-08-08 18:50:00,RESOLVED,22.4,144.1
1007,3160,ACCOUNT,MEDIUM,2026-08-28 01:23:00,PENDING,32.0,132.4
1008,4009,REFUND,LOW,2026-09-05 05:57:00,OPEN,46.7,368.9
1009,1087,REFUND,MEDIUM,2026-08-28 13:49:00,RESOLVED,43.7,756.6
1010,7895,PAYMENT,HIGH,2026-08-08 05:59:00,RESOLVED,76.5,307.8
1011,678,REFUND,HIGH,2026-09-05 02:02:00,RESOLVED,57.0,452.5
1012,667,REFUND,LOW,2026-09-07 10:01:00,RESOLVED,29.7,175.4
1013,1273,PRODUCT,HIGH,2026-08-20 11:17:00,RESOLVED,20.3,140.0
1014,1349,REFUND,MEDIUM,2026-08-12 12:59:00,RESOLVED,22.1,370.9
1015,5641,PRODUCT,LOW,2026-08-26 17:03:00,RESOLVED,37.5,652.7
1016,8181,REFUND,LOW,2026-09-08 20:46:00,RESOLVED,12.7,305.5
1017,9426,REFUND,CRITICAL,2026-09-08 17:56:00,RESOLVED,15.5,507.8
1018,8093,DELIVERY,LOW,2026-08-04 20:57:00,PENDING,30.2,349.8
1019,6858,ACCOUNT,LOW,2026-08-06 12:46:00,RESOLVED,6.0,287.4
1020,5905,DELIVERY,MEDIUM,2026-08-22 22:27:00,PENDING,12.2,143.0
1021,3095,PAYMENT,HIGH,2026-09-04 11:24:00,RESOLVED,9.4,162.5
1022,4162,REFUND,LOW,2026-08-02 10:09:00,RESOLVED,47.6,247.2
1023,8725,ACCOUNT,MEDIUM,2026-08-28 11:00:00,RESOLVED,7.3,170.1
1024,1057,DELIVERY,HIGH,2026-08-11 06:19:00,OPEN,14.3,265.4
1025,8254,PAYMENT,HIGH,2026-08-12 19:45:00,RESOLVED,11.7,106.2
1026,8115,PAYMENT,HIGH,2026-09-04 05:08:00,RESOLVED,15.8,287.1
1027,576,ACCOUNT,LOW,2026-08-12 12:49:00,PENDING,28.1,176.4
1028,2418,DELIVERY,HIGH,2026-08-08 11:31:00,PENDING,25.7,119.2
1029,3101,ACCOUNT,MEDIUM,2026-09-08 13:32:00,RESOLVED,23.0,151.0
1030,9132,DELIVERY,MEDIUM,2026-09-05 15:51:00,RESOLVED,29.8,621.4
1031,4389,REFUND,LOW,2026-09-06 23:53:00,RESOLVED,25.2,401.6
1032,7759,ACCOUNT,MEDIUM,2026-08-24 14:12:00,RESOLVED,1.3,268.0
1033,6007,REFUND,LOW,2026-08-11 11:12:00,RESOLVED,30.8,309.2
1034,810,PAYMENT,MEDIUM,2026-08-30 01:31:00,RESOLVED,22.8,495.3
1035,6669,REFUND,LOW,2026-08-31 10:58:00,RESOLVED,49.6,477.2
1036,6355,ACCOUNT,MEDIUM,2026-08-15 09:02:00,RESOLVED,8.7,211.5
1037,8709,DELIVERY,LOW,2026-08-24 05:08:00,RESOLVED,20.0,283.3
1038,9207,ACCOUNT,MEDIUM,2026-09-09 09:30:00,PENDING,25.3,136.1
1039,5875,REFUND,MEDIUM,2026-08-23 22:53:00,PENDING,58.5,378.3
1040,8792,PAYMENT,MEDIUM,2026-09-03 01:30:00,RESOLVED,6.2,289.1
1041,1394,REFUND,HIGH,2026-08-02 04:03:00,RESOLVED,22.2,334.5
1042,6134,PRODUCT,MEDIUM,2026-09-06 11:16:00,OPEN,23.1,328.2
1043,5776,PRODUCT,HIGH,2026-09-08 13:54:00,OPEN,9.1,188.9
1044,1720,DELIVERY,MEDIUM,2026-08-06 20:00:00,RESOLVED,15.8,172.0
1045,5389,REFUND,HIGH,2026-08-18 08:23:00,OPEN,16.1,476.7
1046,6803,PRODUCT,HIGH,2026-08-11 16:08:00,RESOLVED,10.5,317.6
1047,4152,PAYMENT,MEDIUM,2026-08-23 03:07:00,OPEN,23.4,292.0
1048,6662,PAYMENT,CRITICAL,2026-09-03 15:21:00,PENDING,25.4,96.7
1049,7452,REFUND,LOW,2026-08-08 10:55:00,RESOLVED,23.4,177.2
1050,5888,PRODUCT,HIGH,2026-08-27 18:44:00,RESOLVED,5.4,110.7
1051,3982,ACCOUNT,MEDIUM,2026-08-06 03:42:00,RESOLVED,12.3,63.5
1052,2658,DELIVERY,LOW,2026-08-16 09:27:00,RESOLVED,62.9,217.4
1053,6608,PRODUCT,MEDIUM,2026-08-22 21:43:00,RESOLVED,11.6,174.1
1054,9003,ACCOUNT,LOW,2026-08-19 13:47:00,OPEN,6.1,183.8
1055,4619,REFUND,HIGH,2026-08-05 20:03:00,RESOLVED,15.8,334.3
1056,5026,PAYMENT,HIGH,2026-08-18 12:59:00,RESOLVED,2.2,294.3
1057,9122,PAYMENT,MEDIUM,2026-08-14 08:39:00,OPEN,87.3,234.1
1058,2972,PRODUCT,LOW,2026-08-23 07:32:00,RESOLVED,5.0,317.2
1059,8077,PRODUCT,CRITICAL,2026-08-14 07:03:00,OPEN,9.3,261.1
1060,2553,ACCOUNT,HIGH,2026-08-20 13:28:00,PENDING,10.9,227.4
1061,2580,PAYMENT,MEDIUM,2026-09-08 03:21:00,RESOLVED,25.2,227.8
1062,2811,ACCOUNT,MEDIUM,2026-08-19 04:31:00,PENDING,4.0,99.1
1063,527,PAYMENT,MEDIUM,2026-08-30 07:41:00,OPEN,105.7,201.4
1064,4611,REFUND,LOW,2026-08-14 02:34:00,RESOLVED,19.4,160.0
1065,3538,PRODUCT,HIGH,2026-08-27 23:04:00,RESOLVED,3.3,38.1
1066,2309,PAYMENT,LOW,2026-08-18 22:54:00,RESOLVED,63.9,255.0
1067,7566,PRODUCT,LOW,2026-08-25 21:20:00,OPEN,25.0,248.6
1068,5175,PRODUCT,LOW,2026-08-08 02:22:00,RESOLVED,15.2,487.4
1069,1958,DELIVERY,MEDIUM,2026-09-03 08:37:00,RESOLVED,3.2,233.1
1070,1921,PAYMENT,MEDIUM,2026-08-08 15:13:00,OPEN,20.6,220.9
1071,8096,DELIVERY,HIGH,2026-08-07 18:55:00,RESOLVED,14.8,222.6
1072,2710,PAYMENT,HIGH,2026-08-28 12:45:00,RESOLVED,4.8,289.7
1073,3949,PRODUCT,LOW,2026-08-12 20:19:00,OPEN,21.6,505.4
1074,1197,PRODUCT,LOW,2026-09-08 13:59:00,RESOLVED,13.9,118.7
1075,8043,DELIVERY,MEDIUM,2026-08-28 06:19:00,OPEN,13.5,518.8
1076,3574,ACCOUNT,HIGH,2026-08-09 11:53:00,RESOLVED,41.0,191.6
1077,7049,PRODUCT,HIGH,2026-09-08 22:31:00,RESOLVED,48.8,307.1
1078,4060,REFUND,LOW,2026-09-06 12:25:00,RESOLVED,34.0,420.7
1079,8017,PAYMENT,LOW,2026-08-12 19:11:00,RESOLVED,30.0,793.7
1080,4038,DELIVERY,HIGH,2026-08-26 00:32:00,PENDING,33.2,448.6
1081,8957,REFUND,MEDIUM,2026-08-18 15:26:00,RESOLVED,9.2,366.4
1082,7249,PRODUCT,MEDIUM,2026-09-08 02:42:00,PENDING,15.7,380.1
1083,4809,ACCOUNT,LOW,2026-09-08 11:06:00,OPEN,32.6,163.1
1084,4834,PAYMENT,LOW,2026-08-16 19:26:00,RESOLVED,28.8,223.9
1085,6204,REFUND,LOW,2026-09-06 06:11:00,RESOLVED,8.7,233.3
1086,6931,ACCOUNT,MEDIUM,2026-08-28 14:41:00,PENDING,22.7,256.3
1087,7066,PAYMENT,MEDIUM,2026-08-04 16:25:00,RESOLVED,7.8,303.1
1088,332,PRODUCT,MEDIUM,2026-08-22 18:06:00,RESOLVED,9.7,192.7
1089,2650,PRODUCT,MEDIUM,2026-08-16 14:40:00,RESOLVED,33.5,482.3
1090,4366,REFUND,LOW,2026-09-09 02:23:00,RESOLVED,25.5,184.6
1091,5370,DELIVERY,LOW,2026-08-08 19:34:00,RESOLVED,24.5,338.2
1092,898,PRODUCT,LOW,2026-08-03 10:04:00,RESOLVED,16.8,359.9
1093,1997,ACCOUNT,LOW,2026-08-06 15:54:00,RESOLVED,24.8,224.7
1094,4622,ACCOUNT,CRITICAL,2026-08-03 08:23:00,RESOLVED,18.5,430.8
1095,4471,ACCOUNT,LOW,2026-08-20 23:51:00,PENDING,11.4,420.7
1096,6152,REFUND,LOW,2026-09-04 13:34:00,RESOLVED,33.0,665.1
1097,697,ACCOUNT,HIGH,2026-08-20 17:44:00,RESOLVED,2.7,276.8
1098,7968,DELIVERY,MEDIUM,2026-08-03 03:21:00,RESOLVED,15.0,163.3
1099,3012,REFUND,LOW,2026-09-04 12:04:00,RESOLVED,48.3,254.4
1100,5503,PRODUCT,LOW,2026-09-06 07:04:00,RESOLVED,14.0,455.1
1101,9474,REFUND,LOW,2026-08-31 10:34:00,RESOLVED,12.2,194.8
1102,3796,DELIVERY,LOW,2026-08-04 18:15:00,RESOLVED,3.5,172.3
1103,3136,DELIVERY,MEDIUM,2026-08-10 01:09:00,RESOLVED,13.4,146.1
1104,2645,ACCOUNT,MEDIUM,2026-08-05 11:55:00,RESOLVED,36.7,223.2
1105,6525,PAYMENT,LOW,2026-08-27 12:18:00,RESOLVED,55.2,437.0
1106,9575,DELIVERY,HIGH,2026-08-14 05:31:00,RESOLVED,25.6,233.3
1107,5598,PRODUCT,LOW,2026-08-03 01:00:00,RESOLVED,11.9,161.6
1108,1983,REFUND,MEDIUM,2026-08-30 01:42:00,RESOLVED,47.6,146.8
1109,9462,REFUND,LOW,2026-08-30 17:02:00,RESOLVED,46.7,313.2
1110,425,ACCOUNT,LOW,2026-08-24 01:53:00,RESOLVED,27.3,303.2
1111,4104,PAYMENT,MEDIUM,2026-08-07 21:20:00,RESOLVED,7.1,250.6
1112,1259,DELIVERY,LOW,2026-09-06 08:35:00,RESOLVED,13.0,99.1
1113,333,ACCOUNT,LOW,2026-08-16 22:42:00,RESOLVED,15.2,149.7
1114,9976,DELIVERY,MEDIUM,2026-08-26 04:27:00,RESOLVED,9.4,112.7
1115,851,PRODUCT,HIGH,2026-08-01 12:10:00,RESOLVED,29.4,162.5
1116,9062,DELIVERY,MEDIUM,2026-08-24 19:52:00,RESOLVED,18.3,156.0
1117,5450,REFUND,LOW,2026-09-05 16:43:00,RESOLVED,13.8,201.7
1118,3203,ACCOUNT,LOW,2026-08-23 19:33:00,RESOLVED,18.0,135.6
1119,8629,DELIVERY,MEDIUM,2026-08-12 05:43:00,RESOLVED,6.0,321.3
1120,39,ACCOUNT,LOW,2026-08-17 05:48:00,RESOLVED,16.3,86.9
1121,6904,REFUND,LOW,2026-08-11 14:32:00,OPEN,48.6,230.5
1122,7673,REFUND,MEDIUM,2026-08-26 13:36:00,RESOLVED,19.7,161.4
1123,3640,ACCOUNT,HIGH,2026-08-22 07:03:00,RESOLVED,11.0,204.0
1124,3006,PRODUCT,HIGH,2026-09-08 22:07:00,OPEN,11.7,285.2
1125,92,REFUND,LOW,2026-08-01 22:46:00,PENDING,7.2,222.0
1126,222,PRODUCT,HIGH,2026-09-08 21:15:00,RESOLVED,25.5,370.5
1127,440,PAYMENT,MEDIUM,2026-08-12 03:17:00,RESOLVED,13.4,252.5
1128,4567,DELIVERY,HIGH,2026-08-05 10:26:00,RESOLVED,52.1,340.9
1129,5308,REFUND,MEDIUM,2026-08-11 09:51:00,RESOLVED,66.9,470.9
1130,4242,REFUND,MEDIUM,2026-08-19 05:20:00,RESOLVED,0.8,384.2
1131,7026,PAYMENT,MEDIUM,2026-08-30 23:30:00,RESOLVED,27.7,315.4
1132,3618,ACCOUNT,MEDIUM,2026-08-24 16:38:00,RESOLVED,16.1,400.2
1133,7904,PAYMENT,MEDIUM,2026-08-10 03:53:00,RESOLVED,14.1,152.7
1134,6534,DELIVERY,MEDIUM,2026-08-29 15:17:00,RESOLVED,37.8,746.6
1135,9371,PRODUCT,MEDIUM,2026-08-02 12:59:00,RESOLVED,33.0,1122.4
1136,7261,PAYMENT,LOW,2026-08-13 00:29:00,PENDING,63.7,487.1
1137,1280,REFUND,MEDIUM,2026-09-08 10:34:00,RESOLVED,16.6,301.0
1138,5592,REFUND,LOW,2026-09-09 07:37:00,RESOLVED,74.8,383.8
1139,6574,PRODUCT,LOW,2026-08-13 15:36:00,RESOLVED,16.9,129.6
1140,140,PAYMENT,MEDIUM,2026-08-17 14:38:00,RESOLVED,28.3,327.3
1141,441,PAYMENT,MEDIUM,2026-08-15 03:12:00,RESOLVED,7.9,146.7
1142,225,DELIVERY,LOW,2026-08-12 09:57:00,RESOLVED,9.2,150.4
1143,1715,DELIVERY,LOW,2026-08-08 12:56:00,RESOLVED,11.9,281.8
1144,8818,REFUND,MEDIUM,2026-09-01 04:52:00,RESOLVED,17.7,129.5
1145,2402,PRODUCT,CRITICAL,2026-08-27 01:53:00,OPEN,8.5,555.7
1146,1865,DELIVERY,MEDIUM,2026-08-24 12:31:00,RESOLVED,46.2,405.6
1147,4462,DELIVERY,HIGH,2026-08-31 23:34:00,OPEN,33.7,127.5
1148,3981,ACCOUNT,MEDIUM,2026-09-06 04:21:00,PENDING,12.3,155.2
1149,9934,REFUND,LOW,2026-09-04 03:25:00,RESOLVED,5.1,133.6
1150,1036,DELIVERY,LOW,2026-08-05 06:06:00,RESOLVED,79.9,259.7
1151,8409,ACCOUNT,MEDIUM,2026-08-31 16:49:00,OPEN,54.3,516.8
1152,2294,PAYMENT,HIGH,2026-08-03 04:28:00,RESOLVED,8.7,431.3
1153,3100,DELIVERY,LOW,2026-08-29 12:31:00,RESOLVED,14.5,328.9
1154,4854,PAYMENT,MEDIUM,2026-09-07 17:25:00,RESOLVED,28.2,363.8
1155,9755,DELIVERY,MEDIUM,2026-09-07 06:19:00,RESOLVED,23.4,181.0
1156,2356,REFUND,MEDIUM,2026-08-18 20:09:00,RESOLVED,11.6,119.9
1157,3440,ACCOUNT,MEDIUM,2026-09-08 19:38:00,RESOLVED,32.3,415.0
1158,6591,PRODUCT,LOW,2026-08-09 15:30:00,RESOLVED,29.9,387.3
1159,6701,PAYMENT,HIGH,2026-09-06 19:55:00,RESOLVED,25.7,276.2
1160,3674,REFUND,MEDIUM,2026-08-30 17:22:00,RESOLVED,40.4,450.3
1161,1313,PAYMENT,LOW,2026-09-01 17:08:00,RESOLVED,12.1,372.0
1162,7885,PRODUCT,HIGH,2026-09-09 21:32:00,RESOLVED,26.6,262.3
1163,9005,PRODUCT,HIGH,2026-08-31 15:48:00,RESOLVED,8.3,298.4
1164,6020,PAYMENT,CRITICAL,2026-09-09 22:47:00,OPEN,25.4,214.7
1165,8729,DELIVERY,MEDIUM,2026-08-18 09:42:00,PENDING,33.8,171.6
1166,2540,ACCOUNT,HIGH,2026-09-08 12:38:00,PENDING,1.6,223.2
1167,8641,REFUND,LOW,2026-09-02 13:36:00,RESOLVED,39.1,123.0
1168,8084,ACCOUNT,HIGH,2026-08-07 06:19:00,RESOLVED,85.7,170.9
1169,9024,ACCOUNT,HIGH,2026-08-15 21:58:00,PENDING,78.5,220.4
1170,9321,REFUND,MEDIUM,2026-09-04 00:18:00,RESOLVED,6.5,271.6
1171,3454,PAYMENT,LOW,2026-08-25 16:38:00,RESOLVED,6.1,340.6
1172,1201,PRODUCT,HIGH,2026-08-05 23:14:00,RESOLVED,56.1,283.8
1173,7491,REFUND,MEDIUM,2026-08-24 19:22:00,RESOLVED,4.1,120.3
1174,6697,PRODUCT,CRITICAL,2026-08-15 06:32:00,RESOLVED,48.3,316.0
1175,6477,PAYMENT,HIGH,2026-08-05 14:16:00,RESOLVED,5.5,126.2
1176,6308,ACCOUNT,HIGH,2026-08-08 03:11:00,PENDING,6.6,202.5
1177,409,ACCOUNT,LOW,2026-08-09 05:42:00,OPEN,51.6,184.8
1178,6698,ACCOUNT,MEDIUM,2026-08-15 05:46:00,RESOLVED,28.0,634.2
1179,4842,REFUND,HIGH,2026-09-05 19:29:00,OPEN,10.1,273.7
1180,312,PRODUCT,MEDIUM,2026-08-10 22:02:00,RESOLVED,39.7,169.9
1181,8556,PRODUCT,LOW,2026-08-08 01:58:00,RESOLVED,23.4,352.7
1182,282,PAYMENT,MEDIUM,2026-09-05 20:55:00,OPEN,18.1,155.2
1183,2336,DELIVERY,LOW,2026-08-20 15:48:00,RESOLVED,7.2,287.8
1184,2949,REFUND,LOW,2026-09-09 12:13:00,RESOLVED,8.1,177.9
1185,7829,PAYMENT,LOW,2026-08-13 06:17:00,RESOLVED,31.1,273.1
1186,803,ACCOUNT,LOW,2026-08-07 22:50:00,RESOLVED,7.6,461.2
1187,3844,ACCOUNT,MEDIUM,2026-09-04 09:44:00,RESOLVED,13.5,241.8
1188,3661,ACCOUNT,LOW,2026-08-06 04:28:00,RESOLVED,11.3,571.8
1189,4148,ACCOUNT,MEDIUM,2026-08-30 12:12:00,RESOLVED,54.6,293.5
1190,8725,DELIVERY,HIGH,2026-08-07 13:47:00,OPEN,14.5,161.0
1191,3254,ACCOUNT,MEDIUM,2026-09-04 00:54:00,RESOLVED,19.7,179.5
1192,3545,PAYMENT,MEDIUM,2026-08-23 15:03:00,RESOLVED,3.9,182.7
1193,4089,DELIVERY,LOW,2026-08-06 14:29:00,RESOLVED,15.8,159.7
1194,3929,DELIVERY,MEDIUM,2026-09-05 06:47:00,RESOLVED,9.2,292.3
1195,9542,REFUND,MEDIUM,2026-08-12 04:00:00,RESOLVED,17.4,323.0
1196,2676,REFUND,HIGH,2026-08-30 19:40:00,RESOLVED,13.1,160.6
1197,1135,DELIVERY,HIGH,2026-08-08 09:46:00,RESOLVED,6.2,160.3
1198,4217,REFUND,MEDIUM,2026-08-17 21:10:00,RESOLVED,13.8,614.3
1199,836,PAYMENT,LOW,2026-08-11 06:20:00,RESOLVED,1.7,148.0
1200,7976,REFUND,MEDIUM,2026-09-08 08:41:00,PENDING,11.9,205.8
1201,8922,PRODUCT,CRITICAL,2026-08-05 14:35:00,RESOLVED,115.4,535.0
1202,8309,PRODUCT,CRITICAL,2026-08-22 13:00:00,PENDING,28.1,357.3
1203,8049,REFUND,CRITICAL,2026-08-11 18:42:00,OPEN,22.8,200.5
1204,4211,DELIVERY,LOW,2026-09-01 09:26:00,RESOLVED,9.7,234.9
1205,6984,REFUND,HIGH,2026-08-23 02:25:00,RESOLVED,28.3,414.0
1206,3969,PRODUCT,LOW,2026-08-20 23:59:00,RESOLVED,8.7,280.7
1207,8546,REFUND,LOW,2026-09-02 05:12:00,RESOLVED,54.3,437.2
1208,1951,PAYMENT,MEDIUM,2026-08-27 15:35:00,RESOLVED,41.3,343.7
1209,1407,ACCOUNT,LOW,2026-08-27 06:52:00,OPEN,8.6,452.3
1210,9757,PRODUCT,MEDIUM,2026-08-16 01:19:00,RESOLVED,13.2,448.3
1211,3606,PRODUCT,LOW,2026-08-10 06:39:00,RESOLVED,28.7,312.1
1212,3110,DELIVERY,LOW,2026-08-03 02:26:00,PENDING,14.0,353.3
1213,6685,PRODUCT,LOW,2026-08-23 07:11:00,RESOLVED,23.8,117.9
1214,3427,REFUND,MEDIUM,2026-08-25 12:06:00,OPEN,50.1,360.7
1215,7474,PAYMENT,LOW,2026-08-10 14:54:00,RESOLVED,43.1,193.4
1216,4299,PRODUCT,MEDIUM,2026-08-12 13:18:00,RESOLVED,12.7,145.8
1217,7840,ACCOUNT,MEDIUM,2026-08-03 06:58:00,RESOLVED,25.5,342.9
1218,805,PRODUCT,LOW,2026-08-23 00:36:00,RESOLVED,2.1,119.5
1219,7276,REFUND,HIGH,2026-09-07 20:00:00,OPEN,9.0,25.5
1220,3286,PAYMENT,LOW,2026-08-27 01:21:00,OPEN,27.5,357.9
1221,4230,REFUND,HIGH,2026-08-03 20:03:00,RESOLVED,20.3,37.7
1222,9306,PAYMENT,CRITICAL,2026-08-19 01:38:00,RESOLVED,13.2,556.8
1223,4823,PRODUCT,HIGH,2026-09-06 18:02:00,OPEN,9.1,371.0
1224,745,ACCOUNT,MEDIUM,2026-08-07 06:47:00,RESOLVED,14.7,382.9
1225,4584,REFUND,HIGH,2026-08-11 10:42:00,RESOLVED,68.3,334.5
1226,2405,REFUND,LOW,2026-09-02 04:58:00,RESOLVED,22.6,131.4
1227,4748,ACCOUNT,HIGH,2026-08-27 23:41:00,PENDING,11.3,72.0
1228,2178,DELIVERY,LOW,2026-08-07 21:33:00,OPEN,6.8,55.1
1229,6431,REFUND,MEDIUM,2026-08-01 06:36:00,RESOLVED,11.3,136.2
1230,2351,ACCOUNT,MEDIUM,2026-08-06 04:09:00,RESOLVED,9.6,154.4
1231,4654,ACCOUNT,HIGH,2026-08-23 08:26:00,RESOLVED,5.2,295.6
1232,9547,ACCOUNT,MEDIUM,2026-08-13 16:39:00,RESOLVED,13.0,164.6
1233,6379,ACCOUNT,LOW,2026-08-08 00:10:00,RESOLVED,19.6,349.8
1234,7086,REFUND,LOW,2026-08-03 07:52:00,RESOLVED,4.9,250.2
1235,7724,DELIVERY,HIGH,2026-08-04 14:18:00,RESOLVED,42.2,290.9
1236,9198,ACCOUNT,CRITICAL,2026-08-15 03:05:00,RESOLVED,12.0,131.4
1237,8862,PAYMENT,LOW,2026-08-10 04:45:00,RESOLVED,15.4,149.7
1238,8577,REFUND,MEDIUM,2026-08-31 07:17:00,RESOLVED,26.8,273.9
1239,3411,PAYMENT,MEDIUM,2026-08-31 04:00:00,RESOLVED,18.9,163.8
1240,6248,ACCOUNT,LOW,2026-09-01 14:41:00,RESOLVED,7.2,148.8
1241,8181,PAYMENT,LOW,2026-08-29 12:31:00,RESOLVED,13.9,431.3
1242,5599,PRODUCT,MEDIUM,2026-08-19 06:27:00,RESOLVED,3.7,204.2
1243,1272,PAYMENT,LOW,2026-08-08 08:51:00,RESOLVED,41.7,142.0
1244,5091,PAYMENT,HIGH,2026-08-08 08:17:00,OPEN,9.7,275.2
1245,2162,ACCOUNT,LOW,2026-08-25 21:55:00,RESOLVED,11.4,104.8
1246,6896,ACCOUNT,MEDIUM,2026-09-08 22:47:00,PENDING,11.4,233.1
1247,8597,PAYMENT,LOW,2026-08-30 10:07:00,RESOLVED,31.8,434.8
1248,7019,ACCOUNT,MEDIUM,2026-09-02 22:52:00,RESOLVED,6.2,140.7
1249,5510,PRODUCT,LOW,2026-09-03 11:37:00,OPEN,8.2,115.5
1250,5995,DELIVERY,LOW,2026-08-01 05:01:00,RESOLVED,20.1,138.0
1251,5386,ACCOUNT,MEDIUM,2026-09-06 09:42:00,PENDING,37.5,248.8
1252,4490,PRODUCT,MEDIUM,2026-08-25 06:43:00,OPEN,19.7,234.5
1253,2270,ACCOUNT,MEDIUM,2026-09-04 18:33:00,PENDING,25.4,292.7
1254,6754,PRODUCT,LOW,2026-09-07 19:26:00,PENDING,19.1,404.9
1255,3496,ACCOUNT,LOW,2026-08-06 04:28:00,RESOLVED,17.3,240.0
1256,1567,PAYMENT,LOW,2026-09-07 04:02:00,RESOLVED,31.8,122.5
1257,8002,DELIVERY,LOW,2026-08-22 16:14:00,OPEN,20.6,334.5
1258,5516,REFUND,LOW,2026-08-16 23:27:00,PENDING,55.1,188.6
1259,5204,DELIVERY,LOW,2026-09-08 17:41:00,RESOLVED,11.7,189.4
1260,5193,REFUND,MEDIUM,2026-08-25 10:53:00,PENDING,49.6,174.6
1261,778,PAYMENT,LOW,2026-08-26 23:04:00,RESOLVED,9.4,363.6
1262,5347,ACCOUNT,MEDIUM,2026-08-25 15:40:00,RESOLVED,17.1,624.8
1263,5437,PRODUCT,HIGH,2026-08-26 06:17:00,RESOLVED,7.9,156.9
1264,5109,PAYMENT,HIGH,2026-08-30 04:47:00,OPEN,14.3,208.2
1265,71,PAYMENT,MEDIUM,2026-08-15 03:06:00,PENDING,9.6,66.3
1266,7503,PAYMENT,LOW,2026-09-07 15:50:00,PENDING,9.3,368.7
1267,6141,PAYMENT,MEDIUM,2026-08-27 23:35:00,RESOLVED,6.1,199.5
1268,7575,PAYMENT,LOW,2026-08-19 15:47:00,RESOLVED,16.7,169.6
1269,5039,ACCOUNT,MEDIUM,2026-08-22 07:02:00,RESOLVED,24.0,342.4
1270,3296,DELIVERY,HIGH,2026-08-03 11:15:00,RESOLVED,93.7,256.4
1271,8332,REFUND,MEDIUM,2026-08-04 13:52:00,RESOLVED,24.6,142.3
1272,3508,DELIVERY,HIGH,2026-08-29 21:05:00,RESOLVED,20.6,445.5
1273,4533,ACCOUNT,LOW,2026-08-16 03:10:00,PENDING,11.2,411.2
1274,165,DELIVERY,LOW,2026-09-07 20:17:00,RESOLVED,17.1,83.9
1275,1629,PRODUCT,LOW,2026-08-18 01:07:00,RESOLVED,5.5,223.1
1276,1133,DELIVERY,LOW,2026-09-04 19:45:00,PENDING,16.4,160.3
1277,4236,PAYMENT,LOW,2026-08-29 18:50:00,OPEN,3.5,214.2
1278,2624,ACCOUNT,HIGH,2026-08-01 23:31:00,PENDING,15.4,180.5
1279,3325,ACCOUNT,MEDIUM,2026-08-14 08:08:00,RESOLVED,90.2,712.5
1280,7658,DELIVERY,HIGH,2026-09-05 07:19:00,RESOLVED,19.3,243.0
1281,6830,PRODUCT,HIGH,2026-09-01 15:57:00,RESOLVED,57.0,204.8
1282,7979,REFUND,MEDIUM,2026-08-06 21:23:00,RESOLVED,86.5,115.0
1283,8159,PRODUCT,HIGH,2026-08-10 05:20:00,PENDING,5.9,135.0
1284,2481,PAYMENT,LOW,2026-09-09 03:40:00,RESOLVED,24.0,745.8
1285,6157,PRODUCT,HIGH,2026-08-19 16:11:00,RESOLVED,6.4,258.1
1286,8698,ACCOUNT,MEDIUM,2026-08-30 15:38:00,OPEN,7.9,311.8
1287,3048,REFUND,MEDIUM,2026-08-20 11:03:00,RESOLVED,12.9,134.6
1288,3757,DELIVERY,MEDIUM,2026-08-06 01:06:00,RESOLVED,21.2,132.4
1289,5315,REFUND,HIGH,2026-08-23 13:48:00,RESOLVED,9.1,199.5
1290,7981,REFUND,HIGH,2026-08-05 00:44:00,RESOLVED,22.6,523.8
1291,1473,DELIVERY,LOW,2026-09-06 23:21:00,PENDING,64.4,158.7
1292,4669,PRODUCT,LOW,2026-08-12 02:45:00,OPEN,27.5,274.0
1293,2424,ACCOUNT,LOW,2026-09-03 09:20:00,RESOLVED,67.2,239.1
1294,7127,PAYMENT,HIGH,2026-08-10 04:16:00,RESOLVED,12.4,259.4
1295,2420,PAYMENT,LOW,2026-08-03 22:16:00,RESOLVED,11.7,613.3
1296,3564,PAYMENT,MEDIUM,2026-08-01 03:51:00,RESOLVED,9.3,116.3
1297,3464,ACCOUNT,MEDIUM,2026-08-05 07:18:00,RESOLVED,28.8,137.2
1298,707,DELIVERY,HIGH,2026-09-05 14:44:00,PENDING,8.2,189.8
1299,6682,PAYMENT,HIGH,2026-08-04 23:37:00,OPEN,62.0,817.6
1300,2541,ACCOUNT,MEDIUM,2026-08-06 01:24:00,RESOLVED,5.6,87.2
1301,4909,DELIVERY,MEDIUM,2026-08-09 17:39:00,OPEN,9.3,138.2
1302,6971,PAYMENT,HIGH,2026-09-09 13:47:00,RESOLVED,13.2,308.8
1303,7869,DELIVERY,LOW,2026-09-02 11:49:00,PENDING,7.0,207.2
1304,9180,ACCOUNT,MEDIUM,2026-08-11 13:21:00,RESOLVED,11.9,374.5
1305,1261,PRODUCT,HIGH,2026-08-18 05:26:00,RESOLVED,36.8,592.1
1306,6283,ACCOUNT,MEDIUM,2026-08-23 23:28:00,PENDING,18.8,262.2
1307,3284,REFUND,HIGH,2026-08-12 01:39:00,OPEN,35.6,408.8
1308,7690,PRODUCT,MEDIUM,2026-08-28 22:26:00,PENDING,45.1,298.4
1309,3888,PRODUCT,MEDIUM,2026-08-11 16:16:00,RESOLVED,12.2,51.0
1310,142,DELIVERY,HIGH,2026-08-13 01:08:00,OPEN,26.7,163.6
1311,8561,PRODUCT,MEDIUM,2026-09-06 17:59:00,RESOLVED,14.9,291.0
1312,7601,PRODUCT,HIGH,2026-08-19 05:43:00,RESOLVED,10.7,366.9
1313,3305,PRODUCT,HIGH,2026-09-06 20:47:00,PENDING,14.2,199.5
1314,8356,PAYMENT,LOW,2026-08-31 22:00:00,OPEN,54.5,265.0
1315,4105,ACCOUNT,LOW,2026-08-13 12:40:00,OPEN,34.8,175.1
1316,4127,DELIVERY,MEDIUM,2026-08-03 14:02:00,RESOLVED,43.6,249.5
1317,3000,REFUND,HIGH,2026-08-06 23:02:00,RESOLVED,13.1,154.1
1318,4939,REFUND,HIGH,2026-08-15 11:13:00,RESOLVED,6.2,137.8
1319,9945,ACCOUNT,LOW,2026-08-31 01:38:00,RESOLVED,25.4,133.3
1320,524,DELIVERY,MEDIUM,2026-09-01 14:23:00,RESOLVED,56.5,181.7
1321,5934,DELIVERY,MEDIUM,2026-08-17 04:13:00,RESOLVED,14.9,464.9
1322,1747,ACCOUNT,MEDIUM,2026-08-14 06:41:00,RESOLVED,46.7,161.6
1323,1239,REFUND,MEDIUM,2026-08-29 16:59:00,RESOLVED,47.1,221.8
1324,565,PRODUCT,CRITICAL,2026-08-03 08:53:00,RESOLVED,49.5,249.0
1325,2733,REFUND,MEDIUM,2026-08-17 05:26:00,PENDING,26.0,239.6
1326,7314,PRODUCT,LOW,2026-08-08 12:14:00,PENDING,21.5,276.5
1327,7363,ACCOUNT,MEDIUM,2026-08-28 01:00:00,RESOLVED,32.1,100.8
1328,7999,PRODUCT,LOW,2026-08-28 02:01:00,RESOLVED,46.6,270.7
1329,1454,REFUND,MEDIUM,2026-09-04 01:21:00,OPEN,30.5,389.3
1330,1087,PRODUCT,HIGH,2026-09-08 16:46:00,OPEN,28.7,449.3
1331,9821,ACCOUNT,MEDIUM,2026-08-09 12:18:00,PENDING,11.7,314.2
1332,9216,ACCOUNT,HIGH,2026-08-10 03:38:00,PENDING,27.7,126.4
1333,7001,REFUND,MEDIUM,2026-08-17 07:24:00,RESOLVED,24.5,214.4
1334,8396,REFUND,MEDIUM,2026-08-21 16:49:00,RESOLVED,72.7,174.6
1335,8044,PAYMENT,MEDIUM,2026-08-30 02:40:00,RESOLVED,33.9,266.5
1336,5763,REFUND,MEDIUM,2026-08-10 14:53:00,RESOLVED,25.8,223.1
1337,4757,PRODUCT,MEDIUM,2026-08-23 14:01:00,PENDING,12.4,254.9
1338,9783,PAYMENT,LOW,2026-09-06 22:22:00,OPEN,5.3,90.4
1339,6763,PAYMENT,MEDIUM,2026-08-03 19:15:00,RESOLVED,9.3,236.2
1340,8825,ACCOUNT,LOW,2026-09-06 00:06:00,RESOLVED,72.7,491.3
1341,2072,REFUND,LOW,2026-08-08 02:39:00,OPEN,16.2,340.4
1342,2227,ACCOUNT,MEDIUM,2026-08-16 15:33:00,RESOLVED,27.5,215.6
1343,6298,PAYMENT,CRITICAL,2026-08-07 00:32:00,RESOLVED,11.0,331.1
1344,9541,ACCOUNT,LOW,2026-08-02 11:34:00,PENDING,4.5,250.1
1345,6206,PAYMENT,HIGH,2026-08-12 05:25:00,RESOLVED,16.5,257.0
1346,4430,PRODUCT,MEDIUM,2026-08-25 07:13:00,RESOLVED,43.2,507.8
1347,249,DELIVERY,LOW,2026-08-16 00:28:00,RESOLVED,7.3,250.4
1348,1549,REFUND,LOW,2026-08-26 02:37:00,RESOLVED,4.5,157.7
1349,2309,PAYMENT,LOW,2026-08-30 13:28:00,OPEN,5.0,171.5
1350,2001,REFUND,MEDIUM,2026-08-25 17:01:00,PENDING,9.3,228.8
1351,7024,DELIVERY,MEDIUM,2026-08-28 01:38:00,RESOLVED,20.2,66.9
1352,6842,PAYMENT,MEDIUM,2026-08-12 20:09:00,RESOLVED,10.1,134.5
1353,3797,REFUND,LOW,2026-09-02 10:35:00,RESOLVED,26.2,74.5
1354,9876,PRODUCT,LOW,2026-08-01 22:56:00,RESOLVED,17.9,122.5
1355,3937,PAYMENT,LOW,2026-09-03 21:03:00,RESOLVED,9.1,249.9
1356,4453,PAYMENT,HIGH,2026-08-02 06:52:00,RESOLVED,80.6,393.3
1357,5263,ACCOUNT,MEDIUM,2026-08-26 05:02:00,RESOLVED,13.9,618.2
1358,5732,DELIVERY,MEDIUM,2026-09-01 03:45:00,RESOLVED,13.3,149.2
1359,1912,PRODUCT,MEDIUM,2026-09-06 01:22:00,RESOLVED,18.3,448.6
1360,3003,PAYMENT,LOW,2026-08-22 05:51:00,RESOLVED,18.4,370.8
1361,6881,PRODUCT,LOW,2026-09-02 09:12:00,PENDING,19.1,204.5
1362,8455,ACCOUNT,MEDIUM,2026-08-11 20:20:00,PENDING,21.6,426.6
1363,4235,REFUND,HIGH,2026-08-12 14:19:00,PENDING,50.4,353.7
1364,1152,REFUND,HIGH,2026-09-06 13:56:00,RESOLVED,33.7,57.8
1365,8516,PRODUCT,LOW,2026-08-22 22:30:00,RESOLVED,16.4,151.5
1366,5823,PRODUCT,LOW,2026-09-05 08:57:00,RESOLVED,48.7,234.4
1367,4363,DELIVERY,MEDIUM,2026-08-21 11:20:00,RESOLVED,9.9,159.5
1368,5863,REFUND,LOW,2026-09-02 15:30:00,RESOLVED,11.3,120.6
1369,8229,ACCOUNT,CRITICAL,2026-08-08 01:28:00,RESOLVED,52.9,221.5
1370,12,PAYMENT,LOW,2026-08-25 20:56:00,RESOLVED,73.5,324.8
1371,3602,ACCOUNT,LOW,2026-08-09 07:55:00,OPEN,13.2,105.2
1372,9406,PRODUCT,LOW,2026-08-25 14:22:00,RESOLVED,23.2,108.8
1373,3008,REFUND,HIGH,2026-08-14 00:49:00,RESOLVED,6.8,250.9
1374,9744,REFUND,MEDIUM,2026-08-22 05:31:00,RESOLVED,4.3,180.6
1375,2815,ACCOUNT,LOW,2026-09-06 08:15:00,RESOLVED,22.2,139.1
1376,4675,PRODUCT,MEDIUM,2026-08-08 07:52:00,OPEN,11.3,143.1
1377,700,PAYMENT,LOW,2026-08-30 01:09:00,RESOLVED,4.8,329.3
1378,7257,PRODUCT,LOW,2026-08-30 02:13:00,RESOLVED,34.6,126.4
1379,2395,PAYMENT,HIGH,2026-08-13 12:29:00,RESOLVED,35.0,676.8
1380,8488,REFUND,MEDIUM,2026-08-21 19:54:00,RESOLVED,44.1,480.2
1381,1298,ACCOUNT,MEDIUM,2026-09-06 01:27:00,RESOLVED,5.6,504.1
1382,1168,ACCOUNT,MEDIUM,2026-08-22 20:09:00,PENDING,20.1,158.7
1383,4693,ACCOUNT,MEDIUM,2026-08-06 13:39:00,RESOLVED,10.8,253.3
1384,847,PRODUCT,HIGH,2026-08-28 12:53:00,RESOLVED,8.1,199.1
1385,3293,ACCOUNT,LOW,2026-08-05 13:20:00,RESOLVED,36.3,286.9
1386,6894,PAYMENT,MEDIUM,2026-08-15 21:07:00,RESOLVED,21.6,281.5
1387,5048,REFUND,MEDIUM,2026-09-03 12:56:00,RESOLVED,18.1,444.4
1388,5595,DELIVERY,LOW,2026-08-29 04:12:00,RESOLVED,39.0,137.9
1389,908,REFUND,LOW,2026-08-28 01:02:00,RESOLVED,18.7,447.8
1390,6794,PAYMENT,HIGH,2026-08-10 22:14:00,RESOLVED,8.1,150.2
1391,912,DELIVERY,HIGH,2026-08-01 16:21:00,RESOLVED,3.5,100.9
1392,5720,REFUND,LOW,2026-09-04 14:52:00,OPEN,21.9,135.4
1393,7908,ACCOUNT,LOW,2026-08-10 11:07:00,RESOLVED,6.6,178.9
1394,7264,REFUND,MEDIUM,2026-09-09 10:37:00,RESOLVED,15.8,341.9
1395,3530,REFUND,HIGH,2026-08-13 16:45:00,RESOLVED,17.0,227.7
1396,1550,PRODUCT,MEDIUM,2026-08-24 16:09:00,RESOLVED,42.0,157.5
1397,8307,ACCOUNT,HIGH,2026-08-29 09:38:00,RESOLVED,6.8,293.4
1398,2157,ACCOUNT,HIGH,2026-08-16 06:20:00,PENDING,27.1,162.9
1399,4957,ACCOUNT,LOW,2026-09-01 20:20:00,RESOLVED,24.0,357.5
1400,2371,DELIVERY,LOW,2026-08-12 12:47:00,PENDING,23.8,156.6
1401,298,DELIVERY,LOW,2026-08-18 21:28:00,RESOLVED,26.5,146.1
1402,4166,PRODUCT,HIGH,2026-09-05 17:00:00,RESOLVED,17.8,67.0
1403,5504,ACCOUNT,MEDIUM,2026-08-13 10:51:00,RESOLVED,30.2,204.3
1404,7596,PRODUCT,HIGH,2026-08-14 01:38:00,RESOLVED,1.5,280.0
1405,7258,ACCOUNT,MEDIUM,2026-08-04 14:22:00,RESOLVED,29.8,288.1
1406,8314,PRODUCT,MEDIUM,2026-09-02 13:29:00,RESOLVED,44.4,508.4
1407,8140,REFUND,LOW,2026-08-03 15:27:00,RESOLVED,95.9,317.1
1408,4013,ACCOUNT,LOW,2026-08-17 08:14:00,RESOLVED,72.3,314.9
1409,3412,PRODUCT,HIGH,2026-08-12 06:43:00,RESOLVED,8.3,441.6
1410,6021,REFUND,MEDIUM,2026-09-05 04:31:00,RESOLVED,16.7,260.9
1411,4797,PAYMENT,CRITICAL,2026-08-19 21:12:00,RESOLVED,16.2,415.0
1412,2952,PAYMENT,LOW,2026-08-18 06:33:00,RESOLVED,66.8,263.7
1413,318,DELIVERY,MEDIUM,2026-08-22 02:14:00,RESOLVED,68.5,329.0
1414,4758,REFUND,MEDIUM,2026-08-24 02:49:00,RESOLVED,41.5,242.4
1415,4694,REFUND,LOW,2026-08-09 17:37:00,RESOLVED,18.9,199.3
1416,9410,REFUND,MEDIUM,2026-08-05 21:44:00,OPEN,18.7,392.4
1417,8126,PAYMENT,HIGH,2026-08-08 01:00:00,RESOLVED,47.4,203.4
1418,2693,PAYMENT,MEDIUM,2026-09-09 00:31:00,RESOLVED,11.0,505.5
1419,1104,ACCOUNT,MEDIUM,2026-08-02 19:15:00,PENDING,39.7,120.6
1420,7880,DELIVERY,MEDIUM,2026-08-23 12:27:00,RESOLVED,5.9,313.1
1421,4873,ACCOUNT,HIGH,2026-08-30 21:47:00,RESOLVED,10.0,124.1
1422,422,REFUND,HIGH,2026-08-25 18:34:00,RESOLVED,60.3,134.0
1423,7539,REFUND,MEDIUM,2026-09-02 15:11:00,RESOLVED,31.4,449.8
1424,3453,DELIVERY,MEDIUM,2026-08-06 00:26:00,RESOLVED,18.1,260.6
1425,1712,DELIVERY,MEDIUM,2026-08-16 15:21:00,RESOLVED,17.4,789.1
1426,6588,DELIVERY,CRITICAL,2026-08-28 14:55:00,RESOLVED,5.7,224.3
1427,7853,REFUND,HIGH,2026-08-03 07:36:00,PENDING,20.5,167.5
1428,7761,REFUND,MEDIUM,2026-08-18 01:23:00,RESOLVED,66.4,620.0
1429,2743,REFUND,LOW,2026-09-01 19:15:00,PENDING,19.0,107.3
1430,5922,DELIVERY,HIGH,2026-08-17 22:14:00,PENDING,7.0,330.8
1431,4659,REFUND,LOW,2026-09-01 14:48:00,RESOLVED,3.1,201.7
1432,8693,DELIVERY,LOW,2026-08-19 22:21:00,OPEN,9.9,320.0
1433,1898,PRODUCT,MEDIUM,2026-08-05 06:28:00,RESOLVED,27.2,298.2
1434,8208,PRODUCT,MEDIUM,2026-08-22 10:29:00,PENDING,10.5,128.9
1435,3464,DELIVERY,LOW,2026-08-17 09:59:00,RESOLVED,16.3,142.6
1436,6176,PRODUCT,LOW,2026-09-02 03:20:00,OPEN,43.8,273.4
1437,5022,ACCOUNT,HIGH,2026-09-03 12:57:00,RESOLVED,14.0,185.2
1438,3482,ACCOUNT,MEDIUM,2026-08-14 16:15:00,OPEN,50.2,312.0
1439,2315,DELIVERY,LOW,2026-09-06 06:40:00,RESOLVED,9.6,360.5
1440,3638,ACCOUNT,LOW,2026-09-05 05:30:00,RESOLVED,23.9,412.9
1441,6075,PAYMENT,MEDIUM,2026-08-20 08:40:00,RESOLVED,20.5,130.2
1442,6151,ACCOUNT,LOW,2026-08-05 10:22:00,PENDING,11.9,207.7
1443,6233,REFUND,LOW,2026-08-29 10:41:00,RESOLVED,21.4,376.4
1444,6566,PRODUCT,CRITICAL,2026-08-22 05:20:00,RESOLVED,59.0,217.2
1445,512,ACCOUNT,MEDIUM,2026-08-27 08:48:00,RESOLVED,20.7,262.8
1446,3946,REFUND,MEDIUM,2026-08-28 02:57:00,OPEN,39.1,332.3
1447,3150,PRODUCT,MEDIUM,2026-08-31 14:05:00,RESOLVED,22.4,183.1
1448,3976,DELIVERY,MEDIUM,2026-09-08 19:34:00,RESOLVED,3.5,48.7
1449,3823,PRODUCT,MEDIUM,2026-08-13 21:27:00,OPEN,11.7,284.8
1450,1768,ACCOUNT,MEDIUM,2026-08-16 22:14:00,OPEN,9.5,489.4
1451,9649,REFUND,MEDIUM,2026-08-08 00:15:00,RESOLVED,2.3,214.3
1452,3,ACCOUNT,LOW,2026-08-28 03:20:00,PENDING,28.2,357.9
1453,5956,PRODUCT,MEDIUM,2026-08-29 06:47:00,RESOLVED,14.1,131.9
1454,4615,PAYMENT,LOW,2026-09-01 10:51:00,RESOLVED,2.9,202.5
1455,7035,REFUND,HIGH,2026-08-07 02:40:00,RESOLVED,4.9,100.8
1456,8309,PAYMENT,HIGH,2026-09-03 07:16:00,OPEN,34.7,233.2
1457,6489,ACCOUNT,HIGH,2026-08-25 03:33:00,RESOLVED,9.1,192.2
1458,7666,DELIVERY,MEDIUM,2026-09-06 16:17:00,RESOLVED,14.2,156.6
1459,2739,ACCOUNT,MEDIUM,2026-08-01 00:08:00,RESOLVED,21.6,321.1
1460,9940,DELIVERY,MEDIUM,2026-08-14 20:02:00,RESOLVED,62.7,165.1
1461,873,ACCOUNT,LOW,2026-09-08 01:12:00,RESOLVED,66.2,120.9
1462,6695,PAYMENT,CRITICAL,2026-09-03 16:46:00,RESOLVED,24.5,330.7
1463,1466,ACCOUNT,MEDIUM,2026-08-26 18:12:00,PENDING,25.8,131.6
1464,2340,DELIVERY,MEDIUM,2026-09-08 06:38:00,RESOLVED,16.7,176.9
1465,8253,DELIVERY,HIGH,2026-08-26 12:17:00,RESOLVED,36.9,151.2
1466,6774,PAYMENT,MEDIUM,2026-08-19 18:35:00,RESOLVED,3.5,211.0
1467,6335,PRODUCT,MEDIUM,2026-08-11 21:41:00,RESOLVED,15.9,118.6
1468,8285,PRODUCT,MEDIUM,2026-08-28 15:35:00,PENDING,22.3,408.9
1469,2785,PRODUCT,MEDIUM,2026-08-22 03:07:00,RESOLVED,28.5,340.4
1470,6410,ACCOUNT,MEDIUM,2026-08-13 22:04:00,PENDING,15.8,581.2
1471,2020,PRODUCT,MEDIUM,2026-08-07 05:52:00,RESOLVED,61.3,604.7
1472,4818,ACCOUNT,HIGH,2026-08-11 06:03:00,RESOLVED,32.0,147.2
1473,4049,DELIVERY,LOW,2026-08-21 10:24:00,RESOLVED,27.4,155.1
1474,6186,REFUND,MEDIUM,2026-08-12 02:50:00,OPEN,14.6,314.5
1475,650,DELIVERY,LOW,2026-08-24 12:45:00,RESOLVED,11.4,561.8
1476,259,PAYMENT,MEDIUM,2026-08-03 01:21:00,RESOLVED,54.4,274.1
1477,317,REFUND,LOW,2026-08-14 21:30:00,PENDING,6.5,331.8
1478,2652,PRODUCT,MEDIUM,2026-08-24 03:16:00,RESOLVED,21.1,341.6
1479,5761,PAYMENT,LOW,2026-08-30 04:03:00,RESOLVED,4.4,251.6
1480,1578,PAYMENT,LOW,2026-09-04 11:18:00,RESOLVED,21.2,461.8
1481,9913,PRODUCT,MEDIUM,2026-08-06 08:31:00,RESOLVED,31.1,125.9
1482,4135,ACCOUNT,MEDIUM,2026-08-12 11:37:00,RESOLVED,39.0,194.6
1483,3032,DELIVERY,MEDIUM,2026-08-26 16:37:00,PENDING,78.0,205.7
1484,8931,REFUND,CRITICAL,2026-08-02 06:27:00,RESOLVED,11.3,359.4
1485,1753,PAYMENT,LOW,2026-08-22 21:13:00,RESOLVED,38.1,114.1
1486,1880,DELIVERY,MEDIUM,2026-08-12 07:48:00,RESOLVED,20.1,131.6
1487,3808,ACCOUNT,MEDIUM,2026-08-21 19:33:00,RESOLVED,48.5,120.3
1488,710,REFUND,HIGH,2026-08-31 21:08:00,PENDING,17.8,180.2
1489,6815,DELIVERY,LOW,2026-08-07 21:19:00,RESOLVED,11.9,161.1
1490,7770,PAYMENT,MEDIUM,2026-08-18 21:43:00,RESOLVED,65.3,378.8
1491,3536,DELIVERY,HIGH,2026-08-30 16:03:00,RESOLVED,45.4,442.1
1492,8680,REFUND,MEDIUM,2026-08-31 16:26:00,RESOLVED,18.2,187.7
1493,74,PRODUCT,HIGH,2026-08-13 03:28:00,RESOLVED,12.5,50.7
1494,5314,REFUND,LOW,2026-08-09 16:20:00,RESOLVED,10.7,248.2
1495,7301,ACCOUNT,LOW,2026-08-17 18:27:00,PENDING,34.7,148.8
1496,3766,REFUND,MEDIUM,2026-08-26 16:16:00,RESOLVED,50.3,138.6
1497,9467,DELIVERY,LOW,2026-08-29 07:35:00,RESOLVED,32.3,467.5
1498,4306,PAYMENT,MEDIUM,2026-08-30 05:45:00,OPEN,27.2,221.1
1499,9181,DELIVERY,LOW,2026-08-12 20:51:00,RESOLVED,9.6,118.7
1500,6590,PRODUCT,MEDIUM,2026-09-02 08:49:00,RESOLVED,5.8,181.0
1501,2309,PAYMENT,HIGH,2026-09-01 11:23:00,RESOLVED,8.2,178.8
1502,8313,DELIVERY,HIGH,2026-08-28 08:41:00,PENDING,32.5,492.1
1503,308,REFUND,LOW,2026-08-30 13:55:00,RESOLVED,13.1,116.3
1504,1895,ACCOUNT,LOW,2026-09-06 10:21:00,RESOLVED,10.7,116.7
1505,7799,ACCOUNT,HIGH,2026-09-02 21:46:00,RESOLVED,19.8,392.7
1506,9023,PRODUCT,MEDIUM,2026-08-06 00:58:00,RESOLVED,54.2,668.4
1507,3881,ACCOUNT,MEDIUM,2026-08-31 12:17:00,RESOLVED,5.1,155.1
1508,6574,DELIVERY,HIGH,2026-08-23 00:37:00,RESOLVED,16.4,69.0
1509,6975,PRODUCT,MEDIUM,2026-08-18 03:24:00,RESOLVED,27.5,196.4
1510,7383,DELIVERY,MEDIUM,2026-08-18 23:48:00,PENDING,3.2,431.4
1511,9057,PAYMENT,HIGH,2026-08-07 09:58:00,RESOLVED,38.8,193.4
1512,870,DELIVERY,MEDIUM,2026-09-09 23:18:00,RESOLVED,37.2,270.6
1513,1926,REFUND,MEDIUM,2026-08-03 01:13:00,RESOLVED,20.5,261.0
1514,9184,DELIVERY,HIGH,2026-08-22 23:22:00,RESOLVED,10.8,148.5
1515,5446,REFUND,MEDIUM,2026-09-07 01:31:00,PENDING,99.3,227.9
1516,5282,PRODUCT,HIGH,2026-08-28 09:50:00,RESOLVED,22.2,296.0
1517,4030,PRODUCT,LOW,2026-09-08 04:48:00,OPEN,3.6,122.1
1518,3622,ACCOUNT,HIGH,2026-09-06 18:16:00,PENDING,11.9,57.2
1519,2449,ACCOUNT,LOW,2026-08-02 01:32:00,OPEN,20.5,785.1
1520,3990,DELIVERY,LOW,2026-08-06 16:47:00,RESOLVED,3.2,144.3
1521,734,ACCOUNT,MEDIUM,2026-08-05 09:41:00,RESOLVED,8.9,110.6
1522,2931,REFUND,HIGH,2026-08-14 13:42:00,RESOLVED,8.6,314.1
1523,9936,ACCOUNT,HIGH,2026-08-16 15:46:00,RESOLVED,17.8,481.3
1524,1630,ACCOUNT,MEDIUM,2026-08-13 22:22:00,RESOLVED,7.6,175.6
1525,7323,ACCOUNT,CRITICAL,2026-08-07 03:43:00,OPEN,18.3,378.1
1526,347,PAYMENT,MEDIUM,2026-08-05 16:14:00,RESOLVED,35.2,171.6
1527,7339,PRODUCT,HIGH,2026-08-21 04:09:00,PENDING,82.2,127.3
1528,2645,PAYMENT,LOW,2026-08-23 09:36:00,OPEN,9.5,261.2
1529,7024,DELIVERY,LOW,2026-08-13 03:48:00,RESOLVED,20.5,232.4
1530,4967,PAYMENT,LOW,2026-08-13 06:17:00,RESOLVED,15.9,87.6
1531,7757,REFUND,HIGH,2026-08-20 18:37:00,RESOLVED,24.7,101.3
1532,6668,DELIVERY,LOW,2026-08-07 14:33:00,RESOLVED,6.7,159.1
1533,5581,DELIVERY,MEDIUM,2026-08-07 07:04:00,RESOLVED,39.0,385.1
1534,7334,REFUND,LOW,2026-08-01 21:01:00,RESOLVED,46.4,189.9
1535,9659,PRODUCT,LOW,2026-08-15 09:46:00,RESOLVED,30.2,279.7
1536,5957,ACCOUNT,MEDIUM,2026-08-02 00:03:00,PENDING,8.7,403.5
1537,1739,ACCOUNT,LOW,2026-08-15 11:30:00,OPEN,55.8,412.7
1538,1161,PRODUCT,HIGH,2026-08-16 15:07:00,RESOLVED,18.2,347.1
1539,5477,ACCOUNT,HIGH,2026-08-11 08:11:00,RESOLVED,56.4,760.0
1540,4316,REFUND,MEDIUM,2026-08-25 10:29:00,RESOLVED,17.0,249.6
1541,6086,ACCOUNT,MEDIUM,2026-08-06 20:44:00,RESOLVED,13.7,720.3
1542,6675,ACCOUNT,HIGH,2026-08-09 12:03:00,RESOLVED,9.7,130.1
1543,1870,DELIVERY,MEDIUM,2026-09-08 02:07:00,RESOLVED,5.1,70.8
1544,7432,REFUND,LOW,2026-09-06 09:43:00,RESOLVED,40.2,167.8
1545,9914,REFUND,LOW,2026-08-05 14:54:00,RESOLVED,11.2,342.8
1546,3246,DELIVERY,MEDIUM,2026-08-09 09:46:00,RESOLVED,36.1,458.5
1547,9288,DELIVERY,MEDIUM,2026-08-24 03:28:00,RESOLVED,2.6,77.2
1548,9285,ACCOUNT,MEDIUM,2026-08-11 19:36:00,PENDING,5.3,248.9
1549,4186,DELIVERY,HIGH,2026-08-07 12:06:00,OPEN,41.6,211.1
1550,7954,PRODUCT,MEDIUM,2026-08-13 03:59:00,RESOLVED,16.5,54.6
1551,9324,ACCOUNT,LOW,2026-09-09 12:28:00,RESOLVED,27.3,166.7
1552,8518,PRODUCT,MEDIUM,2026-08-07 07:26:00,PENDING,21.7,244.7
1553,3887,PAYMENT,MEDIUM,2026-08-25 18:40:00,OPEN,7.9,105.8
1554,6666,DELIVERY,LOW,2026-09-09 23:07:00,RESOLVED,29.2,321.9
1555,5926,PAYMENT,LOW,2026-09-03 00:09:00,RESOLVED,7.7,249.2
1556,4138,REFUND,MEDIUM,2026-08-29 16:16:00,RESOLVED,59.9,285.3
1557,6396,ACCOUNT,MEDIUM,2026-08-13 03:19:00,RESOLVED,31.5,127.0
1558,9342,ACCOUNT,LOW,2026-08-13 00:22:00,OPEN,47.1,246.5
1559,261,REFUND,MEDIUM,2026-08-25 00:24:00,RESOLVED,8.0,96.3
1560,9015,DELIVERY,MEDIUM,2026-09-08 22:15:00,PENDING,13.1,127.0
1561,3681,ACCOUNT,LOW,2026-08-14 23:09:00,RESOLVED,43.5,302.5
1562,8285,ACCOUNT,HIGH,2026-08-26 09:22:00,RESOLVED,9.7,684.0
1563,1079,ACCOUNT,MEDIUM,2026-09-08 23:17:00,PENDING,30.0,92.9
1564,8912,PRODUCT,LOW,2026-08-31 18:34:00,RESOLVED,15.2,208.9
1565,4481,PAYMENT,HIGH,2026-09-08 09:20:00,RESOLVED,58.2,246.1
1566,9167,REFUND,MEDIUM,2026-08-14 17:57:00,RESOLVED,2.2,227.5
1567,4278,DELIVERY,CRITICAL,2026-08-28 03:45:00,RESOLVED,74.1,343.5
1568,7464,ACCOUNT,LOW,2026-08-09 16:03:00,OPEN,15.0,178.9
1569,5962,ACCOUNT,MEDIUM,2026-08-02 17:37:00,RESOLVED,8.8,364.3
1570,2004,ACCOUNT,MEDIUM,2026-08-18 23:48:00,RESOLVED,12.3,209.7
1571,2494,PAYMENT,HIGH,2026-09-01 17:01:00,RESOLVED,18.7,166.6
1572,5386,ACCOUNT,HIGH,2026-08-17 16:02:00,RESOLVED,33.7,393.1
1573,4868,DELIVERY,MEDIUM,2026-08-11 21:10:00,RESOLVED,92.8,265.3
1574,6160,PAYMENT,HIGH,2026-09-09 09:09:00,RESOLVED,15.1,346.2
1575,8069,DELIVERY,LOW,2026-08-17 02:53:00,RESOLVED,15.6,382.8
1576,7734,PAYMENT,MEDIUM,2026-08-06 19:18:00,PENDING,16.1,208.7
1577,587,DELIVERY,MEDIUM,2026-08-08 07:04:00,RESOLVED,9.8,59.9
1578,4952,REFUND,LOW,2026-08-06 09:45:00,RESOLVED,50.8,300.4
1579,1483,PAYMENT,LOW,2026-09-08 20:40:00,RESOLVED,19.2,448.2
1580,5129,DELIVERY,LOW,2026-08-25 20:20:00,RESOLVED,12.7,251.5
1581,5360,DELIVERY,LOW,2026-08-01 14:16:00,RESOLVED,44.9,354.7
1582,9956,ACCOUNT,LOW,2026-08-23 11:26:00,RESOLVED,6.9,147.5
1583,3884,REFUND,LOW,2026-08-17 16:35:00,OPEN,13.0,234.2
1584,4523,ACCOUNT,MEDIUM,2026-08-22 20:22:00,RESOLVED,47.7,260.4
1585,5115,REFUND,MEDIUM,2026-09-04 06:58:00,RESOLVED,37.6,263.4
1586,1301,DELIVERY,LOW,2026-08-17 11:32:00,PENDING,25.6,377.7
1587,600,DELIVERY,MEDIUM,2026-08-13 00:48:00,OPEN,56.6,99.2
1588,7097,PRODUCT,LOW,2026-08-15 10:40:00,RESOLVED,52.3,155.7
1589,3007,DELIVERY,MEDIUM,2026-08-29 04:47:00,PENDING,5.2,413.1
1590,3626,ACCOUNT,HIGH,2026-08-04 11:38:00,RESOLVED,57.9,303.3
1591,9923,REFUND,HIGH,2026-08-25 21:12:00,RESOLVED,17.7,390.7
1592,2486,PRODUCT,MEDIUM,2026-09-01 16:46:00,RESOLVED,9.9,184.6
1593,9042,PAYMENT,MEDIUM,2026-09-09 15:31:00,RESOLVED,6.0,259.0
1594,6285,DELIVERY,LOW,2026-08-18 20:36:00,RESOLVED,38.5,288.2
1595,2652,PRODUCT,MEDIUM,2026-08-19 15:45:00,RESOLVED,21.6,387.9
1596,9544,DELIVERY,LOW,2026-09-05 21:23:00,OPEN,18.8,127.5
1597,6223,PRODUCT,MEDIUM,2026-09-02 02:23:00,RESOLVED,38.9,395.1
1598,3129,PAYMENT,CRITICAL,2026-08-20 19:46:00,RESOLVED,67.1,171.3
1599,4514,REFUND,HIGH,2026-08-16 01:47:00,OPEN,82.6,622.2
1600,3723,ACCOUNT,MEDIUM,2026-09-06 03:23:00,RESOLVED,21.6,146.2
1601,8455,REFUND,MEDIUM,2026-08-17 10:22:00,RESOLVED,6.9,365.9
1602,4655,REFUND,MEDIUM,2026-09-06 23:02:00,RESOLVED,18.3,265.1
1603,369,PRODUCT,MEDIUM,2026-08-18 09:47:00,RESOLVED,42.9,530.9
1604,6880,REFUND,HIGH,2026-08-23 08:50:00,RESOLVED,54.6,260.9
1605,7570,PAYMENT,MEDIUM,2026-08-22 03:28:00,OPEN,66.1,259.3
1606,3960,PRODUCT,MEDIUM,2026-09-01 21:33:00,RESOLVED,34.5,219.8
1607,9219,ACCOUNT,LOW,2026-09-01 05:15:00,RESOLVED,6.4,195.1
1608,4251,ACCOUNT,MEDIUM,2026-08-05 03:46:00,RESOLVED,36.1,280.3
1609,2642,DELIVERY,MEDIUM,2026-09-03 10:19:00,OPEN,22.7,447.9
1610,7010,ACCOUNT,LOW,2026-08-05 16:32:00,RESOLVED,11.5,304.9
1611,1277,PAYMENT,MEDIUM,2026-09-02 14:51:00,RESOLVED,20.4,258.5
1612,9852,ACCOUNT,HIGH,2026-08-29 00:16:00,PENDING,36.0,246.4
1613,6834,REFUND,MEDIUM,2026-08-24 09:48:00,PENDING,19.8,452.6
1614,3166,PAYMENT,LOW,2026-08-03 00:49:00,RESOLVED,2.0,312.5
1615,818,ACCOUNT,LOW,2026-09-04 03:40:00,PENDING,17.4,312.6
1616,5854,ACCOUNT,LOW,2026-08-29 10:58:00,RESOLVED,54.6,419.3
1617,5866,PRODUCT,LOW,2026-08-24 05:19:00,RESOLVED,10.1,285.4
1618,7945,PRODUCT,LOW,2026-08-10 05:25:00,RESOLVED,20.0,171.7
1619,2836,DELIVERY,LOW,2026-08-31 21:33:00,RESOLVED,2.1,218.5
1620,2122,PRODUCT,LOW,2026-08-10 09:22:00,OPEN,23.8,697.7
1621,4128,PAYMENT,LOW,2026-08-18 09:30:00,RESOLVED,14.6,175.0
1622,8184,DELIVERY,LOW,2026-08-15 09:49:00,RESOLVED,66.4,202.2
1623,9081,ACCOUNT,HIGH,2026-08-17 17:34:00,PENDING,25.1,138.4
1624,3550,PAYMENT,CRITICAL,2026-09-06 23:28:00,RESOLVED,2.7,141.8
1625,477,PRODUCT,HIGH,2026-08-31 20:08:00,OPEN,4.7,429.0
1626,1111,DELIVERY,LOW,2026-08-29 10:12:00,PENDING,43.9,191.4
1627,5445,REFUND,LOW,2026-08-28 12:45:00,RESOLVED,43.4,604.5
1628,250,ACCOUNT,MEDIUM,2026-08-31 01:26:00,RESOLVED,25.8,270.7
1629,7239,ACCOUNT,HIGH,2026-08-30 08:17:00,RESOLVED,0.7,383.8
1630,331,DELIVERY,MEDIUM,2026-09-01 07:44:00,RESOLVED,29.0,104.5
1631,4237,ACCOUNT,HIGH,2026-08-02 23:09:00,RESOLVED,23.8,122.7
1632,7977,REFUND,MEDIUM,2026-09-03 06:21:00,OPEN,13.4,467.0
1633,4679,REFUND,CRITICAL,2026-08-13 10:10:00,RESOLVED,73.5,208.0
1634,6750,ACCOUNT,HIGH,2026-08-07 19:31:00,RESOLVED,45.3,164.6
1635,3339,PAYMENT,LOW,2026-08-08 17:54:00,RESOLVED,1.0,488.4
1636,7935,PRODUCT,MEDIUM,2026-09-07 16:10:00,RESOLVED,17.8,409.4
1637,4267,DELIVERY,MEDIUM,2026-09-03 01:19:00,RESOLVED,13.3,286.8
1638,7530,PRODUCT,LOW,2026-08-16 21:07:00,RESOLVED,24.1,210.9
1639,9522,REFUND,MEDIUM,2026-09-06 11:32:00,RESOLVED,1.7,512.6
1640,3810,PRODUCT,MEDIUM,2026-08-23 11:15:00,RESOLVED,18.4,289.1
1641,2320,PRODUCT,MEDIUM,2026-09-03 16:18:00,RESOLVED,13.1,304.6
1642,9331,DELIVERY,HIGH,2026-09-02 09:51:00,OPEN,37.0,204.3
1643,6809,ACCOUNT,LOW,2026-08-10 23:43:00,RESOLVED,32.8,286.6
1644,8780,REFUND,HIGH,2026-09-04 02:28:00,RESOLVED,42.7,221.9
1645,3784,REFUND,LOW,2026-09-08 16:50:00,RESOLVED,18.6,297.7
1646,3484,PRODUCT,HIGH,2026-08-21 05:51:00,RESOLVED,45.0,636.1
1647,1241,ACCOUNT,LOW,2026-08-13 22:42:00,RESOLVED,17.7,191.1
1648,7730,ACCOUNT,MEDIUM,2026-08-22 18:55:00,PENDING,8.2,177.6
1649,8442,PAYMENT,HIGH,2026-09-03 17:18:00,RESOLVED,4.2,230.0
1650,8197,REFUND,LOW,2026-08-17 09:12:00,RESOLVED,8.2,187.0
1651,2912,ACCOUNT,HIGH,2026-08-02 21:30:00,PENDING,30.3,206.8
1652,4885,REFUND,MEDIUM,2026-08-02 23:32:00,RESOLVED,12.4,157.7
1653,4932,PRODUCT,MEDIUM,2026-08-31 07:01:00,RESOLVED,13.8,298.7
1654,1205,REFUND,MEDIUM,2026-08-26 21:42:00,RESOLVED,7.0,162.6
1655,2,REFUND,LOW,2026-08-09 18:35:00,RESOLVED,2.4,413.4
1656,3341,PAYMENT,MEDIUM,2026-08-28 02:07:00,RESOLVED,45.2,142.4
1657,5104,ACCOUNT,LOW,2026-08-13 10:06:00,OPEN,43.4,205.3
1658,9889,REFUND,MEDIUM,2026-08-19 22:04:00,RESOLVED,1.7,140.4
1659,8738,PRODUCT,MEDIUM,2026-08-09 05:14:00,RESOLVED,49.3,200.4
1660,7160,DELIVERY,LOW,2026-08-02 22:11:00,PENDING,30.2,302.3
1661,9628,PRODUCT,LOW,2026-09-06 03:10:00,RESOLVED,19.1,194.4
1662,7748,REFUND,MEDIUM,2026-08-23 15:13:00,RESOLVED,28.4,250.1
1663,5263,DELIVERY,LOW,2026-09-08 12:15:00,PENDING,39.4,153.2
1664,9120,PAYMENT,MEDIUM,2026-08-05 02:57:00,RESOLVED,28.8,254.3
1665,9199,REFUND,CRITICAL,2026-08-16 21:38:00,OPEN,10.6,283.1
1666,2028,PRODUCT,LOW,2026-08-19 03:52:00,RESOLVED,2.7,285.7
1667,2827,DELIVERY,MEDIUM,2026-08-02 08:14:00,RESOLVED,23.4,355.0
1668,9685,REFUND,HIGH,2026-09-01 22:29:00,PENDING,32.3,381.3
1669,58,REFUND,HIGH,2026-09-09 12:12:00,RESOLVED,13.7,153.5
1670,5182,REFUND,LOW,2026-08-10 01:56:00,OPEN,17.7,189.6
1671,3829,DELIVERY,HIGH,2026-09-04 23:27:00,RESOLVED,19.2,365.7
1672,7447,REFUND,LOW,2026-09-06 18:07:00,RESOLVED,9.5,73.1
1673,9583,DELIVERY,MEDIUM,2026-08-17 14:30:00,RESOLVED,16.7,279.2
1674,3183,PRODUCT,MEDIUM,2026-08-29 07:56:00,RESOLVED,33.7,591.2
1675,2205,PAYMENT,LOW,2026-08-18 19:19:00,PENDING,26.0,136.8
1676,3295,REFUND,MEDIUM,2026-08-11 07:11:00,RESOLVED,8.6,243.0
1677,7157,PRODUCT,LOW,2026-08-12 08:47:00,PENDING,37.6,89.5
1678,3596,ACCOUNT,MEDIUM,2026-08-10 04:34:00,RESOLVED,49.8,466.1
1679,6424,PAYMENT,MEDIUM,2026-09-09 11:24:00,RESOLVED,4.9,154.7
1680,3481,REFUND,CRITICAL,2026-08-03 23:38:00,RESOLVED,9.9,397.0
1681,7405,PAYMENT,MEDIUM,2026-08-18 15:28:00,RESOLVED,7.3,238.4
1682,626,PRODUCT,MEDIUM,2026-09-04 22:55:00,RESOLVED,18.1,366.1
1683,3427,DELIVERY,LOW,2026-08-21 03:47:00,OPEN,32.5,106.4
1684,3096,REFUND,CRITICAL,2026-08-03 12:30:00,OPEN,14.0,276.0
1685,5980,PAYMENT,MEDIUM,2026-08-15 20:44:00,OPEN,35.1,172.1
1686,6474,PRODUCT,LOW,2026-08-26 01:15:00,RESOLVED,21.3,416.7
1687,7272,PAYMENT,MEDIUM,2026-08-05 18:25:00,RESOLVED,16.9,234.7
1688,9020,PRODUCT,LOW,2026-08-31 01:23:00,OPEN,14.5,330.9
1689,7963,ACCOUNT,LOW,2026-08-27 11:20:00,RESOLVED,32.1,88.4
1690,417,DELIVERY,LOW,2026-08-11 04:54:00,RESOLVED,8.9,51.0
1691,6777,PAYMENT,MEDIUM,2026-09-01 20:41:00,RESOLVED,10.8,341.3
1692,167,REFUND,LOW,2026-08-16 05:11:00,RESOLVED,22.1,340.3
1693,4136,DELIVERY,HIGH,2026-08-16 13:19:00,RESOLVED,17.9,129.0
1694,5924,DELIVERY,LOW,2026-08-12 18:05:00,PENDING,7.6,213.0
1695,3192,PRODUCT,LOW,2026-08-16 03:58:00,RESOLVED,16.2,328.8
1696,6997,PAYMENT,LOW,2026-09-02 01:39:00,PENDING,10.1,382.3
1697,7961,REFUND,MEDIUM,2026-08-01 17:25:00,RESOLVED,27.0,282.8
1698,6083,ACCOUNT,LOW,2026-09-09 19:35:00,PENDING,12.1,284.3
1699,5250,REFUND,LOW,2026-08-31 11:57:00,OPEN,8.9,484.9
1700,9731,PAYMENT,LOW,2026-09-08 19:46:00,RESOLVED,12.3,110.2
1701,6524,ACCOUNT,CRITICAL,2026-08-27 11:18:00,RESOLVED,3.1,149.9
1702,2289,PRODUCT,LOW,2026-08-03 18:43:00,RESOLVED,7.2,334.6
1703,6565,PRODUCT,LOW,2026-08-31 03:35:00,RESOLVED,36.0,138.9
1704,4813,REFUND,MEDIUM,2026-08-28 02:42:00,PENDING,6.3,304.4
1705,238,ACCOUNT,MEDIUM,2026-08-19 16:55:00,RESOLVED,18.0,326.1
1706,9160,PAYMENT,LOW,2026-08-24 09:34:00,RESOLVED,19.7,93.0
1707,7958,REFUND,HIGH,2026-08-14 11:28:00,RESOLVED,39.6,135.5
1708,6175,PRODUCT,MEDIUM,2026-09-07 04:50:00,RESOLVED,13.9,296.3
1709,6730,PAYMENT,MEDIUM,2026-09-05 13:51:00,RESOLVED,24.5,154.8
1710,5772,DELIVERY,MEDIUM,2026-08-24 02:49:00,RESOLVED,38.0,296.4
1711,3432,DELIVERY,HIGH,2026-09-08 06:01:00,PENDING,29.0,555.0
1712,9329,DELIVERY,LOW,2026-08-19 07:09:00,OPEN,35.3,290.5
1713,5532,DELIVERY,HIGH,2026-08-09 05:28:00,OPEN,34.3,215.8
1714,3390,REFUND,LOW,2026-08-18 22:58:00,RESOLVED,52.2,289.3
1715,6848,REFUND,MEDIUM,2026-09-06 17:51:00,RESOLVED,11.7,190.7
1716,1572,REFUND,LOW,2026-09-04 03:28:00,RESOLVED,54.5,245.5
1717,3196,ACCOUNT,MEDIUM,2026-08-01 20:33:00,RESOLVED,8.8,255.1
1718,1293,ACCOUNT,HIGH,2026-08-27 21:13:00,OPEN,5.2,877.2
1719,851,ACCOUNT,MEDIUM,2026-09-02 04:04:00,PENDING,33.6,433.0
1720,8219,DELIVERY,LOW,2026-08-03 23:05:00,RESOLVED,10.7,296.3
1721,4371,PAYMENT,HIGH,2026-08-23 14:17:00,PENDING,17.5,307.4
1722,8570,DELIVERY,HIGH,2026-09-07 08:10:00,RESOLVED,24.3,174.1
1723,6375,PRODUCT,LOW,2026-08-15 21:15:00,RESOLVED,12.3,90.2
1724,2339,DELIVERY,LOW,2026-08-28 03:35:00,RESOLVED,21.2,274.0
1725,2114,REFUND,MEDIUM,2026-08-16 07:56:00,PENDING,21.8,184.0
1726,4571,REFUND,MEDIUM,2026-08-07 04:50:00,RESOLVED,6.1,326.9
1727,948,PAYMENT,LOW,2026-08-16 22:51:00,RESOLVED,6.7,305.8
1728,5849,REFUND,LOW,2026-08-19 18:34:00,RESOLVED,60.5,114.6
1729,4594,PAYMENT,MEDIUM,2026-08-18 01:45:00,PENDING,31.2,178.3
1730,1391,DELIVERY,HIGH,2026-08-11 00:38:00,OPEN,32.8,431.0
1731,5247,PAYMENT,LOW,2026-09-07 20:02:00,RESOLVED,14.6,203.1
1732,8489,DELIVERY,MEDIUM,2026-08-24 15:43:00,RESOLVED,3.8,99.4
1733,9088,DELIVERY,HIGH,2026-08-26 13:42:00,RESOLVED,21.7,287.4
1734,4189,DELIVERY,LOW,2026-08-23 05:59:00,RESOLVED,22.5,492.0
1735,732,REFUND,LOW,2026-08-14 22:41:00,RESOLVED,34.8,716.0
1736,8635,PRODUCT,LOW,2026-09-08 19:27:00,RESOLVED,22.6,343.4
1737,5511,REFUND,MEDIUM,2026-08-17 15:23:00,RESOLVED,40.9,215.7
1738,7601,PAYMENT,MEDIUM,2026-08-03 04:57:00,OPEN,6.1,130.8
1739,453,PRODUCT,HIGH,2026-08-18 22:00:00,RESOLVED,7.1,136.0
1740,2950,PRODUCT,MEDIUM,2026-08-19 00:18:00,PENDING,22.1,291.0
1741,2857,PAYMENT,LOW,2026-08-16 13:16:00,PENDING,30.4,183.0
1742,7166,DELIVERY,MEDIUM,2026-08-08 07:34:00,OPEN,13.8,71.1
1743,6812,PRODUCT,MEDIUM,2026-08-20 04:01:00,OPEN,6.0,530.6
1744,7408,REFUND,MEDIUM,2026-08-01 21:08:00,RESOLVED,24.6,123.5
1745,3972,PAYMENT,CRITICAL,2026-08-15 00:08:00,RESOLVED,31.1,231.0
1746,3113,ACCOUNT,MEDIUM,2026-09-01 03:02:00,RESOLVED,43.6,177.7
1747,1893,DELIVERY,MEDIUM,2026-08-29 10:17:00,OPEN,5.8,319.7
1748,2538,DELIVERY,LOW,2026-08-31 07:20:00,RESOLVED,36.1,171.8
1749,1643,REFUND,MEDIUM,2026-08-07 00:58:00,RESOLVED,11.8,121.8
1750,8235,PAYMENT,MEDIUM,2026-09-07 08:50:00,RESOLVED,37.8,170.1
1751,6777,PAYMENT,HIGH,2026-08-08 12:48:00,RESOLVED,77.8,400.0
1752,6780,REFUND,CRITICAL,2026-08-24 12:46:00,RESOLVED,19.7,248.2
1753,8860,ACCOUNT,CRITICAL,2026-09-08 17:33:00,RESOLVED,11.8,406.0
1754,7396,DELIVERY,MEDIUM,2026-08-11 05:33:00,RESOLVED,18.5,106.0
1755,3206,PAYMENT,HIGH,2026-08-04 18:06:00,RESOLVED,29.1,280.2
1756,3131,PAYMENT,MEDIUM,2026-08-15 12:27:00,RESOLVED,4.0,435.7
1757,1273,PRODUCT,MEDIUM,2026-08-01 13:02:00,RESOLVED,19.1,237.9
1758,7222,PAYMENT,LOW,2026-08-25 04:23:00,RESOLVED,12.3,451.3
1759,8744,DELIVERY,CRITICAL,2026-09-01 02:22:00,RESOLVED,6.4,112.3
1760,7144,REFUND,CRITICAL,2026-08-26 03:38:00,RESOLVED,22.2,470.8
1761,4707,DELIVERY,MEDIUM,2026-08-10 20:45:00,RESOLVED,44.3,230.9
1762,3333,PAYMENT,LOW,2026-08-02 16:53:00,RESOLVED,10.9,295.1
1763,4383,ACCOUNT,LOW,2026-08-13 17:27:00,RESOLVED,27.6,260.6
1764,2705,REFUND,LOW,2026-09-06 10:17:00,RESOLVED,29.7,106.7
1765,1655,REFUND,HIGH,2026-08-15 14:25:00,RESOLVED,23.4,96.7
1766,4314,PAYMENT,MEDIUM,2026-09-07 01:01:00,RESOLVED,1.9,37.5
1767,2368,DELIVERY,MEDIUM,2026-09-08 18:28:00,OPEN,14.3,104.7
1768,7391,ACCOUNT,LOW,2026-09-01 22:34:00,RESOLVED,7.3,196.9
1769,9066,PRODUCT,MEDIUM,2026-08-10 09:45:00,RESOLVED,41.3,451.2
1770,1936,PRODUCT,HIGH,2026-08-10 23:48:00,PENDING,11.1,178.5
1771,61,REFUND,HIGH,2026-08-06 09:15:00,OPEN,33.2,139.5
1772,8743,REFUND,MEDIUM,2026-08-14 22:09:00,RESOLVED,15.0,458.9
1773,2940,PAYMENT,LOW,2026-08-20 07:26:00,PENDING,17.6,602.1
1774,2553,REFUND,LOW,2026-08-29 02:19:00,OPEN,27.5,263.0
1775,8554,DELIVERY,HIGH,2026-08-03 09:10:00,PENDING,6.4,353.5
1776,8397,PRODUCT,HIGH,2026-08-13 05:30:00,OPEN,18.1,49.4
1777,5807,ACCOUNT,MEDIUM,2026-08-15 01:16:00,PENDING,11.1,234.4
1778,1559,REFUND,LOW,2026-08-16 12:14:00,RESOLVED,39.1,166.9
1779,7056,PRODUCT,MEDIUM,2026-08-24 07:09:00,RESOLVED,54.4,214.1
1780,7395,ACCOUNT,HIGH,2026-08-27 17:31:00,RESOLVED,37.4,192.3
1781,4434,PRODUCT,MEDIUM,2026-09-07 17:53:00,RESOLVED,53.7,324.1
1782,5614,ACCOUNT,LOW,2026-08-02 08:39:00,OPEN,5.0,276.3
1783,5365,ACCOUNT,CRITICAL,2026-08-07 16:29:00,RESOLVED,16.2,276.0
1784,6615,REFUND,MEDIUM,2026-08-06 12:19:00,RESOLVED,21.2,247.0
1785,5157,DELIVERY,MEDIUM,2026-08-12 08:04:00,RESOLVED,8.4,440.9
1786,9742,ACCOUNT,LOW,2026-08-02 10:33:00,PENDING,32.4,100.0
1787,352,PRODUCT,LOW,2026-08-16 09:56:00,RESOLVED,38.4,480.5
1788,526,DELIVERY,LOW,2026-08-11 15:04:00,RESOLVED,28.1,239.1
1789,1512,ACCOUNT,MEDIUM,2026-08-22 01:57:00,RESOLVED,12.0,158.1
1790,1492,DELIVERY,HIGH,2026-08-20 05:50:00,RESOLVED,9.1,195.7
1791,4988,REFUND,MEDIUM,2026-08-27 09:27:00,PENDING,40.7,86.4
1792,791,ACCOUNT,CRITICAL,2026-09-03 18:19:00,RESOLVED,12.3,347.7
1793,1913,REFUND,MEDIUM,2026-08-05 04:53:00,PENDING,51.1,708.2
1794,5197,PRODUCT,LOW,2026-08-08 03:45:00,PENDING,7.6,251.9
1795,8997,DELIVERY,MEDIUM,2026-08-29 19:11:00,RESOLVED,44.6,208.7
1796,8029,PAYMENT,MEDIUM,2026-08-15 06:35:00,RESOLVED,11.3,77.1
1797,2168,PRODUCT,HIGH,2026-09-06 03:53:00,RESOLVED,11.6,311.9
1798,549,ACCOUNT,MEDIUM,2026-08-01 09:03:00,RESOLVED,3.3,188.5
1799,7390,PAYMENT,LOW,2026-08-05 04:04:00,RESOLVED,6.4,486.4
1800,7795,DELIVERY,MEDIUM,2026-08-19 12:54:00,RESOLVED,29.0,552.4
1801,9291,PAYMENT,HIGH,2026-08-21 00:46:00,RESOLVED,32.8,93.1
1802,4331,PRODUCT,MEDIUM,2026-08-02 00:18:00,PENDING,151.3,340.7
1803,585,PAYMENT,LOW,2026-08-20 16:45:00,PENDING,30.8,168.5
1804,9415,ACCOUNT,MEDIUM,2026-08-13 21:24:00,RESOLVED,37.3,348.0
1805,2874,REFUND,HIGH,2026-08-26 11:14:00,RESOLVED,11.3,187.9
1806,3827,ACCOUNT,LOW,2026-09-03 05:36:00,RESOLVED,11.5,187.9
1807,4143,PRODUCT,MEDIUM,2026-08-24 05:47:00,RESOLVED,19.8,185.1
1808,9846,PAYMENT,LOW,2026-09-07 10:36:00,RESOLVED,18.5,242.8
1809,3612,DELIVERY,LOW,2026-08-23 08:39:00,RESOLVED,24.7,310.9
1810,5566,REFUND,LOW,2026-08-15 16:33:00,RESOLVED,4.3,144.5
1811,5043,PRODUCT,LOW,2026-08-05 05:52:00,RESOLVED,53.0,688.7
1812,9900,ACCOUNT,MEDIUM,2026-08-12 07:42:00,RESOLVED,47.1,455.1
1813,9524,PAYMENT,MEDIUM,2026-08-15 02:21:00,RESOLVED,5.2,232.8
1814,6319,REFUND,MEDIUM,2026-08-31 08:11:00,RESOLVED,12.2,68.4
1815,1059,PRODUCT,LOW,2026-08-19 15:13:00,RESOLVED,32.6,164.1
1816,3464,ACCOUNT,MEDIUM,2026-08-28 22:02:00,PENDING,38.4,304.0
1817,6661,DELIVERY,MEDIUM,2026-08-06 16:04:00,RESOLVED,58.1,182.0
1818,8035,REFUND,MEDIUM,2026-08-16 02:58:00,RESOLVED,17.0,406.4
1819,7519,PRODUCT,HIGH,2026-09-01 15:08:00,RESOLVED,10.7,198.4
1820,4870,DELIVERY,MEDIUM,2026-09-06 05:08:00,PENDING,9.0,268.8
1821,6706,ACCOUNT,MEDIUM,2026-08-15 16:40:00,RESOLVED,6.1,158.3
1822,3089,REFUND,LOW,2026-08-19 03:32:00,RESOLVED,49.5,346.4
1823,6360,PAYMENT,LOW,2026-08-11 23:31:00,RESOLVED,5.0,381.7
1824,4784,PAYMENT,LOW,2026-09-07 10:26:00,RESOLVED,49.5,405.1
1825,6838,REFUND,HIGH,2026-08-05 01:53:00,RESOLVED,15.6,424.9
1826,8720,DELIVERY,LOW,2026-09-05 08:28:00,PENDING,29.3,253.4
1827,8201,DELIVERY,MEDIUM,2026-08-27 23:56:00,RESOLVED,26.6,423.9
1828,7324,REFUND,HIGH,2026-09-07 22:29:00,RESOLVED,5.9,361.9
1829,7679,REFUND,LOW,2026-08-06 23:41:00,OPEN,9.6,67.8
1830,1738,ACCOUNT,LOW,2026-08-05 08:27:00,PENDING,46.0,308.1
1831,1849,PRODUCT,LOW,2026-08-08 08:14:00,RESOLVED,18.7,179.0
1832,8386,DELIVERY,LOW,2026-08-11 16:22:00,RESOLVED,74.0,486.5
1833,5410,PRODUCT,HIGH,2026-08-10 01:08:00,OPEN,11.4,434.9
1834,4315,PRODUCT,LOW,2026-08-15 20:14:00,RESOLVED,26.4,407.0
1835,6651,DELIVERY,MEDIUM,2026-08-11 23:11:00,PENDING,7.6,304.9
1836,829,PAYMENT,LOW,2026-08-30 17:40:00,RESOLVED,36.2,176.3
1837,1651,PRODUCT,MEDIUM,2026-08-11 23:19:00,RESOLVED,22.4,184.1
1838,1472,PRODUCT,LOW,2026-08-12 17:56:00,RESOLVED,4.9,164.3
1839,5662,PAYMENT,LOW,2026-09-03 22:56:00,PENDING,28.1,148.6
1840,662,PAYMENT,LOW,2026-08-09 06:44:00,PENDING,37.8,256.1
1841,447,PRODUCT,HIGH,2026-08-14 22:47:00,OPEN,21.7,252.4
1842,6766,ACCOUNT,MEDIUM,2026-08-14 17:59:00,RESOLVED,15.7,750.9
1843,7349,DELIVERY,LOW,2026-08-19 08:25:00,OPEN,18.2,80.1
1844,2576,PAYMENT,HIGH,2026-08-13 10:30:00,RESOLVED,34.7,382.1
1845,6910,ACCOUNT,HIGH,2026-08-24 06:15:00,RESOLVED,37.3,127.9
1846,964,PAYMENT,MEDIUM,2026-09-02 14:01:00,OPEN,18.2,183.7
1847,4095,DELIVERY,CRITICAL,2026-08-19 15:41:00,RESOLVED,7.6,230.3
1848,3657,DELIVERY,LOW,2026-09-09 14:13:00,RESOLVED,41.6,189.2
1849,3465,PRODUCT,HIGH,2026-08-26 14:24:00,OPEN,29.2,231.4
1850,8670,PAYMENT,HIGH,2026-08-13 03:42:00,OPEN,7.6,70.3
1851,785,PRODUCT,MEDIUM,2026-08-11 15:07:00,OPEN,20.2,200.5
1852,6288,DELIVERY,MEDIUM,2026-08-03 01:45:00,RESOLVED,18.2,399.0
1853,2738,PRODUCT,LOW,2026-08-01 06:42:00,PENDING,22.7,843.0
1854,4863,PAYMENT,LOW,2026-08-29 20:50:00,RESOLVED,15.3,372.6
1855,2013,PAYMENT,MEDIUM,2026-08-31 04:38:00,RESOLVED,39.9,214.3
1856,7332,PAYMENT,HIGH,2026-08-20 05:19:00,RESOLVED,27.4,435.1
1857,609,REFUND,LOW,2026-08-07 00:21:00,PENDING,15.7,393.9
1858,759,PRODUCT,MEDIUM,2026-08-18 08:25:00,RESOLVED,41.4,265.3
1859,3288,REFUND,LOW,2026-08-23 11:29:00,PENDING,17.9,134.1
1860,8828,PAYMENT,LOW,2026-08-15 01:09:00,RESOLVED,38.5,433.0
1861,239,ACCOUNT,MEDIUM,2026-08-20 21:41:00,RESOLVED,43.4,222.8
1862,1778,PRODUCT,CRITICAL,2026-08-19 19:33:00,RESOLVED,15.1,95.5
1863,4918,DELIVERY,LOW,2026-08-05 21:45:00,RESOLVED,2.4,349.0
1864,214,DELIVERY,LOW,2026-08-06 10:41:00,RESOLVED,22.8,123.6
1865,5343,PAYMENT,LOW,2026-08-02 22:27:00,OPEN,29.2,185.4
1866,3624,PRODUCT,MEDIUM,2026-08-25 11:40:00,RESOLVED,38.8,606.3
1867,6457,PAYMENT,MEDIUM,2026-09-05 08:24:00,RESOLVED,3.9,166.3
1868,585,ACCOUNT,LOW,2026-09-07 04:37:00,RESOLVED,35.5,161.4
1869,1767,ACCOUNT,LOW,2026-08-26 22:57:00,RESOLVED,7.0,79.2
1870,1671,PAYMENT,LOW,2026-09-06 18:24:00,RESOLVED,73.5,249.5
1871,7375,REFUND,LOW,2026-08-16 01:12:00,RESOLVED,21.5,294.4
1872,7390,DELIVERY,HIGH,2026-08-30 12:35:00,RESOLVED,49.0,233.8
1873,1163,DELIVERY,HIGH,2026-08-21 10:06:00,RESOLVED,61.7,429.9
1874,4048,PRODUCT,LOW,2026-08-16 13:50:00,RESOLVED,46.5,138.4
1875,7039,REFUND,MEDIUM,2026-08-28 10:52:00,PENDING,56.1,204.6
1876,69,DELIVERY,LOW,2026-09-06 20:21:00,RESOLVED,41.9,321.0
1877,1007,DELIVERY,LOW,2026-08-19 17:07:00,RESOLVED,33.3,298.9
1878,6438,PAYMENT,MEDIUM,2026-08-27 09:22:00,RESOLVED,28.7,180.6
1879,5647,PAYMENT,MEDIUM,2026-08-09 21:09:00,RESOLVED,65.5,155.7
1880,7072,DELIVERY,LOW,2026-08-21 03:35:00,RESOLVED,24.2,392.5
1881,4667,PAYMENT,LOW,2026-08-27 11:40:00,RESOLVED,56.6,177.1
1882,9020,PAYMENT,LOW,2026-08-12 08:42:00,PENDING,21.9,176.5
1883,1255,DELIVERY,LOW,2026-09-01 13:12:00,RESOLVED,26.3,335.5
1884,1547,ACCOUNT,MEDIUM,2026-08-31 05:02:00,RESOLVED,40.9,155.2
1885,6354,REFUND,HIGH,2026-09-04 02:41:00,RESOLVED,47.5,331.5
1886,8572,DELIVERY,LOW,2026-09-01 21:27:00,PENDING,17.5,595.5
1887,230,DELIVERY,MEDIUM,2026-08-25 13:23:00,RESOLVED,35.3,152.6
1888,7088,PAYMENT,CRITICAL,2026-08-23 08:36:00,OPEN,34.2,287.0
1889,9726,PRODUCT,LOW,2026-09-07 21:12:00,OPEN,8.8,406.3
1890,5637,REFUND,MEDIUM,2026-08-12 10:37:00,RESOLVED,34.4,176.1
1891,8311,PRODUCT,MEDIUM,2026-08-03 06:33:00,PENDING,55.8,146.6
1892,2618,REFUND,MEDIUM,2026-08-16 13:32:00,RESOLVED,8.5,229.3
1893,8050,DELIVERY,HIGH,2026-08-17 20:18:00,RESOLVED,13.0,312.2
1894,4579,PRODUCT,HIGH,2026-08-25 22:27:00,RESOLVED,21.6,173.3
1895,2986,PRODUCT,MEDIUM,2026-08-06 13:29:00,RESOLVED,6.2,253.0
1896,1983,PRODUCT,HIGH,2026-08-09 22:04:00,RESOLVED,33.6,305.8
1897,8529,PAYMENT,MEDIUM,2026-09-06 14:05:00,RESOLVED,9.9,175.9
1898,7177,ACCOUNT,HIGH,2026-08-19 20:06:00,RESOLVED,6.4,49.7
1899,7887,ACCOUNT,HIGH,2026-08-19 02:04:00,PENDING,37.2,134.0
1900,7036,REFUND,MEDIUM,2026-08-02 16:29:00,RESOLVED,21.6,317.5
1901,2557,PRODUCT,LOW,2026-08-02 04:44:00,RESOLVED,9.4,195.2
1902,1916,DELIVERY,LOW,2026-09-02 05:00:00,RESOLVED,13.8,100.5
1903,6478,DELIVERY,HIGH,2026-08-26 09:52:00,PENDING,48.3,236.0
1904,2527,PAYMENT,LOW,2026-08-16 06:27:00,RESOLVED,24.3,149.2
1905,6481,PRODUCT,MEDIUM,2026-08-16 19:37:00,OPEN,27.1,304.4
1906,9012,PAYMENT,MEDIUM,2026-08-18 19:23:00,RESOLVED,6.9,262.0
1907,7490,DELIVERY,HIGH,2026-09-02 03:36:00,RESOLVED,19.3,172.1
1908,4717,PRODUCT,HIGH,2026-09-05 09:55:00,RESOLVED,35.1,122.0
1909,9089,PRODUCT,LOW,2026-08-18 07:41:00,RESOLVED,7.6,151.0
1910,5512,PRODUCT,MEDIUM,2026-08-16 20:24:00,RESOLVED,8.1,266.2
1911,4700,PRODUCT,HIGH,2026-08-17 08:23:00,OPEN,10.4,100.8
1912,9587,ACCOUNT,LOW,2026-08-20 00:09:00,RESOLVED,37.9,209.8
1913,3351,REFUND,MEDIUM,2026-08-13 00:38:00,RESOLVED,8.7,98.8
1914,2071,DELIVERY,MEDIUM,2026-08-12 19:36:00,RESOLVED,20.9,231.0
1915,1390,PAYMENT,LOW,2026-08-19 08:26:00,RESOLVED,5.7,347.9
1916,6272,ACCOUNT,MEDIUM,2026-09-02 06:46:00,RESOLVED,8.2,148.8
1917,5100,DELIVERY,LOW,2026-08-12 10:05:00,RESOLVED,33.5,311.5
1918,7741,ACCOUNT,HIGH,2026-08-18 10:46:00,RESOLVED,42.3,420.2
1919,1467,PRODUCT,LOW,2026-08-11 10:05:00,RESOLVED,16.0,138.2
1920,3195,DELIVERY,MEDIUM,2026-08-20 06:38:00,RESOLVED,5.4,228.0
1921,1209,PAYMENT,MEDIUM,2026-08-05 12:07:00,RESOLVED,21.1,240.7
1922,3089,REFUND,LOW,2026-08-20 16:40:00,RESOLVED,24.9,87.9
1923,9603,PRODUCT,MEDIUM,2026-08-29 01:56:00,RESOLVED,8.7,350.5
1924,8969,PRODUCT,LOW,2026-08-28 01:26:00,RESOLVED,17.4,486.0
1925,4961,REFUND,LOW,2026-08-26 03:15:00,RESOLVED,7.3,199.6
1926,995,PAYMENT,MEDIUM,2026-08-22 15:45:00,RESOLVED,5.7,267.1
1927,9950,DELIVERY,MEDIUM,2026-08-25 03:47:00,OPEN,17.0,235.7
1928,1574,DELIVERY,MEDIUM,2026-08-18 09:22:00,RESOLVED,10.9,131.6
1929,1012,PRODUCT,LOW,2026-09-07 15:29:00,OPEN,47.0,332.8
1930,4110,REFUND,MEDIUM,2026-08-27 04:36:00,RESOLVED,38.5,158.7
1931,9412,ACCOUNT,LOW,2026-08-12 21:08:00,RESOLVED,21.6,260.6
1932,7984,PAYMENT,LOW,2026-08-26 11:59:00,OPEN,9.0,464.5
1933,3596,REFUND,LOW,2026-08-14 00:03:00,RESOLVED,43.2,1121.1
1934,4550,ACCOUNT,LOW,2026-08-29 10:03:00,RESOLVED,25.5,181.9
1935,607,DELIVERY,MEDIUM,2026-08-15 09:03:00,OPEN,26.0,379.5
1936,2706,ACCOUNT,HIGH,2026-08-19 18:49:00,RESOLVED,15.7,317.2
1937,6701,DELIVERY,LOW,2026-08-24 00:46:00,OPEN,38.9,446.0
1938,4203,ACCOUNT,MEDIUM,2026-09-09 05:21:00,RESOLVED,14.9,280.3
1939,9789,PAYMENT,LOW,2026-08-22 16:43:00,RESOLVED,3.8,354.1
1940,4455,PAYMENT,LOW,2026-08-24 00:25:00,RESOLVED,6.3,252.7
1941,8469,PRODUCT,MEDIUM,2026-09-06 12:36:00,RESOLVED,69.5,150.0
1942,7271,PRODUCT,LOW,2026-09-01 22:03:00,RESOLVED,11.1,148.6
1943,5077,REFUND,MEDIUM,2026-08-02 07:54:00,OPEN,54.2,576.2
1944,8688,DELIVERY,LOW,2026-08-19 15:10:00,RESOLVED,11.5,257.4
1945,8709,ACCOUNT,HIGH,2026-08-29 02:09:00,PENDING,21.8,327.7
1946,3213,PAYMENT,MEDIUM,2026-08-14 11:31:00,RESOLVED,45.5,120.2
1947,2785,REFUND,MEDIUM,2026-08-10 16:32:00,RESOLVED,28.0,290.9
1948,7086,ACCOUNT,LOW,2026-08-21 23:23:00,PENDING,20.2,417.3
1949,272,DELIVERY,LOW,2026-08-07 22:23:00,OPEN,19.6,272.0
1950,7014,ACCOUNT,MEDIUM,2026-08-24 02:09:00,RESOLVED,34.6,68.4
1951,4351,DELIVERY,MEDIUM,2026-08-27 16:28:00,PENDING,16.3,148.7
1952,7670,PRODUCT,MEDIUM,2026-08-13 08:19:00,RESOLVED,67.9,254.0
1953,1301,DELIVERY,MEDIUM,2026-08-26 15:31:00,RESOLVED,4.8,312.7
1954,5753,DELIVERY,MEDIUM,2026-08-31 04:07:00,RESOLVED,12.0,115.2
1955,5361,REFUND,MEDIUM,2026-08-12 06:37:00,RESOLVED,10.7,96.7
1956,147,DELIVERY,LOW,2026-08-18 02:37:00,RESOLVED,17.9,411.1
1957,5247,DELIVERY,HIGH,2026-08-24 13:53:00,PENDING,24.7,69.4
1958,6559,PRODUCT,MEDIUM,2026-08-27 10:08:00,RESOLVED,81.4,495.7
1959,4053,PRODUCT,LOW,2026-08-25 13:22:00,RESOLVED,14.1,165.1
1960,6123,REFUND,LOW,2026-08-12 12:34:00,PENDING,33.0,390.2
1961,3264,PRODUCT,MEDIUM,2026-08-06 06:08:00,RESOLVED,8.2,289.3
1962,6116,REFUND,MEDIUM,2026-08-20 08:54:00,RESOLVED,6.7,282.7
1963,2435,REFUND,HIGH,2026-08-13 00:00:00,RESOLVED,34.0,447.1
1964,2813,ACCOUNT,MEDIUM,2026-08-15 02:22:00,RESOLVED,24.5,349.3
1965,711,PAYMENT,LOW,2026-09-01 22:14:00,OPEN,9.7,158.6
1966,979,DELIVERY,LOW,2026-08-17 18:08:00,RESOLVED,22.3,452.8
1967,1345,PRODUCT,MEDIUM,2026-09-06 11:21:00,RESOLVED,11.1,195.8
1968,1894,REFUND,MEDIUM,2026-08-28 00:54:00,RESOLVED,38.0,666.9
1969,7187,DELIVERY,HIGH,2026-08-07 16:11:00,RESOLVED,19.9,590.5
1970,2163,REFUND,MEDIUM,2026-08-07 06:12:00,RESOLVED,3.9,231.3
1971,3554,REFUND,HIGH,2026-08-27 12:50:00,RESOLVED,50.2,116.6
1972,1737,DELIVERY,HIGH,2026-08-10 19:37:00,RESOLVED,46.2,217.5
1973,4240,PRODUCT,MEDIUM,2026-09-07 09:45:00,RESOLVED,29.2,147.6
1974,2446,REFUND,MEDIUM,2026-08-15 09:22:00,PENDING,9.8,204.9
1975,3289,DELIVERY,MEDIUM,2026-08-02 06:59:00,RESOLVED,2.1,320.8
1976,687,DELIVERY,MEDIUM,2026-08-11 22:12:00,RESOLVED,28.2,246.4
1977,5049,PRODUCT,HIGH,2026-09-03 21:04:00,RESOLVED,37.7,395.9
1978,2694,PAYMENT,LOW,2026-08-07 23:30:00,RESOLVED,7.2,247.5
1979,6513,ACCOUNT,HIGH,2026-08-19 04:36:00,RESOLVED,29.7,379.1
1980,9979,PAYMENT,MEDIUM,2026-09-02 16:17:00,OPEN,11.1,156.6
1981,4852,PRODUCT,MEDIUM,2026-09-04 18:14:00,RESOLVED,32.1,404.1
1982,5114,PAYMENT,LOW,2026-08-07 11:52:00,RESOLVED,7.3,451.4
1983,8305,PAYMENT,LOW,2026-09-01 13:30:00,RESOLVED,34.7,125.6
1984,3445,ACCOUNT,MEDIUM,2026-08-26 16:03:00,RESOLVED,21.4,87.2
1985,1411,PRODUCT,LOW,2026-08-08 22:27:00,RESOLVED,5.7,255.8
1986,7205,PAYMENT,LOW,2026-08-19 01:12:00,RESOLVED,8.8,196.3
1987,6497,ACCOUNT,LOW,2026-08-06 00:44:00,RESOLVED,36.0,312.1
1988,4695,PRODUCT,LOW,2026-08-07 12:55:00,RESOLVED,14.7,186.1
1989,3867,ACCOUNT,HIGH,2026-09-05 15:44:00,RESOLVED,4.8,348.3
1990,295,PRODUCT,MEDIUM,2026-08-12 20:38:00,RESOLVED,19.9,127.9
1991,5571,PRODUCT,MEDIUM,2026-08-14 22:03:00,OPEN,14.7,132.7
1992,5474,PAYMENT,CRITICAL,2026-08-05 09:04:00,RESOLVED,24.0,70.9
1993,5157,ACCOUNT,MEDIUM,2026-08-15 04:58:00,RESOLVED,48.0,194.5
1994,3041,REFUND,CRITICAL,2026-08-04 20:00:00,OPEN,12.8,186.1
1995,1518,PAYMENT,HIGH,2026-09-01 18:07:00,RESOLVED,8.1,143.9
1996,5712,ACCOUNT,MEDIUM,2026-08-15 08:33:00,RESOLVED,7.8,502.8
1997,6201,REFUND,MEDIUM,2026-09-09 02:11:00,RESOLVED,49.7,481.9
1998,1733,PAYMENT,HIGH,2026-08-31 04:55:00,RESOLVED,3.4,394.7
1999,1206,DELIVERY,LOW,2026-09-03 04:02:00,RESOLVED,24.4,373.3
2000,4826,PAYMENT,MEDIUM,2026-08-16 21:46:00,RESOLVED,17.4,405.8
2001,480,REFUND,LOW,2026-09-07 21:35:00,RESOLVED,30.5,222.3
2002,1937,PAYMENT,LOW,2026-08-23 18:09:00,PENDING,23.9,558.9
2003,6364,REFUND,LOW,2026-08-06 08:18:00,RESOLVED,20.9,265.6
2004,2989,ACCOUNT,HIGH,2026-08-06 03:00:00,RESOLVED,40.2,245.0
2005,4605,ACCOUNT,LOW,2026-09-07 00:58:00,RESOLVED,26.1,240.4
2006,6872,PAYMENT,MEDIUM,2026-09-05 06:07:00,RESOLVED,20.1,280.7
2007,1768,PRODUCT,MEDIUM,2026-08-25 13:08:00,RESOLVED,32.1,296.6
2008,2277,PAYMENT,MEDIUM,2026-08-14 05:10:00,RESOLVED,18.5,146.1
2009,2975,REFUND,HIGH,2026-08-28 02:47:00,RESOLVED,21.0,154.7
2010,4172,PAYMENT,HIGH,2026-08-08 13:44:00,RESOLVED,4.9,322.6
2011,5599,PAYMENT,MEDIUM,2026-09-04 11:09:00,RESOLVED,56.5,493.1
2012,732,PRODUCT,MEDIUM,2026-08-15 03:26:00,RESOLVED,29.6,280.0
2013,4739,PRODUCT,HIGH,2026-08-16 19:13:00,OPEN,29.3,241.8
2014,6872,REFUND,MEDIUM,2026-09-08 18:49:00,RESOLVED,23.5,354.4
2015,8515,PRODUCT,MEDIUM,2026-09-04 09:50:00,OPEN,63.0,678.9
2016,5390,ACCOUNT,LOW,2026-08-26 04:47:00,PENDING,36.6,539.7
2017,6259,PAYMENT,LOW,2026-08-04 19:20:00,RESOLVED,2.5,256.1
2018,8138,ACCOUNT,HIGH,2026-08-05 20:10:00,RESOLVED,23.1,543.8
2019,7273,PAYMENT,HIGH,2026-08-22 04:31:00,RESOLVED,32.8,219.1
2020,5351,DELIVERY,MEDIUM,2026-08-07 11:27:00,RESOLVED,64.6,408.5
2021,5663,DELIVERY,LOW,2026-08-11 09:42:00,RESOLVED,12.1,255.6
2022,9943,REFUND,MEDIUM,2026-08-31 12:11:00,RESOLVED,14.5,150.0
2023,7571,PAYMENT,HIGH,2026-08-13 11:16:00,PENDING,24.3,239.5
2024,2412,ACCOUNT,HIGH,2026-09-03 19:33:00,RESOLVED,19.7,207.1
2025,4538,REFUND,MEDIUM,2026-08-29 00:34:00,PENDING,10.7,298.8
2026,7422,REFUND,MEDIUM,2026-08-04 07:08:00,RESOLVED,7.5,601.4
2027,5222,PRODUCT,LOW,2026-08-02 10:53:00,RESOLVED,33.8,172.0
2028,4324,REFUND,LOW,2026-08-12 18:02:00,PENDING,12.8,309.4
2029,6084,PAYMENT,LOW,2026-08-03 14:56:00,RESOLVED,32.6,476.6
2030,3760,REFUND,MEDIUM,2026-08-02 21:21:00,RESOLVED,16.8,294.0
2031,6782,REFUND,HIGH,2026-08-20 20:46:00,RESOLVED,14.2,386.4
2032,7316,DELIVERY,HIGH,2026-08-05 23:18:00,PENDING,33.6,375.8
2033,8981,PAYMENT,LOW,2026-09-09 13:13:00,RESOLVED,7.6,206.5
2034,9556,PAYMENT,MEDIUM,2026-08-06 12:17:00,RESOLVED,12.1,274.1
2035,7115,DELIVERY,LOW,2026-09-06 07:19:00,PENDING,23.4,100.3
2036,7556,PRODUCT,MEDIUM,2026-08-18 11:42:00,RESOLVED,23.3,145.1
2037,7723,REFUND,HIGH,2026-08-23 12:14:00,RESOLVED,33.1,191.0
2038,3302,PRODUCT,HIGH,2026-08-01 12:09:00,RESOLVED,28.4,900.5
2039,9156,DELIVERY,HIGH,2026-09-01 21:54:00,RESOLVED,30.8,395.7
2040,5099,DELIVERY,MEDIUM,2026-08-29 12:43:00,RESOLVED,23.2,59.4
2041,8676,DELIVERY,MEDIUM,2026-08-21 12:29:00,OPEN,12.1,106.2
2042,2172,PAYMENT,CRITICAL,2026-08-17 03:09:00,PENDING,23.3,96.7
2043,3104,DELIVERY,MEDIUM,2026-08-21 21:09:00,RESOLVED,22.6,218.6
2044,6203,REFUND,LOW,2026-08-17 01:13:00,RESOLVED,14.7,225.0
2045,5786,PAYMENT,LOW,2026-09-04 13:45:00,OPEN,44.0,74.7
2046,4026,PRODUCT,LOW,2026-09-08 11:27:00,RESOLVED,26.3,425.8
2047,2210,PRODUCT,LOW,2026-08-19 02:30:00,RESOLVED,4.5,77.0
2048,2282,PAYMENT,MEDIUM,2026-08-14 05:52:00,PENDING,1.7,246.0
2049,7270,DELIVERY,MEDIUM,2026-08-31 13:54:00,RESOLVED,57.1,357.5
2050,211,ACCOUNT,LOW,2026-08-02 15:36:00,PENDING,87.5,219.1
2051,1195,PRODUCT,LOW,2026-08-22 21:11:00,RESOLVED,6.7,155.6
2052,9254,ACCOUNT,LOW,2026-08-17 04:39:00,RESOLVED,12.4,223.6
2053,9792,ACCOUNT,HIGH,2026-08-24 00:04:00,RESOLVED,8.1,194.3
2054,789,PRODUCT,LOW,2026-08-19 16:21:00,RESOLVED,33.5,153.7
2055,1424,ACCOUNT,LOW,2026-08-31 01:42:00,OPEN,2.5,81.9
2056,3294,PAYMENT,MEDIUM,2026-08-19 19:42:00,RESOLVED,16.4,181.4
2057,5860,PAYMENT,MEDIUM,2026-08-10 04:45:00,RESOLVED,10.3,285.5
2058,1905,PAYMENT,LOW,2026-08-19 13:10:00,RESOLVED,33.2,410.8
2059,9823,PAYMENT,HIGH,2026-09-01 23:27:00,RESOLVED,5.5,235.9
2060,4942,PAYMENT,MEDIUM,2026-08-14 08:54:00,RESOLVED,37.5,227.6
2061,5371,REFUND,MEDIUM,2026-08-18 22:12:00,RESOLVED,1.9,239.8
2062,1950,PRODUCT,MEDIUM,2026-08-22 20:21:00,RESOLVED,8.6,159.2
2063,3078,REFUND,LOW,2026-08-22 06:38:00,PENDING,4.9,112.3
2064,7363,ACCOUNT,LOW,2026-09-04 19:51:00,RESOLVED,31.0,410.2
2065,6327,PRODUCT,MEDIUM,2026-09-08 22:02:00,OPEN,14.0,194.3
2066,2249,ACCOUNT,LOW,2026-08-15 07:57:00,OPEN,28.5,184.3
2067,4416,PRODUCT,LOW,2026-08-27 02:49:00,PENDING,9.5,155.9
2068,1855,PAYMENT,LOW,2026-08-22 09:36:00,RESOLVED,9.5,241.9
2069,4076,REFUND,MEDIUM,2026-08-28 11:35:00,RESOLVED,10.8,173.0
2070,2169,PRODUCT,HIGH,2026-09-03 21:38:00,RESOLVED,37.0,240.0
2071,9797,PAYMENT,MEDIUM,2026-09-03 21:46:00,RESOLVED,16.2,83.2
2072,2976,REFUND,HIGH,2026-08-16 22:39:00,OPEN,37.6,316.2
2073,4739,DELIVERY,MEDIUM,2026-09-08 12:27:00,RESOLVED,37.2,187.2
2074,6419,DELIVERY,MEDIUM,2026-08-06 10:51:00,PENDING,60.4,345.9
2075,411,REFUND,LOW,2026-08-29 04:31:00,RESOLVED,6.7,673.8
2076,2097,PRODUCT,LOW,2026-08-18 07:10:00,RESOLVED,43.2,354.3
2077,9890,ACCOUNT,LOW,2026-08-18 17:16:00,PENDING,32.5,363.0
2078,6969,ACCOUNT,LOW,2026-08-21 04:24:00,PENDING,14.3,612.2
2079,2420,PAYMENT,MEDIUM,2026-08-27 23:11:00,RESOLVED,25.7,264.4
2080,4302,ACCOUNT,LOW,2026-09-04 17:50:00,PENDING,11.6,254.1
2081,8575,DELIVERY,LOW,2026-08-12 06:46:00,RESOLVED,6.6,250.3
2082,1971,ACCOUNT,HIGH,2026-09-04 02:52:00,RESOLVED,52.3,516.9
2083,2990,ACCOUNT,LOW,2026-09-04 11:06:00,RESOLVED,6.1,321.3
2084,2401,PAYMENT,HIGH,2026-08-31 17:45:00,RESOLVED,7.9,133.3
2085,6649,DELIVERY,HIGH,2026-08-29 03:37:00,PENDING,21.0,294.9
2086,5274,PRODUCT,LOW,2026-08-16 07:21:00,RESOLVED,30.3,242.0
2087,5007,DELIVERY,LOW,2026-08-11 06:50:00,RESOLVED,38.7,412.8
2088,3787,PRODUCT,CRITICAL,2026-08-12 01:51:00,RESOLVED,1.7,201.4
2089,3280,REFUND,HIGH,2026-08-16 21:17:00,OPEN,16.9,543.5
2090,5138,PAYMENT,HIGH,2026-08-18 15:47:00,RESOLVED,16.5,182.0
2091,7991,ACCOUNT,LOW,2026-08-09 14:36:00,RESOLVED,28.0,167.9
2092,8126,DELIVERY,MEDIUM,2026-08-13 18:48:00,RESOLVED,2.9,126.7
2093,7846,DELIVERY,LOW,2026-08-10 12:46:00,PENDING,38.4,375.5
2094,459,PAYMENT,MEDIUM,2026-09-09 04:43:00,OPEN,7.4,116.0
2095,4902,PRODUCT,LOW,2026-08-21 11:45:00,RESOLVED,22.1,231.4
2096,3937,REFUND,MEDIUM,2026-08-04 09:02:00,RESOLVED,28.6,190.5
2097,9353,DELIVERY,MEDIUM,2026-08-20 10:05:00,RESOLVED,7.3,220.8
2098,4155,PRODUCT,HIGH,2026-08-21 05:34:00,RESOLVED,25.8,391.1
2099,2469,PRODUCT,LOW,2026-08-18 16:41:00,PENDING,31.8,160.5
2100,2510,ACCOUNT,CRITICAL,2026-08-16 08:45:00,RESOLVED,9.7,345.4
2101,1948,ACCOUNT,LOW,2026-08-22 09:33:00,RESOLVED,12.9,79.1
2102,4419,PRODUCT,CRITICAL,2026-08-31 21:30:00,RESOLVED,10.8,334.6
2103,2642,DELIVERY,MEDIUM,2026-08-30 13:35:00,RESOLVED,27.1,210.8
2104,5667,REFUND,LOW,2026-08-24 20:31:00,RESOLVED,27.2,378.8
2105,2309,PRODUCT,HIGH,2026-08-30 06:02:00,RESOLVED,47.4,309.6
2106,5850,PAYMENT,MEDIUM,2026-08-03 09:45:00,RESOLVED,27.3,210.2
2107,6157,DELIVERY,LOW,2026-08-03 01:46:00,RESOLVED,33.6,198.0
2108,6699,PAYMENT,LOW,2026-08-27 22:21:00,RESOLVED,23.4,313.5
2109,8826,PRODUCT,CRITICAL,2026-08-17 01:45:00,RESOLVED,4.3,192.4
2110,768,PRODUCT,CRITICAL,2026-08-20 16:55:00,RESOLVED,44.4,284.0
2111,530,ACCOUNT,MEDIUM,2026-09-02 12:09:00,RESOLVED,11.8,58.8
2112,4601,DELIVERY,LOW,2026-08-25 15:33:00,RESOLVED,36.9,233.1
2113,5161,ACCOUNT,LOW,2026-08-23 14:59:00,RESOLVED,12.6,258.9
2114,7577,PAYMENT,LOW,2026-08-04 15:52:00,RESOLVED,27.5,202.5
2115,2269,REFUND,MEDIUM,2026-09-08 07:33:00,RESOLVED,57.2,320.0
2116,4551,ACCOUNT,MEDIUM,2026-08-21 09:22:00,PENDING,33.8,461.7
2117,6114,DELIVERY,MEDIUM,2026-08-15 17:53:00,RESOLVED,26.2,127.5
2118,6565,DELIVERY,HIGH,2026-08-22 03:13:00,RESOLVED,13.1,423.5
2119,5431,PRODUCT,CRITICAL,2026-09-08 08:55:00,PENDING,11.4,245.4
2120,5905,PRODUCT,LOW,2026-08-06 20:23:00,PENDING,3.4,88.7
2121,1641,DELIVERY,MEDIUM,2026-08-05 17:54:00,RESOLVED,3.5,374.0
2122,4648,ACCOUNT,MEDIUM,2026-08-25 14:03:00,RESOLVED,26.3,556.6
2123,5416,ACCOUNT,LOW,2026-09-03 00:38:00,RESOLVED,28.1,87.9
2124,790,PRODUCT,MEDIUM,2026-09-06 08:34:00,RESOLVED,35.5,116.1
2125,9687,REFUND,LOW,2026-09-03 19:28:00,RESOLVED,30.4,417.2
2126,6333,ACCOUNT,LOW,2026-08-02 00:22:00,RESOLVED,6.6,339.4
2127,7178,DELIVERY,HIGH,2026-08-23 23:48:00,RESOLVED,25.1,156.1
2128,5346,PRODUCT,LOW,2026-08-11 02:46:00,RESOLVED,80.0,311.9
2129,9307,ACCOUNT,MEDIUM,2026-08-06 13:07:00,RESOLVED,47.7,215.1
2130,57,PAYMENT,LOW,2026-08-14 03:55:00,RESOLVED,29.7,120.2
2131,9581,REFUND,MEDIUM,2026-09-08 05:47:00,RESOLVED,28.0,172.8
2132,2069,PAYMENT,MEDIUM,2026-08-22 18:28:00,RESOLVED,16.6,71.9
2133,8846,DELIVERY,HIGH,2026-08-09 02:44:00,OPEN,12.5,470.9
2134,614,DELIVERY,LOW,2026-08-30 14:29:00,RESOLVED,38.9,290.1
2135,3129,REFUND,MEDIUM,2026-09-09 21:38:00,PENDING,15.6,181.3
2136,5703,DELIVERY,HIGH,2026-08-27 10:33:00,RESOLVED,30.4,232.9
2137,6577,PRODUCT,LOW,2026-08-18 02:18:00,PENDING,11.4,172.4
2138,152,PRODUCT,LOW,2026-08-19 11:20:00,RESOLVED,47.1,213.0
2139,3589,ACCOUNT,LOW,2026-08-14 06:31:00,RESOLVED,27.0,199.2
2140,8425,REFUND,CRITICAL,2026-09-08 09:34:00,RESOLVED,24.3,361.2
2141,1831,ACCOUNT,LOW,2026-08-11 23:02:00,RESOLVED,16.5,137.7
2142,9475,REFUND,LOW,2026-08-14 16:10:00,PENDING,25.6,461.8
2143,7103,PAYMENT,CRITICAL,2026-08-04 20:53:00,RESOLVED,0.4,110.9
2144,9756,ACCOUNT,MEDIUM,2026-09-01 08:40:00,PENDING,35.1,614.4
2145,9033,REFUND,LOW,2026-08-17 17:15:00,PENDING,28.1,406.2
2146,2266,DELIVERY,MEDIUM,2026-09-03 01:03:00,OPEN,21.5,194.5
2147,9412,ACCOUNT,LOW,2026-08-06 20:43:00,RESOLVED,5.5,250.6
2148,4952,REFUND,MEDIUM,2026-08-05 00:54:00,PENDING,28.7,276.7
2149,2585,REFUND,LOW,2026-08-18 07:54:00,OPEN,14.6,159.7
2150,8912,PRODUCT,MEDIUM,2026-08-02 18:03:00,PENDING,26.0,70.8
2151,4706,PAYMENT,MEDIUM,2026-08-28 05:05:00,PENDING,4.2,146.6
2152,6874,DELIVERY,LOW,2026-09-09 10:53:00,OPEN,4.0,65.4
2153,6101,ACCOUNT,MEDIUM,2026-09-08 04:27:00,RESOLVED,67.6,305.9
2154,2988,PAYMENT,HIGH,2026-08-15 08:07:00,RESOLVED,25.5,126.4
2155,9830,REFUND,MEDIUM,2026-08-10 20:04:00,RESOLVED,54.7,278.0
2156,8340,DELIVERY,CRITICAL,2026-08-27 17:37:00,RESOLVED,1.3,266.2
2157,5293,PRODUCT,CRITICAL,2026-08-06 15:31:00,OPEN,24.5,225.4
2158,5740,PRODUCT,LOW,2026-08-02 04:04:00,RESOLVED,41.9,239.0
2159,696,PRODUCT,MEDIUM,2026-08-19 23:23:00,RESOLVED,22.8,170.8
2160,7300,PRODUCT,HIGH,2026-08-31 13:17:00,RESOLVED,22.5,136.9
2161,9099,ACCOUNT,MEDIUM,2026-09-03 17:36:00,RESOLVED,20.9,233.6
2162,9695,PRODUCT,HIGH,2026-08-15 02:03:00,RESOLVED,4.2,1080.6
2163,5600,REFUND,LOW,2026-08-03 23:42:00,RESOLVED,50.4,278.3
2164,9976,REFUND,HIGH,2026-08-24 06:03:00,RESOLVED,34.4,253.7
2165,7984,REFUND,LOW,2026-09-01 12:22:00,RESOLVED,8.6,133.9
2166,5049,PRODUCT,MEDIUM,2026-08-02 22:05:00,PENDING,14.1,137.5
2167,8004,DELIVERY,HIGH,2026-08-17 20:24:00,RESOLVED,10.1,349.9
2168,1567,REFUND,MEDIUM,2026-08-05 07:34:00,RESOLVED,54.7,317.2
2169,6758,PAYMENT,MEDIUM,2026-08-20 14:18:00,RESOLVED,86.6,471.1
2170,6196,PAYMENT,MEDIUM,2026-09-02 22:10:00,RESOLVED,6.7,388.5
2171,4932,DELIVERY,HIGH,2026-08-23 03:47:00,RESOLVED,3.0,126.2
2172,6439,DELIVERY,MEDIUM,2026-08-23 03:59:00,OPEN,13.4,117.0
2173,8522,ACCOUNT,MEDIUM,2026-08-07 19:46:00,RESOLVED,14.9,223.4
2174,5722,DELIVERY,LOW,2026-09-01 01:54:00,RESOLVED,3.1,184.7
2175,3791,DELIVERY,LOW,2026-09-02 05:36:00,OPEN,17.0,302.5
2176,4221,DELIVERY,LOW,2026-08-07 10:50:00,PENDING,25.3,318.9
2177,5683,REFUND,MEDIUM,2026-08-29 13:55:00,RESOLVED,1.1,297.4
2178,5816,REFUND,MEDIUM,2026-08-14 02:40:00,PENDING,37.9,374.8
2179,3136,ACCOUNT,LOW,2026-09-08 21:07:00,RESOLVED,5.5,365.7
2180,5341,DELIVERY,LOW,2026-09-04 01:05:00,RESOLVED,1.9,96.1
2181,2876,DELIVERY,LOW,2026-09-01 16:19:00,RESOLVED,47.7,675.3
2182,9447,DELIVERY,HIGH,2026-08-24 10:31:00,RESOLVED,18.2,322.2
2183,5346,PRODUCT,LOW,2026-08-16 06:17:00,PENDING,39.6,604.0
2184,8377,ACCOUNT,MEDIUM,2026-08-27 18:18:00,RESOLVED,36.4,285.0
2185,3795,DELIVERY,HIGH,2026-08-25 03:57:00,RESOLVED,5.8,207.4
2186,3937,PAYMENT,HIGH,2026-08-09 06:11:00,PENDING,8.0,128.1
2187,2885,REFUND,MEDIUM,2026-08-22 11:05:00,RESOLVED,8.0,275.2
2188,5709,PRODUCT,LOW,2026-08-23 05:34:00,RESOLVED,30.8,253.4
2189,6163,PRODUCT,LOW,2026-09-07 01:50:00,RESOLVED,6.7,299.9
2190,5661,REFUND,LOW,2026-08-30 08:39:00,RESOLVED,8.9,143.0
2191,8370,PRODUCT,HIGH,2026-09-03 20:41:00,PENDING,0.4,294.9
2192,5108,DELIVERY,LOW,2026-08-07 21:50:00,RESOLVED,23.9,104.5
2193,8211,PAYMENT,LOW,2026-08-26 03:22:00,PENDING,8.7,234.4
2194,581,ACCOUNT,LOW,2026-08-12 23:24:00,RESOLVED,22.1,385.9
2195,3601,ACCOUNT,MEDIUM,2026-08-10 10:16:00,PENDING,28.8,673.7
2196,7126,DELIVERY,LOW,2026-08-01 08:32:00,RESOLVED,10.8,219.8
2197,3835,DELIVERY,MEDIUM,2026-08-23 12:10:00,RESOLVED,12.4,120.3
2198,7313,ACCOUNT,LOW,2026-09-08 12:24:00,RESOLVED,35.4,180.2
2199,5920,REFUND,MEDIUM,2026-08-25 23:56:00,RESOLVED,1.6,189.2
2200,4842,PRODUCT,LOW,2026-09-05 19:58:00,RESOLVED,25.0,200.0
2201,5579,PAYMENT,MEDIUM,2026-08-27 22:03:00,RESOLVED,22.0,470.0
2202,9016,PAYMENT,MEDIUM,2026-08-04 16:30:00,PENDING,26.0,245.0
2203,6786,REFUND,MEDIUM,2026-08-30 00:19:00,RESOLVED,2.1,272.6
2204,9840,PRODUCT,LOW,2026-09-03 06:58:00,RESOLVED,51.1,96.7
2205,958,REFUND,MEDIUM,2026-09-02 01:36:00,RESOLVED,29.2,232.3
2206,8130,PRODUCT,MEDIUM,2026-08-22 20:10:00,PENDING,40.2,226.9
2207,8913,REFUND,MEDIUM,2026-08-21 20:56:00,OPEN,45.6,244.6
2208,9279,ACCOUNT,LOW,2026-09-08 13:56:00,RESOLVED,64.7,495.4
2209,5392,PRODUCT,CRITICAL,2026-09-09 17:24:00,RESOLVED,21.0,216.3
2210,4876,PAYMENT,MEDIUM,2026-08-21 09:06:00,RESOLVED,28.7,116.0
2211,5838,DELIVERY,MEDIUM,2026-08-31 04:56:00,PENDING,1.8,152.7
2212,9143,REFUND,LOW,2026-08-09 06:29:00,RESOLVED,13.2,466.8
2213,8668,PRODUCT,MEDIUM,2026-08-27 03:51:00,RESOLVED,16.5,435.8
2214,9351,PAYMENT,LOW,2026-09-04 05:59:00,RESOLVED,33.3,220.1
2215,9691,DELIVERY,MEDIUM,2026-09-06 08:28:00,PENDING,3.0,186.7
2216,6236,DELIVERY,LOW,2026-09-07 12:31:00,OPEN,48.5,126.9
2217,2591,PRODUCT,LOW,2026-08-07 15:10:00,RESOLVED,16.1,235.1
2218,1508,REFUND,MEDIUM,2026-08-22 05:26:00,RESOLVED,89.6,247.4
2219,8977,PAYMENT,MEDIUM,2026-08-23 13:10:00,RESOLVED,12.0,93.9
2220,1524,PRODUCT,LOW,2026-08-17 07:23:00,PENDING,10.1,225.5
2221,705,ACCOUNT,HIGH,2026-08-01 04:04:00,RESOLVED,4.4,310.1
2222,4724,REFUND,CRITICAL,2026-09-01 00:05:00,RESOLVED,37.1,119.5
2223,7433,PRODUCT,MEDIUM,2026-08-31 12:42:00,PENDING,19.7,551.3
2224,7356,ACCOUNT,MEDIUM,2026-08-04 08:47:00,RESOLVED,20.5,162.7
2225,2542,ACCOUNT,MEDIUM,2026-08-15 14:15:00,RESOLVED,14.8,141.1
2226,5014,ACCOUNT,MEDIUM,2026-09-03 16:59:00,OPEN,38.3,240.8
2227,8945,DELIVERY,MEDIUM,2026-08-12 01:18:00,OPEN,24.2,83.4
2228,7999,DELIVERY,MEDIUM,2026-09-04 10:22:00,RESOLVED,6.9,106.6
2229,9168,ACCOUNT,LOW,2026-08-02 06:09:00,OPEN,13.4,255.3
2230,7698,REFUND,LOW,2026-08-12 19:59:00,RESOLVED,65.2,221.6
2231,912,REFUND,MEDIUM,2026-09-05 00:33:00,RESOLVED,25.9,59.0
2232,2037,PAYMENT,MEDIUM,2026-08-01 10:50:00,OPEN,19.0,203.5
2233,1691,PRODUCT,MEDIUM,2026-08-22 11:33:00,RESOLVED,53.1,202.4
2234,1328,DELIVERY,LOW,2026-08-01 09:25:00,OPEN,37.6,323.2
2235,8585,PRODUCT,MEDIUM,2026-08-07 16:10:00,RESOLVED,25.9,275.9
2236,7059,DELIVERY,MEDIUM,2026-09-09 02:56:00,RESOLVED,21.6,386.7
2237,9138,REFUND,LOW,2026-08-19 13:23:00,RESOLVED,35.1,109.1
2238,3204,ACCOUNT,HIGH,2026-09-01 05:12:00,RESOLVED,7.1,270.4
2239,9799,DELIVERY,MEDIUM,2026-09-04 20:20:00,PENDING,31.4,152.1
2240,9314,DELIVERY,HIGH,2026-08-15 08:21:00,PENDING,24.2,148.1
2241,1061,PAYMENT,LOW,2026-08-27 17:30:00,RESOLVED,46.0,212.9
2242,8686,REFUND,MEDIUM,2026-09-05 13:50:00,RESOLVED,14.8,342.2
2243,1108,REFUND,CRITICAL,2026-08-18 08:17:00,PENDING,20.0,303.3
2244,4513,PAYMENT,MEDIUM,2026-09-05 16:34:00,PENDING,16.9,182.8
2245,1808,DELIVERY,LOW,2026-08-04 04:00:00,RESOLVED,8.1,284.0
2246,5806,DELIVERY,CRITICAL,2026-09-06 07:53:00,PENDING,10.9,349.2
2247,177,ACCOUNT,MEDIUM,2026-08-16 23:27:00,RESOLVED,15.7,667.8
2248,8472,ACCOUNT,MEDIUM,2026-08-21 01:41:00,PENDING,6.7,80.8
2249,4764,PAYMENT,LOW,2026-08-09 05:52:00,RESOLVED,16.0,545.4
2250,8714,ACCOUNT,HIGH,2026-09-02 19:37:00,OPEN,16.7,266.7
2251,4334,ACCOUNT,CRITICAL,2026-08-11 22:46:00,OPEN,4.2,88.3
2252,5570,REFUND,MEDIUM,2026-08-02 12:07:00,RESOLVED,7.0,419.2
2253,7381,DELIVERY,LOW,2026-08-05 04:27:00,RESOLVED,80.4,116.3
2254,9720,REFUND,MEDIUM,2026-08-07 09:35:00,PENDING,28.1,211.4
2255,3743,ACCOUNT,LOW,2026-08-25 15:58:00,PENDING,24.1,171.9
2256,5210,ACCOUNT,MEDIUM,2026-08-26 07:10:00,RESOLVED,27.0,152.0
2257,3245,PRODUCT,MEDIUM,2026-08-08 11:29:00,RESOLVED,13.4,349.6
2258,412,PRODUCT,LOW,2026-08-05 03:51:00,RESOLVED,37.0,363.4
2259,8731,REFUND,HIGH,2026-08-10 05:49:00,PENDING,46.7,194.5
2260,5627,PAYMENT,MEDIUM,2026-08-02 17:36:00,RESOLVED,22.2,146.0
2261,3725,REFUND,MEDIUM,2026-08-14 01:07:00,RESOLVED,30.5,83.0
2262,7771,REFUND,MEDIUM,2026-08-05 08:02:00,PENDING,8.2,175.3
2263,8187,PRODUCT,HIGH,2026-08-09 06:43:00,RESOLVED,43.8,316.3
2264,9850,PAYMENT,MEDIUM,2026-08-19 04:14:00,OPEN,28.1,297.9
2265,4369,PAYMENT,CRITICAL,2026-08-13 00:55:00,OPEN,35.4,310.5
2266,1054,REFUND,LOW,2026-08-20 12:46:00,RESOLVED,18.5,202.6
2267,4854,PRODUCT,LOW,2026-08-09 16:54:00,RESOLVED,22.7,468.7
2268,4406,PAYMENT,MEDIUM,2026-09-07 00:57:00,RESOLVED,27.3,492.6
2269,2075,DELIVERY,LOW,2026-08-03 12:25:00,PENDING,39.2,388.6
2270,5867,PRODUCT,MEDIUM,2026-08-17 20:55:00,OPEN,6.8,221.9
2271,4142,REFUND,MEDIUM,2026-08-08 03:46:00,OPEN,42.6,377.2
2272,8815,PAYMENT,LOW,2026-08-21 13:48:00,RESOLVED,57.1,163.7
2273,478,ACCOUNT,LOW,2026-08-20 00:34:00,RESOLVED,17.8,330.1
2274,7159,PRODUCT,LOW,2026-09-02 15:34:00,RESOLVED,20.2,406.5
2275,6020,DELIVERY,LOW,2026-08-29 17:51:00,RESOLVED,48.2,317.0
2276,2313,PRODUCT,LOW,2026-09-02 14:07:00,RESOLVED,80.3,269.3
2277,3525,REFUND,LOW,2026-08-18 04:42:00,RESOLVED,8.1,234.4
2278,8594,PRODUCT,CRITICAL,2026-08-14 01:30:00,RESOLVED,22.8,246.9
2279,3641,REFUND,LOW,2026-08-26 23:57:00,RESOLVED,4.8,58.1
2280,6643,PAYMENT,LOW,2026-08-29 23:35:00,OPEN,7.8,132.0
2281,5126,PRODUCT,CRITICAL,2026-08-08 04:22:00,RESOLVED,33.9,251.0
2282,8952,DELIVERY,HIGH,2026-09-05 10:25:00,OPEN,21.2,209.3
2283,6606,DELIVERY,LOW,2026-08-20 08:53:00,RESOLVED,32.0,142.7
2284,8344,PRODUCT,HIGH,2026-09-02 22:27:00,RESOLVED,25.5,354.8
2285,9036,DELIVERY,HIGH,2026-08-03 15:43:00,RESOLVED,20.5,352.0
2286,1293,ACCOUNT,MEDIUM,2026-08-14 03:13:00,RESOLVED,43.8,141.4
2287,8338,PAYMENT,MEDIUM,2026-08-15 23:10:00,RESOLVED,51.2,216.0
2288,9605,DELIVERY,MEDIUM,2026-08-30 14:23:00,RESOLVED,18.6,160.4
2289,363,PRODUCT,CRITICAL,2026-08-10 19:18:00,RESOLVED,8.5,168.9
2290,4543,ACCOUNT,MEDIUM,2026-08-30 12:15:00,RESOLVED,28.3,485.3
2291,2549,DELIVERY,HIGH,2026-09-03 06:04:00,RESOLVED,7.4,209.3
2292,9826,ACCOUNT,LOW,2026-08-10 16:20:00,RESOLVED,3.7,220.8
2293,3520,PAYMENT,MEDIUM,2026-09-09 07:05:00,RESOLVED,9.8,150.5
2294,1871,PRODUCT,CRITICAL,2026-08-27 18:57:00,RESOLVED,9.3,157.5
2295,957,REFUND,LOW,2026-08-21 09:08:00,RESOLVED,34.0,565.9
2296,7934,DELIVERY,LOW,2026-08-04 12:24:00,RESOLVED,60.5,994.5
2297,588,ACCOUNT,HIGH,2026-08-21 09:18:00,PENDING,51.2,495.1
2298,3049,PRODUCT,MEDIUM,2026-08-11 23:10:00,OPEN,14.5,315.3
2299,5544,REFUND,MEDIUM,2026-08-17 13:47:00,RESOLVED,22.6,686.3
2300,449,REFUND,CRITICAL,2026-08-02 03:12:00,PENDING,16.8,165.4
2301,1748,PRODUCT,LOW,2026-09-01 15:13:00,RESOLVED,44.4,208.3
2302,9941,REFUND,MEDIUM,2026-08-06 05:41:00,RESOLVED,27.7,299.7
2303,4579,PRODUCT,MEDIUM,2026-08-21 14:20:00,RESOLVED,36.7,292.9
2304,3036,DELIVERY,LOW,2026-08-05 06:11:00,RESOLVED,9.7,271.2
2305,8698,ACCOUNT,LOW,2026-08-13 18:58:00,RESOLVED,92.9,417.9
2306,806,PRODUCT,MEDIUM,2026-09-07 20:54:00,OPEN,4.9,141.9
2307,2642,REFUND,MEDIUM,2026-08-08 06:04:00,RESOLVED,7.6,196.3
2308,8605,PAYMENT,MEDIUM,2026-08-07 13:16:00,OPEN,36.8,108.4
2309,7530,DELIVERY,MEDIUM,2026-09-07 02:47:00,OPEN,4.8,184.0
2310,4321,PAYMENT,MEDIUM,2026-08-03 21:37:00,OPEN,60.7,534.2
2311,9808,REFUND,LOW,2026-09-08 13:17:00,RESOLVED,50.0,125.4
2312,5765,REFUND,LOW,2026-08-31 00:14:00,RESOLVED,33.2,240.4
2313,7454,ACCOUNT,MEDIUM,2026-08-16 04:43:00,PENDING,10.8,388.6
2314,9849,PAYMENT,MEDIUM,2026-08-26 22:34:00,RESOLVED,36.7,636.3
2315,5044,DELIVERY,HIGH,2026-08-24 17:11:00,RESOLVED,18.2,113.1
2316,4808,PAYMENT,MEDIUM,2026-08-26 10:38:00,RESOLVED,9.0,106.9
2317,6637,DELIVERY,HIGH,2026-08-08 13:08:00,RESOLVED,18.5,204.2
2318,671,PAYMENT,HIGH,2026-09-05 16:15:00,RESOLVED,18.1,127.3
2319,4287,PRODUCT,MEDIUM,2026-08-19 15:41:00,RESOLVED,19.8,286.5
2320,6912,DELIVERY,MEDIUM,2026-08-27 15:47:00,RESOLVED,31.8,387.6
2321,3790,DELIVERY,HIGH,2026-08-29 14:11:00,OPEN,13.9,191.1
2322,7106,REFUND,LOW,2026-08-27 17:32:00,RESOLVED,16.1,189.4
2323,4034,PAYMENT,MEDIUM,2026-08-20 14:39:00,RESOLVED,19.7,192.1
2324,1943,DELIVERY,MEDIUM,2026-08-19 06:40:00,RESOLVED,47.0,233.1
2325,1463,REFUND,MEDIUM,2026-08-23 21:35:00,PENDING,67.5,252.4
2326,5455,PRODUCT,HIGH,2026-08-23 15:03:00,RESOLVED,8.9,261.5
2327,1936,PAYMENT,LOW,2026-09-02 14:27:00,PENDING,16.8,312.0
2328,3693,PAYMENT,LOW,2026-08-31 15:18:00,RESOLVED,26.1,124.8
2329,5200,DELIVERY,LOW,2026-08-27 09:13:00,RESOLVED,5.0,322.6
2330,500,PRODUCT,HIGH,2026-08-15 08:44:00,RESOLVED,17.4,277.0
2331,4205,PAYMENT,LOW,2026-08-20 18:00:00,RESOLVED,34.7,139.0
2332,3117,PAYMENT,MEDIUM,2026-08-02 10:36:00,RESOLVED,23.9,327.0
2333,3140,PRODUCT,LOW,2026-08-11 23:42:00,PENDING,7.9,164.9
2334,9096,DELIVERY,MEDIUM,2026-08-18 01:24:00,RESOLVED,143.5,394.7
2335,9249,PRODUCT,MEDIUM,2026-08-25 02:12:00,RESOLVED,37.0,380.8
2336,3003,REFUND,LOW,2026-08-16 01:49:00,RESOLVED,33.7,342.1
2337,8810,DELIVERY,MEDIUM,2026-08-03 02:34:00,RESOLVED,12.8,207.8
2338,2231,REFUND,LOW,2026-08-08 06:29:00,PENDING,54.6,464.7
2339,3469,REFUND,LOW,2026-08-08 01:21:00,OPEN,24.1,244.7
2340,9410,PAYMENT,MEDIUM,2026-08-29 08:25:00,RESOLVED,7.0,275.7
2341,1017,REFUND,MEDIUM,2026-09-06 06:06:00,PENDING,24.1,174.7
2342,3824,PRODUCT,LOW,2026-09-02 04:18:00,OPEN,30.8,243.5
2343,8051,REFUND,MEDIUM,2026-08-20 21:50:00,RESOLVED,2.1,168.4
2344,9406,DELIVERY,MEDIUM,2026-08-07 08:13:00,RESOLVED,6.0,269.0
2345,9486,REFUND,HIGH,2026-09-06 11:36:00,RESOLVED,28.0,237.0
2346,8803,PAYMENT,MEDIUM,2026-08-20 05:57:00,PENDING,14.0,153.8
2347,9645,DELIVERY,HIGH,2026-08-31 06:23:00,RESOLVED,50.9,163.4
2348,4705,DELIVERY,MEDIUM,2026-08-14 01:04:00,OPEN,26.6,217.3
2349,3231,DELIVERY,HIGH,2026-08-14 01:42:00,OPEN,23.0,175.1
2350,3850,REFUND,LOW,2026-08-23 17:15:00,RESOLVED,19.5,127.3
2351,1207,ACCOUNT,MEDIUM,2026-08-29 01:38:00,RESOLVED,46.2,118.2
2352,1378,PAYMENT,MEDIUM,2026-08-04 18:11:00,OPEN,31.5,420.9
2353,9737,DELIVERY,MEDIUM,2026-08-17 03:04:00,RESOLVED,30.0,121.5
2354,1907,DELIVERY,HIGH,2026-09-07 08:45:00,RESOLVED,48.2,430.0
2355,6164,DELIVERY,MEDIUM,2026-08-25 01:16:00,OPEN,53.6,281.8
2356,2325,DELIVERY,LOW,2026-08-03 13:06:00,PENDING,6.9,75.4
2357,6641,PAYMENT,MEDIUM,2026-08-26 22:43:00,OPEN,108.2,324.5
2358,4704,PRODUCT,MEDIUM,2026-09-02 21:37:00,PENDING,3.0,141.2
2359,1052,PAYMENT,LOW,2026-09-04 04:06:00,RESOLVED,24.2,382.9
2360,3722,PAYMENT,LOW,2026-08-08 18:47:00,PENDING,7.3,463.9
2361,7308,PAYMENT,MEDIUM,2026-08-08 00:21:00,RESOLVED,35.6,295.3
2362,8004,REFUND,LOW,2026-08-31 20:03:00,OPEN,39.1,473.7
2363,2896,ACCOUNT,LOW,2026-09-05 12:14:00,OPEN,7.3,337.1
2364,2967,PRODUCT,HIGH,2026-08-12 06:48:00,RESOLVED,45.0,214.7
2365,7297,ACCOUNT,CRITICAL,2026-08-07 14:33:00,RESOLVED,0.5,215.3
2366,4246,DELIVERY,MEDIUM,2026-09-01 14:11:00,RESOLVED,36.3,230.3
2367,702,PAYMENT,CRITICAL,2026-08-31 12:16:00,RESOLVED,4.1,298.5
2368,1228,ACCOUNT,HIGH,2026-09-06 15:03:00,PENDING,51.6,324.6
2369,3737,PRODUCT,MEDIUM,2026-08-29 02:25:00,RESOLVED,17.4,164.6
2370,2713,PRODUCT,MEDIUM,2026-09-07 10:14:00,RESOLVED,11.3,37.4
2371,1189,PAYMENT,HIGH,2026-09-02 23:46:00,RESOLVED,56.0,697.7
2372,7831,REFUND,MEDIUM,2026-09-04 13:01:00,PENDING,36.2,178.7
2373,4590,PRODUCT,LOW,2026-08-31 21:08:00,PENDING,17.6,101.3
2374,7072,PAYMENT,LOW,2026-08-18 00:19:00,RESOLVED,23.5,313.8
2375,20,PAYMENT,MEDIUM,2026-08-05 08:03:00,OPEN,59.0,152.0
2376,4023,REFUND,LOW,2026-08-18 03:35:00,RESOLVED,17.2,295.5
2377,4781,DELIVERY,LOW,2026-08-11 13:59:00,PENDING,7.2,172.6
2378,5775,PRODUCT,MEDIUM,2026-09-08 02:23:00,RESOLVED,24.7,176.0
2379,9681,ACCOUNT,LOW,2026-08-15 06:19:00,RESOLVED,14.8,234.1
2380,4584,DELIVERY,LOW,2026-09-05 15:36:00,RESOLVED,30.8,227.1
2381,4894,PAYMENT,HIGH,2026-08-15 05:18:00,PENDING,29.6,599.2
2382,8953,PRODUCT,LOW,2026-08-20 09:32:00,RESOLVED,21.8,366.3
2383,3985,DELIVERY,MEDIUM,2026-08-28 20:39:00,RESOLVED,10.8,82.7
2384,3947,REFUND,MEDIUM,2026-08-16 22:00:00,PENDING,19.6,97.6
2385,1598,ACCOUNT,CRITICAL,2026-08-28 18:46:00,RESOLVED,27.2,233.7
2386,7222,PRODUCT,LOW,2026-08-04 18:26:00,OPEN,12.5,120.1
2387,195,ACCOUNT,LOW,2026-08-24 15:24:00,RESOLVED,17.3,183.7
2388,2186,ACCOUNT,MEDIUM,2026-08-15 11:01:00,RESOLVED,39.6,224.3
2389,4181,PRODUCT,MEDIUM,2026-08-07 23:00:00,OPEN,13.9,294.9
2390,4341,REFUND,HIGH,2026-08-19 20:11:00,RESOLVED,15.4,214.6
2391,386,ACCOUNT,LOW,2026-08-05 18:47:00,OPEN,11.7,169.0
2392,5294,PAYMENT,LOW,2026-09-03 05:25:00,RESOLVED,16.1,264.6
2393,9720,PAYMENT,LOW,2026-09-06 01:35:00,OPEN,6.7,180.2
2394,1047,PAYMENT,MEDIUM,2026-08-13 23:05:00,RESOLVED,22.3,240.3
2395,4936,PAYMENT,LOW,2026-08-14 11:52:00,RESOLVED,16.0,83.0
2396,5875,PAYMENT,LOW,2026-08-13 02:29:00,PENDING,29.0,284.4
2397,3241,PRODUCT,MEDIUM,2026-09-03 17:50:00,RESOLVED,21.9,348.5
2398,5747,DELIVERY,LOW,2026-08-02 01:21:00,RESOLVED,16.8,136.2
2399,3409,PAYMENT,LOW,2026-08-06 10:27:00,RESOLVED,40.7,283.8
2400,1588,PAYMENT,LOW,2026-08-02 14:00:00,OPEN,61.0,167.2
2401,8405,PAYMENT,HIGH,2026-08-25 19:29:00,RESOLVED,15.9,114.7
2402,9987,PRODUCT,MEDIUM,2026-09-02 07:43:00,RESOLVED,36.2,355.1
2403,3860,REFUND,MEDIUM,2026-08-27 23:51:00,RESOLVED,18.5,467.2
2404,925,ACCOUNT,MEDIUM,2026-08-07 13:35:00,RESOLVED,11.2,184.7
2405,1636,DELIVERY,CRITICAL,2026-08-16 22:26:00,RESOLVED,28.8,189.2
2406,8954,PRODUCT,LOW,2026-09-08 15:44:00,RESOLVED,27.5,185.3
2407,8809,DELIVERY,LOW,2026-09-03 04:29:00,RESOLVED,32.1,202.9
2408,4916,PRODUCT,HIGH,2026-08-03 09:45:00,RESOLVED,23.0,290.2
2409,8714,DELIVERY,MEDIUM,2026-08-07 01:39:00,RESOLVED,20.2,144.2
2410,2228,REFUND,CRITICAL,2026-09-02 06:01:00,RESOLVED,19.7,285.9
2411,4004,REFUND,MEDIUM,2026-08-27 04:04:00,OPEN,38.4,252.9
2412,1128,DELIVERY,MEDIUM,2026-08-05 14:29:00,RESOLVED,28.5,169.0
2413,5449,REFUND,MEDIUM,2026-08-10 21:52:00,RESOLVED,26.4,221.0
2414,6995,PRODUCT,LOW,2026-08-26 09:30:00,RESOLVED,23.5,241.8
2415,9616,DELIVERY,HIGH,2026-09-01 19:33:00,RESOLVED,13.9,99.5
2416,7545,PRODUCT,MEDIUM,2026-08-31 06:30:00,RESOLVED,22.7,182.1
2417,6649,PAYMENT,LOW,2026-08-04 05:27:00,OPEN,40.4,169.8
2418,6735,ACCOUNT,LOW,2026-08-10 01:04:00,RESOLVED,14.1,648.7
2419,6291,PRODUCT,MEDIUM,2026-08-23 01:29:00,RESOLVED,12.1,194.6
2420,4199,PAYMENT,LOW,2026-08-23 10:31:00,PENDING,6.8,175.6
2421,5001,ACCOUNT,LOW,2026-09-08 23:59:00,PENDING,36.1,305.1
2422,1726,DELIVERY,LOW,2026-09-01 05:29:00,RESOLVED,74.0,399.8
2423,201,PAYMENT,HIGH,2026-08-12 05:25:00,RESOLVED,68.7,144.2
2424,7896,REFUND,MEDIUM,2026-08-07 19:56:00,RESOLVED,4.2,170.8
2425,4961,PAYMENT,LOW,2026-08-02 18:16:00,PENDING,12.9,218.9
2426,8713,PAYMENT,LOW,2026-08-21 21:34:00,PENDING,24.6,176.2
2427,1218,PAYMENT,HIGH,2026-08-07 00:29:00,RESOLVED,43.4,157.5
2428,3919,REFUND,MEDIUM,2026-08-22 07:19:00,PENDING,4.2,68.9
2429,2574,PRODUCT,LOW,2026-08-26 05:18:00,PENDING,7.8,390.7
2430,8413,DELIVERY,CRITICAL,2026-08-31 17:00:00,RESOLVED,16.8,181.9
2431,3769,DELIVERY,LOW,2026-08-22 06:09:00,PENDING,11.6,373.9
2432,6357,DELIVERY,LOW,2026-08-15 10:59:00,RESOLVED,12.0,332.8
2433,844,PAYMENT,LOW,2026-09-04 00:15:00,RESOLVED,20.0,76.3
2434,5270,PAYMENT,CRITICAL,2026-08-26 19:29:00,OPEN,29.2,171.6
2435,4414,ACCOUNT,HIGH,2026-08-27 14:21:00,PENDING,10.8,286.1
2436,6107,REFUND,MEDIUM,2026-09-08 00:01:00,RESOLVED,23.2,196.9
2437,5854,PAYMENT,MEDIUM,2026-09-08 06:14:00,RESOLVED,23.4,101.4
2438,1078,ACCOUNT,LOW,2026-08-29 08:34:00,RESOLVED,18.2,328.0
2439,501,PRODUCT,LOW,2026-08-07 03:33:00,RESOLVED,7.7,57.7
2440,1254,ACCOUNT,LOW,2026-08-01 17:12:00,RESOLVED,8.2,122.6
2441,2178,PAYMENT,HIGH,2026-08-24 05:46:00,RESOLVED,15.1,146.4
2442,7268,DELIVERY,MEDIUM,2026-08-07 00:50:00,PENDING,17.5,209.5
2443,2692,PAYMENT,MEDIUM,2026-09-06 12:58:00,OPEN,42.4,362.7
2444,9700,PRODUCT,CRITICAL,2026-08-16 22:12:00,OPEN,43.8,496.9
2445,868,DELIVERY,LOW,2026-08-11 05:00:00,RESOLVED,28.6,204.6
2446,5079,PAYMENT,LOW,2026-08-17 04:12:00,OPEN,5.6,197.2
2447,7159,PAYMENT,MEDIUM,2026-08-29 04:09:00,RESOLVED,38.1,518.9
2448,541,ACCOUNT,CRITICAL,2026-08-14 05:22:00,OPEN,9.6,239.4
2449,5141,ACCOUNT,LOW,2026-08-06 07:12:00,RESOLVED,29.9,572.1
2450,681,PRODUCT,LOW,2026-08-18 17:23:00,PENDING,8.9,258.8
2451,7899,REFUND,LOW,2026-08-19 21:21:00,RESOLVED,26.4,351.6
2452,4674,REFUND,CRITICAL,2026-09-07 17:38:00,RESOLVED,30.2,85.8
2453,8647,PAYMENT,LOW,2026-08-03 17:34:00,RESOLVED,17.6,222.0
2454,6577,DELIVERY,MEDIUM,2026-09-02 04:19:00,RESOLVED,15.5,438.4
2455,3169,PRODUCT,HIGH,2026-08-12 17:45:00,RESOLVED,16.6,90.8
2456,1549,ACCOUNT,MEDIUM,2026-08-06 13:19:00,PENDING,33.4,201.5
2457,1584,DELIVERY,LOW,2026-08-06 04:23:00,RESOLVED,21.4,320.1
2458,331,ACCOUNT,LOW,2026-08-18 18:30:00,RESOLVED,5.8,258.2
2459,3004,DELIVERY,LOW,2026-08-26 09:16:00,RESOLVED,17.1,332.0
2460,7295,PAYMENT,HIGH,2026-08-28 06:19:00,RESOLVED,35.1,446.8
2461,3548,REFUND,HIGH,2026-08-31 09:57:00,OPEN,43.7,521.6
2462,1462,PAYMENT,LOW,2026-08-07 13:13:00,OPEN,40.8,340.6
2463,801,PAYMENT,MEDIUM,2026-08-25 08:17:00,RESOLVED,19.2,119.1
2464,4382,PAYMENT,LOW,2026-08-03 00:39:00,RESOLVED,7.9,315.7
2465,2099,DELIVERY,MEDIUM,2026-08-18 07:23:00,RESOLVED,19.2,185.2
2466,7342,PRODUCT,MEDIUM,2026-09-08 07:24:00,RESOLVED,59.7,265.7
2467,3369,ACCOUNT,CRITICAL,2026-08-25 10:03:00,RESOLVED,8.2,227.4
2468,1253,PAYMENT,MEDIUM,2026-09-01 09:16:00,RESOLVED,4.3,450.1
2469,2728,ACCOUNT,LOW,2026-08-03 03:31:00,RESOLVED,10.6,371.3
2470,4428,DELIVERY,MEDIUM,2026-09-05 09:48:00,RESOLVED,34.0,119.8
2471,377,PRODUCT,HIGH,2026-08-16 01:48:00,RESOLVED,13.0,234.6
2472,1115,REFUND,MEDIUM,2026-09-01 06:07:00,RESOLVED,34.1,220.2
2473,9610,PRODUCT,HIGH,2026-08-15 10:50:00,RESOLVED,73.7,262.1
2474,3476,PAYMENT,MEDIUM,2026-08-28 03:51:00,RESOLVED,25.5,265.0
2475,7482,DELIVERY,MEDIUM,2026-08-22 14:02:00,PENDING,8.5,267.6
2476,9125,REFUND,MEDIUM,2026-08-31 14:28:00,RESOLVED,36.6,110.2
2477,1136,PAYMENT,HIGH,2026-09-07 11:05:00,RESOLVED,92.9,181.2
2478,6862,ACCOUNT,MEDIUM,2026-08-22 00:17:00,PENDING,10.4,306.6
2479,8331,DELIVERY,MEDIUM,2026-08-02 06:42:00,RESOLVED,8.0,419.9
2480,231,ACCOUNT,HIGH,2026-08-11 06:50:00,OPEN,32.5,229.1
2481,3109,DELIVERY,LOW,2026-08-14 11:37:00,RESOLVED,23.3,183.8
2482,1345,REFUND,LOW,2026-08-04 18:40:00,RESOLVED,38.3,222.9
2483,319,DELIVERY,LOW,2026-08-20 11:57:00,RESOLVED,101.9,384.8
2484,2939,ACCOUNT,MEDIUM,2026-08-24 21:36:00,RESOLVED,5.7,256.9
2485,1829,PAYMENT,HIGH,2026-08-21 02:41:00,RESOLVED,21.7,385.5
2486,8956,PRODUCT,MEDIUM,2026-08-09 18:36:00,RESOLVED,4.2,60.7
2487,2374,PRODUCT,MEDIUM,2026-08-15 21:27:00,RESOLVED,10.2,324.0
2488,7471,PAYMENT,LOW,2026-09-02 22:07:00,PENDING,2.0,367.6
2489,515,REFUND,CRITICAL,2026-08-06 10:01:00,RESOLVED,27.4,172.1
2490,6175,DELIVERY,LOW,2026-08-22 09:40:00,PENDING,14.0,100.1
2491,6950,PAYMENT,LOW,2026-09-01 16:44:00,RESOLVED,21.4,328.5
2492,1526,PAYMENT,HIGH,2026-09-09 19:33:00,OPEN,23.4,224.5
2493,4311,PAYMENT,HIGH,2026-08-21 13:48:00,RESOLVED,18.1,263.3
2494,9289,ACCOUNT,LOW,2026-08-16 09:57:00,RESOLVED,6.4,456.8
2495,6141,DELIVERY,MEDIUM,2026-08-26 08:55:00,RESOLVED,8.7,267.6
2496,8082,PRODUCT,HIGH,2026-08-17 18:35:00,RESOLVED,14.7,55.7
2497,4248,DELIVERY,LOW,2026-09-01 19:43:00,PENDING,12.3,179.8
2498,2395,PAYMENT,CRITICAL,2026-08-11 18:43:00,PENDING,41.6,611.3
2499,4699,PRODUCT,LOW,2026-08-13 04:57:00,OPEN,8.9,289.1
2500,4044,DELIVERY,MEDIUM,2026-08-12 10:32:00,OPEN,3.8,412.6
2501,9830,PAYMENT,LOW,2026-09-01 09:49:00,RESOLVED,27.7,225.5
2502,4284,REFUND,LOW,2026-08-20 02:20:00,RESOLVED,27.1,279.3
2503,6274,PAYMENT,LOW,2026-08-30 08:14:00,RESOLVED,13.9,149.0
2504,5876,PAYMENT,LOW,2026-08-03 13:57:00,RESOLVED,14.8,104.1
2505,3716,PAYMENT,HIGH,2026-08-31 15:35:00,OPEN,31.6,214.0
2506,3749,PRODUCT,MEDIUM,2026-09-03 08:04:00,RESOLVED,8.1,185.5
2507,8447,REFUND,LOW,2026-08-06 03:26:00,PENDING,23.1,119.6
2508,2101,ACCOUNT,MEDIUM,2026-08-04 22:41:00,OPEN,23.9,278.0
2509,4160,ACCOUNT,LOW,2026-08-23 03:36:00,PENDING,27.5,157.4
2510,6670,PAYMENT,MEDIUM,2026-09-06 06:17:00,RESOLVED,36.3,293.1
2511,566,ACCOUNT,MEDIUM,2026-09-03 14:45:00,RESOLVED,12.8,82.9
2512,6776,REFUND,MEDIUM,2026-08-16 23:05:00,RESOLVED,28.4,169.1
2513,8328,REFUND,MEDIUM,2026-09-07 04:51:00,OPEN,21.9,770.8
2514,4424,REFUND,MEDIUM,2026-08-19 09:27:00,RESOLVED,8.0,93.7
2515,5830,PRODUCT,HIGH,2026-08-27 15:24:00,RESOLVED,45.4,235.6
2516,4867,DELIVERY,MEDIUM,2026-09-08 13:36:00,RESOLVED,18.1,185.8
2517,6660,REFUND,LOW,2026-08-08 00:10:00,RESOLVED,17.6,458.7
2518,507,DELIVERY,LOW,2026-08-30 13:27:00,OPEN,21.0,133.1
2519,6174,PAYMENT,LOW,2026-08-17 20:30:00,RESOLVED,23.3,359.5
2520,4561,REFUND,HIGH,2026-08-12 03:41:00,PENDING,40.8,220.0
2521,357,ACCOUNT,HIGH,2026-08-17 14:46:00,RESOLVED,25.3,426.1
2522,8004,PRODUCT,CRITICAL,2026-08-13 05:22:00,PENDING,35.8,306.7
2523,1518,ACCOUNT,MEDIUM,2026-08-25 02:39:00,RESOLVED,13.2,311.6
2524,5915,PAYMENT,HIGH,2026-08-06 23:49:00,RESOLVED,7.2,201.3
2525,8503,PAYMENT,MEDIUM,2026-08-24 17:08:00,OPEN,11.3,48.5
2526,9207,ACCOUNT,MEDIUM,2026-08-26 13:15:00,RESOLVED,16.4,257.6
2527,6282,PRODUCT,MEDIUM,2026-09-02 00:13:00,PENDING,9.8,530.3
2528,7166,ACCOUNT,HIGH,2026-08-27 10:25:00,OPEN,23.0,531.3
2529,5849,ACCOUNT,CRITICAL,2026-08-28 17:26:00,RESOLVED,34.2,291.7
2530,7777,DELIVERY,MEDIUM,2026-09-05 13:42:00,RESOLVED,27.2,201.9
2531,9760,REFUND,HIGH,2026-08-24 16:11:00,PENDING,42.5,219.6
2532,4585,PRODUCT,HIGH,2026-08-12 08:46:00,PENDING,14.3,298.3
2533,4130,DELIVERY,LOW,2026-08-31 08:42:00,RESOLVED,41.0,469.0
2534,1735,DELIVERY,MEDIUM,2026-08-03 16:36:00,RESOLVED,31.2,212.2
2535,9794,DELIVERY,MEDIUM,2026-08-16 16:59:00,PENDING,21.4,226.8
2536,9122,DELIVERY,MEDIUM,2026-08-09 19:11:00,OPEN,7.3,339.6
2537,7063,PRODUCT,MEDIUM,2026-09-02 18:20:00,RESOLVED,20.6,411.3
2538,6592,REFUND,MEDIUM,2026-09-08 12:35:00,RESOLVED,20.1,323.6
2539,2048,ACCOUNT,LOW,2026-08-14 07:53:00,RESOLVED,67.4,129.1
2540,9095,DELIVERY,HIGH,2026-09-09 12:40:00,OPEN,25.8,94.0
2541,580,PAYMENT,MEDIUM,2026-09-08 08:58:00,RESOLVED,5.7,170.9
2542,6176,PRODUCT,MEDIUM,2026-08-15 03:15:00,RESOLVED,39.1,180.5
2543,2536,REFUND,LOW,2026-08-09 10:11:00,OPEN,24.6,153.9
2544,4545,PRODUCT,LOW,2026-08-20 14:18:00,OPEN,33.8,476.7
2545,952,ACCOUNT,MEDIUM,2026-09-04 15:02:00,OPEN,29.7,229.7
2546,1348,PRODUCT,LOW,2026-09-03 20:25:00,OPEN,39.4,198.0
2547,3770,PRODUCT,LOW,2026-08-30 08:40:00,RESOLVED,42.6,411.6
2548,3978,PAYMENT,LOW,2026-08-20 02:38:00,RESOLVED,65.8,363.3
2549,8816,ACCOUNT,LOW,2026-08-18 01:08:00,RESOLVED,39.7,139.0
2550,5976,PRODUCT,LOW,2026-09-08 08:36:00,RESOLVED,14.9,335.4
2551,313,DELIVERY,MEDIUM,2026-08-23 04:30:00,RESOLVED,7.1,199.4
2552,9308,PRODUCT,MEDIUM,2026-09-03 12:07:00,OPEN,8.3,179.1
2553,6105,DELIVERY,MEDIUM,2026-09-03 03:37:00,RESOLVED,10.8,369.5
2554,8294,ACCOUNT,CRITICAL,2026-08-30 15:47:00,OPEN,15.6,294.2
2555,9241,REFUND,MEDIUM,2026-09-05 04:59:00,RESOLVED,9.5,366.8
2556,5132,PRODUCT,HIGH,2026-08-26 03:23:00,PENDING,19.7,370.9
2557,1793,PRODUCT,LOW,2026-08-18 16:41:00,RESOLVED,10.8,310.7
2558,4480,REFUND,LOW,2026-08-09 06:08:00,PENDING,24.0,131.5
2559,6868,ACCOUNT,LOW,2026-08-03 08:56:00,RESOLVED,24.3,511.6
2560,333,PAYMENT,CRITICAL,2026-08-08 07:33:00,RESOLVED,15.6,192.9
2561,9461,PAYMENT,HIGH,2026-09-09 01:07:00,PENDING,68.7,136.1
2562,3512,PAYMENT,MEDIUM,2026-09-04 15:54:00,RESOLVED,35.0,412.4
2563,6597,REFUND,HIGH,2026-08-19 23:17:00,PENDING,26.7,179.9
2564,9814,DELIVERY,LOW,2026-08-10 15:13:00,OPEN,50.5,457.7
2565,8654,ACCOUNT,MEDIUM,2026-08-05 04:18:00,RESOLVED,19.3,235.8
2566,7411,ACCOUNT,LOW,2026-08-10 17:48:00,RESOLVED,28.4,345.8
2567,2988,ACCOUNT,MEDIUM,2026-08-10 12:29:00,RESOLVED,46.3,414.2
2568,5248,ACCOUNT,LOW,2026-09-03 20:13:00,RESOLVED,86.8,300.6
2569,5015,PRODUCT,MEDIUM,2026-08-29 22:52:00,PENDING,10.1,174.6
2570,8623,ACCOUNT,MEDIUM,2026-08-02 20:28:00,RESOLVED,10.8,84.9
2571,398,ACCOUNT,MEDIUM,2026-08-01 07:51:00,RESOLVED,54.0,130.2
2572,231,REFUND,LOW,2026-08-29 17:04:00,PENDING,25.1,228.2
2573,1182,PAYMENT,MEDIUM,2026-08-06 09:10:00,OPEN,20.1,128.3
2574,9577,DELIVERY,LOW,2026-08-25 15:15:00,RESOLVED,26.1,324.1
2575,5406,PRODUCT,LOW,2026-08-18 21:40:00,RESOLVED,56.7,139.9
2576,6997,DELIVERY,MEDIUM,2026-08-02 12:25:00,RESOLVED,35.4,196.1
2577,946,PRODUCT,LOW,2026-08-27 05:00:00,PENDING,26.3,113.0
2578,134,ACCOUNT,MEDIUM,2026-08-08 05:57:00,RESOLVED,10.5,262.5
2579,6503,PAYMENT,LOW,2026-08-10 02:08:00,PENDING,21.0,331.0
2580,7056,PRODUCT,MEDIUM,2026-08-12 23:55:00,RESOLVED,32.6,236.0
2581,4272,ACCOUNT,MEDIUM,2026-09-07 12:30:00,OPEN,24.0,283.1
2582,832,PRODUCT,LOW,2026-08-10 02:01:00,RESOLVED,69.7,305.0
2583,4897,PAYMENT,LOW,2026-08-11 09:30:00,RESOLVED,28.6,117.4
2584,6396,ACCOUNT,MEDIUM,2026-08-07 18:27:00,OPEN,19.8,177.5
2585,2135,DELIVERY,HIGH,2026-09-05 15:38:00,PENDING,38.2,702.1
2586,3009,REFUND,LOW,2026-09-04 03:38:00,RESOLVED,73.8,135.4
2587,7468,REFUND,LOW,2026-09-08 00:48:00,RESOLVED,52.2,184.3
2588,2121,REFUND,HIGH,2026-09-06 23:55:00,RESOLVED,5.9,417.1
2589,992,PRODUCT,LOW,2026-08-21 02:02:00,RESOLVED,30.1,214.6
2590,6281,PRODUCT,LOW,2026-08-08 00:05:00,RESOLVED,34.4,178.1
2591,232,DELIVERY,LOW,2026-08-17 19:39:00,RESOLVED,56.9,390.2
2592,4341,REFUND,CRITICAL,2026-08-24 03:10:00,RESOLVED,9.2,161.0
2593,5696,ACCOUNT,MEDIUM,2026-09-01 23:42:00,RESOLVED,33.0,68.3
2594,646,PAYMENT,LOW,2026-08-18 07:52:00,RESOLVED,9.8,168.0
2595,6533,REFUND,MEDIUM,2026-08-02 13:39:00,OPEN,3.5,106.1
2596,8224,PAYMENT,LOW,2026-08-16 01:18:00,OPEN,13.9,248.3
2597,9736,PRODUCT,LOW,2026-08-23 06:02:00,RESOLVED,31.2,404.2
2598,2662,PAYMENT,CRITICAL,2026-09-08 02:58:00,PENDING,54.1,515.2
2599,3272,ACCOUNT,MEDIUM,2026-08-25 04:11:00,OPEN,13.3,99.6
2600,6183,ACCOUNT,MEDIUM,2026-08-02 19:57:00,RESOLVED,13.3,163.0
2601,5993,ACCOUNT,HIGH,2026-08-22 02:41:00,RESOLVED,27.1,192.2
2602,6094,DELIVERY,LOW,2026-09-08 23:42:00,OPEN,27.4,334.7
2603,3147,PAYMENT,LOW,2026-08-16 19:41:00,RESOLVED,23.7,239.6
2604,562,PAYMENT,LOW,2026-08-13 16:55:00,PENDING,8.2,196.3
2605,250,PRODUCT,MEDIUM,2026-08-01 10:18:00,RESOLVED,11.6,351.5
2606,9974,ACCOUNT,MEDIUM,2026-08-23 18:44:00,RESOLVED,61.4,202.1
2607,4064,PAYMENT,MEDIUM,2026-08-12 05:13:00,OPEN,46.6,204.2
2608,4477,REFUND,LOW,2026-09-07 06:04:00,RESOLVED,18.2,308.8
2609,6261,ACCOUNT,LOW,2026-08-11 03:36:00,RESOLVED,31.2,242.3
2610,2054,PRODUCT,MEDIUM,2026-08-26 19:20:00,RESOLVED,34.4,242.9
2611,3820,PAYMENT,LOW,2026-08-26 13:41:00,OPEN,23.1,342.4
2612,4368,ACCOUNT,HIGH,2026-08-31 16:24:00,RESOLVED,3.9,149.2
2613,950,REFUND,CRITICAL,2026-08-16 11:18:00,OPEN,34.5,475.4
2614,6031,REFUND,HIGH,2026-08-04 20:56:00,RESOLVED,4.3,168.6
2615,1938,DELIVERY,MEDIUM,2026-08-07 21:31:00,PENDING,9.7,175.9
2616,31,DELIVERY,LOW,2026-08-23 19:01:00,RESOLVED,45.8,143.6
2617,6210,ACCOUNT,MEDIUM,2026-08-12 16:10:00,RESOLVED,14.5,155.7
2618,3002,DELIVERY,LOW,2026-08-13 10:12:00,PENDING,19.1,245.9
2619,7179,PRODUCT,HIGH,2026-08-05 10:27:00,RESOLVED,8.5,311.6
2620,5364,DELIVERY,MEDIUM,2026-08-17 18:40:00,RESOLVED,8.6,233.4
2621,291,REFUND,LOW,2026-08-23 18:48:00,RESOLVED,35.9,158.7
2622,6945,REFUND,HIGH,2026-08-10 11:56:00,RESOLVED,26.4,194.1
2623,408,REFUND,LOW,2026-08-30 20:11:00,PENDING,26.0,118.4
2624,3134,DELIVERY,HIGH,2026-08-25 15:02:00,OPEN,36.1,275.0
2625,6861,ACCOUNT,MEDIUM,2026-08-16 00:33:00,PENDING,11.1,214.2
2626,4040,PAYMENT,HIGH,2026-08-22 10:28:00,RESOLVED,18.0,377.5
2627,3850,PAYMENT,CRITICAL,2026-09-01 22:10:00,RESOLVED,10.9,112.2
2628,2213,PRODUCT,LOW,2026-08-06 03:08:00,OPEN,14.3,418.1
2629,4440,ACCOUNT,MEDIUM,2026-08-13 12:20:00,RESOLVED,12.2,102.4
2630,2931,REFUND,LOW,2026-08-30 04:11:00,RESOLVED,31.9,320.1
2631,9462,PAYMENT,HIGH,2026-08-29 19:37:00,RESOLVED,54.5,526.3
2632,6874,PAYMENT,MEDIUM,2026-08-12 09:00:00,RESOLVED,10.5,133.3
2633,9089,REFUND,CRITICAL,2026-08-25 15:21:00,OPEN,35.5,213.0
2634,3373,DELIVERY,HIGH,2026-08-24 11:09:00,OPEN,51.0,155.6
2635,9501,ACCOUNT,LOW,2026-08-24 07:17:00,RESOLVED,12.6,138.3
2636,2797,PRODUCT,LOW,2026-09-04 17:37:00,PENDING,16.8,69.2
2637,3091,PRODUCT,MEDIUM,2026-08-10 12:26:00,RESOLVED,21.4,130.0
2638,2986,REFUND,LOW,2026-08-16 21:45:00,RESOLVED,50.2,169.1
2639,5896,PRODUCT,LOW,2026-08-18 05:39:00,RESOLVED,45.0,494.8
2640,6127,DELIVERY,MEDIUM,2026-08-26 14:03:00,RESOLVED,0.3,125.2
2641,650,DELIVERY,MEDIUM,2026-08-28 21:38:00,PENDING,19.0,390.8
2642,5609,ACCOUNT,MEDIUM,2026-09-04 11:43:00,OPEN,27.0,149.0
2643,9529,REFUND,LOW,2026-08-07 00:21:00,OPEN,30.4,206.4
2644,4070,PRODUCT,LOW,2026-08-25 21:25:00,RESOLVED,31.9,262.6
2645,6997,REFUND,LOW,2026-08-07 19:17:00,PENDING,28.9,322.2
2646,6324,PRODUCT,MEDIUM,2026-09-09 07:42:00,RESOLVED,51.1,116.3
2647,9800,PRODUCT,MEDIUM,2026-08-01 04:10:00,RESOLVED,10.7,128.9
2648,6428,PRODUCT,MEDIUM,2026-08-04 06:04:00,RESOLVED,26.6,355.5
2649,4709,ACCOUNT,CRITICAL,2026-09-05 20:59:00,RESOLVED,32.2,180.9
2650,132,PAYMENT,HIGH,2026-08-15 12:14:00,RESOLVED,14.8,402.3
2651,8040,ACCOUNT,LOW,2026-08-14 23:33:00,RESOLVED,20.1,208.9
2652,3391,REFUND,HIGH,2026-08-29 02:29:00,RESOLVED,2.6,457.4
2653,9250,ACCOUNT,LOW,2026-08-06 09:16:00,PENDING,12.2,610.5
2654,2443,PAYMENT,MEDIUM,2026-08-20 12:47:00,PENDING,6.0,472.9
2655,4373,ACCOUNT,LOW,2026-08-13 23:06:00,RESOLVED,22.8,247.2
2656,8292,ACCOUNT,LOW,2026-08-11 08:07:00,RESOLVED,16.8,179.7
2657,1518,PRODUCT,HIGH,2026-08-08 22:49:00,OPEN,19.3,254.1
2658,2755,ACCOUNT,MEDIUM,2026-08-14 09:17:00,RESOLVED,35.5,134.4
2659,7920,PRODUCT,LOW,2026-08-20 22:53:00,RESOLVED,12.7,483.3
2660,3173,PRODUCT,HIGH,2026-08-29 23:15:00,RESOLVED,40.7,121.8
2661,9577,REFUND,LOW,2026-08-08 18:39:00,RESOLVED,34.3,257.6
2662,5378,REFUND,LOW,2026-09-01 10:57:00,RESOLVED,16.8,514.7
2663,8253,DELIVERY,MEDIUM,2026-08-08 08:41:00,RESOLVED,18.6,274.1
2664,5474,PRODUCT,MEDIUM,2026-08-26 09:20:00,RESOLVED,43.7,174.2
2665,452,PRODUCT,MEDIUM,2026-08-16 04:17:00,RESOLVED,16.1,207.6
2666,8110,PRODUCT,MEDIUM,2026-09-05 13:11:00,RESOLVED,22.3,212.5
2667,4198,PRODUCT,MEDIUM,2026-08-28 16:11:00,RESOLVED,18.1,230.5
2668,3880,REFUND,MEDIUM,2026-08-21 20:47:00,RESOLVED,49.0,411.5
2669,7364,ACCOUNT,MEDIUM,2026-08-03 13:01:00,RESOLVED,27.4,341.1
2670,2812,PAYMENT,LOW,2026-09-02 22:44:00,OPEN,25.8,90.8
2671,4281,PRODUCT,LOW,2026-09-09 15:54:00,RESOLVED,37.5,397.6
2672,6083,DELIVERY,MEDIUM,2026-08-05 06:59:00,OPEN,8.7,146.3
2673,5933,PAYMENT,HIGH,2026-08-22 14:50:00,PENDING,21.9,80.4
2674,7283,PAYMENT,MEDIUM,2026-09-09 10:15:00,RESOLVED,28.1,352.6
2675,823,ACCOUNT,LOW,2026-08-25 13:19:00,PENDING,10.1,282.4
2676,9926,PRODUCT,MEDIUM,2026-09-04 23:35:00,RESOLVED,45.6,119.7
2677,6082,ACCOUNT,LOW,2026-09-02 01:14:00,PENDING,28.2,199.9
2678,6183,REFUND,MEDIUM,2026-09-05 17:43:00,RESOLVED,21.1,176.3
2679,8827,PRODUCT,MEDIUM,2026-08-12 21:47:00,RESOLVED,9.8,133.6
2680,4908,PRODUCT,MEDIUM,2026-09-05 05:05:00,OPEN,14.3,245.0
2681,304,REFUND,LOW,2026-08-07 13:43:00,RESOLVED,11.2,295.2
2682,1331,REFUND,HIGH,2026-09-03 16:35:00,OPEN,27.4,291.5
2683,9475,PRODUCT,LOW,2026-08-23 14:21:00,RESOLVED,56.6,230.1
2684,9870,DELIVERY,LOW,2026-08-04 09:45:00,RESOLVED,20.1,176.7
2685,839,PAYMENT,MEDIUM,2026-08-28 18:43:00,RESOLVED,50.5,593.9
2686,6850,PRODUCT,HIGH,2026-09-06 09:56:00,OPEN,46.7,376.4
2687,6607,ACCOUNT,HIGH,2026-09-05 02:34:00,RESOLVED,23.1,120.3
2688,1651,PAYMENT,MEDIUM,2026-08-07 18:03:00,RESOLVED,15.3,114.8
2689,7874,PRODUCT,MEDIUM,2026-09-03 20:02:00,RESOLVED,11.9,221.7
2690,4597,ACCOUNT,MEDIUM,2026-09-04 17:06:00,PENDING,3.2,209.5
2691,2306,REFUND,LOW,2026-09-08 16:02:00,OPEN,30.2,399.4
2692,5604,PRODUCT,LOW,2026-08-23 08:10:00,OPEN,36.4,274.2
2693,9051,PRODUCT,MEDIUM,2026-09-06 10:09:00,OPEN,25.0,198.6
2694,2169,ACCOUNT,MEDIUM,2026-08-12 07:34:00,RESOLVED,19.2,248.9
2695,6189,PRODUCT,MEDIUM,2026-08-21 17:29:00,RESOLVED,61.3,322.5
2696,7325,DELIVERY,CRITICAL,2026-08-13 14:14:00,OPEN,33.4,352.7
2697,6253,DELIVERY,MEDIUM,2026-08-15 09:26:00,OPEN,27.8,219.1
2698,6504,PRODUCT,MEDIUM,2026-08-11 18:57:00,OPEN,6.3,284.7
2699,7258,REFUND,CRITICAL,2026-08-27 05:59:00,RESOLVED,22.3,98.3
2700,2338,REFUND,LOW,2026-08-30 00:19:00,PENDING,20.0,191.8
2701,1017,PAYMENT,MEDIUM,2026-09-02 14:47:00,OPEN,18.5,170.1
2702,9898,PRODUCT,MEDIUM,2026-08-30 10:12:00,RESOLVED,31.6,249.8
2703,3197,REFUND,MEDIUM,2026-08-06 03:14:00,RESOLVED,22.0,144.4
2704,9487,PAYMENT,HIGH,2026-08-18 02:30:00,PENDING,64.2,281.6
2705,2685,PAYMENT,MEDIUM,2026-08-25 20:32:00,RESOLVED,19.5,250.5
2706,2656,DELIVERY,HIGH,2026-08-18 02:17:00,RESOLVED,22.5,142.0
2707,250,PRODUCT,LOW,2026-08-07 18:06:00,RESOLVED,51.7,167.1
2708,4419,PAYMENT,HIGH,2026-08-09 12:47:00,RESOLVED,6.6,144.6
2709,9450,REFUND,LOW,2026-08-22 11:19:00,RESOLVED,8.5,156.3
2710,8948,PRODUCT,LOW,2026-08-16 22:13:00,RESOLVED,8.4,381.1
2711,3047,DELIVERY,LOW,2026-08-29 04:51:00,RESOLVED,44.9,388.1
2712,4063,REFUND,MEDIUM,2026-08-27 12:10:00,PENDING,24.0,462.1
2713,6696,REFUND,LOW,2026-08-11 01:48:00,RESOLVED,73.4,296.5
2714,9549,PRODUCT,LOW,2026-08-26 00:14:00,RESOLVED,30.0,387.1
2715,6041,ACCOUNT,MEDIUM,2026-08-24 03:52:00,RESOLVED,22.2,261.6
2716,2005,ACCOUNT,MEDIUM,2026-08-06 04:38:00,RESOLVED,5.4,289.6
2717,3562,DELIVERY,MEDIUM,2026-09-03 07:49:00,RESOLVED,8.7,719.7
2718,7241,DELIVERY,MEDIUM,2026-08-30 06:11:00,RESOLVED,15.1,188.7
2719,236,PRODUCT,HIGH,2026-09-05 09:11:00,RESOLVED,80.0,182.8
2720,5996,PAYMENT,MEDIUM,2026-09-09 14:10:00,OPEN,22.2,283.3
2721,7692,REFUND,MEDIUM,2026-08-12 09:26:00,RESOLVED,48.5,195.3
2722,3462,ACCOUNT,HIGH,2026-09-02 10:28:00,RESOLVED,18.2,164.3
2723,5390,DELIVERY,HIGH,2026-09-08 08:08:00,RESOLVED,2.9,75.5
2724,7178,DELIVERY,MEDIUM,2026-08-01 07:36:00,RESOLVED,10.0,192.2
2725,5952,PAYMENT,LOW,2026-08-26 17:33:00,PENDING,21.0,202.7
2726,243,REFUND,LOW,2026-09-02 21:13:00,OPEN,25.2,419.2
2727,5856,REFUND,MEDIUM,2026-08-05 22:07:00,RESOLVED,40.1,266.1
2728,2309,PRODUCT,HIGH,2026-08-02 04:47:00,RESOLVED,7.8,134.3
2729,7400,REFUND,LOW,2026-08-13 09:08:00,RESOLVED,18.9,214.7
2730,2613,PAYMENT,MEDIUM,2026-08-06 08:53:00,RESOLVED,19.6,214.9
2731,9782,PAYMENT,LOW,2026-08-08 15:53:00,RESOLVED,6.5,253.5
2732,1175,PRODUCT,MEDIUM,2026-08-10 16:49:00,RESOLVED,7.0,152.0
2733,8907,ACCOUNT,HIGH,2026-08-10 18:42:00,RESOLVED,8.9,140.7
2734,340,PRODUCT,HIGH,2026-08-20 16:23:00,RESOLVED,18.4,399.7
2735,6830,REFUND,CRITICAL,2026-09-07 06:17:00,RESOLVED,8.1,358.2
2736,3530,PAYMENT,MEDIUM,2026-09-03 18:49:00,RESOLVED,22.0,152.0
2737,1954,PAYMENT,MEDIUM,2026-08-05 09:04:00,RESOLVED,41.7,215.6
2738,2183,PAYMENT,HIGH,2026-09-02 13:28:00,RESOLVED,7.7,196.5
2739,386,REFUND,MEDIUM,2026-08-31 03:40:00,RESOLVED,62.1,648.2
2740,1329,DELIVERY,CRITICAL,2026-08-15 21:32:00,OPEN,18.7,82.9
2741,3921,REFUND,LOW,2026-08-17 10:19:00,RESOLVED,38.1,244.0
2742,1574,PAYMENT,LOW,2026-08-19 22:59:00,RESOLVED,21.8,289.0
2743,9682,DELIVERY,LOW,2026-09-05 18:16:00,RESOLVED,13.4,137.9
2744,8263,DELIVERY,HIGH,2026-08-07 19:33:00,RESOLVED,10.8,344.5
2745,4724,PAYMENT,LOW,2026-08-21 01:11:00,RESOLVED,16.6,587.3
2746,950,ACCOUNT,HIGH,2026-09-08 01:49:00,PENDING,14.6,130.8
2747,9862,DELIVERY,MEDIUM,2026-08-27 18:39:00,RESOLVED,21.4,535.4
2748,7249,DELIVERY,MEDIUM,2026-08-11 22:14:00,RESOLVED,6.6,38.1
2749,1833,REFUND,MEDIUM,2026-09-02 23:17:00,RESOLVED,3.9,212.7
2750,540,DELIVERY,MEDIUM,2026-08-09 04:45:00,RESOLVED,9.9,324.3
2751,6198,ACCOUNT,LOW,2026-08-10 13:15:00,RESOLVED,20.8,524.9
2752,407,PRODUCT,MEDIUM,2026-09-09 12:00:00,OPEN,7.0,202.6
2753,6144,DELIVERY,CRITICAL,2026-08-31 19:36:00,RESOLVED,49.0,372.5
2754,4423,DELIVERY,LOW,2026-08-09 11:12:00,RESOLVED,15.8,207.8
2755,8805,PAYMENT,LOW,2026-09-01 04:51:00,RESOLVED,36.5,349.1
2756,3819,PAYMENT,HIGH,2026-08-08 06:23:00,RESOLVED,10.8,265.6
2757,4480,PRODUCT,LOW,2026-08-13 02:45:00,RESOLVED,5.5,294.5
2758,5458,ACCOUNT,LOW,2026-09-09 07:33:00,PENDING,0.2,163.2
2759,9832,REFUND,HIGH,2026-08-15 13:39:00,RESOLVED,14.1,71.6
2760,7027,PRODUCT,HIGH,2026-08-04 01:30:00,PENDING,10.4,367.8
2761,6694,REFUND,LOW,2026-09-09 21:06:00,RESOLVED,10.5,229.6
2762,3099,REFUND,CRITICAL,2026-08-02 07:49:00,RESOLVED,4.7,260.5
2763,4833,ACCOUNT,MEDIUM,2026-09-09 04:52:00,RESOLVED,19.0,373.8
2764,1945,REFUND,LOW,2026-08-19 05:39:00,RESOLVED,19.4,180.8
2765,3917,DELIVERY,MEDIUM,2026-08-11 23:32:00,RESOLVED,29.2,464.9
2766,8222,PAYMENT,HIGH,2026-08-12 20:47:00,RESOLVED,18.0,148.9
2767,996,PAYMENT,MEDIUM,2026-08-06 02:29:00,RESOLVED,31.7,315.9
2768,1654,PAYMENT,MEDIUM,2026-09-04 19:13:00,RESOLVED,80.2,253.5
2769,5859,DELIVERY,MEDIUM,2026-09-08 17:48:00,OPEN,29.1,262.2
2770,7985,DELIVERY,LOW,2026-08-30 09:34:00,RESOLVED,23.3,125.9
2771,9751,PRODUCT,MEDIUM,2026-08-09 22:10:00,RESOLVED,23.6,194.1
2772,5872,DELIVERY,LOW,2026-08-22 15:01:00,RESOLVED,13.0,215.5
2773,6570,REFUND,HIGH,2026-08-29 03:26:00,RESOLVED,10.2,161.0
2774,2894,ACCOUNT,LOW,2026-08-01 09:39:00,RESOLVED,15.7,189.2
2775,4100,REFUND,LOW,2026-08-26 07:28:00,RESOLVED,10.4,129.5
2776,3143,REFUND,LOW,2026-08-11 14:55:00,RESOLVED,12.7,304.0
2777,1091,ACCOUNT,HIGH,2026-08-30 08:53:00,RESOLVED,9.7,437.4
2778,3707,PRODUCT,MEDIUM,2026-09-05 14:52:00,RESOLVED,16.2,235.0
2779,2176,PRODUCT,MEDIUM,2026-08-15 03:49:00,RESOLVED,15.4,106.9
2780,5911,DELIVERY,MEDIUM,2026-08-10 22:23:00,RESOLVED,17.7,77.3
2781,7537,REFUND,MEDIUM,2026-08-17 04:47:00,RESOLVED,23.8,138.5
2782,9797,PAYMENT,HIGH,2026-08-02 02:35:00,RESOLVED,9.1,118.9
2783,8802,ACCOUNT,LOW,2026-08-11 05:24:00,RESOLVED,12.2,236.6
2784,3183,PAYMENT,LOW,2026-08-10 05:47:00,RESOLVED,6.0,305.2
2785,9386,PRODUCT,HIGH,2026-08-02 00:10:00,RESOLVED,30.5,82.3
2786,9419,REFUND,MEDIUM,2026-08-31 06:20:00,RESOLVED,69.4,454.3
2787,5036,REFUND,MEDIUM,2026-08-19 15:03:00,PENDING,23.3,164.1
2788,2052,PRODUCT,LOW,2026-09-04 09:20:00,PENDING,30.4,133.8
2789,7776,PAYMENT,HIGH,2026-08-12 14:30:00,PENDING,8.6,114.3
2790,1130,DELIVERY,HIGH,2026-08-12 09:51:00,PENDING,54.3,401.1
2791,3611,REFUND,MEDIUM,2026-08-18 06:05:00,OPEN,36.3,158.4
2792,5322,ACCOUNT,LOW,2026-08-10 06:56:00,RESOLVED,3.3,198.6
2793,8637,PAYMENT,LOW,2026-08-31 10:01:00,RESOLVED,17.7,594.9
2794,9765,PRODUCT,LOW,2026-09-03 11:57:00,RESOLVED,20.7,203.8
2795,8180,ACCOUNT,MEDIUM,2026-08-28 02:41:00,RESOLVED,21.0,225.1
2796,4849,REFUND,MEDIUM,2026-08-08 20:22:00,RESOLVED,7.9,161.3
2797,850,REFUND,MEDIUM,2026-09-01 01:38:00,RESOLVED,9.6,265.0
2798,8000,PAYMENT,LOW,2026-08-15 12:46:00,OPEN,9.2,265.2
2799,8568,PAYMENT,LOW,2026-09-09 08:18:00,RESOLVED,28.6,422.0
2800,4726,ACCOUNT,CRITICAL,2026-08-16 05:23:00,RESOLVED,20.1,272.1
2801,5541,DELIVERY,LOW,2026-08-25 00:54:00,RESOLVED,21.7,429.2
2802,8501,PAYMENT,HIGH,2026-08-16 20:10:00,RESOLVED,11.3,360.6
2803,1322,DELIVERY,MEDIUM,2026-09-05 03:19:00,RESOLVED,9.1,138.4
2804,8128,REFUND,LOW,2026-08-04 00:01:00,RESOLVED,3.0,229.5
2805,5127,PAYMENT,MEDIUM,2026-09-09 05:42:00,RESOLVED,5.9,113.5
2806,6862,PRODUCT,CRITICAL,2026-09-03 18:03:00,RESOLVED,5.5,290.2
2807,1906,ACCOUNT,HIGH,2026-08-02 09:42:00,OPEN,76.1,94.9
2808,6155,DELIVERY,LOW,2026-08-09 14:25:00,PENDING,2.9,629.2
2809,2684,ACCOUNT,LOW,2026-08-14 04:31:00,RESOLVED,23.9,155.8
2810,5182,PRODUCT,MEDIUM,2026-08-15 16:14:00,RESOLVED,31.1,165.0
2811,5250,REFUND,LOW,2026-08-24 10:35:00,RESOLVED,3.5,248.4
2812,9568,REFUND,LOW,2026-08-26 11:49:00,RESOLVED,30.1,111.2
2813,6701,PRODUCT,HIGH,2026-08-07 21:57:00,RESOLVED,18.3,119.9
2814,5574,PRODUCT,MEDIUM,2026-09-02 03:28:00,PENDING,12.4,205.5
2815,4020,REFUND,HIGH,2026-08-01 03:35:00,RESOLVED,64.7,154.3
2816,3372,PAYMENT,MEDIUM,2026-08-24 11:35:00,RESOLVED,3.1,144.4
2817,6523,ACCOUNT,LOW,2026-08-30 22:57:00,OPEN,23.0,58.5
2818,8823,DELIVERY,LOW,2026-08-15 11:11:00,PENDING,38.8,391.0
2819,5725,PAYMENT,HIGH,2026-08-17 13:30:00,OPEN,18.0,514.3
2820,6601,ACCOUNT,MEDIUM,2026-08-01 05:04:00,RESOLVED,57.1,510.2
2821,3280,DELIVERY,MEDIUM,2026-08-06 16:13:00,RESOLVED,10.8,199.5
2822,5582,PAYMENT,LOW,2026-08-20 19:17:00,RESOLVED,17.3,279.4
2823,5719,PAYMENT,MEDIUM,2026-08-05 20:27:00,RESOLVED,55.8,397.8
2824,6822,REFUND,LOW,2026-08-23 11:45:00,RESOLVED,115.7,214.9
2825,3163,PAYMENT,LOW,2026-09-06 08:02:00,RESOLVED,46.1,301.3
2826,3489,PRODUCT,HIGH,2026-08-15 09:06:00,RESOLVED,25.1,234.1
2827,3593,REFUND,MEDIUM,2026-08-29 07:08:00,RESOLVED,3.1,127.6
2828,4209,PAYMENT,HIGH,2026-08-26 04:19:00,OPEN,11.9,247.5
2829,2921,PAYMENT,HIGH,2026-08-30 09:50:00,OPEN,9.5,87.3
2830,1956,DELIVERY,MEDIUM,2026-09-01 12:19:00,PENDING,47.5,183.9
2831,5003,REFUND,LOW,2026-08-29 05:06:00,RESOLVED,28.2,326.8
2832,8551,PRODUCT,MEDIUM,2026-08-02 10:07:00,RESOLVED,16.8,171.6
2833,318,PAYMENT,LOW,2026-09-02 04:04:00,RESOLVED,25.6,238.4
2834,6656,ACCOUNT,HIGH,2026-09-02 10:58:00,RESOLVED,20.2,261.3
2835,8166,ACCOUNT,HIGH,2026-08-16 23:41:00,PENDING,22.0,279.1
2836,8243,REFUND,MEDIUM,2026-08-24 14:51:00,OPEN,37.6,288.8
2837,8527,ACCOUNT,MEDIUM,2026-09-02 21:23:00,RESOLVED,6.2,190.1
2838,3174,ACCOUNT,LOW,2026-08-14 00:31:00,RESOLVED,18.9,687.1
2839,1009,PAYMENT,LOW,2026-08-07 18:39:00,OPEN,4.0,151.7
2840,9955,PRODUCT,LOW,2026-08-28 18:07:00,RESOLVED,22.6,531.5
2841,7000,REFUND,HIGH,2026-08-13 22:16:00,PENDING,40.1,387.1
2842,3573,DELIVERY,LOW,2026-08-29 03:42:00,OPEN,25.5,147.2
2843,8521,REFUND,HIGH,2026-08-17 04:38:00,PENDING,12.4,189.0
2844,3538,PRODUCT,MEDIUM,2026-08-31 07:36:00,OPEN,18.8,213.8
2845,7494,PAYMENT,MEDIUM,2026-08-08 01:30:00,RESOLVED,6.2,51.4
2846,9607,PAYMENT,LOW,2026-08-17 12:09:00,RESOLVED,25.7,165.9
2847,7680,PAYMENT,LOW,2026-08-22 17:59:00,RESOLVED,5.3,525.6
2848,6551,PRODUCT,MEDIUM,2026-08-24 01:23:00,OPEN,17.4,175.6
2849,1912,PRODUCT,MEDIUM,2026-09-03 14:19:00,RESOLVED,13.7,287.7
2850,9335,PRODUCT,MEDIUM,2026-08-20 01:20:00,RESOLVED,25.5,267.8
2851,4258,PAYMENT,LOW,2026-09-09 20:20:00,PENDING,18.7,342.3
2852,6232,DELIVERY,LOW,2026-08-15 13:22:00,RESOLVED,18.1,104.8
2853,6119,REFUND,LOW,2026-09-03 05:03:00,PENDING,2.2,257.4
2854,2465,DELIVERY,MEDIUM,2026-08-06 04:04:00,PENDING,20.6,359.6
2855,6032,PRODUCT,MEDIUM,2026-08-20 00:02:00,RESOLVED,18.8,103.0
2856,3908,REFUND,LOW,2026-09-06 18:16:00,RESOLVED,15.8,194.2
2857,3496,REFUND,HIGH,2026-09-07 08:21:00,RESOLVED,21.5,111.4
2858,8590,PAYMENT,LOW,2026-08-06 02:18:00,RESOLVED,7.6,350.7
2859,7220,PAYMENT,HIGH,2026-08-14 07:50:00,RESOLVED,21.6,160.5
2860,4895,ACCOUNT,MEDIUM,2026-08-26 22:44:00,RESOLVED,21.6,199.2
2861,192,DELIVERY,MEDIUM,2026-08-02 23:22:00,OPEN,6.4,198.5
2862,7090,ACCOUNT,LOW,2026-08-16 23:56:00,RESOLVED,23.1,532.5
2863,7382,REFUND,MEDIUM,2026-09-06 21:22:00,RESOLVED,38.4,134.7
2864,1666,ACCOUNT,MEDIUM,2026-09-02 20:33:00,RESOLVED,20.7,308.4
2865,7570,PAYMENT,LOW,2026-08-20 13:16:00,RESOLVED,6.2,134.3
2866,3998,PAYMENT,LOW,2026-08-19 20:30:00,RESOLVED,29.9,217.9
2867,7328,PRODUCT,MEDIUM,2026-08-15 02:32:00,PENDING,6.0,101.0
2868,8395,DELIVERY,MEDIUM,2026-08-08 11:00:00,RESOLVED,9.2,307.2
2869,7003,PRODUCT,MEDIUM,2026-08-28 15:47:00,OPEN,6.5,128.9
2870,9411,PRODUCT,LOW,2026-08-07 00:38:00,OPEN,17.0,210.1
2871,764,DELIVERY,LOW,2026-08-30 19:47:00,RESOLVED,56.6,435.6
2872,3244,DELIVERY,MEDIUM,2026-08-16 15:52:00,OPEN,13.4,119.9
2873,594,PRODUCT,LOW,2026-09-01 19:49:00,RESOLVED,11.0,164.7
2874,1726,DELIVERY,LOW,2026-08-22 09:30:00,RESOLVED,81.4,490.6
2875,3737,PAYMENT,LOW,2026-09-08 12:50:00,RESOLVED,15.4,279.3
2876,235,REFUND,HIGH,2026-08-26 04:14:00,RESOLVED,9.4,176.7
2877,3962,PRODUCT,LOW,2026-09-06 20:05:00,RESOLVED,6.4,243.1
2878,1274,ACCOUNT,MEDIUM,2026-09-03 22:53:00,OPEN,17.3,345.8
2879,1133,ACCOUNT,MEDIUM,2026-08-30 06:34:00,PENDING,15.5,396.1
2880,8357,PRODUCT,MEDIUM,2026-08-15 23:20:00,RESOLVED,46.6,346.5
2881,7442,PRODUCT,LOW,2026-08-03 09:43:00,RESOLVED,16.1,201.2
2882,4557,DELIVERY,LOW,2026-09-01 05:57:00,PENDING,1.6,264.7
2883,5674,ACCOUNT,LOW,2026-08-25 09:31:00,RESOLVED,10.8,120.9
2884,2917,ACCOUNT,HIGH,2026-08-09 23:48:00,RESOLVED,6.2,172.5
2885,4857,DELIVERY,MEDIUM,2026-08-03 12:09:00,RESOLVED,12.4,377.6
2886,7757,PRODUCT,HIGH,2026-09-05 03:07:00,RESOLVED,14.5,108.1
2887,5215,DELIVERY,HIGH,2026-08-23 03:43:00,RESOLVED,10.2,210.5
2888,7935,PRODUCT,LOW,2026-08-04 21:25:00,OPEN,9.7,254.7
2889,4848,REFUND,MEDIUM,2026-09-04 15:46:00,RESOLVED,8.9,260.0
2890,3622,DELIVERY,MEDIUM,2026-09-02 03:38:00,RESOLVED,19.3,395.3
2891,8949,REFUND,HIGH,2026-08-19 03:37:00,OPEN,16.1,263.8
2892,9014,REFUND,CRITICAL,2026-08-11 17:20:00,RESOLVED,14.8,258.7
2893,2287,REFUND,MEDIUM,2026-08-09 08:36:00,RESOLVED,56.4,252.3
2894,4632,REFUND,MEDIUM,2026-08-27 06:27:00,RESOLVED,22.4,239.1
2895,7725,PAYMENT,LOW,2026-08-10 22:33:00,OPEN,25.9,201.4
2896,2613,PRODUCT,HIGH,2026-08-22 18:10:00,RESOLVED,19.9,118.6
2897,7489,PAYMENT,LOW,2026-08-01 18:10:00,RESOLVED,5.5,306.8
2898,8998,PAYMENT,MEDIUM,2026-08-24 02:59:00,OPEN,2.0,19.6
2899,2359,REFUND,HIGH,2026-08-16 02:49:00,RESOLVED,10.4,237.6
2900,1530,REFUND,LOW,2026-09-09 05:12:00,PENDING,16.7,293.9
2901,9448,DELIVERY,MEDIUM,2026-08-28 02:12:00,RESOLVED,20.1,494.9
2902,9960,REFUND,MEDIUM,2026-08-24 22:32:00,RESOLVED,8.3,539.9
2903,8586,DELIVERY,MEDIUM,2026-08-18 19:45:00,PENDING,37.0,325.4
2904,6133,PAYMENT,LOW,2026-08-09 14:33:00,RESOLVED,7.1,161.0
2905,856,PRODUCT,LOW,2026-08-30 04:08:00,OPEN,16.2,239.0
2906,9154,ACCOUNT,MEDIUM,2026-08-17 10:06:00,RESOLVED,23.2,254.7
2907,1989,REFUND,MEDIUM,2026-08-07 08:27:00,RESOLVED,21.4,445.7
2908,1789,DELIVERY,HIGH,2026-08-04 20:49:00,RESOLVED,77.7,216.9
2909,7172,ACCOUNT,HIGH,2026-08-23 16:32:00,RESOLVED,27.3,248.3
2910,3892,PRODUCT,MEDIUM,2026-08-14 10:00:00,RESOLVED,20.2,136.3
2911,8677,REFUND,LOW,2026-08-02 20:55:00,RESOLVED,40.3,335.3
2912,8733,ACCOUNT,HIGH,2026-08-12 17:14:00,OPEN,33.3,204.2
2913,8053,PRODUCT,LOW,2026-09-09 20:46:00,PENDING,5.4,71.9
2914,8372,PRODUCT,HIGH,2026-08-26 17:55:00,OPEN,15.7,153.2
2915,5459,REFUND,HIGH,2026-08-05 19:31:00,OPEN,31.2,590.9
2916,8719,PAYMENT,CRITICAL,2026-09-06 13:18:00,RESOLVED,25.3,153.1
2917,9154,REFUND,LOW,2026-09-09 10:31:00,PENDING,14.3,198.1
2918,2805,PRODUCT,LOW,2026-08-12 06:08:00,OPEN,44.3,383.4
2919,4253,ACCOUNT,MEDIUM,2026-08-20 03:41:00,PENDING,64.7,91.8
2920,6177,ACCOUNT,MEDIUM,2026-09-03 21:40:00,RESOLVED,11.8,79.9
2921,8593,REFUND,MEDIUM,2026-08-20 11:15:00,OPEN,79.8,290.9
2922,3896,PRODUCT,MEDIUM,2026-09-05 01:01:00,PENDING,34.2,575.0
2923,2602,PRODUCT,MEDIUM,2026-08-22 23:30:00,RESOLVED,22.0,341.7
2924,3208,DELIVERY,LOW,2026-08-26 07:19:00,OPEN,37.2,165.7
2925,7996,PRODUCT,LOW,2026-09-02 13:31:00,RESOLVED,7.2,82.5
2926,5202,DELIVERY,MEDIUM,2026-08-28 22:53:00,RESOLVED,34.3,166.6
2927,2550,DELIVERY,LOW,2026-08-02 06:59:00,RESOLVED,21.2,215.7
2928,7151,DELIVERY,MEDIUM,2026-09-01 22:18:00,RESOLVED,41.1,399.5
2929,6601,PAYMENT,HIGH,2026-08-04 05:54:00,RESOLVED,33.1,232.0
2930,5186,DELIVERY,HIGH,2026-08-15 21:17:00,RESOLVED,51.9,149.2
2931,6198,PAYMENT,HIGH,2026-08-01 19:58:00,RESOLVED,8.1,475.5
2932,2305,PRODUCT,MEDIUM,2026-09-09 11:00:00,RESOLVED,30.9,431.8
2933,1827,PAYMENT,HIGH,2026-08-25 20:20:00,RESOLVED,11.8,464.5
2934,8075,REFUND,MEDIUM,2026-08-16 06:31:00,RESOLVED,29.9,226.2
2935,6801,REFUND,HIGH,2026-09-03 20:05:00,RESOLVED,24.3,107.1
2936,9778,PRODUCT,LOW,2026-08-04 09:27:00,PENDING,14.2,558.4
2937,9390,REFUND,MEDIUM,2026-08-10 06:32:00,RESOLVED,12.6,300.0
2938,3629,PRODUCT,LOW,2026-08-30 07:32:00,RESOLVED,5.5,285.9
2939,4626,PRODUCT,LOW,2026-09-06 18:34:00,RESOLVED,37.7,323.9
2940,8493,PAYMENT,MEDIUM,2026-08-14 09:35:00,RESOLVED,26.6,200.3
2941,34,REFUND,LOW,2026-08-28 07:20:00,PENDING,17.6,264.0
2942,8639,DELIVERY,LOW,2026-08-02 02:37:00,PENDING,25.0,144.3
2943,1678,PRODUCT,HIGH,2026-08-10 07:23:00,RESOLVED,59.9,519.0
2944,2606,REFUND,MEDIUM,2026-08-08 03:54:00,RESOLVED,16.8,79.0
2945,4819,PAYMENT,MEDIUM,2026-08-20 22:54:00,RESOLVED,15.2,420.1
2946,7054,DELIVERY,HIGH,2026-08-15 18:33:00,RESOLVED,13.2,146.3
2947,3539,PRODUCT,MEDIUM,2026-08-04 17:32:00,RESOLVED,30.7,356.1
2948,9385,ACCOUNT,CRITICAL,2026-08-09 12:15:00,PENDING,10.3,336.4
2949,7829,ACCOUNT,LOW,2026-08-04 13:55:00,RESOLVED,17.9,354.1
2950,7399,REFUND,LOW,2026-08-06 10:56:00,OPEN,11.8,262.4
2951,7726,DELIVERY,LOW,2026-08-27 10:58:00,RESOLVED,27.4,343.8
2952,301,DELIVERY,HIGH,2026-08-07 12:04:00,RESOLVED,21.4,167.1
2953,8230,REFUND,LOW,2026-08-03 09:53:00,RESOLVED,31.8,382.6
2954,6046,DELIVERY,MEDIUM,2026-08-26 01:26:00,RESOLVED,4.7,238.4
2955,1863,DELIVERY,MEDIUM,2026-08-30 19:59:00,RESOLVED,12.5,149.9
2956,7785,PRODUCT,HIGH,2026-08-06 03:14:00,RESOLVED,19.7,281.8
2957,1057,DELIVERY,HIGH,2026-08-15 15:53:00,RESOLVED,31.0,186.7
2958,6182,PRODUCT,LOW,2026-09-01 07:59:00,RESOLVED,18.9,316.8
2959,5693,ACCOUNT,LOW,2026-08-07 01:33:00,RESOLVED,19.3,204.8
2960,288,ACCOUNT,MEDIUM,2026-09-03 16:04:00,PENDING,39.4,244.4
2961,3748,ACCOUNT,HIGH,2026-08-25 10:03:00,RESOLVED,13.1,377.8
2962,1202,REFUND,LOW,2026-08-29 22:32:00,OPEN,26.4,270.7
2963,9466,PRODUCT,MEDIUM,2026-09-03 08:22:00,OPEN,32.2,481.3
2964,8017,DELIVERY,LOW,2026-08-10 19:19:00,RESOLVED,9.8,63.8
2965,9960,REFUND,LOW,2026-08-10 10:31:00,RESOLVED,16.1,283.3
2966,4881,PRODUCT,LOW,2026-08-24 01:22:00,OPEN,29.5,81.3
2967,3288,REFUND,HIGH,2026-09-01 11:11:00,RESOLVED,16.3,95.5
2968,9580,REFUND,MEDIUM,2026-08-03 10:36:00,PENDING,25.9,60.5
2969,3068,PAYMENT,MEDIUM,2026-08-25 08:41:00,PENDING,16.2,498.7
2970,4150,REFUND,MEDIUM,2026-09-07 16:59:00,RESOLVED,53.5,285.2
2971,1338,PRODUCT,MEDIUM,2026-08-25 15:43:00,RESOLVED,24.4,80.9
2972,8218,ACCOUNT,LOW,2026-08-01 07:04:00,RESOLVED,10.5,264.9
2973,1198,PAYMENT,HIGH,2026-08-07 13:22:00,RESOLVED,21.8,373.3
2974,355,PAYMENT,LOW,2026-08-09 20:38:00,RESOLVED,13.9,346.9
2975,8333,PRODUCT,HIGH,2026-08-16 03:52:00,RESOLVED,21.3,63.7
2976,8411,PAYMENT,HIGH,2026-08-04 07:40:00,RESOLVED,40.3,401.7
2977,8537,PAYMENT,MEDIUM,2026-09-01 16:49:00,RESOLVED,14.6,414.8
2978,8591,ACCOUNT,MEDIUM,2026-09-09 18:55:00,RESOLVED,16.3,445.9
2979,1418,REFUND,HIGH,2026-08-16 04:13:00,RESOLVED,3.4,167.5
2980,3621,REFUND,LOW,2026-08-02 15:04:00,RESOLVED,22.5,323.2
2981,7653,DELIVERY,MEDIUM,2026-08-27 04:44:00,RESOLVED,15.3,74.8
2982,3095,DELIVERY,LOW,2026-08-01 01:39:00,RESOLVED,33.0,395.2
2983,7784,PRODUCT,MEDIUM,2026-08-15 00:22:00,RESOLVED,8.1,438.0
2984,9100,REFUND,MEDIUM,2026-08-05 00:36:00,RESOLVED,29.6,87.6
2985,9613,PRODUCT,LOW,2026-08-26 08:28:00,OPEN,27.8,563.9
2986,7778,DELIVERY,LOW,2026-09-05 06:00:00,RESOLVED,22.2,234.9
2987,7973,PRODUCT,MEDIUM,2026-08-16 04:34:00,RESOLVED,52.8,188.1
2988,5980,PAYMENT,HIGH,2026-08-17 00:42:00,RESOLVED,72.0,255.0
2989,781,ACCOUNT,MEDIUM,2026-08-21 15:19:00,PENDING,41.6,345.0
2990,4364,ACCOUNT,MEDIUM,2026-09-07 18:56:00,RESOLVED,2.6,182.4
2991,9534,PAYMENT,HIGH,2026-08-28 03:25:00,PENDING,10.8,157.8
2992,9121,ACCOUNT,HIGH,2026-09-08 09:06:00,RESOLVED,7.0,106.6
2993,2387,ACCOUNT,MEDIUM,2026-08-13 05:59:00,RESOLVED,9.1,107.6
2994,7473,PRODUCT,MEDIUM,2026-08-30 01:03:00,RESOLVED,43.4,207.0
2995,3071,PAYMENT,MEDIUM,2026-09-07 16:59:00,RESOLVED,62.7,178.2
2996,4169,ACCOUNT,LOW,2026-08-07 18:06:00,RESOLVED,42.3,133.2
2997,6490,ACCOUNT,HIGH,2026-08-18 02:44:00,RESOLVED,25.9,216.3
2998,4968,PAYMENT,LOW,2026-09-08 20:14:00,PENDING,7.4,358.2
2999,6044,REFUND,MEDIUM,2026-08-21 19:30:00,PENDING,18.5,103.8
3000,985,REFUND,HIGH,2026-08-18 12:39:00,OPEN,34.3,320.4
3001,2967,ACCOUNT,MEDIUM,2026-08-25 18:06:00,RESOLVED,70.7,255.7
3002,8108,DELIVERY,LOW,2026-08-19 13:56:00,PENDING,47.0,361.9
3003,6194,DELIVERY,LOW,2026-08-20 16:16:00,RESOLVED,14.2,273.7
3004,8418,PAYMENT,MEDIUM,2026-08-26 11:21:00,RESOLVED,15.6,143.7
3005,9654,ACCOUNT,LOW,2026-08-08 08:04:00,OPEN,17.5,294.0
3006,3557,REFUND,LOW,2026-08-29 15:27:00,RESOLVED,32.7,293.1
3007,2644,PAYMENT,LOW,2026-09-02 14:11:00,RESOLVED,9.5,370.5
3008,3097,DELIVERY,MEDIUM,2026-09-08 11:59:00,RESOLVED,19.7,218.9
3009,5723,ACCOUNT,MEDIUM,2026-08-31 07:51:00,RESOLVED,26.4,435.8
3010,2523,ACCOUNT,LOW,2026-09-08 20:04:00,OPEN,31.9,257.9
3011,3904,PRODUCT,MEDIUM,2026-08-21 17:35:00,OPEN,21.7,120.2
3012,1735,DELIVERY,MEDIUM,2026-08-17 13:03:00,RESOLVED,18.9,481.5
3013,3857,DELIVERY,MEDIUM,2026-08-28 20:03:00,RESOLVED,33.7,163.5
3014,9478,PRODUCT,HIGH,2026-08-06 16:26:00,RESOLVED,26.1,264.3
3015,4239,DELIVERY,LOW,2026-08-18 03:13:00,RESOLVED,39.1,158.9
3016,7591,DELIVERY,MEDIUM,2026-09-06 14:58:00,PENDING,14.2,118.9
3017,4305,ACCOUNT,LOW,2026-08-01 16:27:00,RESOLVED,73.0,379.7
3018,4335,PAYMENT,LOW,2026-08-05 18:12:00,RESOLVED,42.7,124.7
3019,6585,PAYMENT,MEDIUM,2026-08-27 05:35:00,RESOLVED,42.1,239.5
3020,1102,PRODUCT,MEDIUM,2026-08-23 02:33:00,RESOLVED,15.7,246.5
3021,3553,REFUND,MEDIUM,2026-08-31 15:43:00,RESOLVED,9.2,506.4
3022,1395,REFUND,HIGH,2026-08-07 15:32:00,RESOLVED,6.2,199.6
3023,1990,PAYMENT,HIGH,2026-08-18 03:50:00,RESOLVED,97.1,344.2
3024,7098,DELIVERY,LOW,2026-08-15 07:55:00,RESOLVED,47.0,306.8
3025,1747,REFUND,MEDIUM,2026-09-07 22:41:00,RESOLVED,14.2,426.9
3026,2031,PAYMENT,MEDIUM,2026-08-22 04:32:00,RESOLVED,9.1,153.5
3027,5728,ACCOUNT,MEDIUM,2026-08-05 21:34:00,RESOLVED,31.0,383.1
3028,3479,PRODUCT,MEDIUM,2026-08-29 04:47:00,OPEN,17.7,96.6
3029,1227,PRODUCT,HIGH,2026-08-25 14:40:00,RESOLVED,34.4,138.5
3030,9571,REFUND,MEDIUM,2026-09-09 00:12:00,RESOLVED,13.4,239.4
3031,9233,DELIVERY,HIGH,2026-08-17 02:14:00,RESOLVED,24.1,239.1
3032,5812,REFUND,MEDIUM,2026-09-06 17:51:00,RESOLVED,34.8,290.5
3033,5249,PRODUCT,HIGH,2026-08-13 18:42:00,RESOLVED,73.2,310.9
3034,8084,DELIVERY,MEDIUM,2026-08-21 19:37:00,RESOLVED,27.7,325.1
3035,9739,ACCOUNT,LOW,2026-08-14 00:07:00,RESOLVED,11.7,191.0
3036,1039,REFUND,MEDIUM,2026-08-13 11:55:00,RESOLVED,0.9,495.0
3037,977,PRODUCT,MEDIUM,2026-08-24 07:43:00,RESOLVED,18.9,270.0
3038,3304,ACCOUNT,LOW,2026-08-22 11:28:00,PENDING,24.2,130.0
3039,3046,PRODUCT,MEDIUM,2026-09-06 01:47:00,RESOLVED,31.1,177.6
3040,8957,DELIVERY,HIGH,2026-08-15 16:00:00,RESOLVED,68.4,192.9
3041,5083,REFUND,HIGH,2026-08-25 04:37:00,PENDING,26.1,275.3
3042,8105,PAYMENT,MEDIUM,2026-08-19 09:06:00,RESOLVED,49.9,127.1
3043,6673,ACCOUNT,MEDIUM,2026-09-04 19:16:00,OPEN,35.6,319.3
3044,7235,PRODUCT,HIGH,2026-09-06 13:46:00,RESOLVED,16.2,104.3
3045,9566,PRODUCT,CRITICAL,2026-08-12 19:11:00,RESOLVED,24.1,296.1
3046,5875,ACCOUNT,LOW,2026-08-21 13:40:00,RESOLVED,51.7,392.3
3047,7764,DELIVERY,LOW,2026-08-15 13:03:00,OPEN,4.7,321.5
3048,2690,DELIVERY,LOW,2026-08-02 15:59:00,RESOLVED,23.4,163.9
3049,2597,PAYMENT,MEDIUM,2026-09-05 03:31:00,RESOLVED,6.4,560.7
3050,5855,PAYMENT,HIGH,2026-08-28 08:41:00,RESOLVED,10.6,197.8
3051,9017,REFUND,LOW,2026-09-07 15:47:00,RESOLVED,54.0,136.8
3052,508,PRODUCT,MEDIUM,2026-08-12 05:44:00,RESOLVED,8.8,408.5
3053,5011,DELIVERY,LOW,2026-08-14 11:04:00,RESOLVED,4.4,197.2
3054,2023,DELIVERY,LOW,2026-08-09 13:17:00,OPEN,22.2,215.6
3055,8845,ACCOUNT,MEDIUM,2026-08-15 02:31:00,RESOLVED,31.0,170.9
3056,5183,DELIVERY,MEDIUM,2026-08-31 15:50:00,RESOLVED,3.2,189.4
3057,422,PAYMENT,LOW,2026-09-03 21:20:00,RESOLVED,73.6,447.7
3058,20,ACCOUNT,LOW,2026-08-07 14:55:00,RESOLVED,18.1,371.4
3059,6397,PRODUCT,MEDIUM,2026-08-02 17:28:00,RESOLVED,33.6,381.9
3060,2323,PAYMENT,HIGH,2026-08-25 08:54:00,OPEN,9.5,360.2
3061,413,REFUND,HIGH,2026-08-06 21:22:00,RESOLVED,33.0,273.0
3062,1523,DELIVERY,MEDIUM,2026-09-02 16:28:00,OPEN,20.1,186.2
3063,1544,DELIVERY,CRITICAL,2026-08-05 03:00:00,RESOLVED,25.9,173.6
3064,3456,PAYMENT,MEDIUM,2026-08-13 00:31:00,RESOLVED,37.3,191.0
3065,7181,PAYMENT,LOW,2026-08-14 03:46:00,OPEN,32.7,305.2
3066,8584,REFUND,MEDIUM,2026-08-19 21:20:00,PENDING,7.6,189.1
3067,5322,REFUND,HIGH,2026-09-04 06:38:00,RESOLVED,5.9,238.6
3068,9475,DELIVERY,MEDIUM,2026-08-24 02:32:00,RESOLVED,36.2,323.8
3069,7913,DELIVERY,CRITICAL,2026-08-12 11:09:00,PENDING,17.3,218.6
3070,1651,REFUND,MEDIUM,2026-08-26 15:27:00,RESOLVED,24.6,273.4
3071,7355,ACCOUNT,HIGH,2026-08-21 12:19:00,RESOLVED,25.6,100.5
3072,2311,REFUND,HIGH,2026-09-08 21:03:00,RESOLVED,44.1,73.8
3073,9634,DELIVERY,HIGH,2026-09-08 08:08:00,RESOLVED,18.3,366.1
3074,8469,PAYMENT,CRITICAL,2026-09-05 13:16:00,RESOLVED,26.9,87.3
3075,644,DELIVERY,LOW,2026-08-07 18:52:00,RESOLVED,22.3,146.4
3076,1727,PAYMENT,MEDIUM,2026-08-09 08:39:00,RESOLVED,9.8,118.2
3077,4415,PRODUCT,LOW,2026-08-08 09:56:00,RESOLVED,21.3,131.4
3078,7414,DELIVERY,HIGH,2026-08-22 19:56:00,RESOLVED,10.6,316.7
3079,5523,ACCOUNT,MEDIUM,2026-09-02 13:04:00,RESOLVED,27.0,211.0
3080,855,PRODUCT,LOW,2026-08-07 07:31:00,RESOLVED,26.5,207.3
3081,6285,ACCOUNT,MEDIUM,2026-09-08 20:32:00,PENDING,9.0,211.3
3082,6484,PRODUCT,LOW,2026-08-03 09:36:00,OPEN,1.5,153.9
3083,9298,ACCOUNT,MEDIUM,2026-08-21 19:06:00,RESOLVED,21.1,117.8
3084,2658,PAYMENT,LOW,2026-08-15 17:22:00,RESOLVED,24.7,319.8
3085,383,DELIVERY,CRITICAL,2026-09-06 14:05:00,RESOLVED,14.7,115.9
3086,7496,DELIVERY,MEDIUM,2026-08-13 19:00:00,RESOLVED,54.8,101.4
3087,7027,DELIVERY,CRITICAL,2026-08-08 10:18:00,RESOLVED,24.9,371.3
3088,5194,DELIVERY,LOW,2026-08-23 19:38:00,PENDING,12.1,265.0
3089,6921,ACCOUNT,MEDIUM,2026-08-03 02:26:00,RESOLVED,8.5,504.0
3090,1789,ACCOUNT,HIGH,2026-08-26 15:36:00,RESOLVED,9.2,145.1
3091,1257,PRODUCT,MEDIUM,2026-08-06 21:12:00,OPEN,9.4,209.7
3092,4023,DELIVERY,LOW,2026-08-16 10:10:00,RESOLVED,5.6,233.8
3093,8942,ACCOUNT,HIGH,2026-08-24 09:48:00,RESOLVED,35.2,187.5
3094,5144,REFUND,LOW,2026-09-04 16:33:00,RESOLVED,40.4,96.3
3095,6393,ACCOUNT,LOW,2026-08-28 15:43:00,RESOLVED,50.3,454.9
3096,9960,PRODUCT,MEDIUM,2026-09-03 16:04:00,RESOLVED,4.8,296.5
3097,3028,PAYMENT,MEDIUM,2026-09-02 09:55:00,RESOLVED,49.7,188.8
3098,4804,PRODUCT,MEDIUM,2026-08-29 20:18:00,RESOLVED,17.9,612.2
3099,6858,PRODUCT,LOW,2026-08-14 08:10:00,RESOLVED,27.3,540.6
3100,1513,ACCOUNT,LOW,2026-08-15 00:42:00,RESOLVED,31.9,306.4
3101,4020,PRODUCT,LOW,2026-09-04 18:19:00,RESOLVED,20.2,111.7
3102,5553,REFUND,MEDIUM,2026-08-10 16:29:00,PENDING,51.9,458.3
3103,3038,DELIVERY,LOW,2026-09-04 12:34:00,RESOLVED,69.8,201.9
3104,2203,ACCOUNT,MEDIUM,2026-08-05 15:25:00,RESOLVED,40.4,656.3
3105,4379,PRODUCT,HIGH,2026-09-03 02:36:00,OPEN,39.7,224.5
3106,8796,DELIVERY,CRITICAL,2026-08-11 00:26:00,RESOLVED,47.4,155.8
3107,4161,PRODUCT,HIGH,2026-08-29 23:52:00,RESOLVED,19.4,443.2
3108,8341,ACCOUNT,LOW,2026-09-08 08:44:00,OPEN,9.8,105.5
3109,6766,PRODUCT,MEDIUM,2026-09-06 17:43:00,RESOLVED,1.6,177.1
3110,1287,REFUND,HIGH,2026-08-17 16:57:00,PENDING,24.4,485.7
3111,9141,DELIVERY,LOW,2026-08-06 19:56:00,PENDING,15.1,299.1
3112,5884,ACCOUNT,LOW,2026-08-17 15:04:00,OPEN,11.0,473.7
3113,5689,REFUND,LOW,2026-08-25 04:35:00,RESOLVED,3.1,272.7
3114,6966,ACCOUNT,MEDIUM,2026-08-19 19:52:00,RESOLVED,5.9,112.5
3115,417,PAYMENT,CRITICAL,2026-08-31 14:11:00,RESOLVED,49.8,383.4
3116,2517,PRODUCT,MEDIUM,2026-08-26 22:04:00,PENDING,43.7,426.9
3117,7948,REFUND,MEDIUM,2026-08-02 05:11:00,PENDING,62.1,356.0
3118,6264,PRODUCT,MEDIUM,2026-09-06 19:12:00,PENDING,4.3,107.4
3119,3895,PAYMENT,HIGH,2026-08-11 20:38:00,PENDING,14.4,117.9
3120,4627,REFUND,LOW,2026-08-05 13:34:00,RESOLVED,12.8,389.9
3121,6197,PRODUCT,MEDIUM,2026-08-10 17:15:00,RESOLVED,31.1,82.6
3122,4821,PAYMENT,HIGH,2026-09-02 19:28:00,RESOLVED,11.6,76.7
3123,4574,PRODUCT,HIGH,2026-09-01 14:43:00,OPEN,10.2,391.5
3124,5513,DELIVERY,MEDIUM,2026-08-18 22:58:00,PENDING,10.7,81.6
3125,2815,DELIVERY,LOW,2026-08-21 11:25:00,RESOLVED,20.1,267.4
3126,5702,PRODUCT,HIGH,2026-08-11 23:43:00,RESOLVED,24.8,300.4
3127,6921,ACCOUNT,HIGH,2026-09-09 09:10:00,PENDING,16.8,249.8
3128,7098,DELIVERY,LOW,2026-08-22 18:06:00,RESOLVED,13.8,152.0
3129,6204,DELIVERY,LOW,2026-08-05 18:32:00,RESOLVED,48.8,206.0
3130,4525,REFUND,LOW,2026-08-22 14:46:00,RESOLVED,7.4,286.5
3131,6551,DELIVERY,MEDIUM,2026-08-03 18:34:00,RESOLVED,13.2,27.3
3132,7227,REFUND,LOW,2026-08-06 08:02:00,RESOLVED,27.2,225.6
3133,3103,PRODUCT,LOW,2026-08-09 16:15:00,RESOLVED,20.5,561.8
3134,4860,PRODUCT,HIGH,2026-08-04 21:07:00,RESOLVED,35.5,109.3
3135,6779,PRODUCT,LOW,2026-09-04 06:52:00,RESOLVED,8.4,239.7
3136,6629,PAYMENT,CRITICAL,2026-08-26 01:48:00,OPEN,1.8,293.3
3137,4961,DELIVERY,MEDIUM,2026-08-21 01:56:00,OPEN,16.7,459.5
3138,2632,PAYMENT,MEDIUM,2026-08-30 09:57:00,RESOLVED,42.4,605.2
3139,9101,ACCOUNT,HIGH,2026-08-25 12:06:00,OPEN,39.3,310.3
3140,5418,REFUND,LOW,2026-08-25 14:13:00,RESOLVED,28.2,195.7
3141,5409,PAYMENT,LOW,2026-08-23 13:47:00,RESOLVED,12.6,147.6
3142,4680,REFUND,MEDIUM,2026-08-15 02:47:00,OPEN,16.2,460.7
3143,7601,REFUND,MEDIUM,2026-08-01 00:20:00,OPEN,26.1,371.2
3144,3022,PAYMENT,MEDIUM,2026-08-23 05:37:00,RESOLVED,23.6,88.6
3145,9373,DELIVERY,CRITICAL,2026-09-01 04:29:00,RESOLVED,38.0,768.4
3146,624,DELIVERY,CRITICAL,2026-09-06 06:06:00,RESOLVED,2.0,262.4
3147,126,DELIVERY,LOW,2026-08-10 12:19:00,RESOLVED,20.9,271.8
3148,5102,PRODUCT,LOW,2026-09-06 22:55:00,RESOLVED,34.9,123.6
3149,8593,ACCOUNT,MEDIUM,2026-08-03 00:18:00,RESOLVED,14.5,79.9
3150,98,PAYMENT,CRITICAL,2026-08-10 06:59:00,PENDING,12.1,181.1
3151,6789,PRODUCT,LOW,2026-09-03 21:13:00,RESOLVED,11.2,213.9
3152,3899,ACCOUNT,MEDIUM,2026-08-04 19:16:00,RESOLVED,31.6,266.8
3153,218,PRODUCT,LOW,2026-08-20 00:52:00,PENDING,16.4,162.6
3154,3707,REFUND,CRITICAL,2026-08-27 03:07:00,RESOLVED,66.5,207.5
3155,6467,PRODUCT,LOW,2026-08-02 16:53:00,RESOLVED,16.7,170.4
3156,6338,REFUND,MEDIUM,2026-08-07 23:25:00,RESOLVED,63.3,547.2
3157,8489,ACCOUNT,LOW,2026-08-16 08:54:00,RESOLVED,55.3,418.0
3158,9875,ACCOUNT,MEDIUM,2026-09-02 01:01:00,RESOLVED,4.9,627.9
3159,545,DELIVERY,MEDIUM,2026-08-31 10:17:00,PENDING,10.2,105.1
3160,8581,ACCOUNT,MEDIUM,2026-08-12 05:35:00,RESOLVED,42.0,699.4
3161,97,REFUND,LOW,2026-08-16 23:26:00,OPEN,5.5,179.3
3162,9751,PAYMENT,LOW,2026-08-07 00:27:00,RESOLVED,15.1,265.9
3163,7740,PRODUCT,LOW,2026-08-18 20:31:00,RESOLVED,9.8,326.0
3164,9510,DELIVERY,HIGH,2026-09-02 15:26:00,RESOLVED,40.5,203.5
3165,678,DELIVERY,MEDIUM,2026-08-04 14:30:00,PENDING,50.3,158.8
3166,742,PAYMENT,LOW,2026-08-09 08:10:00,RESOLVED,47.5,436.1
3167,9856,PAYMENT,LOW,2026-08-12 19:38:00,OPEN,27.0,260.3
3168,2820,PAYMENT,MEDIUM,2026-08-01 08:29:00,RESOLVED,32.1,311.0
3169,3816,ACCOUNT,LOW,2026-09-06 06:22:00,RESOLVED,64.9,398.6
3170,2970,REFUND,HIGH,2026-09-02 20:53:00,RESOLVED,17.3,95.2
3171,1568,PRODUCT,MEDIUM,2026-08-14 03:06:00,PENDING,21.3,212.0
3172,711,DELIVERY,MEDIUM,2026-08-04 18:03:00,RESOLVED,4.4,153.0
3173,1354,PAYMENT,MEDIUM,2026-08-21 00:59:00,RESOLVED,3.0,316.0
3174,8467,PAYMENT,HIGH,2026-08-17 18:56:00,RESOLVED,36.5,351.0
3175,270,PAYMENT,MEDIUM,2026-08-06 17:34:00,RESOLVED,90.5,275.0
3176,8954,DELIVERY,LOW,2026-08-16 19:58:00,OPEN,29.4,61.4
3177,2201,DELIVERY,LOW,2026-09-06 16:50:00,RESOLVED,14.1,325.5
3178,6050,ACCOUNT,MEDIUM,2026-08-06 17:16:00,RESOLVED,58.4,269.9
3179,2574,ACCOUNT,LOW,2026-09-05 01:00:00,RESOLVED,38.3,246.1
3180,8910,DELIVERY,MEDIUM,2026-08-02 09:46:00,RESOLVED,28.7,273.1
3181,405,REFUND,CRITICAL,2026-08-18 21:15:00,RESOLVED,36.6,239.5
3182,7144,ACCOUNT,LOW,2026-08-04 09:18:00,RESOLVED,25.8,496.7
3183,9346,DELIVERY,MEDIUM,2026-08-28 18:01:00,RESOLVED,42.8,551.2
3184,4406,PAYMENT,LOW,2026-08-18 02:24:00,RESOLVED,6.9,209.8
3185,4508,REFUND,LOW,2026-08-25 09:32:00,RESOLVED,26.2,276.3
3186,1499,ACCOUNT,LOW,2026-09-08 06:48:00,RESOLVED,14.8,231.3
3187,8787,PRODUCT,LOW,2026-09-05 02:25:00,RESOLVED,2.1,205.9
3188,9585,PRODUCT,LOW,2026-08-29 23:56:00,RESOLVED,28.3,87.4
3189,4966,DELIVERY,CRITICAL,2026-08-14 23:39:00,RESOLVED,33.2,388.2
3190,6923,DELIVERY,MEDIUM,2026-08-29 14:12:00,RESOLVED,52.1,200.8
3191,7581,PRODUCT,LOW,2026-08-22 15:14:00,PENDING,12.0,175.9
3192,3542,REFUND,LOW,2026-08-27 18:55:00,RESOLVED,21.3,443.3
3193,40,PAYMENT,CRITICAL,2026-08-28 14:55:00,RESOLVED,33.3,465.0
3194,1287,DELIVERY,LOW,2026-08-31 18:21:00,PENDING,14.2,207.9
3195,8969,DELIVERY,LOW,2026-08-30 07:56:00,OPEN,1.6,358.0
3196,7990,PRODUCT,HIGH,2026-08-22 04:15:00,OPEN,5.6,76.4
3197,949,DELIVERY,MEDIUM,2026-08-08 17:45:00,RESOLVED,23.0,285.4
3198,8021,DELIVERY,LOW,2026-09-09 10:10:00,RESOLVED,24.2,292.6
3199,8832,ACCOUNT,MEDIUM,2026-08-03 21:50:00,PENDING,13.7,493.7
3200,5431,PRODUCT,MEDIUM,2026-08-25 07:25:00,PENDING,11.6,468.4
3201,4513,REFUND,MEDIUM,2026-08-10 01:14:00,RESOLVED,14.8,80.9
3202,10000,ACCOUNT,LOW,2026-08-26 05:38:00,RESOLVED,11.3,490.0
3203,8720,ACCOUNT,HIGH,2026-08-19 00:39:00,OPEN,16.9,256.3
3204,3865,PAYMENT,MEDIUM,2026-08-01 20:19:00,RESOLVED,66.8,173.8
3205,4769,PAYMENT,LOW,2026-09-07 06:52:00,RESOLVED,66.3,205.5
3206,9421,PRODUCT,MEDIUM,2026-08-31 04:27:00,RESOLVED,23.3,264.8
3207,9216,DELIVERY,MEDIUM,2026-08-14 09:46:00,RESOLVED,8.1,222.7
3208,6303,ACCOUNT,HIGH,2026-08-15 05:38:00,RESOLVED,22.5,152.4
3209,6485,DELIVERY,LOW,2026-08-23 05:21:00,RESOLVED,10.8,105.4
3210,7365,PRODUCT,LOW,2026-08-31 22:49:00,OPEN,17.9,287.5
3211,2889,PAYMENT,HIGH,2026-09-09 14:18:00,RESOLVED,40.5,121.9
3212,9171,DELIVERY,LOW,2026-09-03 21:34:00,RESOLVED,13.0,486.2
3213,2941,PAYMENT,LOW,2026-08-04 00:39:00,PENDING,31.3,90.9
3214,8312,REFUND,HIGH,2026-08-01 21:23:00,RESOLVED,14.6,361.6
3215,8202,ACCOUNT,MEDIUM,2026-08-08 06:37:00,RESOLVED,40.8,159.0
3216,2887,PAYMENT,MEDIUM,2026-08-16 09:21:00,RESOLVED,21.3,137.3
3217,8077,REFUND,MEDIUM,2026-08-02 19:30:00,RESOLVED,40.8,204.3
3218,8673,REFUND,MEDIUM,2026-09-06 04:44:00,RESOLVED,9.3,83.8
3219,4967,DELIVERY,HIGH,2026-08-27 06:39:00,PENDING,34.3,302.6
3220,5398,PAYMENT,MEDIUM,2026-08-06 02:49:00,RESOLVED,19.5,179.4
3221,5094,PAYMENT,MEDIUM,2026-09-04 08:59:00,OPEN,24.1,319.3
3222,449,ACCOUNT,HIGH,2026-08-30 18:32:00,PENDING,37.4,378.8
3223,5406,PRODUCT,LOW,2026-08-13 06:28:00,OPEN,16.2,177.8
3224,6739,PAYMENT,MEDIUM,2026-08-13 22:17:00,RESOLVED,30.9,81.8
3225,5613,REFUND,MEDIUM,2026-08-28 22:32:00,RESOLVED,11.1,202.8
3226,4997,REFUND,MEDIUM,2026-08-21 08:59:00,RESOLVED,52.1,371.8
3227,5014,PRODUCT,MEDIUM,2026-09-08 06:22:00,OPEN,54.1,445.4
3228,5367,DELIVERY,LOW,2026-09-06 03:28:00,RESOLVED,22.1,127.6
3229,9292,DELIVERY,MEDIUM,2026-09-07 10:32:00,PENDING,61.5,157.2
3230,4116,ACCOUNT,MEDIUM,2026-08-26 07:38:00,OPEN,46.4,248.2
3231,2244,DELIVERY,HIGH,2026-08-31 21:03:00,PENDING,6.9,180.8
3232,641,REFUND,LOW,2026-08-18 08:20:00,PENDING,22.2,170.9
3233,8708,PAYMENT,HIGH,2026-08-31 04:47:00,RESOLVED,28.3,317.6
3234,1803,DELIVERY,LOW,2026-08-28 21:12:00,RESOLVED,16.7,110.9
3235,4171,PRODUCT,MEDIUM,2026-08-21 07:46:00,RESOLVED,32.4,180.0
3236,7565,PAYMENT,MEDIUM,2026-08-09 21:58:00,RESOLVED,21.6,349.8
3237,1786,DELIVERY,MEDIUM,2026-09-08 13:38:00,RESOLVED,16.8,379.9
3238,2343,PAYMENT,HIGH,2026-08-01 11:47:00,PENDING,39.5,192.0
3239,6353,ACCOUNT,MEDIUM,2026-08-05 11:11:00,PENDING,81.5,253.1
3240,6278,REFUND,LOW,2026-08-25 17:51:00,PENDING,13.6,232.2
3241,2434,PRODUCT,MEDIUM,2026-08-16 12:07:00,RESOLVED,43.1,669.0
3242,5419,PAYMENT,MEDIUM,2026-09-04 10:40:00,OPEN,2.6,246.9
3243,7042,PAYMENT,MEDIUM,2026-08-02 22:56:00,RESOLVED,12.1,544.5
3244,2214,PAYMENT,MEDIUM,2026-08-28 23:35:00,PENDING,9.9,127.4
3245,4434,PAYMENT,LOW,2026-08-10 13:07:00,RESOLVED,4.2,90.5
3246,2806,DELIVERY,LOW,2026-08-21 18:38:00,RESOLVED,65.6,344.4
3247,9401,PAYMENT,MEDIUM,2026-08-18 09:48:00,RESOLVED,38.2,170.0
3248,3836,PAYMENT,MEDIUM,2026-08-06 17:35:00,RESOLVED,19.7,216.8
3249,8559,PRODUCT,HIGH,2026-08-17 18:11:00,RESOLVED,6.2,98.4
3250,8802,PRODUCT,LOW,2026-08-04 09:31:00,RESOLVED,9.0,711.9
3251,1678,PAYMENT,MEDIUM,2026-09-04 03:49:00,RESOLVED,41.2,350.8
3252,9414,REFUND,CRITICAL,2026-08-12 04:40:00,PENDING,40.1,184.0
3253,492,PRODUCT,LOW,2026-08-05 03:45:00,OPEN,3.9,99.3
3254,3868,ACCOUNT,MEDIUM,2026-09-08 12:42:00,PENDING,16.8,152.6
3255,1590,ACCOUNT,CRITICAL,2026-08-25 12:55:00,PENDING,8.0,50.4
3256,462,REFUND,LOW,2026-08-19 11:26:00,RESOLVED,7.7,233.2
3257,5520,REFUND,MEDIUM,2026-08-20 07:50:00,RESOLVED,14.8,271.2
3258,6009,PAYMENT,MEDIUM,2026-09-02 04:29:00,RESOLVED,17.7,266.3
3259,5820,PRODUCT,LOW,2026-08-17 05:46:00,RESOLVED,31.2,185.3
3260,4176,PRODUCT,HIGH,2026-08-01 12:24:00,RESOLVED,27.8,106.1
3261,7869,PRODUCT,LOW,2026-08-27 19:51:00,RESOLVED,12.2,293.0
3262,4924,PAYMENT,HIGH,2026-08-19 21:39:00,RESOLVED,27.1,449.7
3263,5351,ACCOUNT,MEDIUM,2026-08-05 20:15:00,PENDING,77.3,543.5
3264,4420,DELIVERY,LOW,2026-08-10 20:59:00,RESOLVED,8.2,355.8
3265,2073,REFUND,LOW,2026-08-15 22:39:00,RESOLVED,47.5,411.5
3266,6546,PAYMENT,HIGH,2026-09-08 02:37:00,OPEN,11.0,237.7
3267,8291,PAYMENT,MEDIUM,2026-09-02 11:57:00,RESOLVED,17.2,463.1
3268,3045,ACCOUNT,LOW,2026-08-08 22:43:00,RESOLVED,11.6,534.2
3269,4635,PRODUCT,LOW,2026-08-09 17:10:00,RESOLVED,8.8,246.1
3270,8927,PAYMENT,MEDIUM,2026-08-02 23:43:00,OPEN,3.8,63.8
3271,2066,PAYMENT,LOW,2026-08-09 07:13:00,RESOLVED,24.4,423.7
3272,4213,DELIVERY,HIGH,2026-08-07 11:32:00,PENDING,10.4,228.0
3273,2696,REFUND,LOW,2026-08-21 23:07:00,PENDING,15.3,452.9
3274,3417,DELIVERY,LOW,2026-08-03 12:32:00,RESOLVED,19.6,63.7
3275,4593,DELIVERY,MEDIUM,2026-08-22 22:23:00,PENDING,12.9,299.3
3276,9230,PAYMENT,LOW,2026-08-13 14:46:00,RESOLVED,2.1,253.6
3277,126,DELIVERY,HIGH,2026-08-28 01:30:00,PENDING,56.6,276.3
3278,3582,DELIVERY,HIGH,2026-09-09 19:53:00,RESOLVED,10.2,594.0
3279,8659,ACCOUNT,MEDIUM,2026-09-08 01:29:00,RESOLVED,19.6,188.2
3280,831,ACCOUNT,HIGH,2026-09-07 05:19:00,PENDING,10.3,111.1
3281,5065,PAYMENT,HIGH,2026-08-23 17:59:00,PENDING,9.5,116.0
3282,1554,ACCOUNT,LOW,2026-08-23 21:04:00,RESOLVED,25.9,295.7
3283,5594,DELIVERY,LOW,2026-08-24 11:24:00,OPEN,16.3,191.9
3284,7143,ACCOUNT,MEDIUM,2026-09-03 05:47:00,RESOLVED,11.5,145.5
3285,6353,PAYMENT,CRITICAL,2026-08-11 13:46:00,RESOLVED,24.2,328.6
3286,5624,REFUND,HIGH,2026-08-16 23:55:00,OPEN,16.6,272.4
3287,7427,PRODUCT,MEDIUM,2026-08-14 15:06:00,RESOLVED,20.2,166.8
3288,5347,PAYMENT,LOW,2026-09-05 15:22:00,RESOLVED,6.5,95.8
3289,6129,PRODUCT,HIGH,2026-08-09 10:37:00,PENDING,8.6,251.3
3290,820,REFUND,MEDIUM,2026-08-09 09:42:00,RESOLVED,20.3,337.0
3291,214,PAYMENT,HIGH,2026-08-15 14:17:00,RESOLVED,28.4,64.7
3292,1641,DELIVERY,MEDIUM,2026-08-17 03:02:00,OPEN,15.8,314.1
3293,5399,REFUND,LOW,2026-08-29 09:00:00,RESOLVED,12.2,310.9
3294,3963,PAYMENT,MEDIUM,2026-08-05 19:47:00,RESOLVED,27.0,110.4
3295,3661,ACCOUNT,MEDIUM,2026-08-09 13:15:00,RESOLVED,8.9,141.1
3296,4481,DELIVERY,MEDIUM,2026-09-07 11:08:00,RESOLVED,81.2,160.7
3297,9895,PAYMENT,MEDIUM,2026-08-26 15:37:00,OPEN,12.8,229.6
3298,3766,DELIVERY,HIGH,2026-08-14 12:39:00,OPEN,84.3,480.8
3299,4442,PAYMENT,HIGH,2026-09-08 21:42:00,PENDING,6.7,190.2
3300,5028,ACCOUNT,LOW,2026-08-10 20:08:00,RESOLVED,35.6,146.2
3301,7743,REFUND,LOW,2026-08-26 13:21:00,PENDING,15.7,224.1
3302,7336,PRODUCT,MEDIUM,2026-08-09 20:57:00,RESOLVED,14.8,203.6
3303,9794,REFUND,MEDIUM,2026-08-28 10:07:00,PENDING,38.7,196.8
3304,6358,ACCOUNT,MEDIUM,2026-08-19 22:59:00,RESOLVED,18.6,278.0
3305,9539,PRODUCT,MEDIUM,2026-08-06 14:40:00,RESOLVED,38.8,285.6
3306,6113,REFUND,MEDIUM,2026-08-21 03:54:00,PENDING,43.2,327.1
3307,5383,REFUND,HIGH,2026-08-18 23:14:00,PENDING,67.0,310.1
3308,5578,ACCOUNT,LOW,2026-08-27 21:51:00,PENDING,13.9,432.2
3309,4802,PAYMENT,MEDIUM,2026-09-05 21:00:00,RESOLVED,15.6,259.7
3310,2010,REFUND,HIGH,2026-09-02 08:47:00,RESOLVED,19.6,319.9
3311,3664,PAYMENT,LOW,2026-08-14 06:21:00,OPEN,46.9,299.5
3312,6047,DELIVERY,LOW,2026-08-29 02:34:00,PENDING,26.3,125.8
3313,6062,DELIVERY,MEDIUM,2026-08-23 03:45:00,RESOLVED,15.2,333.4
3314,1585,PAYMENT,LOW,2026-08-20 16:52:00,RESOLVED,4.9,65.4
3315,8036,REFUND,MEDIUM,2026-08-09 14:30:00,RESOLVED,15.6,269.6
3316,7130,PAYMENT,HIGH,2026-08-22 10:15:00,PENDING,7.5,223.0
3317,5252,REFUND,LOW,2026-08-14 10:18:00,PENDING,46.7,314.5
3318,4523,PAYMENT,HIGH,2026-09-09 00:21:00,RESOLVED,20.6,199.9
3319,5577,PRODUCT,LOW,2026-08-19 08:49:00,OPEN,14.0,271.1
3320,5815,PRODUCT,MEDIUM,2026-08-18 21:12:00,RESOLVED,2.7,721.3
3321,4280,REFUND,LOW,2026-08-04 03:10:00,RESOLVED,2.0,305.3
3322,8628,REFUND,MEDIUM,2026-08-13 20:38:00,RESOLVED,14.7,184.2
3323,1583,PRODUCT,CRITICAL,2026-09-09 12:43:00,OPEN,17.8,269.3
3324,3731,ACCOUNT,LOW,2026-08-26 19:48:00,RESOLVED,39.7,257.9
3325,3977,PAYMENT,HIGH,2026-08-30 13:21:00,RESOLVED,7.0,315.9
3326,998,DELIVERY,MEDIUM,2026-08-27 21:52:00,RESOLVED,11.6,596.8
3327,891,PAYMENT,CRITICAL,2026-08-20 01:00:00,RESOLVED,69.6,566.8
3328,8914,PRODUCT,MEDIUM,2026-09-07 11:53:00,RESOLVED,52.5,339.9
3329,7745,ACCOUNT,MEDIUM,2026-08-13 09:42:00,PENDING,15.6,274.2
3330,3650,ACCOUNT,HIGH,2026-08-15 02:06:00,RESOLVED,13.7,170.3
3331,2661,PRODUCT,MEDIUM,2026-08-30 00:51:00,PENDING,32.3,228.9
3332,4066,PAYMENT,HIGH,2026-08-21 09:17:00,RESOLVED,27.0,500.6
3333,7050,DELIVERY,LOW,2026-08-16 12:15:00,RESOLVED,9.2,57.9
3334,2961,ACCOUNT,LOW,2026-08-25 23:20:00,RESOLVED,22.6,324.6
3335,664,PAYMENT,MEDIUM,2026-09-03 00:56:00,RESOLVED,17.6,195.3
3336,4202,PRODUCT,LOW,2026-08-29 08:25:00,RESOLVED,8.8,432.6
3337,5988,PRODUCT,MEDIUM,2026-08-18 04:45:00,PENDING,14.8,320.7
3338,5210,DELIVERY,HIGH,2026-08-02 14:27:00,RESOLVED,21.3,192.4
3339,1724,REFUND,MEDIUM,2026-09-02 04:32:00,RESOLVED,7.4,101.2
3340,8434,PRODUCT,HIGH,2026-09-06 00:19:00,RESOLVED,38.0,200.4
3341,6316,PAYMENT,MEDIUM,2026-08-30 15:10:00,OPEN,24.4,211.7
3342,7202,PRODUCT,LOW,2026-08-08 02:30:00,RESOLVED,15.1,524.0
3343,9576,PAYMENT,LOW,2026-09-04 15:27:00,RESOLVED,42.0,236.8
3344,5133,DELIVERY,CRITICAL,2026-08-10 00:11:00,PENDING,48.1,108.4
3345,5790,REFUND,MEDIUM,2026-09-04 19:48:00,PENDING,44.9,272.2
3346,7639,PAYMENT,HIGH,2026-08-28 18:35:00,PENDING,11.3,157.3
3347,7740,REFUND,LOW,2026-08-21 00:50:00,RESOLVED,5.7,131.1
3348,8478,DELIVERY,LOW,2026-08-08 22:54:00,RESOLVED,38.7,267.7
3349,7045,DELIVERY,HIGH,2026-08-18 00:23:00,RESOLVED,9.8,263.8
3350,582,REFUND,MEDIUM,2026-08-06 08:12:00,RESOLVED,6.5,218.4
3351,3504,ACCOUNT,MEDIUM,2026-08-29 06:58:00,OPEN,14.2,274.4
3352,5923,ACCOUNT,MEDIUM,2026-09-07 23:22:00,RESOLVED,27.2,327.5
3353,4449,ACCOUNT,MEDIUM,2026-09-03 07:49:00,OPEN,6.7,228.7
3354,433,ACCOUNT,HIGH,2026-08-26 17:20:00,RESOLVED,18.9,192.1
3355,2676,ACCOUNT,LOW,2026-09-09 02:45:00,PENDING,11.3,44.1
3356,3082,PRODUCT,LOW,2026-09-07 21:28:00,RESOLVED,22.3,215.0
3357,362,DELIVERY,LOW,2026-09-09 16:14:00,RESOLVED,19.2,196.5
3358,7625,REFUND,MEDIUM,2026-08-03 12:34:00,RESOLVED,9.0,216.2
3359,3780,PRODUCT,HIGH,2026-09-08 23:12:00,RESOLVED,15.7,151.2
3360,7913,REFUND,MEDIUM,2026-08-02 10:01:00,RESOLVED,1.7,79.2
3361,8704,REFUND,CRITICAL,2026-08-16 18:00:00,OPEN,18.7,148.0
3362,8839,DELIVERY,MEDIUM,2026-08-12 04:12:00,OPEN,23.8,315.2
3363,9083,REFUND,MEDIUM,2026-09-04 01:46:00,RESOLVED,24.8,173.4
3364,4983,REFUND,MEDIUM,2026-08-02 12:52:00,PENDING,68.4,220.7
3365,2426,ACCOUNT,HIGH,2026-09-08 08:25:00,RESOLVED,47.0,270.4
3366,842,PRODUCT,LOW,2026-08-18 13:00:00,OPEN,15.8,192.3
3367,6240,DELIVERY,MEDIUM,2026-08-04 05:33:00,RESOLVED,36.3,155.9
3368,1268,PAYMENT,MEDIUM,2026-09-08 11:04:00,OPEN,17.4,294.7
3369,2414,ACCOUNT,CRITICAL,2026-08-03 01:37:00,PENDING,22.0,132.1
3370,2444,PAYMENT,LOW,2026-08-15 06:36:00,OPEN,44.5,142.8
3371,2736,ACCOUNT,LOW,2026-08-11 12:09:00,OPEN,7.7,69.1
3372,3722,DELIVERY,MEDIUM,2026-08-30 06:57:00,RESOLVED,13.9,256.5
3373,3314,REFUND,MEDIUM,2026-08-10 13:10:00,OPEN,20.2,224.6
3374,5266,ACCOUNT,LOW,2026-08-26 20:34:00,RESOLVED,18.9,471.1
3375,9574,PRODUCT,MEDIUM,2026-08-04 14:10:00,RESOLVED,10.3,338.8
3376,6460,REFUND,MEDIUM,2026-08-02 06:57:00,PENDING,9.0,106.4
3377,6761,ACCOUNT,MEDIUM,2026-08-03 22:30:00,RESOLVED,12.4,245.9
3378,1626,REFUND,MEDIUM,2026-08-10 06:47:00,PENDING,8.0,246.9
3379,1142,PRODUCT,LOW,2026-08-20 14:24:00,PENDING,9.4,225.3
3380,1890,REFUND,HIGH,2026-08-26 04:51:00,RESOLVED,26.6,607.8
3381,8485,REFUND,MEDIUM,2026-08-25 12:08:00,RESOLVED,26.4,535.8
3382,1730,REFUND,MEDIUM,2026-08-04 16:21:00,RESOLVED,11.9,65.0
3383,9839,REFUND,MEDIUM,2026-08-15 16:23:00,RESOLVED,21.4,142.8
3384,7550,PAYMENT,LOW,2026-08-19 07:03:00,PENDING,23.3,125.8
3385,8291,ACCOUNT,MEDIUM,2026-08-16 17:42:00,RESOLVED,69.0,313.6
3386,3021,PRODUCT,MEDIUM,2026-08-28 02:29:00,RESOLVED,5.8,121.5
3387,1564,DELIVERY,LOW,2026-08-20 18:27:00,RESOLVED,4.8,131.2
3388,1668,PAYMENT,HIGH,2026-08-14 14:13:00,RESOLVED,25.4,114.3
3389,8578,PAYMENT,HIGH,2026-08-09 18:00:00,RESOLVED,39.6,199.0
3390,4314,DELIVERY,MEDIUM,2026-08-13 11:38:00,RESOLVED,20.5,161.6
3391,4092,REFUND,MEDIUM,2026-09-03 02:13:00,RESOLVED,47.6,382.8
3392,2476,ACCOUNT,MEDIUM,2026-08-29 22:19:00,RESOLVED,32.8,150.9
3393,3563,REFUND,MEDIUM,2026-08-18 05:28:00,RESOLVED,30.4,150.8
3394,3693,PRODUCT,LOW,2026-08-17 18:05:00,RESOLVED,19.5,180.2
3395,7495,DELIVERY,MEDIUM,2026-08-12 21:12:00,RESOLVED,4.2,135.9
3396,8241,ACCOUNT,MEDIUM,2026-08-22 06:42:00,RESOLVED,18.9,170.2
3397,4672,ACCOUNT,MEDIUM,2026-09-05 03:15:00,RESOLVED,36.5,289.5
3398,3339,DELIVERY,HIGH,2026-08-08 23:46:00,RESOLVED,31.3,178.5
3399,4517,PRODUCT,MEDIUM,2026-08-24 09:39:00,OPEN,31.2,308.5
3400,1749,ACCOUNT,MEDIUM,2026-09-01 14:00:00,PENDING,28.9,157.8
3401,686,ACCOUNT,MEDIUM,2026-08-03 17:13:00,RESOLVED,21.5,428.3
3402,2325,PRODUCT,MEDIUM,2026-08-24 23:44:00,RESOLVED,14.4,566.2
3403,246,PRODUCT,LOW,2026-08-24 09:47:00,PENDING,20.5,311.3
3404,344,PAYMENT,MEDIUM,2026-09-08 22:00:00,OPEN,63.1,358.1
3405,2385,DELIVERY,MEDIUM,2026-08-16 11:27:00,RESOLVED,19.1,478.4
3406,9012,DELIVERY,MEDIUM,2026-08-31 05:46:00,RESOLVED,27.3,87.0
3407,1852,REFUND,LOW,2026-08-04 05:44:00,RESOLVED,27.9,266.5
3408,6970,REFUND,MEDIUM,2026-08-24 23:24:00,RESOLVED,8.0,281.5
3409,1472,ACCOUNT,HIGH,2026-08-11 00:20:00,RESOLVED,71.6,188.6
3410,4634,ACCOUNT,MEDIUM,2026-08-25 13:50:00,RESOLVED,8.8,130.7
3411,6070,REFUND,MEDIUM,2026-08-25 00:17:00,RESOLVED,21.9,83.1
3412,5609,REFUND,LOW,2026-08-14 07:39:00,RESOLVED,23.4,501.0
3413,7998,PRODUCT,MEDIUM,2026-09-03 18:12:00,RESOLVED,1.9,194.6
3414,2541,PRODUCT,LOW,2026-08-18 19:37:00,RESOLVED,6.2,60.8
3415,7428,ACCOUNT,CRITICAL,2026-08-11 03:09:00,RESOLVED,13.5,179.9
3416,4037,PRODUCT,LOW,2026-08-27 22:21:00,RESOLVED,39.8,258.9
3417,4453,PRODUCT,HIGH,2026-08-22 03:29:00,RESOLVED,2.3,113.0
3418,3199,PRODUCT,MEDIUM,2026-08-21 14:25:00,RESOLVED,27.3,63.4
3419,9969,ACCOUNT,MEDIUM,2026-08-06 09:26:00,RESOLVED,11.6,137.1
3420,8246,REFUND,MEDIUM,2026-09-08 04:05:00,OPEN,30.8,242.3
3421,4629,REFUND,LOW,2026-08-15 12:01:00,RESOLVED,23.2,266.1
3422,7435,ACCOUNT,LOW,2026-08-23 03:15:00,RESOLVED,11.6,269.1
3423,9157,DELIVERY,MEDIUM,2026-08-07 01:06:00,RESOLVED,13.8,171.2
3424,2839,REFUND,MEDIUM,2026-08-01 12:12:00,RESOLVED,10.6,386.4
3425,3262,DELIVERY,MEDIUM,2026-08-29 17:19:00,RESOLVED,37.3,548.1
3426,7623,ACCOUNT,CRITICAL,2026-08-06 01:11:00,RESOLVED,7.4,209.2
3427,2839,ACCOUNT,LOW,2026-08-28 15:58:00,OPEN,4.7,187.5
3428,940,PAYMENT,HIGH,2026-08-02 20:18:00,PENDING,30.0,86.6
3429,5953,DELIVERY,LOW,2026-08-14 00:04:00,RESOLVED,27.3,399.6
3430,2026,REFUND,MEDIUM,2026-09-06 03:00:00,OPEN,12.5,332.3
3431,5868,PAYMENT,LOW,2026-08-23 00:30:00,OPEN,15.5,113.7
3432,1064,REFUND,HIGH,2026-08-13 14:33:00,RESOLVED,62.4,173.8
3433,4785,PRODUCT,MEDIUM,2026-08-05 12:12:00,RESOLVED,53.6,450.6
3434,2383,PRODUCT,MEDIUM,2026-09-03 10:41:00,RESOLVED,14.5,329.6
3435,5287,PAYMENT,LOW,2026-08-23 20:37:00,RESOLVED,68.6,239.3
3436,2262,PRODUCT,MEDIUM,2026-08-18 19:45:00,RESOLVED,20.3,335.3
3437,2514,DELIVERY,LOW,2026-09-01 07:10:00,RESOLVED,27.6,317.7
3438,9006,DELIVERY,MEDIUM,2026-09-06 19:39:00,RESOLVED,33.7,167.9
3439,9820,REFUND,MEDIUM,2026-08-27 22:02:00,RESOLVED,42.7,231.8
3440,3274,DELIVERY,LOW,2026-08-20 06:55:00,OPEN,27.9,313.5
3441,6457,DELIVERY,LOW,2026-08-26 00:06:00,PENDING,11.8,221.0
3442,3553,PRODUCT,LOW,2026-09-04 09:43:00,OPEN,3.2,130.0
3443,1702,DELIVERY,MEDIUM,2026-08-12 08:34:00,OPEN,45.6,301.9
3444,998,REFUND,LOW,2026-08-27 20:50:00,RESOLVED,6.5,411.2
3445,8906,PRODUCT,LOW,2026-08-21 22:57:00,RESOLVED,8.6,389.7
3446,660,REFUND,LOW,2026-08-11 15:33:00,PENDING,29.9,280.0
3447,4921,REFUND,LOW,2026-08-10 04:02:00,PENDING,15.3,449.4
3448,2194,PRODUCT,MEDIUM,2026-08-24 01:29:00,RESOLVED,24.3,427.6
3449,7604,DELIVERY,MEDIUM,2026-08-08 01:14:00,RESOLVED,24.8,181.4
3450,1346,REFUND,LOW,2026-08-11 17:18:00,RESOLVED,14.8,44.6
3451,5769,PAYMENT,MEDIUM,2026-08-16 00:25:00,PENDING,9.6,171.8
3452,3447,DELIVERY,MEDIUM,2026-08-08 23:53:00,RESOLVED,39.4,257.4
3453,5210,PRODUCT,MEDIUM,2026-08-13 17:08:00,RESOLVED,32.1,341.7
3454,1861,PAYMENT,CRITICAL,2026-08-13 18:26:00,RESOLVED,17.7,71.8
3455,1169,REFUND,MEDIUM,2026-08-02 22:53:00,RESOLVED,3.1,289.2
3456,1782,PAYMENT,MEDIUM,2026-08-12 20:49:00,RESOLVED,14.7,376.3
3457,5765,DELIVERY,MEDIUM,2026-08-27 12:07:00,RESOLVED,15.7,213.5
3458,6476,PRODUCT,MEDIUM,2026-08-20 20:41:00,RESOLVED,49.6,162.5
3459,9046,PAYMENT,LOW,2026-08-15 20:54:00,RESOLVED,54.1,296.9
3460,9422,DELIVERY,LOW,2026-08-26 11:34:00,RESOLVED,23.2,577.0
3461,7526,PRODUCT,HIGH,2026-08-08 21:05:00,OPEN,24.6,230.2
3462,125,PAYMENT,HIGH,2026-09-08 16:43:00,RESOLVED,7.0,166.3
3463,7036,DELIVERY,CRITICAL,2026-08-03 16:15:00,RESOLVED,31.4,112.2
3464,7056,REFUND,MEDIUM,2026-08-19 18:24:00,RESOLVED,2.8,209.4
3465,7062,PRODUCT,HIGH,2026-09-01 12:39:00,RESOLVED,10.3,398.4
3466,6592,PAYMENT,MEDIUM,2026-08-31 10:31:00,OPEN,13.8,271.8
3467,6876,REFUND,MEDIUM,2026-08-19 10:04:00,PENDING,24.2,298.5
3468,5851,DELIVERY,HIGH,2026-08-20 15:23:00,RESOLVED,6.4,74.9
3469,6195,DELIVERY,CRITICAL,2026-09-05 06:25:00,RESOLVED,20.9,197.7
3470,6923,REFUND,MEDIUM,2026-08-18 08:27:00,RESOLVED,5.9,276.9
3471,435,REFUND,HIGH,2026-08-02 15:34:00,RESOLVED,54.5,275.7
3472,5087,PRODUCT,HIGH,2026-08-17 11:50:00,OPEN,11.6,427.5
3473,1278,PAYMENT,MEDIUM,2026-08-02 17:35:00,RESOLVED,31.4,227.8
3474,9270,DELIVERY,MEDIUM,2026-09-05 00:40:00,RESOLVED,16.3,330.9
3475,9898,PRODUCT,LOW,2026-08-09 19:27:00,RESOLVED,14.4,331.5
3476,1583,ACCOUNT,CRITICAL,2026-08-06 20:21:00,RESOLVED,32.1,160.2
3477,8916,ACCOUNT,LOW,2026-08-26 00:19:00,RESOLVED,11.4,237.3
3478,4736,ACCOUNT,LOW,2026-08-12 14:34:00,RESOLVED,12.5,155.1
3479,6724,PAYMENT,MEDIUM,2026-08-30 12:27:00,RESOLVED,15.6,250.4
3480,6531,REFUND,MEDIUM,2026-08-29 20:03:00,RESOLVED,22.1,350.5
3481,1177,DELIVERY,LOW,2026-08-21 17:30:00,OPEN,15.8,619.5
3482,9087,PRODUCT,LOW,2026-08-12 19:57:00,RESOLVED,11.9,296.4
3483,6407,PAYMENT,HIGH,2026-08-12 05:50:00,RESOLVED,13.0,382.9
3484,4875,PRODUCT,MEDIUM,2026-08-01 02:07:00,RESOLVED,19.7,291.4
3485,6149,REFUND,CRITICAL,2026-09-05 08:25:00,OPEN,15.2,204.4
3486,9770,DELIVERY,HIGH,2026-08-09 16:03:00,OPEN,68.0,133.5
3487,6474,PRODUCT,MEDIUM,2026-08-19 17:32:00,OPEN,19.1,234.0
3488,6565,REFUND,MEDIUM,2026-08-02 04:12:00,OPEN,20.1,530.8
3489,8767,PAYMENT,LOW,2026-08-21 08:58:00,OPEN,19.2,279.4
3490,6993,ACCOUNT,CRITICAL,2026-08-12 16:40:00,RESOLVED,19.1,150.8
3491,1430,REFUND,MEDIUM,2026-08-21 06:10:00,OPEN,9.3,52.6
3492,8183,DELIVERY,HIGH,2026-08-14 01:38:00,OPEN,21.0,428.5
3493,8998,PRODUCT,CRITICAL,2026-08-31 18:08:00,RESOLVED,28.7,253.1
3494,7340,PAYMENT,LOW,2026-09-08 03:05:00,RESOLVED,8.7,129.9
3495,1524,REFUND,HIGH,2026-08-26 20:56:00,OPEN,20.2,246.8
3496,5227,PAYMENT,HIGH,2026-09-02 07:40:00,RESOLVED,34.7,155.5
3497,541,ACCOUNT,MEDIUM,2026-08-19 10:42:00,RESOLVED,11.1,160.0
3498,7727,DELIVERY,HIGH,2026-08-05 21:25:00,RESOLVED,15.2,270.5
3499,9573,PRODUCT,MEDIUM,2026-08-15 10:26:00,PENDING,29.6,401.2
3500,358,PAYMENT,MEDIUM,2026-08-05 21:55:00,RESOLVED,31.6,464.2
3501,1091,ACCOUNT,LOW,2026-08-02 18:06:00,RESOLVED,17.4,361.1
3502,9328,ACCOUNT,MEDIUM,2026-09-09 21:06:00,PENDING,36.4,378.2
3503,7998,DELIVERY,HIGH,2026-08-20 05:01:00,RESOLVED,3.9,549.1
3504,8232,DELIVERY,LOW,2026-08-27 20:40:00,OPEN,8.5,49.6
3505,2085,DELIVERY,MEDIUM,2026-08-18 05:52:00,RESOLVED,8.4,279.2
3506,6377,DELIVERY,LOW,2026-08-26 00:28:00,RESOLVED,4.9,103.9
3507,8288,REFUND,MEDIUM,2026-08-12 19:10:00,RESOLVED,13.3,761.0
3508,688,REFUND,MEDIUM,2026-08-24 12:57:00,RESOLVED,19.3,408.3
3509,2838,ACCOUNT,HIGH,2026-08-22 04:17:00,RESOLVED,25.0,144.3
3510,2950,PRODUCT,LOW,2026-08-06 23:43:00,RESOLVED,6.6,249.4
3511,5416,REFUND,LOW,2026-08-22 17:40:00,RESOLVED,14.0,181.1
3512,2537,PAYMENT,LOW,2026-08-11 13:48:00,RESOLVED,13.5,115.5
3513,3420,REFUND,HIGH,2026-08-23 09:01:00,PENDING,50.4,265.8
3514,2571,PAYMENT,MEDIUM,2026-08-18 07:04:00,RESOLVED,14.9,633.1
3515,637,REFUND,LOW,2026-08-13 23:23:00,RESOLVED,37.2,269.6
3516,6722,PRODUCT,LOW,2026-08-18 20:30:00,RESOLVED,25.5,422.1
3517,6387,REFUND,LOW,2026-08-03 22:21:00,RESOLVED,42.9,400.0
3518,8762,ACCOUNT,MEDIUM,2026-09-08 19:56:00,RESOLVED,29.8,233.2
3519,5762,ACCOUNT,MEDIUM,2026-08-24 07:58:00,OPEN,21.3,266.5
3520,6817,DELIVERY,MEDIUM,2026-08-02 18:00:00,RESOLVED,12.6,232.7
3521,3593,PAYMENT,LOW,2026-08-06 14:47:00,RESOLVED,20.6,112.1
3522,3888,ACCOUNT,MEDIUM,2026-08-01 14:06:00,RESOLVED,27.5,119.1
3523,4124,ACCOUNT,MEDIUM,2026-08-11 00:48:00,RESOLVED,22.3,192.3
3524,9693,REFUND,LOW,2026-09-06 14:17:00,RESOLVED,18.5,85.7
3525,4725,PAYMENT,LOW,2026-08-30 02:06:00,RESOLVED,53.6,217.2
3526,8626,DELIVERY,LOW,2026-09-05 02:27:00,RESOLVED,5.6,597.3
3527,3207,REFUND,MEDIUM,2026-08-20 03:48:00,RESOLVED,10.2,335.0
3528,6855,REFUND,MEDIUM,2026-08-12 14:00:00,OPEN,23.0,279.1
3529,2742,REFUND,MEDIUM,2026-08-16 04:28:00,PENDING,7.4,233.6
3530,3975,REFUND,MEDIUM,2026-08-13 20:28:00,RESOLVED,17.5,270.0
3531,8589,PRODUCT,LOW,2026-09-04 19:31:00,OPEN,36.7,264.2
3532,6839,ACCOUNT,HIGH,2026-08-24 16:21:00,RESOLVED,8.0,540.9
3533,4863,PAYMENT,HIGH,2026-09-03 07:22:00,RESOLVED,14.7,345.5
3534,4080,PAYMENT,LOW,2026-08-09 01:57:00,RESOLVED,10.2,340.3
3535,7997,PRODUCT,HIGH,2026-09-06 01:08:00,PENDING,8.4,385.7
3536,1552,PRODUCT,MEDIUM,2026-09-05 00:27:00,RESOLVED,12.4,423.8
3537,8488,PAYMENT,MEDIUM,2026-08-24 17:30:00,RESOLVED,22.4,127.3
3538,6189,DELIVERY,MEDIUM,2026-08-11 18:46:00,PENDING,13.4,129.3
3539,3290,PAYMENT,HIGH,2026-08-24 20:01:00,RESOLVED,23.8,439.1
3540,6982,DELIVERY,LOW,2026-08-03 09:31:00,OPEN,21.5,178.1
3541,9911,PRODUCT,LOW,2026-08-08 18:36:00,RESOLVED,32.1,186.6
3542,3494,ACCOUNT,HIGH,2026-08-22 07:26:00,RESOLVED,25.7,286.6
3543,3932,PRODUCT,HIGH,2026-09-08 17:56:00,RESOLVED,9.3,509.0
3544,9294,ACCOUNT,HIGH,2026-08-30 08:06:00,RESOLVED,19.0,381.9
3545,3444,PAYMENT,LOW,2026-08-10 10:29:00,RESOLVED,11.0,412.1
3546,8543,PAYMENT,MEDIUM,2026-09-08 05:59:00,RESOLVED,45.0,166.0
3547,8998,PAYMENT,MEDIUM,2026-08-20 08:44:00,RESOLVED,54.0,187.6
3548,5829,REFUND,LOW,2026-08-25 23:52:00,RESOLVED,11.0,153.8
3549,822,ACCOUNT,LOW,2026-09-02 07:29:00,RESOLVED,59.5,193.4
3550,603,DELIVERY,HIGH,2026-08-05 01:46:00,RESOLVED,33.3,481.1
3551,2810,ACCOUNT,LOW,2026-08-08 21:16:00,PENDING,19.4,327.1
3552,173,ACCOUNT,LOW,2026-08-27 11:50:00,RESOLVED,77.5,161.5
3553,7627,ACCOUNT,LOW,2026-08-18 07:53:00,RESOLVED,19.7,448.2
3554,6399,DELIVERY,MEDIUM,2026-08-04 16:49:00,RESOLVED,4.4,237.8
3555,4547,ACCOUNT,HIGH,2026-08-06 13:50:00,OPEN,12.4,355.5
3556,8139,REFUND,LOW,2026-08-08 18:25:00,RESOLVED,13.4,349.8
3557,1336,REFUND,HIGH,2026-08-20 21:34:00,RESOLVED,34.7,345.1
3558,5004,PRODUCT,LOW,2026-08-12 20:45:00,RESOLVED,2.1,298.3
3559,3385,REFUND,MEDIUM,2026-09-06 09:12:00,OPEN,29.8,482.1
3560,235,ACCOUNT,LOW,2026-08-03 05:15:00,RESOLVED,29.3,484.0
3561,4785,PAYMENT,MEDIUM,2026-08-18 07:12:00,PENDING,25.5,168.7
3562,1449,DELIVERY,CRITICAL,2026-08-15 15:14:00,RESOLVED,24.2,508.0
3563,459,REFUND,MEDIUM,2026-08-06 02:59:00,RESOLVED,50.8,155.6
3564,2113,PRODUCT,LOW,2026-08-31 16:20:00,RESOLVED,46.3,220.3
3565,1948,PAYMENT,CRITICAL,2026-08-31 11:46:00,RESOLVED,30.2,258.0
3566,6278,REFUND,MEDIUM,2026-08-03 03:34:00,RESOLVED,25.4,104.1
3567,7931,REFUND,MEDIUM,2026-08-22 15:25:00,RESOLVED,3.2,330.1
3568,4861,PRODUCT,HIGH,2026-08-20 20:01:00,OPEN,9.7,245.8
3569,6412,REFUND,HIGH,2026-08-03 00:09:00,PENDING,18.1,105.1
3570,1023,DELIVERY,MEDIUM,2026-08-10 01:14:00,OPEN,6.2,270.2
3571,7867,PAYMENT,LOW,2026-08-15 17:38:00,RESOLVED,13.4,72.4
3572,5017,ACCOUNT,LOW,2026-08-23 15:43:00,RESOLVED,35.7,157.3
3573,4285,REFUND,HIGH,2026-08-19 09:38:00,PENDING,14.4,145.6
3574,8695,PRODUCT,MEDIUM,2026-08-20 16:39:00,RESOLVED,22.9,169.2
3575,3138,PAYMENT,HIGH,2026-08-30 02:39:00,RESOLVED,26.4,307.9
3576,4392,ACCOUNT,HIGH,2026-08-07 15:23:00,PENDING,28.4,398.9
3577,9261,PRODUCT,HIGH,2026-08-03 17:55:00,RESOLVED,30.5,380.8
3578,1498,PAYMENT,MEDIUM,2026-09-04 02:31:00,RESOLVED,30.5,128.9
3579,5220,REFUND,MEDIUM,2026-08-10 07:07:00,PENDING,2.8,107.2
3580,5781,ACCOUNT,LOW,2026-08-21 00:27:00,RESOLVED,38.2,269.0
3581,7002,DELIVERY,LOW,2026-08-03 12:37:00,OPEN,23.8,371.9
3582,9294,PAYMENT,MEDIUM,2026-09-09 10:14:00,PENDING,16.0,265.4
3583,3439,REFUND,MEDIUM,2026-08-29 12:42:00,RESOLVED,14.0,352.1
3584,1160,PAYMENT,LOW,2026-09-09 09:18:00,RESOLVED,1.7,125.5
3585,3992,ACCOUNT,MEDIUM,2026-09-08 02:40:00,RESOLVED,7.4,121.6
3586,1565,DELIVERY,MEDIUM,2026-08-11 01:01:00,PENDING,7.6,361.4
3587,7280,DELIVERY,MEDIUM,2026-08-17 09:53:00,OPEN,7.7,262.6
3588,5669,ACCOUNT,MEDIUM,2026-09-05 07:43:00,RESOLVED,3.8,245.0
3589,7575,PRODUCT,LOW,2026-08-22 00:47:00,RESOLVED,29.5,171.2
3590,3400,PAYMENT,MEDIUM,2026-08-29 18:46:00,RESOLVED,19.3,306.0
3591,9546,REFUND,MEDIUM,2026-08-19 10:19:00,RESOLVED,20.0,264.4
3592,8956,PRODUCT,MEDIUM,2026-08-18 06:55:00,RESOLVED,44.1,285.4
3593,9158,REFUND,MEDIUM,2026-08-17 08:17:00,RESOLVED,4.1,151.8
3594,7128,PRODUCT,LOW,2026-09-02 14:31:00,RESOLVED,42.0,123.2
3595,1872,PAYMENT,HIGH,2026-08-20 20:37:00,PENDING,14.9,230.3
3596,1471,PRODUCT,CRITICAL,2026-08-17 19:35:00,PENDING,32.6,515.9
3597,9571,PRODUCT,LOW,2026-08-21 05:33:00,RESOLVED,2.1,308.3
3598,8708,PAYMENT,LOW,2026-08-20 16:42:00,RESOLVED,40.8,448.6
3599,8808,DELIVERY,HIGH,2026-08-09 11:42:00,RESOLVED,6.0,456.1
3600,6423,PRODUCT,MEDIUM,2026-08-15 20:56:00,RESOLVED,16.6,225.3
3601,8567,PRODUCT,LOW,2026-08-26 00:56:00,RESOLVED,44.0,273.9
3602,4937,PAYMENT,MEDIUM,2026-09-03 17:50:00,PENDING,26.1,126.1
3603,1622,PAYMENT,HIGH,2026-08-17 04:11:00,RESOLVED,17.0,83.7
3604,2566,PRODUCT,LOW,2026-09-06 06:26:00,RESOLVED,32.2,247.3
3605,8516,REFUND,MEDIUM,2026-09-09 12:40:00,RESOLVED,14.7,242.4
3606,6498,PAYMENT,HIGH,2026-08-07 01:12:00,RESOLVED,37.6,235.9
3607,9975,DELIVERY,LOW,2026-08-09 06:16:00,RESOLVED,20.9,326.1
3608,8985,PRODUCT,HIGH,2026-08-24 14:13:00,RESOLVED,2.5,426.4
3609,7594,DELIVERY,CRITICAL,2026-08-11 22:35:00,RESOLVED,15.3,218.4
3610,385,ACCOUNT,MEDIUM,2026-08-05 16:14:00,RESOLVED,22.9,330.4
3611,1851,PRODUCT,MEDIUM,2026-09-01 13:45:00,OPEN,27.8,151.5
3612,3752,PAYMENT,MEDIUM,2026-09-05 09:59:00,PENDING,34.7,558.8
3613,358,PAYMENT,MEDIUM,2026-08-10 12:09:00,RESOLVED,14.6,151.8
3614,9357,DELIVERY,LOW,2026-08-09 19:24:00,RESOLVED,23.9,276.8
3615,2281,PRODUCT,LOW,2026-09-02 20:04:00,RESOLVED,11.1,117.8
3616,3830,REFUND,LOW,2026-08-02 10:37:00,PENDING,60.9,163.4
3617,6746,PRODUCT,MEDIUM,2026-08-01 15:47:00,OPEN,31.2,261.1
3618,359,ACCOUNT,MEDIUM,2026-08-30 19:48:00,RESOLVED,34.2,262.9
3619,6364,ACCOUNT,HIGH,2026-08-08 12:46:00,RESOLVED,46.9,148.9
3620,1015,ACCOUNT,MEDIUM,2026-08-27 15:34:00,RESOLVED,20.9,340.6
3621,9025,PRODUCT,MEDIUM,2026-08-17 05:01:00,OPEN,45.3,164.3
3622,6908,REFUND,MEDIUM,2026-08-17 10:36:00,RESOLVED,29.9,341.5
3623,3358,REFUND,MEDIUM,2026-09-07 22:10:00,RESOLVED,30.5,328.0
3624,7002,ACCOUNT,MEDIUM,2026-08-25 18:22:00,RESOLVED,14.7,203.7
3625,3141,ACCOUNT,LOW,2026-08-11 03:42:00,OPEN,38.0,261.0
3626,1151,REFUND,LOW,2026-08-31 20:21:00,PENDING,26.0,104.5
3627,97,PRODUCT,LOW,2026-08-06 19:28:00,PENDING,15.9,245.5
3628,2193,ACCOUNT,CRITICAL,2026-08-07 19:18:00,RESOLVED,3.0,508.3
3629,7078,ACCOUNT,CRITICAL,2026-08-16 21:48:00,OPEN,22.4,314.8
3630,5639,ACCOUNT,MEDIUM,2026-08-13 04:21:00,OPEN,15.7,151.9
3631,2731,REFUND,MEDIUM,2026-09-09 03:15:00,RESOLVED,16.7,192.5
3632,6866,PAYMENT,MEDIUM,2026-08-20 10:08:00,RESOLVED,20.9,466.6
3633,3884,PAYMENT,MEDIUM,2026-08-17 05:51:00,RESOLVED,33.9,154.0
3634,1568,ACCOUNT,LOW,2026-08-26 07:49:00,RESOLVED,47.5,189.2
3635,6791,ACCOUNT,LOW,2026-08-18 20:16:00,RESOLVED,39.4,481.6
3636,4564,PAYMENT,LOW,2026-08-25 13:07:00,OPEN,27.3,257.6
3637,6645,ACCOUNT,CRITICAL,2026-08-17 14:45:00,RESOLVED,28.2,226.9
3638,5621,REFUND,MEDIUM,2026-08-20 17:56:00,PENDING,18.7,123.0
3639,1014,PRODUCT,MEDIUM,2026-09-06 14:20:00,RESOLVED,49.3,348.3
3640,498,ACCOUNT,HIGH,2026-08-27 10:59:00,RESOLVED,9.8,142.3
3641,1007,ACCOUNT,MEDIUM,2026-08-04 11:40:00,RESOLVED,7.3,284.6
3642,2238,DELIVERY,MEDIUM,2026-08-01 20:10:00,RESOLVED,15.0,105.7
3643,2242,DELIVERY,HIGH,2026-08-18 22:11:00,RESOLVED,4.9,230.6
3644,9189,REFUND,LOW,2026-08-13 22:35:00,RESOLVED,25.0,526.6
3645,7832,DELIVERY,LOW,2026-08-22 17:10:00,RESOLVED,93.1,348.7
3646,8800,REFUND,MEDIUM,2026-08-23 21:32:00,RESOLVED,58.1,331.6
3647,4743,ACCOUNT,LOW,2026-09-04 12:39:00,PENDING,25.7,42.8
3648,3225,PRODUCT,MEDIUM,2026-08-13 05:58:00,RESOLVED,6.4,101.7
3649,4030,DELIVERY,HIGH,2026-08-28 01:14:00,OPEN,35.4,246.8
3650,8680,PRODUCT,HIGH,2026-09-07 15:54:00,PENDING,47.0,532.5
3651,3556,ACCOUNT,LOW,2026-08-09 05:35:00,RESOLVED,12.7,271.7
3652,6326,ACCOUNT,LOW,2026-09-08 13:05:00,RESOLVED,23.3,267.6
3653,1447,ACCOUNT,CRITICAL,2026-09-07 20:40:00,PENDING,2.8,140.2
3654,9817,ACCOUNT,HIGH,2026-08-15 20:30:00,RESOLVED,27.4,192.7
3655,6417,PRODUCT,LOW,2026-09-01 11:48:00,RESOLVED,18.1,322.9
3656,9663,ACCOUNT,HIGH,2026-08-10 06:16:00,RESOLVED,9.3,189.7
3657,2947,PRODUCT,HIGH,2026-08-02 07:59:00,RESOLVED,15.8,266.2
3658,6170,PRODUCT,LOW,2026-08-09 23:16:00,OPEN,12.0,459.9
3659,2741,DELIVERY,MEDIUM,2026-08-05 18:26:00,PENDING,15.4,173.5
3660,4679,ACCOUNT,HIGH,2026-08-18 18:12:00,RESOLVED,18.4,214.4
3661,3229,DELIVERY,MEDIUM,2026-08-11 09:17:00,RESOLVED,10.1,236.6
3662,1423,REFUND,MEDIUM,2026-09-08 07:14:00,OPEN,32.2,181.0
3663,4422,PRODUCT,CRITICAL,2026-08-21 00:01:00,RESOLVED,32.1,160.0
3664,5304,PRODUCT,HIGH,2026-08-10 11:01:00,PENDING,8.7,154.0
3665,1572,ACCOUNT,LOW,2026-08-12 16:22:00,RESOLVED,71.0,443.5
3666,3983,DELIVERY,MEDIUM,2026-08-14 05:50:00,OPEN,9.7,382.3
3667,937,PRODUCT,HIGH,2026-08-04 23:05:00,RESOLVED,25.2,412.3
3668,6457,DELIVERY,LOW,2026-08-23 08:48:00,PENDING,6.1,181.1
3669,3129,PRODUCT,LOW,2026-08-01 23:15:00,RESOLVED,7.0,224.6
3670,895,REFUND,HIGH,2026-08-23 19:05:00,RESOLVED,36.7,328.2
3671,5133,PAYMENT,HIGH,2026-08-29 20:16:00,RESOLVED,50.4,398.0
3672,8350,DELIVERY,LOW,2026-08-27 12:03:00,RESOLVED,53.2,460.3
3673,9914,DELIVERY,LOW,2026-08-01 06:08:00,RESOLVED,43.0,317.1
3674,9672,ACCOUNT,HIGH,2026-08-30 02:50:00,RESOLVED,11.9,149.0
3675,1737,PAYMENT,LOW,2026-08-20 17:50:00,RESOLVED,39.7,134.3
3676,2094,PAYMENT,LOW,2026-09-01 15:39:00,RESOLVED,8.1,249.0
3677,8930,REFUND,HIGH,2026-08-17 21:55:00,RESOLVED,20.6,396.7
3678,6328,ACCOUNT,HIGH,2026-08-20 15:35:00,RESOLVED,31.9,866.2
3679,5432,PRODUCT,MEDIUM,2026-08-18 14:18:00,RESOLVED,20.4,287.3
3680,8020,PAYMENT,MEDIUM,2026-08-03 20:18:00,PENDING,33.7,103.4
3681,647,DELIVERY,MEDIUM,2026-08-18 23:31:00,PENDING,59.4,198.0
3682,5545,PRODUCT,LOW,2026-08-28 01:12:00,RESOLVED,12.0,299.5
3683,5725,REFUND,CRITICAL,2026-09-02 21:35:00,RESOLVED,56.8,387.8
3684,9355,REFUND,MEDIUM,2026-08-24 16:50:00,RESOLVED,33.5,303.8
3685,4674,PRODUCT,MEDIUM,2026-08-16 00:03:00,RESOLVED,53.3,271.4
3686,5119,ACCOUNT,MEDIUM,2026-08-09 13:31:00,OPEN,42.5,190.0
3687,8008,REFUND,MEDIUM,2026-09-02 00:01:00,RESOLVED,60.6,417.5
3688,2706,DELIVERY,LOW,2026-09-04 03:42:00,RESOLVED,48.0,528.1
3689,700,PAYMENT,MEDIUM,2026-08-12 04:17:00,RESOLVED,29.3,246.6
3690,4717,PRODUCT,MEDIUM,2026-08-30 15:50:00,OPEN,34.2,437.3
3691,6106,PRODUCT,HIGH,2026-09-03 11:50:00,RESOLVED,20.7,639.3
3692,4879,ACCOUNT,HIGH,2026-08-17 21:01:00,PENDING,30.6,67.4
3693,7064,REFUND,LOW,2026-08-23 20:04:00,RESOLVED,34.0,102.1
3694,2538,PRODUCT,MEDIUM,2026-09-08 18:01:00,RESOLVED,28.7,176.3
3695,143,PRODUCT,MEDIUM,2026-08-25 20:09:00,RESOLVED,9.8,171.4
3696,7870,ACCOUNT,MEDIUM,2026-08-28 01:43:00,RESOLVED,20.2,233.2
3697,8508,ACCOUNT,HIGH,2026-09-06 04:25:00,PENDING,2.9,158.3
3698,6178,REFUND,HIGH,2026-09-07 04:45:00,RESOLVED,3.2,369.6
3699,3140,REFUND,LOW,2026-09-01 07:55:00,PENDING,12.5,168.6
3700,3704,PAYMENT,MEDIUM,2026-08-30 03:33:00,RESOLVED,7.0,181.2
3701,4798,REFUND,LOW,2026-08-09 14:40:00,RESOLVED,49.1,141.6
3702,4217,DELIVERY,LOW,2026-08-29 10:05:00,RESOLVED,26.2,115.6
3703,2238,REFUND,LOW,2026-08-15 11:06:00,RESOLVED,73.1,225.9
3704,3718,REFUND,MEDIUM,2026-08-09 17:11:00,RESOLVED,21.4,268.3
3705,2981,PRODUCT,MEDIUM,2026-09-09 13:46:00,RESOLVED,27.5,219.7
3706,4479,DELIVERY,MEDIUM,2026-08-17 18:23:00,RESOLVED,42.7,244.7
3707,3756,PRODUCT,MEDIUM,2026-08-26 13:26:00,RESOLVED,47.0,204.9
3708,5281,PRODUCT,LOW,2026-08-26 10:30:00,RESOLVED,26.4,192.7
3709,8068,DELIVERY,MEDIUM,2026-08-25 14:42:00,RESOLVED,6.2,160.8
3710,3310,ACCOUNT,LOW,2026-09-03 03:07:00,RESOLVED,37.8,655.7
3711,579,PRODUCT,MEDIUM,2026-09-02 17:24:00,RESOLVED,6.0,151.8
3712,8182,PRODUCT,MEDIUM,2026-09-06 10:45:00,RESOLVED,25.9,63.1
3713,1863,PRODUCT,LOW,2026-09-05 10:35:00,PENDING,6.8,153.8
3714,9284,ACCOUNT,MEDIUM,2026-08-04 06:31:00,RESOLVED,15.3,107.1
3715,5287,PAYMENT,HIGH,2026-08-17 02:01:00,RESOLVED,16.2,147.9
3716,5229,PAYMENT,LOW,2026-08-29 14:13:00,OPEN,2.1,198.1
3717,4089,PRODUCT,HIGH,2026-09-03 17:04:00,PENDING,73.3,366.5
3718,7114,DELIVERY,LOW,2026-08-11 15:23:00,RESOLVED,16.0,242.1
3719,6530,DELIVERY,HIGH,2026-09-03 01:27:00,RESOLVED,4.9,104.2
3720,9306,PRODUCT,LOW,2026-08-29 09:32:00,RESOLVED,10.1,91.5
3721,166,REFUND,CRITICAL,2026-08-21 16:55:00,RESOLVED,26.7,362.3
3722,1920,REFUND,LOW,2026-08-13 16:42:00,RESOLVED,8.6,216.6
3723,2777,DELIVERY,CRITICAL,2026-08-24 11:13:00,RESOLVED,20.1,176.5
3724,1898,PAYMENT,LOW,2026-08-23 20:05:00,PENDING,0.9,312.6
3725,9484,PAYMENT,MEDIUM,2026-08-12 10:15:00,PENDING,78.4,319.7
3726,727,ACCOUNT,LOW,2026-08-22 01:41:00,OPEN,38.5,247.1
3727,1213,PAYMENT,LOW,2026-08-23 09:31:00,RESOLVED,7.9,401.4
3728,4422,REFUND,LOW,2026-09-04 21:10:00,RESOLVED,52.2,313.0
3729,2643,PRODUCT,LOW,2026-08-08 03:29:00,RESOLVED,18.1,179.0
3730,3312,REFUND,MEDIUM,2026-08-27 03:41:00,RESOLVED,29.8,417.9
3731,6040,DELIVERY,MEDIUM,2026-08-04 04:18:00,RESOLVED,25.1,250.6
3732,5606,DELIVERY,MEDIUM,2026-08-10 17:15:00,RESOLVED,29.3,344.7
3733,8643,ACCOUNT,MEDIUM,2026-09-03 09:25:00,RESOLVED,17.6,123.9
3734,4511,PRODUCT,LOW,2026-08-26 03:46:00,RESOLVED,16.8,465.3
3735,9374,DELIVERY,MEDIUM,2026-08-10 03:48:00,RESOLVED,23.4,390.3
3736,1902,REFUND,HIGH,2026-08-26 15:10:00,RESOLVED,13.7,225.8
3737,1946,ACCOUNT,LOW,2026-09-08 13:55:00,OPEN,39.0,139.9
3738,3912,PRODUCT,HIGH,2026-08-15 13:44:00,PENDING,19.5,294.4
3739,1169,PAYMENT,LOW,2026-08-30 17:42:00,RESOLVED,56.0,219.5
3740,289,REFUND,MEDIUM,2026-08-11 12:16:00,RESOLVED,32.3,269.2
3741,3713,REFUND,HIGH,2026-08-15 20:35:00,RESOLVED,17.6,851.6
3742,5374,PRODUCT,MEDIUM,2026-09-06 09:15:00,OPEN,38.4,123.9
3743,2778,DELIVERY,MEDIUM,2026-08-05 22:35:00,PENDING,6.1,210.6
3744,2711,ACCOUNT,MEDIUM,2026-08-07 03:47:00,RESOLVED,11.3,257.2
3745,973,REFUND,MEDIUM,2026-08-03 02:32:00,RESOLVED,37.5,546.6
3746,1124,REFUND,MEDIUM,2026-08-06 16:02:00,OPEN,16.4,313.7
3747,8833,REFUND,CRITICAL,2026-09-01 05:06:00,PENDING,23.3,844.6
3748,659,PRODUCT,HIGH,2026-08-24 13:34:00,PENDING,16.6,134.8
3749,7027,DELIVERY,LOW,2026-08-05 23:28:00,RESOLVED,27.1,153.6
3750,7145,DELIVERY,MEDIUM,2026-08-13 08:02:00,RESOLVED,23.7,354.2
3751,2033,REFUND,MEDIUM,2026-09-02 04:30:00,RESOLVED,8.7,137.2
3752,2474,DELIVERY,MEDIUM,2026-08-21 04:03:00,OPEN,55.1,415.2
3753,3677,REFUND,LOW,2026-08-29 05:45:00,RESOLVED,41.2,796.5
3754,6588,PAYMENT,HIGH,2026-08-11 17:03:00,RESOLVED,2.7,108.5
3755,367,PRODUCT,MEDIUM,2026-09-07 03:30:00,RESOLVED,3.9,422.8
3756,8156,REFUND,LOW,2026-08-15 17:22:00,PENDING,2.9,171.0
3757,3409,PAYMENT,LOW,2026-09-08 04:30:00,OPEN,10.5,33.2
3758,5000,ACCOUNT,MEDIUM,2026-08-17 07:52:00,OPEN,36.7,217.4
3759,9099,PAYMENT,HIGH,2026-08-30 14:45:00,RESOLVED,19.6,175.0
3760,1331,ACCOUNT,LOW,2026-08-23 11:32:00,RESOLVED,14.5,330.1
3761,9477,REFUND,LOW,2026-08-25 17:21:00,OPEN,3.7,302.9
3762,6146,ACCOUNT,LOW,2026-08-04 03:37:00,RESOLVED,25.0,168.8
3763,4269,PAYMENT,MEDIUM,2026-09-01 16:23:00,PENDING,26.9,277.7
3764,717,DELIVERY,MEDIUM,2026-08-18 06:54:00,OPEN,17.6,281.7
3765,676,ACCOUNT,LOW,2026-08-11 09:06:00,RESOLVED,42.4,529.7
3766,8172,PRODUCT,HIGH,2026-08-28 11:49:00,RESOLVED,42.6,202.1
3767,4020,REFUND,LOW,2026-08-31 09:52:00,RESOLVED,11.4,340.9
3768,7616,PRODUCT,HIGH,2026-08-29 08:48:00,RESOLVED,15.9,333.0
3769,8333,ACCOUNT,HIGH,2026-09-07 02:48:00,OPEN,43.7,385.2
3770,4021,DELIVERY,LOW,2026-08-11 20:05:00,RESOLVED,16.9,214.5
3771,3165,DELIVERY,HIGH,2026-08-08 13:56:00,RESOLVED,12.2,371.4
3772,2691,PRODUCT,MEDIUM,2026-08-22 17:43:00,RESOLVED,24.7,525.5
3773,6367,REFUND,HIGH,2026-08-14 14:03:00,RESOLVED,41.3,165.7
3774,7096,ACCOUNT,LOW,2026-08-16 08:50:00,OPEN,25.2,271.7
3775,3496,PRODUCT,HIGH,2026-08-26 17:42:00,RESOLVED,11.4,97.3
3776,5673,ACCOUNT,MEDIUM,2026-08-02 11:20:00,RESOLVED,13.8,331.4
3777,5399,PRODUCT,LOW,2026-08-18 05:35:00,OPEN,29.5,238.0
3778,1451,ACCOUNT,CRITICAL,2026-08-18 06:34:00,RESOLVED,17.1,270.7
3779,5257,PRODUCT,HIGH,2026-08-01 23:05:00,RESOLVED,39.0,184.3
3780,7592,DELIVERY,LOW,2026-08-27 22:39:00,RESOLVED,16.4,281.5
3781,9621,REFUND,MEDIUM,2026-09-03 07:25:00,RESOLVED,17.8,633.5
3782,3340,ACCOUNT,CRITICAL,2026-09-07 19:36:00,RESOLVED,20.0,270.3
3783,2387,REFUND,MEDIUM,2026-09-07 19:23:00,RESOLVED,19.0,331.4
3784,8939,ACCOUNT,MEDIUM,2026-08-05 11:39:00,RESOLVED,6.5,280.7
3785,9196,ACCOUNT,LOW,2026-08-10 20:58:00,PENDING,30.8,845.8
3786,8295,PRODUCT,MEDIUM,2026-08-18 02:20:00,RESOLVED,50.3,176.4
3787,3355,DELIVERY,MEDIUM,2026-08-24 08:58:00,PENDING,26.7,265.9
3788,2759,DELIVERY,MEDIUM,2026-09-07 15:30:00,RESOLVED,29.2,548.2
3789,6249,PRODUCT,MEDIUM,2026-08-11 18:51:00,RESOLVED,14.1,179.7
3790,2553,PAYMENT,MEDIUM,2026-08-19 18:41:00,PENDING,25.9,254.9
3791,7695,PAYMENT,LOW,2026-08-28 05:37:00,RESOLVED,48.2,131.7
3792,3979,DELIVERY,HIGH,2026-09-05 17:57:00,OPEN,20.2,143.0
3793,3272,PAYMENT,LOW,2026-08-28 21:20:00,RESOLVED,34.7,399.0
3794,8045,DELIVERY,MEDIUM,2026-08-28 06:52:00,RESOLVED,32.3,230.5
3795,3551,DELIVERY,HIGH,2026-09-09 04:03:00,RESOLVED,38.7,141.1
3796,1307,ACCOUNT,HIGH,2026-09-04 15:21:00,OPEN,27.3,138.4
3797,7950,PRODUCT,LOW,2026-09-04 14:12:00,RESOLVED,27.0,332.1
3798,3161,ACCOUNT,HIGH,2026-08-31 07:57:00,RESOLVED,38.0,273.7
3799,6553,ACCOUNT,LOW,2026-08-14 06:11:00,PENDING,35.2,302.0
3800,6592,ACCOUNT,LOW,2026-08-03 21:19:00,OPEN,17.2,150.8
3801,831,PAYMENT,HIGH,2026-09-01 09:15:00,PENDING,24.0,312.8
3802,335,REFUND,LOW,2026-08-31 12:00:00,PENDING,3.3,232.0
3803,8204,PRODUCT,MEDIUM,2026-08-25 23:39:00,PENDING,17.1,341.4
3804,560,PRODUCT,HIGH,2026-08-06 02:44:00,RESOLVED,19.2,294.5
3805,3319,PAYMENT,LOW,2026-09-08 16:20:00,PENDING,17.1,175.8
3806,7622,PAYMENT,HIGH,2026-08-30 22:39:00,RESOLVED,18.5,90.0
3807,1778,REFUND,MEDIUM,2026-08-27 05:58:00,RESOLVED,23.4,127.8
3808,5224,PAYMENT,MEDIUM,2026-08-17 18:17:00,RESOLVED,31.5,297.4
3809,1157,ACCOUNT,MEDIUM,2026-08-03 03:48:00,RESOLVED,26.0,259.3
3810,5577,PAYMENT,MEDIUM,2026-08-28 09:22:00,RESOLVED,21.1,217.5
3811,7136,PAYMENT,HIGH,2026-08-16 03:55:00,PENDING,13.5,240.0
3812,2489,ACCOUNT,HIGH,2026-08-03 10:06:00,OPEN,12.2,68.1
3813,2819,ACCOUNT,MEDIUM,2026-08-03 08:09:00,RESOLVED,18.6,83.4
3814,5318,PRODUCT,MEDIUM,2026-08-05 13:27:00,RESOLVED,4.7,330.5
3815,7913,DELIVERY,MEDIUM,2026-08-11 19:04:00,RESOLVED,11.6,583.7
3816,5451,ACCOUNT,MEDIUM,2026-08-05 06:19:00,RESOLVED,57.3,466.5
3817,7016,DELIVERY,LOW,2026-08-06 04:33:00,RESOLVED,8.4,443.2
3818,4138,DELIVERY,LOW,2026-08-16 00:29:00,RESOLVED,6.3,500.2
3819,1288,REFUND,LOW,2026-08-02 05:32:00,PENDING,29.8,396.8
3820,9645,PAYMENT,MEDIUM,2026-08-07 18:52:00,RESOLVED,34.4,121.8
3821,7964,DELIVERY,LOW,2026-08-16 14:47:00,RESOLVED,16.0,208.6
3822,493,PAYMENT,MEDIUM,2026-08-01 07:35:00,OPEN,16.5,299.2
3823,2760,ACCOUNT,CRITICAL,2026-08-09 10:22:00,RESOLVED,0.8,193.1
3824,4150,PRODUCT,LOW,2026-09-05 03:58:00,PENDING,19.8,201.7
3825,816,ACCOUNT,MEDIUM,2026-08-17 00:14:00,PENDING,35.8,149.3
3826,8575,ACCOUNT,LOW,2026-08-31 01:34:00,PENDING,27.0,90.7
3827,1727,ACCOUNT,MEDIUM,2026-08-18 23:39:00,PENDING,18.1,121.2
3828,2063,DELIVERY,LOW,2026-08-23 17:44:00,PENDING,10.7,478.6
3829,3168,PRODUCT,HIGH,2026-08-06 03:48:00,RESOLVED,51.7,496.0
3830,9350,DELIVERY,LOW,2026-08-29 23:15:00,PENDING,8.2,72.0
3831,2260,PRODUCT,CRITICAL,2026-08-11 20:47:00,RESOLVED,6.7,37.4
3832,4255,ACCOUNT,LOW,2026-08-13 02:16:00,RESOLVED,27.0,376.4
3833,6824,DELIVERY,HIGH,2026-08-11 09:14:00,RESOLVED,4.0,135.2
3834,1566,PAYMENT,LOW,2026-08-29 05:22:00,RESOLVED,21.2,102.4
3835,891,DELIVERY,LOW,2026-08-27 04:48:00,OPEN,10.8,313.5
3836,931,PAYMENT,HIGH,2026-08-21 19:12:00,RESOLVED,18.5,146.4
3837,1837,PAYMENT,LOW,2026-08-14 08:21:00,RESOLVED,27.0,510.6
3838,3271,ACCOUNT,MEDIUM,2026-08-04 13:17:00,RESOLVED,8.8,419.4
3839,9408,REFUND,MEDIUM,2026-09-03 06:55:00,OPEN,22.0,97.8
3840,9198,PRODUCT,MEDIUM,2026-08-27 14:01:00,RESOLVED,15.1,203.6
3841,5693,PRODUCT,LOW,2026-08-23 23:49:00,PENDING,10.9,330.3
3842,9391,PRODUCT,HIGH,2026-09-09 17:46:00,RESOLVED,24.2,248.0
3843,289,ACCOUNT,MEDIUM,2026-08-04 08:50:00,OPEN,23.4,196.4
3844,5633,DELIVERY,HIGH,2026-08-11 05:48:00,OPEN,26.3,196.2
3845,4442,DELIVERY,HIGH,2026-09-06 00:37:00,RESOLVED,2.0,197.4
3846,1182,PRODUCT,HIGH,2026-08-01 04:22:00,PENDING,15.4,325.3
3847,5532,DELIVERY,MEDIUM,2026-08-13 15:03:00,RESOLVED,19.0,115.0
3848,4566,PAYMENT,LOW,2026-08-31 00:41:00,PENDING,24.3,147.2
3849,7635,PAYMENT,HIGH,2026-08-23 17:28:00,RESOLVED,14.8,68.9
3850,4178,PRODUCT,HIGH,2026-08-12 03:40:00,RESOLVED,13.4,128.4
3851,4292,DELIVERY,MEDIUM,2026-08-14 20:28:00,OPEN,14.1,158.2
3852,2311,PAYMENT,HIGH,2026-08-17 05:00:00,RESOLVED,11.8,318.3
3853,4725,PRODUCT,LOW,2026-08-11 02:23:00,RESOLVED,6.8,170.8
3854,761,DELIVERY,LOW,2026-08-01 07:27:00,RESOLVED,25.2,213.3
3855,5664,REFUND,LOW,2026-08-25 12:10:00,RESOLVED,33.6,315.6
3856,3816,REFUND,MEDIUM,2026-08-03 13:54:00,PENDING,6.0,430.3
3857,2737,REFUND,MEDIUM,2026-08-29 11:59:00,RESOLVED,19.0,117.5
3858,3719,PAYMENT,LOW,2026-08-29 08:34:00,RESOLVED,43.8,160.9
3859,8919,DELIVERY,MEDIUM,2026-09-07 21:05:00,RESOLVED,78.2,173.7
3860,7040,PAYMENT,LOW,2026-09-08 13:32:00,RESOLVED,6.9,88.0
3861,8525,DELIVERY,MEDIUM,2026-09-07 18:08:00,RESOLVED,8.4,337.4
3862,3943,DELIVERY,LOW,2026-08-24 14:54:00,RESOLVED,33.9,336.8
3863,3937,PAYMENT,LOW,2026-08-04 14:53:00,OPEN,72.7,342.8
3864,132,ACCOUNT,MEDIUM,2026-09-03 16:38:00,OPEN,11.5,227.9
3865,6822,PRODUCT,LOW,2026-09-06 06:11:00,RESOLVED,8.4,108.1
3866,201,REFUND,MEDIUM,2026-08-09 05:34:00,OPEN,20.1,484.6
3867,9724,REFUND,MEDIUM,2026-08-15 11:07:00,RESOLVED,9.6,488.7
3868,6876,PAYMENT,HIGH,2026-08-03 16:54:00,OPEN,33.1,541.3
3869,4656,DELIVERY,LOW,2026-08-14 00:50:00,RESOLVED,22.3,655.4
3870,6608,PRODUCT,LOW,2026-08-14 21:09:00,RESOLVED,35.2,208.4
3871,9937,DELIVERY,HIGH,2026-09-04 16:17:00,RESOLVED,41.9,319.1
3872,1604,PRODUCT,LOW,2026-08-09 07:51:00,OPEN,7.2,290.1
3873,7460,REFUND,MEDIUM,2026-08-06 19:16:00,RESOLVED,27.6,143.4
3874,8663,REFUND,HIGH,2026-08-25 15:59:00,RESOLVED,22.8,392.5
3875,5865,PAYMENT,LOW,2026-08-29 15:29:00,OPEN,9.3,93.4
3876,6627,DELIVERY,CRITICAL,2026-09-08 06:03:00,OPEN,2.5,120.0
3877,5061,REFUND,MEDIUM,2026-09-01 12:35:00,RESOLVED,24.4,244.2
3878,1541,REFUND,HIGH,2026-08-10 05:58:00,PENDING,70.4,176.5
3879,9810,ACCOUNT,HIGH,2026-08-28 16:15:00,RESOLVED,10.7,370.3
3880,2877,DELIVERY,HIGH,2026-09-06 01:43:00,PENDING,26.7,802.9
3881,3857,DELIVERY,LOW,2026-09-03 05:35:00,RESOLVED,24.4,208.1
3882,9737,REFUND,MEDIUM,2026-08-22 11:41:00,RESOLVED,15.1,129.0
3883,567,PAYMENT,MEDIUM,2026-08-12 18:56:00,OPEN,26.8,143.7
3884,4078,PRODUCT,MEDIUM,2026-08-05 01:58:00,PENDING,9.9,111.5
3885,5560,PAYMENT,HIGH,2026-08-14 17:37:00,RESOLVED,36.9,336.5
3886,2368,PAYMENT,MEDIUM,2026-08-22 10:33:00,RESOLVED,85.4,242.4
3887,6701,PAYMENT,MEDIUM,2026-09-08 17:56:00,RESOLVED,13.7,149.3
3888,5242,DELIVERY,MEDIUM,2026-08-19 16:22:00,OPEN,39.3,68.2
3889,2621,DELIVERY,LOW,2026-08-29 12:39:00,RESOLVED,18.6,158.5
3890,2056,PRODUCT,MEDIUM,2026-08-30 23:03:00,RESOLVED,23.3,279.7
3891,2867,ACCOUNT,LOW,2026-08-19 13:12:00,OPEN,17.3,220.2
3892,7918,DELIVERY,MEDIUM,2026-08-30 22:44:00,RESOLVED,15.5,100.3
3893,5210,ACCOUNT,LOW,2026-09-04 14:10:00,RESOLVED,19.4,248.3
3894,7944,ACCOUNT,HIGH,2026-08-26 15:22:00,RESOLVED,10.6,266.9
3895,7184,PRODUCT,LOW,2026-08-29 08:46:00,RESOLVED,14.9,184.2
3896,8009,PAYMENT,MEDIUM,2026-08-27 17:07:00,RESOLVED,57.9,599.9
3897,8551,REFUND,MEDIUM,2026-09-09 20:18:00,RESOLVED,27.0,128.4
3898,6173,PAYMENT,MEDIUM,2026-08-25 07:00:00,RESOLVED,10.3,91.7
3899,3603,DELIVERY,MEDIUM,2026-08-05 21:19:00,OPEN,14.6,722.4
3900,6941,REFUND,HIGH,2026-08-10 11:18:00,RESOLVED,13.2,298.3
3901,9445,REFUND,LOW,2026-08-12 05:18:00,RESOLVED,12.0,362.2
3902,3215,PAYMENT,MEDIUM,2026-09-07 00:31:00,RESOLVED,17.4,124.8
3903,4877,REFUND,MEDIUM,2026-08-01 01:16:00,OPEN,9.5,147.7
3904,8789,PAYMENT,MEDIUM,2026-08-09 11:19:00,RESOLVED,33.1,173.9
3905,5974,PRODUCT,HIGH,2026-08-28 20:56:00,RESOLVED,109.7,424.8
3906,1442,ACCOUNT,MEDIUM,2026-08-24 19:20:00,RESOLVED,4.4,222.2
3907,3506,ACCOUNT,LOW,2026-08-01 15:18:00,RESOLVED,80.0,452.3
3908,2545,DELIVERY,MEDIUM,2026-08-31 22:49:00,RESOLVED,18.9,201.4
3909,4775,PAYMENT,MEDIUM,2026-08-02 07:28:00,RESOLVED,15.5,270.2
3910,9927,PAYMENT,LOW,2026-08-04 08:19:00,RESOLVED,9.7,345.8
3911,8394,PAYMENT,MEDIUM,2026-09-02 22:00:00,RESOLVED,22.4,595.5
3912,9604,PRODUCT,MEDIUM,2026-08-19 00:10:00,OPEN,15.6,147.2
3913,7416,REFUND,HIGH,2026-08-23 00:39:00,RESOLVED,23.6,56.2
3914,5077,PAYMENT,LOW,2026-08-02 04:41:00,RESOLVED,45.9,288.3
3915,6599,ACCOUNT,MEDIUM,2026-08-07 11:46:00,RESOLVED,0.9,295.7
3916,4992,PAYMENT,MEDIUM,2026-08-10 01:10:00,RESOLVED,22.6,251.0
3917,411,PAYMENT,LOW,2026-08-15 00:08:00,OPEN,3.1,276.0
3918,1169,ACCOUNT,MEDIUM,2026-08-26 10:42:00,RESOLVED,3.6,85.1
3919,5549,DELIVERY,MEDIUM,2026-08-16 11:50:00,RESOLVED,31.7,322.3
3920,6597,REFUND,MEDIUM,2026-09-06 12:49:00,OPEN,8.2,551.0
3921,2537,PAYMENT,HIGH,2026-08-09 13:46:00,RESOLVED,3.6,360.9
3922,311,DELIVERY,LOW,2026-08-13 04:04:00,RESOLVED,80.6,146.3
3923,698,PAYMENT,MEDIUM,2026-08-04 13:45:00,OPEN,36.5,344.8
3924,3144,ACCOUNT,LOW,2026-09-03 09:30:00,OPEN,22.1,170.1
3925,8612,PRODUCT,LOW,2026-08-25 05:41:00,RESOLVED,35.3,145.6
3926,4184,DELIVERY,LOW,2026-08-21 23:51:00,OPEN,6.2,501.0
3927,9734,ACCOUNT,MEDIUM,2026-09-02 18:09:00,RESOLVED,10.3,202.3
3928,8940,PRODUCT,MEDIUM,2026-08-31 10:24:00,RESOLVED,41.2,433.2
3929,8584,ACCOUNT,MEDIUM,2026-08-17 05:41:00,RESOLVED,24.7,264.6
3930,9685,DELIVERY,MEDIUM,2026-09-02 09:42:00,RESOLVED,9.7,221.1
3931,2422,ACCOUNT,LOW,2026-08-11 13:23:00,RESOLVED,21.0,347.9
3932,9740,DELIVERY,LOW,2026-08-26 10:29:00,OPEN,27.0,185.2
3933,9239,DELIVERY,MEDIUM,2026-08-18 14:58:00,RESOLVED,50.3,367.6
3934,7989,REFUND,HIGH,2026-08-17 21:49:00,RESOLVED,4.5,278.2
3935,1926,ACCOUNT,HIGH,2026-08-26 08:06:00,RESOLVED,4.9,343.5
3936,2900,ACCOUNT,LOW,2026-08-24 08:43:00,PENDING,16.0,699.9
3937,6524,PRODUCT,MEDIUM,2026-09-07 14:01:00,RESOLVED,30.9,257.1
3938,454,DELIVERY,MEDIUM,2026-08-28 15:31:00,RESOLVED,11.6,179.6
3939,8217,ACCOUNT,HIGH,2026-08-17 10:51:00,RESOLVED,16.6,286.3
3940,4257,REFUND,LOW,2026-09-04 10:41:00,PENDING,3.6,162.2
3941,217,PRODUCT,LOW,2026-09-08 19:04:00,RESOLVED,2.5,181.7
3942,2974,REFUND,HIGH,2026-08-22 22:24:00,RESOLVED,3.7,192.3
3943,3951,PAYMENT,LOW,2026-08-11 08:43:00,PENDING,35.9,251.6
3944,6552,DELIVERY,CRITICAL,2026-09-04 22:40:00,RESOLVED,3.0,36.7
3945,6023,ACCOUNT,MEDIUM,2026-08-26 19:10:00,RESOLVED,21.8,343.2
3946,3711,DELIVERY,MEDIUM,2026-08-16 13:07:00,PENDING,6.4,232.1
3947,6194,ACCOUNT,LOW,2026-08-17 14:31:00,RESOLVED,10.5,72.2
3948,8908,ACCOUNT,HIGH,2026-08-31 08:59:00,OPEN,2.3,425.1
3949,3502,DELIVERY,LOW,2026-08-26 19:29:00,OPEN,23.9,531.4
3950,3741,PRODUCT,MEDIUM,2026-08-25 09:14:00,RESOLVED,9.1,192.6
3951,1017,REFUND,LOW,2026-09-01 18:53:00,RESOLVED,11.4,150.7
3952,3780,REFUND,LOW,2026-08-04 02:25:00,PENDING,17.8,283.6
3953,2841,REFUND,MEDIUM,2026-08-14 22:34:00,OPEN,28.1,370.3
3954,7592,REFUND,LOW,2026-08-21 02:01:00,OPEN,26.9,170.3
3955,1131,ACCOUNT,MEDIUM,2026-08-11 13:16:00,PENDING,29.0,198.7
3956,5901,DELIVERY,MEDIUM,2026-08-31 13:08:00,RESOLVED,33.9,473.0
3957,7722,REFUND,MEDIUM,2026-08-11 12:10:00,RESOLVED,24.6,489.2
3958,2553,REFUND,MEDIUM,2026-08-27 21:24:00,RESOLVED,15.5,184.0
3959,678,PAYMENT,LOW,2026-08-18 16:26:00,RESOLVED,8.7,173.0
3960,6767,REFUND,HIGH,2026-08-23 12:58:00,OPEN,13.4,126.2
3961,5884,PRODUCT,LOW,2026-08-01 04:38:00,RESOLVED,5.4,244.7
3962,5630,ACCOUNT,MEDIUM,2026-09-01 17:03:00,OPEN,8.4,121.0
3963,8797,PRODUCT,HIGH,2026-08-11 02:04:00,RESOLVED,46.0,410.0
3964,1041,REFUND,HIGH,2026-09-06 03:03:00,RESOLVED,6.6,171.5
3965,1978,ACCOUNT,LOW,2026-09-08 11:11:00,RESOLVED,34.2,129.0
3966,4673,PAYMENT,MEDIUM,2026-08-06 17:40:00,RESOLVED,14.1,85.2
3967,5621,REFUND,HIGH,2026-08-02 20:28:00,RESOLVED,25.4,163.4
3968,9188,PRODUCT,HIGH,2026-08-11 05:08:00,OPEN,1.9,140.3
3969,6187,ACCOUNT,MEDIUM,2026-08-13 07:31:00,RESOLVED,15.6,172.1
3970,2118,REFUND,LOW,2026-09-09 13:16:00,RESOLVED,24.8,256.3
3971,8519,REFUND,MEDIUM,2026-08-04 10:19:00,OPEN,46.9,349.4
3972,4147,PRODUCT,CRITICAL,2026-08-10 15:58:00,RESOLVED,16.5,441.6
3973,8683,PAYMENT,LOW,2026-08-08 09:56:00,RESOLVED,28.4,186.1
3974,2760,PRODUCT,HIGH,2026-09-03 02:14:00,RESOLVED,18.4,244.0
3975,7915,PAYMENT,MEDIUM,2026-08-28 15:19:00,OPEN,10.5,316.9
3976,5370,DELIVERY,MEDIUM,2026-08-22 06:49:00,RESOLVED,17.6,275.0
3977,5557,REFUND,LOW,2026-09-03 08:13:00,RESOLVED,8.4,676.0
3978,9752,ACCOUNT,LOW,2026-08-16 09:30:00,OPEN,16.4,212.5
3979,1543,ACCOUNT,LOW,2026-08-11 02:10:00,RESOLVED,23.2,160.0
3980,3099,REFUND,HIGH,2026-08-30 02:14:00,PENDING,27.9,399.1
3981,1831,PRODUCT,MEDIUM,2026-09-05 17:21:00,RESOLVED,19.0,115.8
3982,8329,DELIVERY,MEDIUM,2026-08-31 03:11:00,RESOLVED,19.9,234.9
3983,8506,REFUND,CRITICAL,2026-08-01 11:34:00,PENDING,25.4,446.4
3984,8383,PRODUCT,LOW,2026-08-11 21:14:00,RESOLVED,23.0,102.1
3985,2382,DELIVERY,HIGH,2026-09-09 21:57:00,RESOLVED,34.2,275.8
3986,2595,PRODUCT,LOW,2026-08-01 10:35:00,RESOLVED,18.2,173.6
3987,4022,ACCOUNT,LOW,2026-08-19 20:17:00,RESOLVED,16.8,177.4
3988,7727,DELIVERY,MEDIUM,2026-09-01 03:14:00,RESOLVED,4.5,118.4
3989,7514,PAYMENT,CRITICAL,2026-09-04 18:06:00,OPEN,35.4,306.9
3990,9882,REFUND,MEDIUM,2026-08-28 13:53:00,RESOLVED,21.0,104.2
3991,7844,PRODUCT,LOW,2026-09-05 12:27:00,RESOLVED,18.1,318.7
3992,9541,ACCOUNT,CRITICAL,2026-08-05 19:32:00,PENDING,49.1,115.1
3993,2663,DELIVERY,HIGH,2026-08-12 12:51:00,RESOLVED,44.2,368.8
3994,6058,PRODUCT,MEDIUM,2026-08-02 11:24:00,RESOLVED,24.0,179.8
3995,5331,DELIVERY,MEDIUM,2026-09-02 02:51:00,OPEN,6.8,163.4
3996,1518,PAYMENT,MEDIUM,2026-08-27 10:10:00,RESOLVED,24.7,312.2
3997,9471,PAYMENT,LOW,2026-09-06 02:28:00,OPEN,9.3,438.0
3998,1194,PAYMENT,MEDIUM,2026-08-25 01:08:00,PENDING,26.6,342.4
3999,8549,PRODUCT,LOW,2026-08-25 14:13:00,RESOLVED,43.9,302.5
4000,2669,PRODUCT,MEDIUM,2026-08-31 12:37:00,RESOLVED,16.0,312.4
4001,2216,REFUND,MEDIUM,2026-08-18 02:11:00,RESOLVED,5.1,314.9
4002,6014,PRODUCT,MEDIUM,2026-09-04 22:17:00,OPEN,44.3,175.2
4003,4675,PAYMENT,HIGH,2026-09-09 16:46:00,OPEN,6.3,234.3
4004,3863,DELIVERY,MEDIUM,2026-08-27 13:27:00,RESOLVED,19.1,496.4
4005,9033,PRODUCT,MEDIUM,2026-08-15 05:55:00,PENDING,15.3,159.7
4006,6991,REFUND,LOW,2026-08-26 10:11:00,OPEN,24.9,170.0
4007,6089,DELIVERY,LOW,2026-09-07 13:27:00,OPEN,64.6,174.9
4008,7878,PAYMENT,LOW,2026-08-21 19:49:00,RESOLVED,18.4,518.5
4009,8033,PAYMENT,LOW,2026-08-31 09:29:00,RESOLVED,37.7,323.9
4010,1805,PRODUCT,MEDIUM,2026-08-23 15:36:00,RESOLVED,11.7,260.9
4011,4414,PAYMENT,MEDIUM,2026-08-18 17:25:00,RESOLVED,25.8,187.0
4012,9053,PRODUCT,HIGH,2026-09-08 23:03:00,RESOLVED,3.1,198.2
4013,8145,REFUND,LOW,2026-08-15 09:56:00,RESOLVED,30.2,551.5
4014,606,PRODUCT,LOW,2026-08-02 20:41:00,RESOLVED,19.7,136.9
4015,2463,ACCOUNT,HIGH,2026-09-01 19:38:00,RESOLVED,42.3,173.8
4016,2650,PAYMENT,LOW,2026-08-22 17:53:00,RESOLVED,12.7,229.7
4017,5134,PRODUCT,MEDIUM,2026-08-02 03:26:00,RESOLVED,3.8,347.2
4018,8149,REFUND,MEDIUM,2026-08-10 21:37:00,RESOLVED,12.9,319.7
4019,4831,PRODUCT,MEDIUM,2026-08-31 11:55:00,RESOLVED,1.7,256.0
4020,1838,ACCOUNT,LOW,2026-08-30 00:22:00,PENDING,13.9,342.4
4021,5574,ACCOUNT,LOW,2026-08-21 02:39:00,RESOLVED,33.4,334.6
4022,2202,ACCOUNT,CRITICAL,2026-08-30 22:42:00,OPEN,23.9,372.6
4023,6781,REFUND,HIGH,2026-09-09 22:56:00,OPEN,13.4,269.4
4024,9757,ACCOUNT,MEDIUM,2026-08-11 14:42:00,OPEN,17.0,250.2
4025,6324,REFUND,LOW,2026-08-09 05:44:00,RESOLVED,27.0,363.4
4026,9124,ACCOUNT,MEDIUM,2026-08-31 08:03:00,RESOLVED,13.2,248.3
4027,5445,DELIVERY,MEDIUM,2026-08-16 08:06:00,PENDING,27.2,153.2
4028,8128,ACCOUNT,LOW,2026-08-26 18:12:00,RESOLVED,8.1,278.9
4029,9401,REFUND,CRITICAL,2026-08-21 22:32:00,RESOLVED,26.0,302.8
4030,1739,REFUND,CRITICAL,2026-09-07 20:45:00,RESOLVED,18.6,204.4
4031,6657,PAYMENT,LOW,2026-08-04 06:46:00,RESOLVED,8.4,499.5
4032,2552,PAYMENT,LOW,2026-09-02 14:57:00,RESOLVED,12.4,198.2
4033,847,DELIVERY,MEDIUM,2026-09-07 12:54:00,RESOLVED,11.7,322.2
4034,2352,PAYMENT,MEDIUM,2026-08-31 21:02:00,PENDING,37.6,291.8
4035,1426,ACCOUNT,MEDIUM,2026-09-09 04:57:00,RESOLVED,35.2,200.1
4036,1892,PAYMENT,MEDIUM,2026-08-06 14:51:00,PENDING,10.9,129.3
4037,67,PAYMENT,MEDIUM,2026-09-08 13:32:00,RESOLVED,14.4,307.1
4038,9705,ACCOUNT,LOW,2026-09-09 11:16:00,PENDING,33.7,356.1
4039,4404,DELIVERY,LOW,2026-09-07 05:21:00,RESOLVED,16.3,459.8
4040,1661,REFUND,MEDIUM,2026-09-01 20:23:00,PENDING,21.7,164.7
4041,3434,ACCOUNT,MEDIUM,2026-08-15 08:21:00,RESOLVED,16.0,113.6
4042,7468,DELIVERY,HIGH,2026-09-03 16:52:00,RESOLVED,12.4,58.2
4043,6321,REFUND,LOW,2026-08-01 14:36:00,RESOLVED,43.3,384.3
4044,511,REFUND,HIGH,2026-08-31 01:35:00,RESOLVED,2.5,348.8
4045,1479,ACCOUNT,LOW,2026-08-08 05:51:00,RESOLVED,77.7,362.9
4046,5439,DELIVERY,MEDIUM,2026-09-04 04:25:00,RESOLVED,15.2,179.9
4047,9699,REFUND,LOW,2026-08-09 00:08:00,RESOLVED,19.5,378.1
4048,709,PAYMENT,MEDIUM,2026-08-25 08:28:00,RESOLVED,17.5,225.1
4049,8624,DELIVERY,MEDIUM,2026-08-06 04:32:00,RESOLVED,11.6,45.1
4050,618,DELIVERY,HIGH,2026-08-01 12:35:00,RESOLVED,19.2,193.5
4051,4955,REFUND,LOW,2026-08-02 08:02:00,PENDING,38.2,572.9
4052,2303,DELIVERY,LOW,2026-08-19 12:54:00,RESOLVED,17.4,258.2
4053,4235,ACCOUNT,MEDIUM,2026-09-03 17:52:00,OPEN,18.3,114.3
4054,9257,PAYMENT,MEDIUM,2026-08-10 22:24:00,RESOLVED,20.2,210.6
4055,2158,DELIVERY,LOW,2026-08-09 08:06:00,RESOLVED,46.3,529.4
4056,6389,PRODUCT,LOW,2026-08-13 10:47:00,RESOLVED,15.1,175.6
4057,3333,PRODUCT,MEDIUM,2026-08-07 21:47:00,OPEN,51.6,242.0
4058,6515,PRODUCT,MEDIUM,2026-08-12 00:32:00,OPEN,16.6,457.6
4059,549,PAYMENT,LOW,2026-08-15 18:39:00,RESOLVED,26.2,234.4
4060,2977,DELIVERY,LOW,2026-08-26 06:01:00,OPEN,44.5,440.3
4061,9578,PRODUCT,MEDIUM,2026-08-25 10:08:00,OPEN,31.6,189.2
4062,7237,ACCOUNT,CRITICAL,2026-09-01 12:26:00,OPEN,3.9,226.9
4063,9368,REFUND,MEDIUM,2026-08-15 18:28:00,OPEN,38.2,204.0
4064,6816,DELIVERY,HIGH,2026-09-04 18:41:00,OPEN,21.1,83.9
4065,1853,REFUND,MEDIUM,2026-08-30 09:19:00,RESOLVED,25.4,211.1
4066,4617,PRODUCT,MEDIUM,2026-09-04 23:04:00,RESOLVED,49.8,160.3
4067,8780,PRODUCT,CRITICAL,2026-08-30 04:23:00,OPEN,12.9,184.4
4068,6827,ACCOUNT,LOW,2026-08-01 19:23:00,RESOLVED,47.7,192.2
4069,5203,PAYMENT,HIGH,2026-08-09 21:12:00,RESOLVED,14.4,378.8
4070,8672,ACCOUNT,LOW,2026-08-31 04:01:00,PENDING,7.4,215.8
4071,1136,REFUND,MEDIUM,2026-08-07 11:36:00,RESOLVED,19.6,517.6
4072,9604,PAYMENT,CRITICAL,2026-09-07 04:48:00,RESOLVED,8.2,129.6
4073,1261,PRODUCT,HIGH,2026-08-12 02:09:00,RESOLVED,9.4,323.9
4074,9966,REFUND,HIGH,2026-08-31 22:43:00,RESOLVED,15.3,356.1
4075,8046,REFUND,HIGH,2026-08-12 10:11:00,PENDING,44.9,106.0
4076,4884,ACCOUNT,MEDIUM,2026-08-05 15:49:00,PENDING,28.7,276.8
4077,4764,PAYMENT,MEDIUM,2026-08-11 05:59:00,RESOLVED,7.7,167.7
4078,328,PRODUCT,MEDIUM,2026-09-08 07:07:00,RESOLVED,65.6,259.0
4079,3169,PRODUCT,LOW,2026-08-21 17:22:00,RESOLVED,49.3,229.2
4080,2292,PRODUCT,MEDIUM,2026-08-21 02:02:00,RESOLVED,4.4,247.9
4081,7068,ACCOUNT,LOW,2026-08-23 23:14:00,RESOLVED,1.4,143.6
4082,1969,REFUND,HIGH,2026-08-23 23:12:00,OPEN,30.9,82.0
4083,8060,REFUND,MEDIUM,2026-08-30 23:02:00,PENDING,53.7,579.2
4084,3006,ACCOUNT,LOW,2026-08-12 07:38:00,OPEN,25.5,165.5
4085,8503,PAYMENT,MEDIUM,2026-08-01 12:52:00,RESOLVED,23.1,212.1
4086,3606,ACCOUNT,HIGH,2026-09-03 20:46:00,RESOLVED,9.9,213.1
4087,7526,ACCOUNT,HIGH,2026-08-14 15:12:00,RESOLVED,31.4,213.2
4088,6687,PRODUCT,LOW,2026-09-05 01:58:00,OPEN,17.8,60.8
4089,9896,PRODUCT,MEDIUM,2026-08-25 14:59:00,PENDING,9.2,386.3
4090,5257,ACCOUNT,LOW,2026-09-02 15:15:00,OPEN,9.5,224.5
4091,3528,REFUND,HIGH,2026-08-30 16:11:00,RESOLVED,40.2,114.7
4092,6498,PAYMENT,HIGH,2026-08-09 06:49:00,RESOLVED,5.5,232.1
4093,298,PAYMENT,LOW,2026-08-08 14:52:00,OPEN,8.9,235.5
4094,9719,DELIVERY,LOW,2026-08-06 02:06:00,RESOLVED,73.8,277.0
4095,6781,PAYMENT,LOW,2026-08-10 23:40:00,RESOLVED,6.1,139.6
4096,491,PRODUCT,MEDIUM,2026-09-09 01:22:00,RESOLVED,55.4,143.5
4097,1726,PAYMENT,LOW,2026-08-01 21:59:00,OPEN,5.7,164.0
4098,144,PRODUCT,HIGH,2026-09-04 21:25:00,OPEN,15.5,357.8
4099,6672,DELIVERY,MEDIUM,2026-08-17 11:14:00,PENDING,5.5,300.2
4100,6656,PAYMENT,MEDIUM,2026-09-04 06:12:00,RESOLVED,7.9,502.4
4101,1630,ACCOUNT,MEDIUM,2026-09-04 10:59:00,RESOLVED,14.6,206.8
4102,5463,REFUND,MEDIUM,2026-09-01 04:41:00,OPEN,11.4,114.0
4103,4897,PAYMENT,LOW,2026-08-13 23:32:00,RESOLVED,27.5,374.5
4104,4828,PRODUCT,HIGH,2026-08-05 06:15:00,RESOLVED,13.1,407.4
4105,6181,PRODUCT,MEDIUM,2026-08-21 13:16:00,OPEN,6.1,147.1
4106,8534,DELIVERY,LOW,2026-08-21 14:07:00,OPEN,22.1,145.0
4107,9145,DELIVERY,LOW,2026-08-11 07:26:00,OPEN,4.2,214.3
4108,1589,PRODUCT,HIGH,2026-08-05 14:47:00,RESOLVED,15.0,374.4
4109,9441,PAYMENT,LOW,2026-08-19 09:52:00,RESOLVED,34.8,328.7
4110,5737,ACCOUNT,LOW,2026-08-17 21:42:00,OPEN,8.6,371.8
4111,1811,ACCOUNT,MEDIUM,2026-08-08 23:48:00,OPEN,19.2,297.9
4112,9320,DELIVERY,HIGH,2026-08-07 11:06:00,RESOLVED,25.1,342.6
4113,3698,REFUND,MEDIUM,2026-08-20 12:21:00,RESOLVED,10.4,621.4
4114,4459,ACCOUNT,HIGH,2026-08-20 04:17:00,PENDING,28.4,445.2
4115,9672,REFUND,LOW,2026-08-21 07:54:00,PENDING,26.3,151.3
4116,5800,DELIVERY,HIGH,2026-08-27 20:46:00,OPEN,3.7,130.3
4117,1431,DELIVERY,MEDIUM,2026-08-26 03:42:00,PENDING,9.2,317.2
4118,700,PAYMENT,CRITICAL,2026-09-03 15:23:00,RESOLVED,5.6,135.5
4119,8205,REFUND,MEDIUM,2026-09-06 03:02:00,RESOLVED,31.5,439.0
4120,3492,ACCOUNT,MEDIUM,2026-08-04 05:23:00,RESOLVED,11.7,330.0
4121,997,ACCOUNT,HIGH,2026-08-15 06:32:00,RESOLVED,38.3,413.7
4122,414,DELIVERY,HIGH,2026-09-05 16:23:00,RESOLVED,18.8,204.5
4123,9455,ACCOUNT,LOW,2026-09-07 03:12:00,RESOLVED,9.8,168.0
4124,5724,DELIVERY,LOW,2026-08-08 14:05:00,PENDING,7.5,105.3
4125,5241,PRODUCT,MEDIUM,2026-08-09 21:10:00,RESOLVED,20.9,256.3
4126,5905,ACCOUNT,LOW,2026-09-07 17:44:00,RESOLVED,22.9,238.7
4127,4188,REFUND,LOW,2026-08-06 23:12:00,RESOLVED,11.3,129.6
4128,9509,DELIVERY,LOW,2026-08-20 06:31:00,RESOLVED,39.5,354.9
4129,6021,DELIVERY,MEDIUM,2026-09-04 08:20:00,RESOLVED,71.2,314.5
4130,6385,REFUND,MEDIUM,2026-08-03 06:30:00,OPEN,7.4,362.9
4131,8936,ACCOUNT,LOW,2026-09-05 04:47:00,PENDING,16.7,148.7
4132,30,PAYMENT,MEDIUM,2026-09-01 15:15:00,PENDING,8.6,308.7
4133,3191,PAYMENT,MEDIUM,2026-09-05 06:33:00,OPEN,30.8,340.7
4134,8333,DELIVERY,CRITICAL,2026-08-02 21:19:00,RESOLVED,22.3,113.5
4135,963,PRODUCT,LOW,2026-08-08 04:48:00,RESOLVED,8.0,730.3
4136,3297,DELIVERY,HIGH,2026-08-26 02:19:00,RESOLVED,15.2,136.8
4137,1635,PRODUCT,CRITICAL,2026-08-14 08:36:00,RESOLVED,24.5,151.5
4138,7143,ACCOUNT,MEDIUM,2026-09-01 21:01:00,RESOLVED,25.8,553.3
4139,8438,PRODUCT,MEDIUM,2026-08-01 11:11:00,OPEN,25.2,285.6
4140,2641,PAYMENT,LOW,2026-08-19 12:22:00,OPEN,10.8,569.4
4141,6876,PRODUCT,MEDIUM,2026-08-08 22:20:00,RESOLVED,1.9,514.5
4142,7603,REFUND,LOW,2026-08-28 05:55:00,OPEN,27.8,493.1
4143,9056,PRODUCT,MEDIUM,2026-08-25 01:17:00,RESOLVED,5.0,431.6
4144,9275,PRODUCT,HIGH,2026-08-23 21:37:00,RESOLVED,12.3,135.3
4145,4556,DELIVERY,LOW,2026-08-24 11:37:00,RESOLVED,16.8,120.0
4146,794,REFUND,MEDIUM,2026-08-03 19:30:00,OPEN,32.9,149.4
4147,7445,PRODUCT,MEDIUM,2026-08-11 06:02:00,RESOLVED,24.7,130.0
4148,5444,PAYMENT,MEDIUM,2026-08-28 17:40:00,RESOLVED,31.2,150.4
4149,4593,REFUND,MEDIUM,2026-08-11 12:29:00,RESOLVED,34.4,380.9
4150,5405,ACCOUNT,MEDIUM,2026-09-08 02:33:00,RESOLVED,14.7,435.9
4151,6440,ACCOUNT,MEDIUM,2026-08-04 01:51:00,RESOLVED,60.5,471.6
4152,2865,PRODUCT,LOW,2026-08-14 17:06:00,RESOLVED,6.1,402.7
4153,3283,PAYMENT,MEDIUM,2026-08-15 10:30:00,RESOLVED,31.7,255.7
4154,3417,PAYMENT,MEDIUM,2026-08-06 01:06:00,OPEN,18.5,327.4
4155,4932,ACCOUNT,LOW,2026-09-09 20:29:00,RESOLVED,17.9,362.1
4156,6762,PAYMENT,MEDIUM,2026-08-11 06:04:00,PENDING,19.7,362.3
4157,421,ACCOUNT,MEDIUM,2026-09-06 06:24:00,RESOLVED,16.6,179.4
4158,2927,ACCOUNT,MEDIUM,2026-08-26 10:07:00,RESOLVED,19.0,147.0
4159,7282,ACCOUNT,MEDIUM,2026-08-23 05:13:00,PENDING,16.0,338.3
4160,307,PRODUCT,MEDIUM,2026-09-09 08:05:00,OPEN,7.3,178.2
4161,7954,REFUND,HIGH,2026-08-02 01:58:00,OPEN,22.0,42.6
4162,7692,REFUND,MEDIUM,2026-09-02 11:15:00,OPEN,14.9,54.3
4163,3191,ACCOUNT,MEDIUM,2026-09-04 01:19:00,OPEN,36.0,399.0
4164,6252,PAYMENT,MEDIUM,2026-09-01 05:48:00,PENDING,43.9,183.3
4165,4903,REFUND,MEDIUM,2026-08-24 06:15:00,RESOLVED,30.1,157.1
4166,2505,DELIVERY,HIGH,2026-08-15 09:55:00,RESOLVED,39.2,152.0
4167,1494,PRODUCT,MEDIUM,2026-08-07 07:05:00,OPEN,38.5,349.3
4168,9616,ACCOUNT,LOW,2026-08-25 09:37:00,OPEN,18.9,282.8
4169,8595,REFUND,MEDIUM,2026-08-18 14:59:00,PENDING,20.4,105.2
4170,8985,PRODUCT,LOW,2026-08-17 04:00:00,OPEN,8.8,104.8
4171,1408,REFUND,MEDIUM,2026-09-08 13:16:00,PENDING,19.8,157.7
4172,9644,REFUND,CRITICAL,2026-08-03 08:22:00,OPEN,48.7,161.4
4173,6260,PAYMENT,MEDIUM,2026-08-09 14:28:00,OPEN,39.7,464.1
4174,5123,REFUND,MEDIUM,2026-08-20 15:42:00,RESOLVED,30.7,75.8
4175,3420,ACCOUNT,LOW,2026-09-08 11:52:00,OPEN,21.7,348.3
4176,2352,ACCOUNT,LOW,2026-08-22 21:58:00,RESOLVED,26.9,106.3
4177,3254,REFUND,MEDIUM,2026-08-20 01:49:00,RESOLVED,6.6,135.0
4178,1739,REFUND,HIGH,2026-09-03 21:41:00,OPEN,57.3,175.1
4179,7901,DELIVERY,MEDIUM,2026-08-30 18:09:00,PENDING,36.3,187.8
4180,9486,PRODUCT,CRITICAL,2026-08-31 12:37:00,RESOLVED,11.7,104.0
4181,9672,PRODUCT,MEDIUM,2026-08-26 14:22:00,PENDING,9.8,262.6
4182,8909,ACCOUNT,LOW,2026-08-19 03:59:00,RESOLVED,11.4,91.4
4183,1324,PAYMENT,MEDIUM,2026-08-24 07:23:00,RESOLVED,22.4,225.1
4184,7410,ACCOUNT,LOW,2026-08-20 21:39:00,RESOLVED,24.3,47.2
4185,8579,DELIVERY,LOW,2026-08-19 11:21:00,RESOLVED,3.1,156.6
4186,5106,REFUND,LOW,2026-09-01 16:54:00,PENDING,5.1,342.2
4187,5581,PAYMENT,MEDIUM,2026-08-24 04:49:00,RESOLVED,19.9,221.4
4188,3845,PRODUCT,LOW,2026-08-12 13:30:00,OPEN,19.5,368.3
4189,8225,REFUND,CRITICAL,2026-08-26 16:30:00,RESOLVED,30.1,397.7
4190,7035,REFUND,HIGH,2026-08-15 09:31:00,RESOLVED,39.1,208.5
4191,6292,DELIVERY,MEDIUM,2026-09-02 14:35:00,OPEN,8.1,430.9
4192,96,ACCOUNT,MEDIUM,2026-09-06 03:28:00,RESOLVED,19.6,277.5
4193,9605,PAYMENT,LOW,2026-08-25 03:18:00,RESOLVED,9.4,369.5
4194,5243,DELIVERY,MEDIUM,2026-08-31 09:49:00,PENDING,33.7,346.8
4195,9560,REFUND,LOW,2026-08-06 18:40:00,RESOLVED,11.6,247.4
4196,6787,PAYMENT,MEDIUM,2026-09-07 17:34:00,RESOLVED,18.5,143.5
4197,5209,PAYMENT,LOW,2026-08-27 22:57:00,OPEN,7.7,473.9
4198,7538,PAYMENT,MEDIUM,2026-09-05 03:42:00,OPEN,19.2,216.6
4199,2467,DELIVERY,MEDIUM,2026-08-31 11:32:00,PENDING,14.6,177.9
4200,4511,ACCOUNT,MEDIUM,2026-08-31 11:58:00,OPEN,52.8,260.3
4201,252,ACCOUNT,MEDIUM,2026-08-05 04:37:00,OPEN,5.9,167.2
4202,7452,REFUND,LOW,2026-08-11 10:56:00,RESOLVED,12.9,170.0
4203,3241,REFUND,LOW,2026-08-15 00:48:00,RESOLVED,14.2,668.0
4204,959,DELIVERY,MEDIUM,2026-08-21 20:09:00,RESOLVED,12.4,429.8
4205,7964,DELIVERY,MEDIUM,2026-08-17 13:57:00,OPEN,11.4,122.4
4206,2333,ACCOUNT,LOW,2026-08-17 16:01:00,RESOLVED,18.2,252.6
4207,2239,DELIVERY,HIGH,2026-08-22 08:53:00,RESOLVED,18.1,224.5
4208,1447,REFUND,LOW,2026-08-16 14:39:00,RESOLVED,7.4,372.9
4209,6035,ACCOUNT,LOW,2026-08-24 03:15:00,RESOLVED,32.9,181.4
4210,3399,REFUND,MEDIUM,2026-09-01 03:59:00,RESOLVED,29.7,290.9
4211,5707,PRODUCT,LOW,2026-08-26 01:31:00,RESOLVED,39.2,200.9
4212,3442,DELIVERY,MEDIUM,2026-08-16 12:02:00,PENDING,16.9,153.8
4213,7533,ACCOUNT,LOW,2026-09-08 08:30:00,PENDING,1.2,83.0
4214,3740,ACCOUNT,MEDIUM,2026-08-06 21:48:00,OPEN,32.0,124.1
4215,7929,ACCOUNT,LOW,2026-08-01 02:37:00,RESOLVED,22.4,195.8
4216,4659,PRODUCT,LOW,2026-08-14 22:37:00,RESOLVED,22.1,255.6
4217,149,ACCOUNT,MEDIUM,2026-08-22 13:41:00,RESOLVED,51.0,290.0
4218,4364,PRODUCT,HIGH,2026-09-02 06:54:00,OPEN,24.4,157.8
4219,2451,REFUND,HIGH,2026-08-24 15:03:00,RESOLVED,8.6,272.8
4220,4905,ACCOUNT,MEDIUM,2026-08-21 07:27:00,RESOLVED,20.3,63.4
4221,1248,REFUND,CRITICAL,2026-08-13 03:40:00,OPEN,20.0,305.3
4222,7526,ACCOUNT,LOW,2026-08-01 12:08:00,RESOLVED,65.2,217.4
4223,6246,ACCOUNT,HIGH,2026-08-16 14:46:00,OPEN,28.7,198.1
4224,1421,PAYMENT,CRITICAL,2026-08-25 22:11:00,RESOLVED,17.1,169.3
4225,9784,REFUND,MEDIUM,2026-09-02 19:01:00,RESOLVED,50.6,155.8
4226,3508,DELIVERY,LOW,2026-08-07 23:51:00,RESOLVED,72.5,175.3
4227,2099,PAYMENT,HIGH,2026-08-11 10:36:00,RESOLVED,14.6,260.5
4228,2,PRODUCT,MEDIUM,2026-08-05 07:24:00,OPEN,5.8,100.5
4229,2467,PAYMENT,LOW,2026-08-29 04:49:00,RESOLVED,12.7,179.9
4230,283,PRODUCT,HIGH,2026-08-13 04:12:00,RESOLVED,8.3,162.1
4231,4831,DELIVERY,MEDIUM,2026-09-05 05:54:00,PENDING,18.6,257.2
4232,6065,DELIVERY,MEDIUM,2026-08-31 19:24:00,RESOLVED,21.4,306.5
4233,3701,REFUND,MEDIUM,2026-09-07 22:50:00,RESOLVED,10.9,620.0
4234,8761,ACCOUNT,HIGH,2026-08-03 00:03:00,OPEN,33.4,491.6
4235,9661,PAYMENT,MEDIUM,2026-09-04 11:46:00,PENDING,45.6,266.8
4236,3060,REFUND,HIGH,2026-08-09 06:55:00,OPEN,55.8,108.5
4237,6378,PRODUCT,LOW,2026-08-24 09:23:00,RESOLVED,43.7,308.3
4238,4019,PAYMENT,MEDIUM,2026-08-09 02:36:00,RESOLVED,28.0,137.7
4239,2738,DELIVERY,MEDIUM,2026-08-26 11:18:00,RESOLVED,16.7,392.3
4240,2099,PAYMENT,LOW,2026-09-02 21:51:00,RESOLVED,17.3,170.0
4241,5216,PRODUCT,LOW,2026-08-19 02:18:00,OPEN,11.0,61.7
4242,1428,ACCOUNT,LOW,2026-08-11 00:09:00,PENDING,4.0,685.4
4243,6725,REFUND,LOW,2026-08-20 10:36:00,RESOLVED,67.6,264.0
4244,8841,DELIVERY,MEDIUM,2026-08-24 04:10:00,OPEN,51.8,549.7
4245,3682,ACCOUNT,LOW,2026-08-30 22:59:00,RESOLVED,23.4,156.1
4246,5722,REFUND,MEDIUM,2026-08-06 01:12:00,RESOLVED,14.4,261.5
4247,9761,DELIVERY,HIGH,2026-08-02 21:11:00,RESOLVED,8.7,280.4
4248,7049,PAYMENT,MEDIUM,2026-09-01 15:22:00,RESOLVED,28.6,158.5
4249,4040,DELIVERY,HIGH,2026-08-05 08:40:00,RESOLVED,39.1,212.2
4250,8819,ACCOUNT,MEDIUM,2026-08-11 10:20:00,PENDING,37.2,187.2
4251,425,PRODUCT,HIGH,2026-09-05 17:52:00,RESOLVED,84.0,606.9
4252,5884,PAYMENT,HIGH,2026-08-19 10:43:00,RESOLVED,3.4,405.7
4253,2525,PAYMENT,LOW,2026-08-04 17:59:00,PENDING,16.0,201.0
4254,1803,REFUND,MEDIUM,2026-08-14 06:38:00,OPEN,1.5,126.2
4255,5169,PAYMENT,MEDIUM,2026-09-04 13:29:00,PENDING,10.6,135.6
4256,7134,ACCOUNT,HIGH,2026-08-27 07:09:00,RESOLVED,28.1,304.2
4257,7382,PRODUCT,LOW,2026-08-31 19:11:00,RESOLVED,19.3,317.3
4258,7479,PRODUCT,MEDIUM,2026-08-11 08:06:00,PENDING,15.6,141.5
4259,2887,ACCOUNT,HIGH,2026-09-02 20:58:00,OPEN,53.5,269.7
4260,4140,DELIVERY,CRITICAL,2026-08-01 00:24:00,RESOLVED,5.5,184.9
4261,1132,ACCOUNT,MEDIUM,2026-08-07 21:03:00,RESOLVED,13.4,212.0
4262,6169,DELIVERY,MEDIUM,2026-08-22 00:28:00,PENDING,19.8,200.2
4263,8039,REFUND,LOW,2026-09-04 23:56:00,RESOLVED,6.0,83.7
4264,4846,PRODUCT,MEDIUM,2026-09-08 23:54:00,RESOLVED,24.4,114.1
4265,3128,DELIVERY,LOW,2026-08-16 23:37:00,OPEN,12.1,44.0
4266,3330,PAYMENT,CRITICAL,2026-09-03 05:37:00,RESOLVED,17.8,197.7
4267,6501,REFUND,MEDIUM,2026-08-11 02:17:00,PENDING,13.0,196.5
4268,6725,DELIVERY,LOW,2026-09-09 17:13:00,PENDING,27.3,152.2
4269,4763,DELIVERY,LOW,2026-08-05 11:00:00,RESOLVED,13.9,230.4
4270,2475,PAYMENT,MEDIUM,2026-08-18 18:57:00,PENDING,3.2,134.6
4271,4106,DELIVERY,MEDIUM,2026-08-01 03:58:00,RESOLVED,10.0,161.7
4272,3275,ACCOUNT,MEDIUM,2026-08-23 17:05:00,RESOLVED,37.4,133.8
4273,980,PAYMENT,MEDIUM,2026-08-18 15:11:00,RESOLVED,13.1,127.2
4274,4057,PRODUCT,MEDIUM,2026-09-01 21:45:00,RESOLVED,29.1,316.1
4275,8490,REFUND,LOW,2026-08-26 05:37:00,RESOLVED,33.6,360.4
4276,6147,PAYMENT,LOW,2026-08-14 11:48:00,RESOLVED,64.3,277.8
4277,1336,DELIVERY,LOW,2026-09-07 23:05:00,PENDING,12.8,266.8
4278,8523,DELIVERY,MEDIUM,2026-08-05 12:22:00,OPEN,18.8,278.3
4279,2135,PRODUCT,HIGH,2026-08-03 18:32:00,PENDING,11.0,152.8
4280,6150,REFUND,LOW,2026-08-07 18:04:00,RESOLVED,46.3,314.2
4281,5677,ACCOUNT,MEDIUM,2026-08-23 18:56:00,RESOLVED,10.7,343.8
4282,7261,ACCOUNT,LOW,2026-09-08 12:01:00,PENDING,64.3,210.7
4283,7663,DELIVERY,LOW,2026-08-07 06:30:00,OPEN,30.7,307.8
4284,2927,PRODUCT,LOW,2026-09-01 14:39:00,RESOLVED,31.1,143.0
4285,7778,PRODUCT,MEDIUM,2026-08-31 07:34:00,RESOLVED,18.7,189.8
4286,5875,REFUND,LOW,2026-08-12 13:20:00,PENDING,13.4,146.5
4287,3497,ACCOUNT,HIGH,2026-08-07 02:15:00,OPEN,3.5,196.8
4288,1039,PRODUCT,LOW,2026-09-01 05:34:00,PENDING,42.5,311.4
4289,5685,REFUND,MEDIUM,2026-09-01 21:59:00,OPEN,13.2,203.6
4290,4633,DELIVERY,CRITICAL,2026-08-29 04:45:00,RESOLVED,25.1,321.7
4291,4706,PAYMENT,LOW,2026-08-31 15:45:00,OPEN,10.0,152.4
4292,6899,REFUND,MEDIUM,2026-08-19 18:31:00,RESOLVED,14.2,302.4
4293,7089,PAYMENT,MEDIUM,2026-08-16 00:32:00,RESOLVED,17.9,182.1
4294,1798,REFUND,LOW,2026-08-01 21:50:00,OPEN,33.7,230.6
4295,2964,REFUND,LOW,2026-08-21 11:25:00,RESOLVED,23.0,68.7
4296,9021,ACCOUNT,HIGH,2026-08-30 02:51:00,RESOLVED,66.6,139.7
4297,5941,ACCOUNT,LOW,2026-08-08 13:55:00,RESOLVED,21.8,197.6
4298,4172,PRODUCT,LOW,2026-08-12 14:48:00,PENDING,22.3,108.3
4299,9726,REFUND,MEDIUM,2026-08-23 18:03:00,RESOLVED,22.7,233.6
4300,6712,PAYMENT,LOW,2026-08-11 20:41:00,RESOLVED,18.7,196.3
4301,8496,REFUND,HIGH,2026-09-05 04:52:00,RESOLVED,62.4,510.8
4302,4699,PAYMENT,HIGH,2026-08-22 01:01:00,RESOLVED,2.7,356.9
4303,1635,PAYMENT,HIGH,2026-08-17 17:06:00,RESOLVED,44.2,840.9
4304,7323,ACCOUNT,LOW,2026-08-11 15:17:00,OPEN,14.7,733.0
4305,8165,PRODUCT,CRITICAL,2026-09-06 08:39:00,RESOLVED,5.4,268.2
4306,5844,DELIVERY,MEDIUM,2026-08-29 15:45:00,RESOLVED,38.1,121.4
4307,4329,ACCOUNT,MEDIUM,2026-08-23 23:47:00,RESOLVED,19.3,264.6
4308,1226,DELIVERY,MEDIUM,2026-08-12 16:17:00,RESOLVED,13.0,204.0
4309,2458,DELIVERY,HIGH,2026-08-05 17:55:00,OPEN,23.5,514.5
4310,9248,ACCOUNT,MEDIUM,2026-09-02 06:28:00,RESOLVED,16.6,200.7
4311,1685,REFUND,MEDIUM,2026-08-02 21:30:00,RESOLVED,28.7,299.4
4312,6601,ACCOUNT,MEDIUM,2026-08-18 11:47:00,RESOLVED,19.9,221.7
4313,6633,DELIVERY,LOW,2026-08-23 22:35:00,OPEN,15.9,106.3
4314,4721,REFUND,LOW,2026-08-21 15:52:00,OPEN,23.2,169.9
4315,9968,ACCOUNT,MEDIUM,2026-08-28 14:43:00,RESOLVED,8.8,229.5
4316,6767,DELIVERY,MEDIUM,2026-08-02 09:37:00,PENDING,32.3,200.9
4317,9668,PAYMENT,MEDIUM,2026-08-10 01:59:00,OPEN,20.4,112.9
4318,2609,PRODUCT,HIGH,2026-08-01 19:34:00,RESOLVED,52.3,384.7
4319,7408,REFUND,MEDIUM,2026-08-11 00:32:00,RESOLVED,31.5,193.9
4320,7690,DELIVERY,LOW,2026-08-09 11:19:00,RESOLVED,30.6,505.0
4321,9189,ACCOUNT,MEDIUM,2026-09-04 10:18:00,RESOLVED,33.8,281.0
4322,4113,PRODUCT,LOW,2026-08-14 21:58:00,RESOLVED,50.1,204.1
4323,3323,ACCOUNT,HIGH,2026-08-23 14:44:00,RESOLVED,22.2,173.5
4324,8051,PRODUCT,MEDIUM,2026-08-08 01:10:00,RESOLVED,3.6,141.8
4325,7190,PRODUCT,HIGH,2026-08-31 23:04:00,RESOLVED,30.2,602.2
4326,2741,PRODUCT,LOW,2026-08-21 02:18:00,OPEN,22.0,126.2
4327,3046,PRODUCT,MEDIUM,2026-09-05 16:17:00,RESOLVED,14.0,45.1
4328,7903,PAYMENT,MEDIUM,2026-08-25 01:10:00,RESOLVED,7.9,95.8
4329,5696,ACCOUNT,LOW,2026-09-01 15:41:00,RESOLVED,8.8,193.4
4330,9067,ACCOUNT,MEDIUM,2026-09-02 03:08:00,RESOLVED,25.6,363.4
4331,6306,REFUND,LOW,2026-08-04 03:23:00,PENDING,15.2,345.1
4332,9809,ACCOUNT,LOW,2026-08-21 13:18:00,RESOLVED,21.9,380.2
4333,3274,REFUND,MEDIUM,2026-08-15 12:02:00,RESOLVED,8.5,139.4
4334,7768,PRODUCT,MEDIUM,2026-08-15 16:34:00,RESOLVED,47.9,142.2
4335,1902,ACCOUNT,MEDIUM,2026-08-16 21:34:00,RESOLVED,8.5,182.3
4336,7041,PAYMENT,MEDIUM,2026-09-06 22:50:00,RESOLVED,27.2,255.3
4337,4176,DELIVERY,LOW,2026-09-09 00:00:00,RESOLVED,25.4,124.2
4338,5200,ACCOUNT,MEDIUM,2026-08-18 10:18:00,RESOLVED,27.5,280.4
4339,8077,PRODUCT,MEDIUM,2026-09-09 19:02:00,RESOLVED,4.1,334.8
4340,1058,PAYMENT,MEDIUM,2026-08-12 05:41:00,OPEN,45.9,298.6
4341,2237,ACCOUNT,MEDIUM,2026-08-30 10:50:00,RESOLVED,19.8,248.5
4342,5599,DELIVERY,LOW,2026-08-04 00:55:00,RESOLVED,10.6,241.5
4343,4143,PAYMENT,MEDIUM,2026-08-07 07:56:00,RESOLVED,38.6,52.5
4344,5633,DELIVERY,LOW,2026-08-08 09:10:00,RESOLVED,24.9,151.0
4345,4306,DELIVERY,LOW,2026-08-23 20:32:00,RESOLVED,21.6,116.9
4346,648,REFUND,MEDIUM,2026-08-28 15:28:00,RESOLVED,36.9,450.3
4347,9365,PAYMENT,MEDIUM,2026-08-02 07:01:00,RESOLVED,2.5,502.1
4348,6907,DELIVERY,LOW,2026-08-08 22:31:00,RESOLVED,9.0,349.3
4349,6101,PAYMENT,LOW,2026-09-05 08:35:00,OPEN,47.0,127.3
4350,1490,PRODUCT,MEDIUM,2026-08-15 14:19:00,RESOLVED,9.6,326.2
4351,1975,DELIVERY,MEDIUM,2026-08-29 16:49:00,RESOLVED,27.2,532.6
4352,5967,DELIVERY,MEDIUM,2026-08-02 02:22:00,RESOLVED,29.3,419.2
4353,527,PRODUCT,MEDIUM,2026-08-18 07:30:00,OPEN,24.5,166.5
4354,4727,PAYMENT,LOW,2026-08-16 02:57:00,RESOLVED,28.4,421.7
4355,8893,DELIVERY,MEDIUM,2026-09-01 15:19:00,PENDING,13.3,171.4
4356,8751,ACCOUNT,HIGH,2026-08-26 22:05:00,OPEN,20.4,280.0
4357,5148,PAYMENT,HIGH,2026-08-03 19:56:00,PENDING,16.9,484.9
4358,2323,DELIVERY,LOW,2026-08-09 18:35:00,OPEN,16.2,473.9
4359,740,REFUND,HIGH,2026-08-23 04:54:00,PENDING,10.2,94.6
4360,1713,PAYMENT,LOW,2026-08-01 03:41:00,RESOLVED,25.2,331.1
4361,2807,REFUND,LOW,2026-08-05 14:02:00,RESOLVED,39.1,283.8
4362,5512,ACCOUNT,MEDIUM,2026-09-03 08:03:00,RESOLVED,9.1,215.5
4363,7257,PRODUCT,LOW,2026-08-01 19:53:00,RESOLVED,25.0,126.8
4364,4603,DELIVERY,LOW,2026-08-29 20:11:00,RESOLVED,1.0,288.7
4365,8266,REFUND,LOW,2026-08-22 23:29:00,RESOLVED,15.7,153.3
4366,1613,REFUND,MEDIUM,2026-09-09 16:59:00,RESOLVED,30.3,593.9
4367,4235,DELIVERY,MEDIUM,2026-08-24 13:03:00,RESOLVED,9.1,80.3
4368,6138,DELIVERY,MEDIUM,2026-08-06 10:06:00,OPEN,2.7,149.8
4369,540,DELIVERY,MEDIUM,2026-08-25 15:43:00,RESOLVED,28.0,255.4
4370,9059,PRODUCT,LOW,2026-08-28 02:23:00,RESOLVED,14.3,274.0
4371,9952,REFUND,MEDIUM,2026-08-12 18:45:00,OPEN,7.1,53.0
4372,7403,PAYMENT,MEDIUM,2026-08-11 07:03:00,OPEN,7.0,649.4
4373,7029,DELIVERY,LOW,2026-08-17 03:00:00,RESOLVED,21.0,230.7
4374,2096,ACCOUNT,CRITICAL,2026-08-21 02:11:00,RESOLVED,18.0,165.2
4375,1830,ACCOUNT,MEDIUM,2026-08-11 03:31:00,RESOLVED,9.5,156.4
4376,2385,PRODUCT,MEDIUM,2026-08-30 20:50:00,RESOLVED,16.3,221.6
4377,1351,REFUND,MEDIUM,2026-09-04 02:11:00,PENDING,32.1,468.2
4378,5576,PRODUCT,MEDIUM,2026-08-07 17:35:00,PENDING,28.7,114.4
4379,9573,REFUND,MEDIUM,2026-08-30 15:22:00,RESOLVED,4.1,274.3
4380,6776,ACCOUNT,HIGH,2026-08-19 14:51:00,PENDING,29.0,174.1
4381,8814,PRODUCT,LOW,2026-08-06 10:24:00,RESOLVED,6.9,128.3
4382,9790,DELIVERY,LOW,2026-08-11 18:20:00,OPEN,46.3,221.9
4383,6622,DELIVERY,LOW,2026-09-06 19:34:00,OPEN,21.1,157.1
4384,1049,PRODUCT,CRITICAL,2026-08-07 04:44:00,RESOLVED,12.3,729.2
4385,9305,PRODUCT,MEDIUM,2026-08-02 21:35:00,RESOLVED,43.2,408.2
4386,5464,PRODUCT,LOW,2026-08-29 21:54:00,OPEN,46.9,228.8
4387,5474,REFUND,LOW,2026-08-22 19:47:00,RESOLVED,34.6,418.7
4388,9874,PRODUCT,MEDIUM,2026-08-11 08:04:00,OPEN,12.6,264.8
4389,6840,REFUND,HIGH,2026-08-30 23:59:00,RESOLVED,9.8,73.1
4390,1109,PRODUCT,MEDIUM,2026-08-22 04:17:00,RESOLVED,76.8,347.7
4391,7649,REFUND,LOW,2026-08-10 12:10:00,RESOLVED,23.9,392.2
4392,9726,DELIVERY,HIGH,2026-08-28 16:54:00,RESOLVED,9.8,124.4
4393,2376,ACCOUNT,HIGH,2026-09-03 20:59:00,OPEN,18.1,393.9
4394,4622,ACCOUNT,MEDIUM,2026-08-18 17:19:00,RESOLVED,15.9,366.9
4395,1038,PRODUCT,MEDIUM,2026-09-01 12:33:00,RESOLVED,17.0,521.3
4396,7174,PRODUCT,MEDIUM,2026-08-06 08:01:00,PENDING,4.2,809.8
4397,1430,PRODUCT,MEDIUM,2026-08-03 12:32:00,OPEN,12.2,280.9
4398,4253,PRODUCT,HIGH,2026-08-01 11:43:00,RESOLVED,26.5,145.3
4399,6508,PAYMENT,MEDIUM,2026-08-14 13:21:00,RESOLVED,5.5,239.4
4400,8411,ACCOUNT,MEDIUM,2026-08-16 06:49:00,OPEN,14.0,132.7
4401,3196,PRODUCT,LOW,2026-09-05 06:23:00,RESOLVED,50.0,124.0
4402,9086,PAYMENT,MEDIUM,2026-09-09 14:53:00,RESOLVED,25.6,367.8
4403,243,PAYMENT,LOW,2026-08-26 10:38:00,OPEN,18.5,309.9
4404,1667,ACCOUNT,MEDIUM,2026-09-08 21:51:00,RESOLVED,10.9,335.9
4405,1189,PAYMENT,CRITICAL,2026-09-08 20:59:00,RESOLVED,14.0,312.6
4406,7473,DELIVERY,LOW,2026-08-18 22:22:00,RESOLVED,25.1,405.4
4407,3619,ACCOUNT,MEDIUM,2026-08-11 15:20:00,RESOLVED,7.8,165.7
4408,208,DELIVERY,MEDIUM,2026-08-17 15:18:00,RESOLVED,45.5,503.7
4409,7882,REFUND,LOW,2026-08-01 14:05:00,RESOLVED,32.2,138.5
4410,2769,REFUND,MEDIUM,2026-08-26 20:19:00,RESOLVED,20.4,257.5
4411,6823,DELIVERY,HIGH,2026-09-05 01:27:00,RESOLVED,34.6,275.5
4412,5524,REFUND,LOW,2026-09-03 07:16:00,OPEN,60.7,594.7
4413,1116,DELIVERY,MEDIUM,2026-08-11 01:04:00,RESOLVED,4.2,33.4
4414,6033,PAYMENT,MEDIUM,2026-08-24 03:06:00,RESOLVED,13.7,105.5
4415,8611,ACCOUNT,MEDIUM,2026-09-05 10:29:00,RESOLVED,10.7,202.3
4416,3653,REFUND,LOW,2026-08-29 23:08:00,RESOLVED,5.3,229.4
4417,8335,REFUND,LOW,2026-08-03 07:33:00,RESOLVED,5.4,250.6
4418,2705,PRODUCT,LOW,2026-08-01 23:01:00,PENDING,32.5,206.3
4419,2830,PRODUCT,MEDIUM,2026-09-06 10:02:00,RESOLVED,21.3,187.1
4420,1717,ACCOUNT,LOW,2026-09-05 03:22:00,RESOLVED,57.9,357.5
4421,2117,PAYMENT,MEDIUM,2026-08-31 04:27:00,RESOLVED,22.7,194.4
4422,2398,PRODUCT,MEDIUM,2026-08-22 13:19:00,RESOLVED,29.0,372.5
4423,6497,ACCOUNT,HIGH,2026-09-09 00:27:00,PENDING,68.9,187.6
4424,1303,PAYMENT,HIGH,2026-08-20 16:43:00,OPEN,37.1,69.0
4425,5446,ACCOUNT,MEDIUM,2026-08-25 07:03:00,RESOLVED,8.3,277.8
4426,2612,ACCOUNT,LOW,2026-08-09 15:25:00,RESOLVED,25.2,171.0
4427,1468,DELIVERY,LOW,2026-08-14 08:25:00,RESOLVED,26.0,308.7
4428,8213,PRODUCT,HIGH,2026-08-06 10:26:00,OPEN,22.0,205.0
4429,5400,PRODUCT,MEDIUM,2026-08-22 07:54:00,RESOLVED,14.5,122.3
4430,2876,ACCOUNT,LOW,2026-08-15 17:24:00,RESOLVED,68.8,317.7
4431,6386,PAYMENT,MEDIUM,2026-08-29 08:28:00,RESOLVED,11.7,210.7
4432,9077,REFUND,LOW,2026-09-06 19:15:00,PENDING,10.3,107.0
4433,2828,PAYMENT,MEDIUM,2026-09-03 14:58:00,RESOLVED,8.7,331.7
4434,2453,PRODUCT,MEDIUM,2026-08-23 08:49:00,RESOLVED,38.1,290.1
4435,6827,ACCOUNT,LOW,2026-09-01 15:49:00,RESOLVED,33.6,380.6
4436,4920,DELIVERY,HIGH,2026-08-17 11:29:00,PENDING,16.2,104.6
4437,6737,DELIVERY,MEDIUM,2026-08-26 01:19:00,RESOLVED,17.4,73.3
4438,1676,REFUND,MEDIUM,2026-08-06 13:36:00,RESOLVED,33.3,233.4
4439,9330,PAYMENT,MEDIUM,2026-08-04 20:28:00,RESOLVED,0.4,692.1
4440,171,DELIVERY,LOW,2026-08-03 11:24:00,RESOLVED,5.9,266.3
4441,2738,ACCOUNT,MEDIUM,2026-08-12 20:37:00,RESOLVED,23.6,170.7
4442,6256,PRODUCT,MEDIUM,2026-08-25 06:03:00,RESOLVED,30.2,161.6
4443,5204,ACCOUNT,MEDIUM,2026-08-19 21:26:00,RESOLVED,28.8,514.0
4444,3378,DELIVERY,MEDIUM,2026-09-08 07:51:00,RESOLVED,42.1,348.3
4445,9769,REFUND,MEDIUM,2026-08-03 17:43:00,PENDING,55.4,333.8
4446,3451,PAYMENT,MEDIUM,2026-08-18 22:00:00,PENDING,21.8,293.0
4447,6785,PRODUCT,MEDIUM,2026-08-16 21:53:00,RESOLVED,59.6,121.6
4448,4078,PRODUCT,MEDIUM,2026-08-10 11:30:00,OPEN,52.1,252.9
4449,4405,PAYMENT,LOW,2026-08-22 15:26:00,RESOLVED,10.1,249.6
4450,7778,REFUND,HIGH,2026-08-16 01:41:00,RESOLVED,10.6,495.7
4451,3543,REFUND,LOW,2026-08-09 14:57:00,RESOLVED,17.2,79.0
4452,3998,REFUND,LOW,2026-08-21 09:48:00,RESOLVED,2.8,838.1
4453,7819,PRODUCT,HIGH,2026-08-09 19:00:00,RESOLVED,16.4,292.7
4454,865,ACCOUNT,MEDIUM,2026-08-31 03:30:00,PENDING,9.6,69.3
4455,4323,PAYMENT,MEDIUM,2026-08-15 14:08:00,PENDING,16.0,399.0
4456,2788,ACCOUNT,MEDIUM,2026-08-19 03:21:00,RESOLVED,77.6,514.4
4457,4824,REFUND,LOW,2026-08-07 21:33:00,RESOLVED,12.0,113.3
4458,5762,ACCOUNT,MEDIUM,2026-09-07 01:31:00,RESOLVED,11.6,150.6
4459,4291,DELIVERY,MEDIUM,2026-08-08 01:43:00,PENDING,11.2,461.4
4460,9935,PRODUCT,LOW,2026-08-26 15:08:00,RESOLVED,36.9,617.5
4461,9128,ACCOUNT,HIGH,2026-08-26 15:57:00,RESOLVED,4.8,234.3
4462,1432,REFUND,LOW,2026-08-05 19:45:00,RESOLVED,19.4,388.6
4463,6433,PRODUCT,HIGH,2026-08-06 21:35:00,PENDING,32.5,215.3
4464,3235,DELIVERY,MEDIUM,2026-08-05 13:42:00,RESOLVED,33.3,216.5
4465,7151,ACCOUNT,HIGH,2026-09-07 07:22:00,RESOLVED,16.7,151.1
4466,4856,PAYMENT,HIGH,2026-08-23 01:26:00,RESOLVED,2.9,138.3
4467,9536,PAYMENT,HIGH,2026-08-06 23:09:00,PENDING,25.9,404.1
4468,9447,ACCOUNT,CRITICAL,2026-09-02 02:41:00,PENDING,8.1,317.3
4469,567,ACCOUNT,HIGH,2026-09-07 05:56:00,OPEN,32.2,172.1
4470,1085,REFUND,HIGH,2026-08-22 07:58:00,RESOLVED,19.4,342.0
4471,229,ACCOUNT,LOW,2026-08-23 08:01:00,RESOLVED,24.5,241.5
4472,7939,REFUND,HIGH,2026-09-02 03:44:00,RESOLVED,44.4,245.3
4473,2287,ACCOUNT,MEDIUM,2026-08-17 21:31:00,PENDING,16.0,311.9
4474,7230,PRODUCT,CRITICAL,2026-08-04 05:07:00,RESOLVED,59.4,184.2
4475,3323,PAYMENT,MEDIUM,2026-08-30 13:02:00,RESOLVED,19.0,464.0
4476,3065,PAYMENT,LOW,2026-08-14 03:45:00,OPEN,8.6,145.0
4477,6042,REFUND,LOW,2026-08-27 13:14:00,RESOLVED,14.9,290.0
4478,7738,PAYMENT,LOW,2026-08-02 22:09:00,PENDING,5.4,94.2
4479,5665,PAYMENT,MEDIUM,2026-08-14 17:07:00,RESOLVED,10.4,272.7
4480,5749,ACCOUNT,MEDIUM,2026-08-15 05:50:00,RESOLVED,21.9,402.7
4481,7366,PAYMENT,LOW,2026-08-13 12:58:00,PENDING,21.8,334.4
4482,1714,PAYMENT,LOW,2026-08-23 18:01:00,RESOLVED,13.0,237.7
4483,5921,PRODUCT,LOW,2026-08-18 08:12:00,RESOLVED,30.7,189.7
4484,2858,ACCOUNT,HIGH,2026-09-07 00:32:00,RESOLVED,55.0,128.3
4485,1549,ACCOUNT,MEDIUM,2026-08-29 19:41:00,OPEN,5.8,94.5
4486,3284,REFUND,LOW,2026-08-19 09:44:00,RESOLVED,41.2,214.1
4487,1924,ACCOUNT,MEDIUM,2026-08-11 20:00:00,OPEN,4.9,164.9
4488,3231,PAYMENT,LOW,2026-08-16 00:26:00,RESOLVED,22.8,388.2
4489,236,DELIVERY,MEDIUM,2026-08-13 10:27:00,RESOLVED,8.3,635.8
4490,7464,DELIVERY,HIGH,2026-08-28 04:20:00,RESOLVED,35.2,95.4
4491,3484,REFUND,LOW,2026-09-07 06:25:00,PENDING,29.6,394.9
4492,6603,REFUND,HIGH,2026-08-29 17:25:00,PENDING,25.3,259.9
4493,7495,PAYMENT,MEDIUM,2026-09-07 09:21:00,RESOLVED,30.5,165.2
4494,8199,DELIVERY,LOW,2026-08-07 20:16:00,RESOLVED,2.2,293.3
4495,778,DELIVERY,LOW,2026-08-04 11:46:00,PENDING,9.1,521.0
4496,5108,DELIVERY,LOW,2026-08-29 00:33:00,RESOLVED,7.7,165.6
4497,4168,ACCOUNT,LOW,2026-09-09 06:11:00,RESOLVED,43.0,460.5
4498,3506,REFUND,LOW,2026-08-22 14:04:00,OPEN,12.3,446.2
4499,8067,PRODUCT,HIGH,2026-08-19 02:10:00,PENDING,34.2,441.0
4500,678,PAYMENT,LOW,2026-08-21 08:48:00,RESOLVED,33.3,422.0
4501,3102,REFUND,HIGH,2026-08-07 04:52:00,RESOLVED,20.7,361.6
4502,7944,REFUND,MEDIUM,2026-09-09 06:05:00,RESOLVED,1.8,104.7
4503,3947,DELIVERY,MEDIUM,2026-08-03 07:40:00,OPEN,5.5,308.2
4504,748,DELIVERY,MEDIUM,2026-08-31 20:19:00,OPEN,13.7,68.8
4505,1735,PRODUCT,HIGH,2026-08-17 16:51:00,RESOLVED,12.3,98.9
4506,3015,PAYMENT,CRITICAL,2026-09-02 14:15:00,PENDING,31.9,298.2
4507,2482,ACCOUNT,LOW,2026-08-30 05:02:00,OPEN,19.0,210.0
4508,6689,DELIVERY,MEDIUM,2026-09-02 20:28:00,PENDING,16.7,74.8
4509,1714,ACCOUNT,LOW,2026-08-30 06:01:00,RESOLVED,18.6,236.9
4510,7642,DELIVERY,LOW,2026-08-26 21:41:00,RESOLVED,27.9,294.9
4511,3116,PRODUCT,LOW,2026-08-22 06:57:00,OPEN,15.5,247.8
4512,686,ACCOUNT,MEDIUM,2026-08-02 00:37:00,RESOLVED,40.3,388.1
4513,114,DELIVERY,LOW,2026-09-03 00:54:00,RESOLVED,14.6,348.8
4514,6077,PAYMENT,HIGH,2026-08-15 17:43:00,OPEN,68.3,160.2
4515,7349,ACCOUNT,HIGH,2026-08-16 09:58:00,RESOLVED,13.5,86.1
4516,1372,ACCOUNT,MEDIUM,2026-08-31 16:11:00,RESOLVED,14.9,230.6
4517,3091,REFUND,MEDIUM,2026-08-03 21:37:00,OPEN,8.1,306.6
4518,7573,DELIVERY,MEDIUM,2026-08-08 04:34:00,PENDING,20.4,261.5
4519,8679,REFUND,LOW,2026-09-07 00:34:00,OPEN,15.9,214.0
4520,7299,PAYMENT,MEDIUM,2026-09-08 07:06:00,RESOLVED,11.4,485.0
4521,6177,REFUND,LOW,2026-09-07 02:35:00,RESOLVED,8.3,69.2
4522,7481,DELIVERY,LOW,2026-08-01 06:48:00,RESOLVED,3.0,73.8
4523,2971,PAYMENT,MEDIUM,2026-08-16 11:06:00,RESOLVED,37.0,250.8
4524,638,PAYMENT,LOW,2026-08-23 08:04:00,OPEN,10.8,79.9
4525,5643,REFUND,MEDIUM,2026-08-13 11:56:00,RESOLVED,15.0,152.1
4526,5595,ACCOUNT,MEDIUM,2026-08-04 09:07:00,RESOLVED,19.6,358.6
4527,8033,REFUND,MEDIUM,2026-08-02 10:14:00,PENDING,5.0,449.6
4528,2409,ACCOUNT,LOW,2026-08-31 10:00:00,PENDING,38.7,273.6
4529,8891,DELIVERY,LOW,2026-09-02 00:56:00,RESOLVED,2.2,193.5
4530,4959,PAYMENT,LOW,2026-08-25 16:09:00,RESOLVED,49.1,545.1
4531,4422,ACCOUNT,MEDIUM,2026-08-05 05:51:00,RESOLVED,38.2,257.3
4532,9895,REFUND,MEDIUM,2026-08-17 04:41:00,PENDING,32.0,121.9
4533,5436,PRODUCT,HIGH,2026-08-19 13:40:00,PENDING,34.9,215.6
4534,905,PRODUCT,LOW,2026-08-05 01:19:00,RESOLVED,17.6,101.7
4535,2537,REFUND,HIGH,2026-08-08 13:30:00,OPEN,52.4,207.5
4536,5941,PRODUCT,LOW,2026-08-19 01:39:00,PENDING,45.0,303.5
4537,2303,PRODUCT,MEDIUM,2026-08-11 15:35:00,OPEN,31.6,95.8
4538,1650,PAYMENT,HIGH,2026-08-14 23:39:00,RESOLVED,1.2,479.1
4539,2967,REFUND,HIGH,2026-08-09 20:25:00,RESOLVED,21.9,354.8
4540,5101,PAYMENT,MEDIUM,2026-08-08 12:23:00,RESOLVED,37.3,209.4
4541,928,DELIVERY,LOW,2026-09-09 11:00:00,OPEN,20.4,311.5
4542,5210,PAYMENT,MEDIUM,2026-08-08 08:20:00,RESOLVED,26.6,236.6
4543,7273,REFUND,HIGH,2026-08-24 13:53:00,RESOLVED,32.3,385.4
4544,4563,REFUND,LOW,2026-09-03 21:34:00,RESOLVED,5.8,232.7
4545,6941,REFUND,LOW,2026-08-12 14:55:00,RESOLVED,43.2,100.7
4546,6397,PAYMENT,MEDIUM,2026-08-14 03:34:00,RESOLVED,53.1,235.9
4547,4963,DELIVERY,MEDIUM,2026-08-23 23:27:00,RESOLVED,39.2,513.1
4548,9742,DELIVERY,MEDIUM,2026-08-04 23:24:00,RESOLVED,35.8,350.0
4549,6117,REFUND,LOW,2026-08-26 18:10:00,RESOLVED,24.0,179.3
4550,8053,PAYMENT,HIGH,2026-08-07 07:49:00,RESOLVED,19.9,281.7
4551,6409,REFUND,HIGH,2026-08-31 00:31:00,RESOLVED,9.2,122.2
4552,9586,PAYMENT,MEDIUM,2026-08-27 10:37:00,OPEN,105.2,268.1
4553,4312,DELIVERY,LOW,2026-08-16 22:42:00,OPEN,27.3,314.6
4554,1895,PAYMENT,LOW,2026-08-15 18:51:00,RESOLVED,11.7,432.0
4555,1816,PAYMENT,MEDIUM,2026-08-07 19:33:00,RESOLVED,20.0,116.2
4556,9933,REFUND,HIGH,2026-08-03 06:05:00,RESOLVED,35.2,244.7
4557,7986,DELIVERY,MEDIUM,2026-09-09 01:25:00,RESOLVED,16.2,459.8
4558,3052,PRODUCT,LOW,2026-08-03 04:40:00,RESOLVED,28.0,230.9
4559,4476,REFUND,HIGH,2026-08-08 04:06:00,PENDING,15.5,80.9
4560,342,PAYMENT,MEDIUM,2026-08-03 09:04:00,RESOLVED,35.2,497.8
4561,9531,PRODUCT,HIGH,2026-08-20 03:36:00,RESOLVED,23.4,337.9
4562,4363,DELIVERY,MEDIUM,2026-08-30 11:48:00,RESOLVED,34.4,82.8
4563,3847,PRODUCT,MEDIUM,2026-08-11 06:26:00,RESOLVED,11.2,338.5
4564,2462,REFUND,LOW,2026-09-04 00:00:00,RESOLVED,52.4,204.4
4565,823,PAYMENT,LOW,2026-08-25 07:20:00,RESOLVED,13.2,323.7
4566,7622,DELIVERY,CRITICAL,2026-09-03 19:23:00,RESOLVED,26.5,358.4
4567,2229,PAYMENT,MEDIUM,2026-08-16 13:30:00,OPEN,6.5,127.6
4568,870,REFUND,MEDIUM,2026-08-22 19:47:00,RESOLVED,9.6,293.4
4569,9786,DELIVERY,MEDIUM,2026-08-09 23:05:00,RESOLVED,10.4,182.4
4570,5481,PAYMENT,LOW,2026-08-16 16:32:00,RESOLVED,27.2,90.0
4571,772,PRODUCT,HIGH,2026-09-06 07:00:00,RESOLVED,19.4,203.1
4572,2894,REFUND,LOW,2026-08-13 16:36:00,RESOLVED,14.6,332.9
4573,5537,PRODUCT,MEDIUM,2026-08-17 08:04:00,OPEN,12.0,371.0
4574,2068,REFUND,MEDIUM,2026-08-30 19:33:00,RESOLVED,53.8,256.7
4575,9901,ACCOUNT,MEDIUM,2026-08-12 02:13:00,RESOLVED,16.9,119.7
4576,8757,REFUND,MEDIUM,2026-09-02 07:34:00,RESOLVED,21.8,132.9
4577,8858,PRODUCT,CRITICAL,2026-08-12 02:30:00,PENDING,7.7,228.7
4578,5156,REFUND,HIGH,2026-09-07 13:22:00,RESOLVED,28.0,222.4
4579,9884,PAYMENT,CRITICAL,2026-08-28 12:23:00,OPEN,41.6,119.8
4580,3255,DELIVERY,MEDIUM,2026-09-09 09:25:00,RESOLVED,35.6,342.9
4581,5554,DELIVERY,LOW,2026-08-23 18:35:00,RESOLVED,4.1,182.5
4582,7462,ACCOUNT,CRITICAL,2026-08-29 04:46:00,PENDING,15.6,228.0
4583,5053,DELIVERY,LOW,2026-08-28 08:14:00,RESOLVED,30.1,105.0
4584,8532,PAYMENT,HIGH,2026-08-08 16:39:00,RESOLVED,29.4,363.8
4585,1039,PAYMENT,LOW,2026-08-02 03:07:00,RESOLVED,3.0,435.4
4586,4421,PRODUCT,HIGH,2026-09-08 11:41:00,RESOLVED,6.9,320.8
4587,8300,DELIVERY,HIGH,2026-08-24 20:16:00,OPEN,10.9,109.6
4588,1822,DELIVERY,MEDIUM,2026-08-05 21:46:00,RESOLVED,32.7,271.1
4589,3851,REFUND,HIGH,2026-08-25 07:23:00,RESOLVED,18.0,94.4
4590,9944,ACCOUNT,LOW,2026-08-12 04:04:00,OPEN,10.6,192.2
4591,6136,REFUND,MEDIUM,2026-08-14 14:34:00,RESOLVED,36.1,244.2
4592,3590,PAYMENT,LOW,2026-09-03 07:01:00,RESOLVED,30.0,63.0
4593,3632,PAYMENT,CRITICAL,2026-08-22 23:00:00,RESOLVED,31.0,378.7
4594,2056,PAYMENT,MEDIUM,2026-08-21 14:37:00,RESOLVED,13.8,223.6
4595,7348,ACCOUNT,LOW,2026-08-23 07:42:00,RESOLVED,1.8,94.9
4596,1034,PRODUCT,LOW,2026-08-10 18:31:00,RESOLVED,20.4,233.6
4597,2081,PAYMENT,HIGH,2026-09-01 08:37:00,OPEN,9.5,263.9
4598,1239,REFUND,HIGH,2026-08-21 22:53:00,OPEN,46.1,558.1
4599,7539,REFUND,HIGH,2026-08-16 23:44:00,RESOLVED,26.2,334.7
4600,9431,ACCOUNT,LOW,2026-08-31 19:38:00,RESOLVED,7.2,313.0
4601,872,DELIVERY,MEDIUM,2026-08-24 12:41:00,RESOLVED,7.7,165.2
4602,9467,DELIVERY,MEDIUM,2026-08-11 22:46:00,OPEN,11.8,387.8
4603,9164,REFUND,MEDIUM,2026-08-31 18:34:00,RESOLVED,69.8,362.9
4604,5080,ACCOUNT,HIGH,2026-08-21 00:56:00,RESOLVED,33.7,337.3
4605,371,PRODUCT,LOW,2026-08-05 00:41:00,RESOLVED,52.7,365.6
4606,6922,ACCOUNT,MEDIUM,2026-08-12 11:41:00,RESOLVED,3.4,216.5
4607,5247,PRODUCT,LOW,2026-08-29 13:41:00,RESOLVED,12.6,73.1
4608,8327,PAYMENT,MEDIUM,2026-08-16 21:56:00,RESOLVED,51.3,130.2
4609,2950,DELIVERY,LOW,2026-08-29 04:19:00,RESOLVED,63.3,218.3
4610,5575,ACCOUNT,LOW,2026-08-09 11:31:00,RESOLVED,36.7,431.1
4611,8919,PRODUCT,LOW,2026-09-08 01:28:00,OPEN,46.4,135.8
4612,6670,DELIVERY,LOW,2026-08-29 07:14:00,RESOLVED,19.0,292.8
4613,6463,ACCOUNT,MEDIUM,2026-08-10 19:03:00,PENDING,10.1,60.3
4614,9670,PRODUCT,MEDIUM,2026-08-13 13:34:00,RESOLVED,44.3,239.8
4615,4896,PRODUCT,HIGH,2026-08-13 23:22:00,RESOLVED,23.6,237.2
4616,1726,REFUND,MEDIUM,2026-08-21 06:30:00,OPEN,85.2,292.4
4617,9762,REFUND,MEDIUM,2026-08-14 14:50:00,OPEN,4.2,264.4
4618,1388,REFUND,CRITICAL,2026-09-02 04:21:00,RESOLVED,20.9,184.7
4619,5512,DELIVERY,MEDIUM,2026-08-08 20:18:00,RESOLVED,19.8,402.5
4620,7531,PAYMENT,HIGH,2026-08-06 15:55:00,RESOLVED,59.5,135.1
4621,7871,DELIVERY,CRITICAL,2026-08-03 00:40:00,RESOLVED,12.4,145.9
4622,7034,PAYMENT,HIGH,2026-08-27 11:08:00,RESOLVED,19.5,88.2
4623,4254,REFUND,LOW,2026-09-05 15:49:00,RESOLVED,38.7,287.8
4624,1860,PRODUCT,LOW,2026-08-14 05:20:00,RESOLVED,37.9,308.0
4625,383,REFUND,LOW,2026-09-02 10:52:00,RESOLVED,2.6,188.8
4626,3025,REFUND,MEDIUM,2026-08-20 12:29:00,RESOLVED,21.3,192.8
4627,9721,DELIVERY,MEDIUM,2026-08-12 08:11:00,RESOLVED,13.2,353.4
4628,6853,REFUND,LOW,2026-08-29 15:25:00,RESOLVED,16.4,165.7
4629,4070,DELIVERY,MEDIUM,2026-08-01 00:45:00,OPEN,39.3,527.6
4630,4944,REFUND,MEDIUM,2026-09-06 22:35:00,PENDING,30.6,128.2
4631,3342,PAYMENT,MEDIUM,2026-09-09 09:27:00,RESOLVED,23.9,207.3
4632,8935,PRODUCT,LOW,2026-09-04 10:11:00,RESOLVED,20.1,508.9
4633,4535,PAYMENT,LOW,2026-09-05 05:30:00,PENDING,9.1,260.9
4634,8372,DELIVERY,MEDIUM,2026-09-06 00:05:00,RESOLVED,42.6,130.1
4635,511,PRODUCT,LOW,2026-08-18 16:31:00,RESOLVED,12.5,430.8
4636,4872,PAYMENT,MEDIUM,2026-08-02 23:37:00,PENDING,20.7,72.4
4637,6030,PRODUCT,MEDIUM,2026-08-23 04:57:00,RESOLVED,14.6,171.6
4638,6669,ACCOUNT,MEDIUM,2026-08-17 20:08:00,RESOLVED,9.0,263.8
4639,238,DELIVERY,HIGH,2026-09-01 23:31:00,RESOLVED,6.1,68.6
4640,6435,ACCOUNT,LOW,2026-09-02 01:15:00,RESOLVED,62.7,523.5
4641,8394,ACCOUNT,LOW,2026-09-02 20:33:00,RESOLVED,11.3,202.9
4642,921,PAYMENT,HIGH,2026-09-02 11:01:00,RESOLVED,1.8,504.1
4643,3308,DELIVERY,MEDIUM,2026-09-03 14:50:00,RESOLVED,29.6,173.7
4644,4256,REFUND,LOW,2026-08-17 18:56:00,PENDING,62.4,165.0
4645,2544,REFUND,MEDIUM,2026-08-26 21:16:00,OPEN,64.4,376.5
4646,4399,PAYMENT,MEDIUM,2026-08-12 09:59:00,PENDING,17.4,154.8
4647,8931,PRODUCT,MEDIUM,2026-08-25 15:58:00,RESOLVED,34.0,253.6
4648,8974,PAYMENT,HIGH,2026-08-22 22:48:00,RESOLVED,12.6,154.6
4649,6013,REFUND,LOW,2026-08-02 18:49:00,PENDING,90.9,567.3
4650,8853,DELIVERY,MEDIUM,2026-08-30 20:42:00,RESOLVED,13.4,247.6
4651,8152,ACCOUNT,LOW,2026-08-27 20:10:00,RESOLVED,9.0,184.4
4652,577,ACCOUNT,MEDIUM,2026-08-28 15:54:00,PENDING,40.2,410.9
4653,3870,DELIVERY,MEDIUM,2026-08-10 07:53:00,RESOLVED,44.7,234.0
4654,8452,REFUND,HIGH,2026-08-11 00:36:00,OPEN,17.5,161.7
4655,4425,ACCOUNT,MEDIUM,2026-08-02 10:27:00,RESOLVED,34.3,289.1
4656,6117,REFUND,HIGH,2026-08-01 00:16:00,RESOLVED,19.9,123.9
4657,4121,PRODUCT,LOW,2026-08-29 20:38:00,RESOLVED,1.0,137.1
4658,163,PAYMENT,MEDIUM,2026-09-05 10:47:00,OPEN,11.4,129.7
4659,5650,PRODUCT,HIGH,2026-08-16 20:43:00,RESOLVED,5.0,199.8
4660,3817,ACCOUNT,LOW,2026-08-18 19:33:00,RESOLVED,22.6,169.7
4661,7740,REFUND,CRITICAL,2026-08-16 11:50:00,RESOLVED,26.2,367.1
4662,8881,PRODUCT,MEDIUM,2026-09-03 07:10:00,RESOLVED,18.8,425.3
4663,1046,PAYMENT,HIGH,2026-09-03 18:20:00,RESOLVED,2.0,250.1
4664,3583,REFUND,LOW,2026-09-04 20:29:00,RESOLVED,16.3,65.2
4665,3927,DELIVERY,MEDIUM,2026-08-04 08:08:00,OPEN,34.9,205.3
4666,6765,PRODUCT,LOW,2026-09-07 13:14:00,RESOLVED,53.8,192.6
4667,3963,PRODUCT,CRITICAL,2026-08-01 10:37:00,OPEN,21.1,759.2
4668,5657,ACCOUNT,LOW,2026-08-15 02:41:00,RESOLVED,3.0,360.5
4669,9084,REFUND,MEDIUM,2026-08-12 15:31:00,OPEN,14.0,62.8
4670,5899,PRODUCT,MEDIUM,2026-08-27 09:20:00,OPEN,29.8,326.4
4671,985,DELIVERY,HIGH,2026-08-11 15:34:00,RESOLVED,9.7,152.0
4672,4809,DELIVERY,CRITICAL,2026-08-24 20:27:00,RESOLVED,56.6,393.0
4673,8866,PAYMENT,HIGH,2026-09-05 15:50:00,RESOLVED,18.4,306.5
4674,4824,PAYMENT,LOW,2026-08-07 13:34:00,RESOLVED,52.0,266.8
4675,9830,PAYMENT,HIGH,2026-09-05 03:36:00,RESOLVED,12.1,169.0
4676,9027,ACCOUNT,MEDIUM,2026-08-18 11:28:00,RESOLVED,7.5,189.7
4677,2640,ACCOUNT,MEDIUM,2026-08-24 21:49:00,RESOLVED,13.0,167.9
4678,4139,DELIVERY,LOW,2026-08-18 05:22:00,RESOLVED,33.2,281.2
4679,1852,REFUND,HIGH,2026-08-08 22:22:00,RESOLVED,27.6,334.5
4680,1915,PAYMENT,MEDIUM,2026-08-08 15:12:00,RESOLVED,40.1,110.8
4681,3678,ACCOUNT,HIGH,2026-08-02 18:44:00,RESOLVED,43.8,337.4
4682,4198,PRODUCT,MEDIUM,2026-08-15 23:56:00,RESOLVED,16.6,247.6
4683,3505,DELIVERY,MEDIUM,2026-08-04 22:07:00,RESOLVED,47.5,182.8
4684,7330,PRODUCT,LOW,2026-08-18 10:49:00,RESOLVED,4.2,462.0
4685,1520,REFUND,LOW,2026-08-19 23:35:00,PENDING,49.1,174.1
4686,4753,DELIVERY,CRITICAL,2026-09-01 23:46:00,RESOLVED,25.2,220.2
4687,8887,PRODUCT,MEDIUM,2026-08-30 05:14:00,RESOLVED,59.8,307.3
4688,7321,REFUND,LOW,2026-09-04 07:55:00,OPEN,20.3,233.8
4689,2045,PRODUCT,MEDIUM,2026-08-02 00:18:00,RESOLVED,27.4,77.2
4690,2398,PAYMENT,HIGH,2026-08-29 16:25:00,RESOLVED,35.8,732.4
4691,9261,PAYMENT,MEDIUM,2026-08-11 23:30:00,PENDING,23.0,713.9
4692,5828,REFUND,MEDIUM,2026-09-02 04:54:00,RESOLVED,12.8,425.7
4693,8798,REFUND,HIGH,2026-09-06 07:35:00,RESOLVED,49.3,304.8
4694,8644,REFUND,LOW,2026-08-04 22:32:00,RESOLVED,17.6,130.0
4695,4415,PRODUCT,MEDIUM,2026-08-21 12:09:00,RESOLVED,32.3,427.0
4696,5293,PAYMENT,MEDIUM,2026-08-23 06:44:00,RESOLVED,8.4,269.2
4697,3684,DELIVERY,MEDIUM,2026-08-12 01:12:00,RESOLVED,21.7,222.2
4698,6369,DELIVERY,LOW,2026-08-11 08:27:00,RESOLVED,44.9,323.0
4699,6498,REFUND,LOW,2026-08-06 14:51:00,RESOLVED,34.7,185.5
4700,6789,PAYMENT,CRITICAL,2026-08-17 17:53:00,RESOLVED,25.9,219.9
4701,8610,REFUND,HIGH,2026-08-29 02:55:00,RESOLVED,5.0,547.5
4702,7397,ACCOUNT,HIGH,2026-08-29 02:55:00,OPEN,28.8,277.1
4703,1018,REFUND,HIGH,2026-09-01 00:37:00,RESOLVED,10.8,189.6
4704,3503,PAYMENT,LOW,2026-09-07 21:02:00,RESOLVED,23.1,389.9
4705,5700,REFUND,MEDIUM,2026-08-26 08:05:00,RESOLVED,39.9,175.4
4706,6269,REFUND,MEDIUM,2026-08-15 06:33:00,RESOLVED,4.7,376.6
4707,8644,ACCOUNT,LOW,2026-08-12 03:04:00,OPEN,29.8,288.8
4708,4162,REFUND,LOW,2026-08-24 02:22:00,RESOLVED,32.5,174.4
4709,8218,DELIVERY,LOW,2026-08-18 16:06:00,RESOLVED,8.9,165.2
4710,3910,PAYMENT,LOW,2026-08-05 06:48:00,OPEN,22.5,160.4
4711,1461,PRODUCT,LOW,2026-08-16 22:25:00,PENDING,19.5,299.4
4712,4753,PAYMENT,MEDIUM,2026-08-28 07:14:00,RESOLVED,6.2,205.0
4713,1492,PAYMENT,HIGH,2026-08-08 00:06:00,RESOLVED,13.2,110.9
4714,4079,ACCOUNT,MEDIUM,2026-08-10 12:32:00,RESOLVED,15.3,92.8
4715,2424,REFUND,LOW,2026-08-12 05:33:00,RESOLVED,41.7,570.5
4716,259,PRODUCT,LOW,2026-08-19 18:16:00,RESOLVED,33.0,326.8
4717,6636,ACCOUNT,MEDIUM,2026-09-02 14:48:00,RESOLVED,31.7,107.2
4718,7420,REFUND,LOW,2026-08-14 00:46:00,PENDING,31.2,503.6
4719,1319,PAYMENT,MEDIUM,2026-08-06 02:30:00,RESOLVED,40.5,108.8
4720,5844,REFUND,LOW,2026-08-03 00:37:00,PENDING,7.8,92.2
4721,5022,PRODUCT,HIGH,2026-08-25 13:12:00,PENDING,11.5,123.8
4722,1376,PAYMENT,MEDIUM,2026-08-30 15:07:00,RESOLVED,42.1,152.5
4723,6084,ACCOUNT,LOW,2026-08-04 11:41:00,RESOLVED,19.3,528.0
4724,2614,REFUND,HIGH,2026-08-25 18:36:00,RESOLVED,21.8,432.0
4725,8221,DELIVERY,MEDIUM,2026-09-06 05:01:00,RESOLVED,7.6,113.0
4726,6111,PAYMENT,LOW,2026-09-02 16:54:00,RESOLVED,8.6,226.4
4727,1116,PRODUCT,MEDIUM,2026-09-07 09:26:00,OPEN,45.4,192.3
4728,5181,REFUND,MEDIUM,2026-09-07 20:27:00,RESOLVED,52.5,123.9
4729,1168,ACCOUNT,HIGH,2026-09-01 10:15:00,RESOLVED,17.8,141.6
4730,7235,PAYMENT,LOW,2026-08-17 10:25:00,RESOLVED,112.1,236.7
4731,2975,ACCOUNT,HIGH,2026-08-28 20:53:00,RESOLVED,19.2,204.0
4732,4893,PAYMENT,MEDIUM,2026-08-31 06:02:00,RESOLVED,47.4,205.1
4733,6961,REFUND,MEDIUM,2026-08-31 12:07:00,PENDING,25.7,256.8
4734,8447,ACCOUNT,LOW,2026-08-13 09:27:00,RESOLVED,16.3,408.9
4735,5123,DELIVERY,LOW,2026-08-18 16:24:00,RESOLVED,31.4,167.9
4736,775,REFUND,HIGH,2026-08-18 07:32:00,OPEN,7.3,715.6
4737,2588,PRODUCT,MEDIUM,2026-09-02 06:59:00,RESOLVED,52.4,529.8
4738,6132,ACCOUNT,CRITICAL,2026-09-03 10:28:00,OPEN,14.6,70.6
4739,420,REFUND,MEDIUM,2026-09-08 08:41:00,OPEN,21.2,590.1
4740,3716,PAYMENT,MEDIUM,2026-09-05 22:33:00,OPEN,12.7,153.6
4741,3235,PAYMENT,CRITICAL,2026-08-05 13:36:00,PENDING,24.2,81.1
4742,3069,PRODUCT,MEDIUM,2026-08-16 00:54:00,RESOLVED,15.6,414.1
4743,9538,PAYMENT,MEDIUM,2026-08-17 04:40:00,OPEN,18.2,220.4
4744,9437,PRODUCT,HIGH,2026-09-02 02:39:00,RESOLVED,15.2,194.2
4745,8973,PRODUCT,LOW,2026-08-02 00:40:00,RESOLVED,3.0,134.9
4746,8639,ACCOUNT,MEDIUM,2026-08-31 15:15:00,PENDING,26.6,518.9
4747,8936,DELIVERY,LOW,2026-09-05 17:49:00,PENDING,12.2,213.6
4748,1838,PRODUCT,CRITICAL,2026-08-08 11:01:00,RESOLVED,37.3,170.8
4749,3935,DELIVERY,HIGH,2026-08-14 16:01:00,RESOLVED,11.4,130.5
4750,575,DELIVERY,HIGH,2026-08-26 00:34:00,RESOLVED,16.5,261.2
4751,7972,PRODUCT,MEDIUM,2026-08-24 18:33:00,RESOLVED,29.7,222.4
4752,8673,REFUND,MEDIUM,2026-08-20 20:16:00,RESOLVED,28.8,208.6
4753,290,PRODUCT,LOW,2026-08-12 21:49:00,RESOLVED,0.2,263.1
4754,1693,ACCOUNT,MEDIUM,2026-08-03 12:18:00,PENDING,9.8,408.6
4755,1689,DELIVERY,HIGH,2026-08-10 23:35:00,RESOLVED,17.9,46.0
4756,9283,PAYMENT,LOW,2026-08-22 21:17:00,RESOLVED,3.3,105.3
4757,7904,DELIVERY,LOW,2026-08-10 07:20:00,OPEN,5.1,110.9
4758,2774,ACCOUNT,MEDIUM,2026-09-09 04:20:00,OPEN,28.9,138.6
4759,457,ACCOUNT,HIGH,2026-08-08 17:18:00,OPEN,24.8,368.1
4760,4117,ACCOUNT,MEDIUM,2026-09-01 04:42:00,OPEN,49.5,159.7
4761,5845,ACCOUNT,MEDIUM,2026-08-14 06:04:00,OPEN,37.3,520.6
4762,450,REFUND,HIGH,2026-08-09 00:51:00,OPEN,10.2,190.0
4763,4689,REFUND,LOW,2026-08-09 05:58:00,RESOLVED,45.9,181.8
4764,5376,ACCOUNT,HIGH,2026-08-09 20:13:00,RESOLVED,37.9,328.4
4765,9812,PRODUCT,MEDIUM,2026-09-08 12:44:00,RESOLVED,16.1,225.1
4766,1888,REFUND,MEDIUM,2026-08-13 18:15:00,RESOLVED,19.8,242.2
4767,1835,REFUND,LOW,2026-08-13 10:58:00,RESOLVED,23.5,64.9
4768,4311,DELIVERY,MEDIUM,2026-08-01 17:16:00,RESOLVED,19.6,122.6
4769,3196,DELIVERY,HIGH,2026-08-14 04:09:00,RESOLVED,26.9,232.8
4770,9195,PRODUCT,MEDIUM,2026-08-03 22:40:00,RESOLVED,3.7,1197.4
4771,7871,REFUND,LOW,2026-08-08 13:19:00,RESOLVED,12.5,194.3
4772,2526,ACCOUNT,LOW,2026-08-29 18:28:00,RESOLVED,5.6,224.3
4773,3349,ACCOUNT,HIGH,2026-08-26 06:36:00,RESOLVED,11.0,392.1
4774,6350,PAYMENT,MEDIUM,2026-08-22 20:47:00,OPEN,25.9,325.3
4775,8716,REFUND,LOW,2026-08-10 00:13:00,RESOLVED,25.2,235.7
4776,2020,DELIVERY,CRITICAL,2026-08-28 20:12:00,RESOLVED,25.0,199.0
4777,2961,REFUND,LOW,2026-08-07 07:39:00,RESOLVED,50.3,141.8
4778,6099,PRODUCT,HIGH,2026-08-29 14:47:00,RESOLVED,23.0,503.1
4779,8599,PRODUCT,LOW,2026-08-29 01:31:00,RESOLVED,17.4,216.0
4780,2892,PRODUCT,LOW,2026-08-03 22:43:00,RESOLVED,20.0,329.5
4781,4675,ACCOUNT,LOW,2026-08-25 02:46:00,PENDING,1.9,163.4
4782,6816,PRODUCT,HIGH,2026-09-07 20:02:00,OPEN,27.3,330.1
4783,4253,PAYMENT,MEDIUM,2026-08-25 18:30:00,RESOLVED,10.9,642.3
4784,7707,REFUND,LOW,2026-09-08 18:34:00,PENDING,41.1,309.3
4785,5151,REFUND,HIGH,2026-09-03 10:01:00,RESOLVED,5.7,154.0
4786,8807,REFUND,HIGH,2026-08-02 08:46:00,RESOLVED,29.0,285.4
4787,6074,ACCOUNT,MEDIUM,2026-09-06 02:08:00,RESOLVED,31.3,158.9
4788,9186,PAYMENT,MEDIUM,2026-08-03 17:05:00,PENDING,62.5,445.7
4789,8597,REFUND,MEDIUM,2026-08-09 02:23:00,RESOLVED,24.7,361.6
4790,2414,DELIVERY,LOW,2026-09-02 18:54:00,OPEN,45.8,296.6
4791,8974,DELIVERY,HIGH,2026-08-20 13:26:00,RESOLVED,9.8,250.6
4792,1290,ACCOUNT,MEDIUM,2026-08-25 07:41:00,RESOLVED,28.3,145.1
4793,2828,REFUND,HIGH,2026-08-12 15:44:00,RESOLVED,28.4,214.6
4794,486,DELIVERY,HIGH,2026-09-09 16:02:00,PENDING,71.0,181.9
4795,1043,REFUND,HIGH,2026-08-04 13:19:00,PENDING,36.1,455.7
4796,7204,PAYMENT,HIGH,2026-08-10 21:01:00,PENDING,50.1,284.2
4797,1112,ACCOUNT,HIGH,2026-09-03 16:24:00,RESOLVED,13.9,84.7
4798,1869,ACCOUNT,MEDIUM,2026-09-01 19:40:00,RESOLVED,22.8,655.6
4799,4084,DELIVERY,HIGH,2026-08-12 08:39:00,OPEN,18.1,194.1
4800,8002,PAYMENT,HIGH,2026-08-21 23:41:00,RESOLVED,63.1,340.1
4801,8109,ACCOUNT,LOW,2026-08-02 11:03:00,RESOLVED,5.3,240.9
4802,9649,PRODUCT,MEDIUM,2026-08-23 04:58:00,RESOLVED,32.8,134.6
4803,552,PAYMENT,MEDIUM,2026-09-04 00:43:00,OPEN,10.7,653.8
4804,1480,REFUND,LOW,2026-08-09 08:31:00,PENDING,47.8,455.7
4805,3989,PRODUCT,MEDIUM,2026-09-07 08:09:00,RESOLVED,23.4,338.5
4806,2834,PAYMENT,LOW,2026-08-25 06:28:00,RESOLVED,15.5,199.4
4807,972,REFUND,LOW,2026-08-02 21:30:00,RESOLVED,23.7,146.9
4808,5241,PRODUCT,MEDIUM,2026-08-17 10:14:00,OPEN,4.0,227.5
4809,4688,ACCOUNT,LOW,2026-08-07 19:12:00,RESOLVED,42.6,633.2
4810,4306,ACCOUNT,HIGH,2026-08-09 19:47:00,RESOLVED,46.4,142.0
4811,226,ACCOUNT,MEDIUM,2026-08-04 07:13:00,RESOLVED,35.1,280.0
4812,4260,PRODUCT,LOW,2026-09-03 11:34:00,PENDING,34.2,213.2
4813,4582,PRODUCT,LOW,2026-08-27 16:23:00,RESOLVED,15.4,226.8
4814,2172,REFUND,LOW,2026-08-09 13:38:00,PENDING,6.7,102.5
4815,7949,REFUND,MEDIUM,2026-08-04 08:12:00,RESOLVED,27.3,208.5
4816,8893,DELIVERY,HIGH,2026-08-13 00:18:00,RESOLVED,8.5,43.0
4817,9290,DELIVERY,MEDIUM,2026-08-12 08:57:00,RESOLVED,6.5,265.5
4818,6816,ACCOUNT,LOW,2026-08-04 11:22:00,PENDING,25.2,62.2
4819,6761,PAYMENT,MEDIUM,2026-08-05 23:21:00,RESOLVED,31.5,181.9
4820,1539,PAYMENT,CRITICAL,2026-08-28 01:10:00,RESOLVED,23.5,590.4
4821,3942,DELIVERY,HIGH,2026-08-31 00:14:00,RESOLVED,52.0,416.4
4822,45,DELIVERY,MEDIUM,2026-08-12 08:31:00,OPEN,35.8,100.7
4823,5594,DELIVERY,LOW,2026-08-16 19:52:00,OPEN,2.5,393.9
4824,7627,PAYMENT,LOW,2026-09-08 07:34:00,RESOLVED,7.9,274.4
4825,6691,PAYMENT,MEDIUM,2026-08-14 17:54:00,OPEN,57.5,175.6
4826,159,DELIVERY,MEDIUM,2026-08-30 15:51:00,RESOLVED,26.2,117.6
4827,5564,PRODUCT,MEDIUM,2026-09-03 14:05:00,PENDING,24.8,247.0
4828,8805,DELIVERY,LOW,2026-09-06 01:07:00,RESOLVED,3.6,319.5
4829,1021,ACCOUNT,HIGH,2026-09-08 17:54:00,RESOLVED,31.0,169.0
4830,5295,ACCOUNT,MEDIUM,2026-08-08 20:33:00,RESOLVED,14.8,232.5
4831,2503,PRODUCT,CRITICAL,2026-09-08 00:54:00,PENDING,11.8,426.7
4832,9301,PAYMENT,HIGH,2026-08-26 14:11:00,RESOLVED,9.7,236.7
4833,5507,PRODUCT,MEDIUM,2026-08-10 08:50:00,RESOLVED,11.5,199.9
4834,7719,REFUND,MEDIUM,2026-09-05 04:38:00,RESOLVED,20.1,292.0
4835,5246,ACCOUNT,HIGH,2026-08-16 14:58:00,RESOLVED,10.0,187.9
4836,8944,ACCOUNT,LOW,2026-09-08 11:03:00,PENDING,25.8,94.1
4837,2875,PRODUCT,LOW,2026-08-19 15:39:00,RESOLVED,9.3,228.2
4838,7439,ACCOUNT,LOW,2026-08-27 00:12:00,OPEN,39.6,153.4
4839,4294,REFUND,MEDIUM,2026-08-20 04:19:00,OPEN,50.4,154.9
4840,5767,ACCOUNT,MEDIUM,2026-09-07 21:41:00,RESOLVED,17.8,175.7
4841,6860,DELIVERY,LOW,2026-08-19 20:29:00,PENDING,29.9,176.6
4842,1731,PRODUCT,MEDIUM,2026-08-06 21:43:00,RESOLVED,1.7,195.8
4843,8680,REFUND,MEDIUM,2026-09-05 02:34:00,RESOLVED,7.6,169.5
4844,7277,ACCOUNT,HIGH,2026-08-02 14:56:00,RESOLVED,7.2,214.0
4845,4093,PAYMENT,LOW,2026-08-31 00:05:00,OPEN,7.6,307.6
4846,5924,DELIVERY,HIGH,2026-08-19 14:28:00,PENDING,6.9,123.9
4847,6636,REFUND,HIGH,2026-08-28 17:06:00,RESOLVED,32.2,149.0
4848,4547,ACCOUNT,MEDIUM,2026-08-13 16:37:00,RESOLVED,2.4,403.9
4849,6351,ACCOUNT,MEDIUM,2026-08-10 01:33:00,RESOLVED,84.2,294.9
4850,5586,REFUND,LOW,2026-09-07 00:57:00,RESOLVED,26.3,266.9
4851,7795,REFUND,MEDIUM,2026-08-08 10:47:00,RESOLVED,34.6,215.3
4852,2323,DELIVERY,HIGH,2026-08-01 15:26:00,RESOLVED,8.3,138.8
4853,42,DELIVERY,LOW,2026-08-17 04:03:00,PENDING,16.2,151.5
4854,4045,DELIVERY,HIGH,2026-08-13 16:22:00,PENDING,36.0,330.9
4855,8246,REFUND,LOW,2026-08-24 18:18:00,PENDING,40.5,531.6
4856,1242,DELIVERY,HIGH,2026-08-14 23:45:00,RESOLVED,25.6,130.8
4857,8612,DELIVERY,MEDIUM,2026-08-15 08:01:00,RESOLVED,12.3,269.5
4858,4098,PRODUCT,MEDIUM,2026-08-29 12:27:00,RESOLVED,43.5,362.3
4859,2087,ACCOUNT,HIGH,2026-08-31 16:10:00,RESOLVED,10.0,328.8
4860,4670,ACCOUNT,MEDIUM,2026-08-01 01:47:00,PENDING,12.6,239.2
4861,8117,ACCOUNT,LOW,2026-08-07 17:27:00,RESOLVED,6.6,248.0
4862,8578,DELIVERY,HIGH,2026-09-03 23:54:00,PENDING,29.2,532.5
4863,6131,DELIVERY,LOW,2026-09-05 19:58:00,RESOLVED,14.2,110.1
4864,5272,ACCOUNT,HIGH,2026-09-07 09:04:00,OPEN,21.3,170.4
4865,8066,DELIVERY,LOW,2026-08-15 05:13:00,RESOLVED,10.2,540.8
4866,9089,PRODUCT,MEDIUM,2026-08-20 08:44:00,RESOLVED,21.9,170.0
4867,7955,DELIVERY,MEDIUM,2026-08-06 23:00:00,PENDING,38.9,212.3
4868,9680,DELIVERY,MEDIUM,2026-08-05 07:50:00,RESOLVED,13.0,150.2
4869,8312,PRODUCT,MEDIUM,2026-08-24 23:35:00,OPEN,26.3,217.2
4870,490,PRODUCT,MEDIUM,2026-08-03 00:40:00,RESOLVED,20.5,184.0
4871,197,DELIVERY,MEDIUM,2026-08-07 14:08:00,RESOLVED,30.2,149.0
4872,5972,DELIVERY,LOW,2026-08-11 08:05:00,OPEN,32.3,169.2
4873,9572,ACCOUNT,HIGH,2026-08-02 20:34:00,RESOLVED,5.7,511.3
4874,2993,REFUND,LOW,2026-08-06 09:11:00,PENDING,37.0,500.5
4875,9663,ACCOUNT,HIGH,2026-08-01 12:45:00,RESOLVED,20.2,127.2
4876,8514,PAYMENT,MEDIUM,2026-08-21 02:49:00,PENDING,33.5,132.0
4877,1408,ACCOUNT,HIGH,2026-08-24 13:42:00,OPEN,1.5,76.6
4878,4941,ACCOUNT,LOW,2026-08-17 09:46:00,OPEN,30.0,209.2
4879,2212,PRODUCT,HIGH,2026-08-16 05:09:00,RESOLVED,11.3,282.0
4880,781,DELIVERY,MEDIUM,2026-08-08 16:05:00,PENDING,24.0,311.8
4881,6909,ACCOUNT,CRITICAL,2026-09-04 15:45:00,RESOLVED,28.1,445.2
4882,2151,REFUND,LOW,2026-09-03 07:50:00,PENDING,68.3,190.1
4883,5598,REFUND,HIGH,2026-08-18 04:45:00,OPEN,22.7,447.9
4884,6739,PAYMENT,MEDIUM,2026-08-25 00:17:00,OPEN,21.2,168.1
4885,4321,REFUND,CRITICAL,2026-09-08 04:22:00,RESOLVED,7.8,86.1
4886,797,PRODUCT,MEDIUM,2026-08-26 01:14:00,RESOLVED,18.3,321.3
4887,692,REFUND,LOW,2026-08-21 15:54:00,OPEN,8.8,176.2
4888,3791,ACCOUNT,HIGH,2026-08-28 08:00:00,PENDING,32.6,357.2
4889,427,DELIVERY,LOW,2026-09-02 01:44:00,RESOLVED,29.1,42.7
4890,8717,PAYMENT,MEDIUM,2026-09-04 14:13:00,RESOLVED,36.1,206.4
4891,1663,ACCOUNT,LOW,2026-08-08 02:55:00,RESOLVED,15.4,208.9
4892,293,ACCOUNT,HIGH,2026-08-27 23:55:00,RESOLVED,5.2,181.3
4893,1401,ACCOUNT,MEDIUM,2026-09-05 19:46:00,OPEN,15.8,69.4
4894,6963,PRODUCT,LOW,2026-08-06 07:39:00,OPEN,22.4,290.2
4895,5888,PAYMENT,HIGH,2026-09-08 23:52:00,PENDING,58.6,144.6
4896,6755,REFUND,LOW,2026-08-16 07:46:00,RESOLVED,61.6,339.5
4897,3470,REFUND,LOW,2026-09-05 23:37:00,RESOLVED,11.0,73.7
4898,3208,PAYMENT,HIGH,2026-08-21 20:44:00,PENDING,19.7,235.7
4899,6717,REFUND,LOW,2026-08-19 19:48:00,PENDING,6.0,107.4
4900,1128,REFUND,LOW,2026-08-08 09:48:00,RESOLVED,4.3,89.9
4901,3943,PRODUCT,MEDIUM,2026-09-01 20:37:00,OPEN,39.9,922.7
4902,1025,PRODUCT,LOW,2026-09-07 14:37:00,OPEN,4.3,525.2
4903,4241,PAYMENT,CRITICAL,2026-09-07 22:52:00,OPEN,38.9,184.5
4904,9693,REFUND,HIGH,2026-08-11 02:13:00,RESOLVED,38.4,192.0
4905,8502,DELIVERY,HIGH,2026-08-27 01:50:00,PENDING,10.7,231.6
4906,6770,REFUND,HIGH,2026-08-31 21:11:00,RESOLVED,9.2,142.9
4907,6574,REFUND,HIGH,2026-09-08 05:14:00,RESOLVED,16.5,358.4
4908,3760,ACCOUNT,LOW,2026-09-08 01:32:00,RESOLVED,21.2,161.5
4909,7054,REFUND,MEDIUM,2026-08-26 00:17:00,PENDING,21.1,183.6
4910,8336,ACCOUNT,HIGH,2026-08-11 23:49:00,RESOLVED,13.9,178.5
4911,5593,PAYMENT,MEDIUM,2026-08-08 06:52:00,RESOLVED,3.0,110.4
4912,1034,PAYMENT,CRITICAL,2026-08-19 05:25:00,RESOLVED,23.2,165.1
4913,6943,REFUND,HIGH,2026-08-26 15:21:00,RESOLVED,45.7,195.1
4914,1270,PRODUCT,LOW,2026-08-10 22:50:00,RESOLVED,18.6,100.4
4915,3239,ACCOUNT,MEDIUM,2026-08-26 03:01:00,RESOLVED,14.5,153.2
4916,1976,ACCOUNT,LOW,2026-09-02 21:35:00,OPEN,53.8,268.8
4917,502,ACCOUNT,HIGH,2026-08-23 05:30:00,RESOLVED,10.3,113.0
4918,7636,DELIVERY,HIGH,2026-09-01 19:26:00,PENDING,20.9,235.2
4919,6452,ACCOUNT,MEDIUM,2026-08-13 19:43:00,PENDING,46.4,348.2
4920,4089,PRODUCT,LOW,2026-09-05 17:35:00,PENDING,24.2,282.6
4921,3815,PAYMENT,LOW,2026-09-09 11:06:00,RESOLVED,50.0,158.4
4922,6426,REFUND,LOW,2026-08-03 12:11:00,RESOLVED,15.0,367.0
4923,5315,PAYMENT,MEDIUM,2026-08-11 23:38:00,OPEN,45.7,460.0
4924,2325,ACCOUNT,CRITICAL,2026-08-30 14:26:00,RESOLVED,25.9,335.6
4925,4805,PAYMENT,LOW,2026-08-31 04:15:00,RESOLVED,33.4,84.6
4926,7773,DELIVERY,MEDIUM,2026-08-24 04:27:00,RESOLVED,13.5,139.2
4927,5523,PRODUCT,HIGH,2026-08-23 10:18:00,OPEN,24.1,168.3
4928,8017,PRODUCT,HIGH,2026-08-17 22:32:00,RESOLVED,17.9,166.9
4929,5082,PRODUCT,LOW,2026-08-23 16:38:00,RESOLVED,17.8,141.2
4930,4133,REFUND,LOW,2026-09-05 13:54:00,PENDING,27.6,216.6
4931,7423,REFUND,LOW,2026-08-02 22:57:00,OPEN,17.1,84.7
4932,2093,PAYMENT,LOW,2026-09-04 16:39:00,RESOLVED,9.0,231.3
4933,6268,ACCOUNT,LOW,2026-08-04 05:04:00,RESOLVED,3.9,44.8
4934,6301,ACCOUNT,MEDIUM,2026-08-28 23:44:00,PENDING,13.0,296.0
4935,2770,DELIVERY,MEDIUM,2026-08-14 20:11:00,RESOLVED,30.1,516.6
4936,2562,DELIVERY,LOW,2026-08-07 21:11:00,RESOLVED,29.1,467.8
4937,837,DELIVERY,MEDIUM,2026-08-01 06:48:00,RESOLVED,36.7,249.6
4938,1483,ACCOUNT,MEDIUM,2026-08-11 09:14:00,RESOLVED,7.5,315.7
4939,955,ACCOUNT,LOW,2026-08-01 02:56:00,RESOLVED,16.1,258.4
4940,6158,REFUND,LOW,2026-08-07 05:50:00,RESOLVED,7.5,121.3
4941,1217,ACCOUNT,LOW,2026-08-16 17:12:00,RESOLVED,14.7,170.8
4942,5130,PAYMENT,MEDIUM,2026-08-11 05:59:00,OPEN,16.8,146.7
4943,1115,REFUND,MEDIUM,2026-08-18 19:16:00,OPEN,34.9,343.7
4944,7835,PRODUCT,LOW,2026-08-31 22:14:00,RESOLVED,28.7,198.7
4945,6777,DELIVERY,LOW,2026-08-01 17:32:00,PENDING,16.9,616.0
4946,2924,DELIVERY,LOW,2026-08-14 08:15:00,OPEN,4.6,180.2
4947,7354,REFUND,LOW,2026-08-16 03:02:00,RESOLVED,11.0,66.8
4948,2254,PRODUCT,MEDIUM,2026-08-12 07:18:00,RESOLVED,16.4,75.8
4949,6353,ACCOUNT,MEDIUM,2026-08-22 09:41:00,RESOLVED,58.7,331.9
4950,6406,PAYMENT,MEDIUM,2026-08-10 22:56:00,RESOLVED,26.6,181.5
4951,4364,PAYMENT,MEDIUM,2026-08-09 18:39:00,OPEN,9.9,333.4
4952,7011,PAYMENT,LOW,2026-08-03 00:27:00,RESOLVED,8.9,285.5
4953,9479,DELIVERY,LOW,2026-08-29 08:35:00,OPEN,18.8,320.1
4954,4134,PRODUCT,MEDIUM,2026-08-14 14:36:00,RESOLVED,12.3,265.2
4955,2835,ACCOUNT,MEDIUM,2026-09-02 09:56:00,RESOLVED,9.6,194.1
4956,4424,PAYMENT,HIGH,2026-08-04 18:40:00,RESOLVED,12.4,590.0
4957,5680,PRODUCT,MEDIUM,2026-08-09 20:56:00,RESOLVED,16.4,100.5
4958,1236,REFUND,MEDIUM,2026-08-23 11:26:00,OPEN,42.0,191.4
4959,9600,ACCOUNT,HIGH,2026-09-04 00:54:00,RESOLVED,35.2,125.1
4960,4695,DELIVERY,HIGH,2026-08-08 09:31:00,RESOLVED,29.8,221.8
4961,9640,DELIVERY,HIGH,2026-08-13 02:02:00,RESOLVED,36.4,535.3
4962,9614,ACCOUNT,LOW,2026-08-11 20:50:00,PENDING,29.3,195.2
4963,639,PAYMENT,LOW,2026-08-02 07:41:00,RESOLVED,40.5,828.8
4964,1137,PAYMENT,MEDIUM,2026-08-20 03:13:00,RESOLVED,10.2,379.7
4965,1815,ACCOUNT,MEDIUM,2026-08-27 22:35:00,PENDING,6.8,91.1
4966,5680,REFUND,LOW,2026-08-16 05:51:00,RESOLVED,23.2,199.3
4967,3537,REFUND,MEDIUM,2026-08-28 13:40:00,RESOLVED,33.5,380.9
4968,184,DELIVERY,MEDIUM,2026-08-13 20:38:00,RESOLVED,20.9,182.3
4969,5643,PAYMENT,MEDIUM,2026-08-22 19:44:00,RESOLVED,10.8,125.6
4970,3254,PRODUCT,LOW,2026-09-08 06:19:00,RESOLVED,30.1,403.8
4971,8435,ACCOUNT,MEDIUM,2026-08-07 00:58:00,OPEN,23.5,106.7
4972,7612,PAYMENT,MEDIUM,2026-08-03 08:00:00,RESOLVED,13.6,626.3
4973,8447,DELIVERY,LOW,2026-08-05 22:05:00,RESOLVED,14.0,405.6
4974,5672,DELIVERY,LOW,2026-09-05 05:08:00,RESOLVED,3.5,351.7
4975,6959,REFUND,MEDIUM,2026-08-24 21:15:00,RESOLVED,6.6,315.0
4976,812,ACCOUNT,HIGH,2026-09-07 03:23:00,RESOLVED,6.0,206.4
4977,7598,PAYMENT,LOW,2026-08-16 10:21:00,RESOLVED,5.2,407.8
4978,4519,ACCOUNT,LOW,2026-09-08 17:11:00,OPEN,32.4,326.7
4979,44,ACCOUNT,LOW,2026-08-16 06:42:00,RESOLVED,2.4,155.0
4980,791,ACCOUNT,LOW,2026-09-04 11:34:00,RESOLVED,1.9,77.4
4981,3083,REFUND,MEDIUM,2026-08-22 20:13:00,PENDING,72.4,143.3
4982,3736,PAYMENT,LOW,2026-09-02 09:27:00,OPEN,15.1,150.5
4983,2087,DELIVERY,MEDIUM,2026-09-01 16:00:00,OPEN,7.4,241.3
4984,7690,REFUND,HIGH,2026-08-10 11:15:00,RESOLVED,9.9,294.7
4985,4470,REFUND,LOW,2026-08-31 22:52:00,PENDING,33.9,343.7
4986,2583,DELIVERY,MEDIUM,2026-08-08 04:56:00,RESOLVED,15.6,201.3
4987,6738,DELIVERY,HIGH,2026-08-21 06:26:00,OPEN,4.8,139.0
4988,4534,REFUND,MEDIUM,2026-08-25 02:36:00,RESOLVED,1.3,290.4
4989,7788,DELIVERY,LOW,2026-08-03 07:46:00,RESOLVED,16.9,215.3
4990,5004,PRODUCT,LOW,2026-08-22 10:04:00,RESOLVED,9.5,292.1
4991,7495,REFUND,HIGH,2026-08-09 11:35:00,OPEN,16.9,276.8
4992,8533,REFUND,HIGH,2026-08-29 20:02:00,RESOLVED,34.5,447.0
4993,794,DELIVERY,LOW,2026-08-19 21:45:00,RESOLVED,24.6,124.9
4994,1216,PAYMENT,MEDIUM,2026-08-05 16:46:00,RESOLVED,44.9,345.2
4995,7307,DELIVERY,LOW,2026-09-09 21:37:00,OPEN,4.8,88.7
4996,5505,PAYMENT,LOW,2026-08-12 10:38:00,PENDING,15.9,462.0
4997,2408,ACCOUNT,HIGH,2026-08-22 23:54:00,PENDING,60.4,362.4
4998,308,PRODUCT,MEDIUM,2026-08-27 21:20:00,RESOLVED,4.0,212.8
4999,9555,DELIVERY,LOW,2026-09-02 11:22:00,RESOLVED,10.6,187.7
5000,934,DELIVERY,MEDIUM,2026-08-25 11:24:00,RESOLVED,18.4,56.6
5001,4627,ACCOUNT,HIGH,2026-08-27 09:15:00,RESOLVED,1.3,81.0
5002,2208,ACCOUNT,HIGH,2026-08-14 22:40:00,RESOLVED,39.1,210.1
5003,3956,REFUND,MEDIUM,2026-08-13 21:22:00,OPEN,65.9,249.5
5004,7198,PAYMENT,HIGH,2026-08-06 22:09:00,RESOLVED,15.4,110.1
5005,5092,REFUND,HIGH,2026-09-09 08:47:00,OPEN,22.6,241.7
5006,412,PAYMENT,CRITICAL,2026-09-04 07:33:00,RESOLVED,15.7,106.4
5007,873,REFUND,MEDIUM,2026-08-10 03:46:00,RESOLVED,31.4,314.6
5008,9451,ACCOUNT,MEDIUM,2026-09-03 05:53:00,PENDING,21.7,337.7
5009,2520,PAYMENT,HIGH,2026-08-28 02:09:00,RESOLVED,60.8,488.1
5010,4277,DELIVERY,MEDIUM,2026-08-06 20:21:00,RESOLVED,19.1,188.5
5011,7855,REFUND,MEDIUM,2026-08-10 18:12:00,RESOLVED,35.9,190.2
5012,8387,ACCOUNT,HIGH,2026-08-30 23:19:00,RESOLVED,20.1,171.7
5013,2842,REFUND,CRITICAL,2026-09-08 23:51:00,PENDING,6.6,249.8
5014,2219,ACCOUNT,MEDIUM,2026-08-06 16:14:00,RESOLVED,37.8,277.8
5015,4375,PRODUCT,MEDIUM,2026-09-07 18:19:00,RESOLVED,5.4,199.6
5016,3379,ACCOUNT,HIGH,2026-08-19 01:22:00,RESOLVED,29.4,591.7
5017,7011,DELIVERY,MEDIUM,2026-09-06 09:50:00,RESOLVED,18.3,224.7
5018,7271,REFUND,MEDIUM,2026-08-19 15:28:00,PENDING,17.9,263.3
5019,2602,ACCOUNT,LOW,2026-08-12 14:21:00,RESOLVED,36.1,399.3
5020,3792,DELIVERY,LOW,2026-08-17 01:44:00,RESOLVED,42.5,714.3
5021,7307,DELIVERY,LOW,2026-08-21 03:23:00,OPEN,29.5,367.0
5022,5075,DELIVERY,MEDIUM,2026-08-14 16:28:00,RESOLVED,49.0,303.1
5023,5511,DELIVERY,HIGH,2026-08-12 01:19:00,RESOLVED,14.9,568.9
5024,8093,PRODUCT,LOW,2026-08-19 16:51:00,PENDING,15.5,178.6
5025,6518,REFUND,LOW,2026-08-13 00:37:00,OPEN,4.1,61.8
5026,6511,DELIVERY,MEDIUM,2026-08-29 11:16:00,PENDING,15.6,221.3
5027,4817,PRODUCT,LOW,2026-08-12 07:59:00,RESOLVED,13.0,170.1
5028,8359,REFUND,HIGH,2026-08-14 05:48:00,RESOLVED,19.0,325.1
5029,230,DELIVERY,LOW,2026-09-01 22:35:00,RESOLVED,21.5,128.9
5030,865,ACCOUNT,HIGH,2026-08-24 04:55:00,RESOLVED,20.7,262.9
5031,6765,PAYMENT,MEDIUM,2026-09-02 23:36:00,PENDING,12.5,175.2
5032,6081,PAYMENT,CRITICAL,2026-08-15 08:16:00,RESOLVED,20.4,122.5
5033,2798,ACCOUNT,MEDIUM,2026-09-01 08:30:00,RESOLVED,21.0,411.0
5034,6013,REFUND,CRITICAL,2026-09-08 20:14:00,RESOLVED,38.1,321.4
5035,1071,PAYMENT,MEDIUM,2026-08-01 05:18:00,RESOLVED,5.7,299.2
5036,6071,PRODUCT,MEDIUM,2026-08-28 08:23:00,RESOLVED,14.1,292.1
5037,3613,DELIVERY,LOW,2026-09-07 00:11:00,PENDING,9.9,389.3
5038,5889,REFUND,MEDIUM,2026-09-04 02:10:00,RESOLVED,39.3,214.7
5039,3409,DELIVERY,LOW,2026-08-16 19:32:00,PENDING,3.4,302.4
5040,7239,PAYMENT,HIGH,2026-08-18 06:48:00,PENDING,41.6,182.0
5041,1117,PRODUCT,MEDIUM,2026-08-13 06:28:00,RESOLVED,7.9,188.1
5042,8441,DELIVERY,MEDIUM,2026-08-11 06:05:00,RESOLVED,43.0,125.6
5043,4948,DELIVERY,LOW,2026-09-02 02:13:00,OPEN,10.3,492.9
5044,2296,PAYMENT,LOW,2026-08-04 03:49:00,RESOLVED,29.2,452.1
5045,9622,REFUND,MEDIUM,2026-08-18 09:35:00,OPEN,9.6,657.9
5046,1046,DELIVERY,MEDIUM,2026-09-02 16:22:00,RESOLVED,23.7,134.8
5047,5371,PRODUCT,MEDIUM,2026-08-29 01:42:00,RESOLVED,22.7,338.6
5048,740,PRODUCT,CRITICAL,2026-08-28 22:12:00,RESOLVED,11.2,67.8
5049,8996,PAYMENT,LOW,2026-08-20 00:21:00,RESOLVED,18.3,203.1
5050,1585,REFUND,MEDIUM,2026-09-02 20:22:00,RESOLVED,12.9,143.2
5051,2519,DELIVERY,LOW,2026-08-15 20:30:00,PENDING,9.0,585.3
5052,6560,REFUND,MEDIUM,2026-08-28 03:58:00,RESOLVED,88.7,205.6
5053,8848,PAYMENT,MEDIUM,2026-08-02 06:22:00,OPEN,1.3,228.0
5054,4165,ACCOUNT,MEDIUM,2026-08-02 12:16:00,RESOLVED,25.0,163.3
5055,2603,DELIVERY,HIGH,2026-08-12 00:02:00,PENDING,14.1,200.7
5056,3495,ACCOUNT,LOW,2026-08-17 23:51:00,RESOLVED,13.8,167.4
5057,9176,PAYMENT,LOW,2026-08-13 07:30:00,RESOLVED,14.7,277.5
5058,9100,PAYMENT,LOW,2026-08-14 06:15:00,RESOLVED,21.9,115.8
5059,1226,REFUND,MEDIUM,2026-08-04 14:47:00,RESOLVED,65.0,605.4
5060,9002,ACCOUNT,LOW,2026-08-18 08:11:00,RESOLVED,24.6,332.1
5061,8410,DELIVERY,MEDIUM,2026-08-04 19:59:00,RESOLVED,12.5,189.7
5062,5389,REFUND,MEDIUM,2026-08-27 17:17:00,PENDING,12.9,189.1
5063,2556,REFUND,MEDIUM,2026-09-01 15:12:00,RESOLVED,4.4,387.6
5064,4586,PAYMENT,MEDIUM,2026-08-23 15:35:00,OPEN,10.4,233.7
5065,7753,PAYMENT,HIGH,2026-08-13 22:17:00,RESOLVED,24.8,319.3
5066,2705,ACCOUNT,CRITICAL,2026-08-26 10:12:00,OPEN,29.3,187.6
5067,3440,DELIVERY,MEDIUM,2026-09-04 09:11:00,RESOLVED,76.7,432.0
5068,4600,PAYMENT,HIGH,2026-08-09 10:03:00,RESOLVED,26.6,277.9
5069,674,PAYMENT,HIGH,2026-08-09 00:32:00,OPEN,14.0,137.6
5070,4110,REFUND,LOW,2026-08-20 20:21:00,RESOLVED,19.9,276.1
5071,1340,DELIVERY,MEDIUM,2026-08-18 02:57:00,RESOLVED,40.2,463.0
5072,70,ACCOUNT,MEDIUM,2026-08-10 09:45:00,OPEN,33.3,213.9
5073,3872,REFUND,HIGH,2026-08-13 19:07:00,PENDING,14.3,296.2
5074,7586,DELIVERY,HIGH,2026-08-21 10:40:00,PENDING,14.3,250.7
5075,9827,PAYMENT,MEDIUM,2026-09-07 04:39:00,RESOLVED,44.0,277.0
5076,4386,DELIVERY,MEDIUM,2026-08-12 19:13:00,RESOLVED,15.9,210.8
5077,7539,PRODUCT,MEDIUM,2026-08-07 02:02:00,RESOLVED,10.1,152.4
5078,2229,PRODUCT,MEDIUM,2026-08-09 16:27:00,RESOLVED,29.9,139.4
5079,6366,REFUND,MEDIUM,2026-08-24 17:49:00,OPEN,38.5,219.4
5080,6663,DELIVERY,MEDIUM,2026-09-07 14:42:00,PENDING,11.0,237.7
5081,3324,DELIVERY,HIGH,2026-09-06 15:19:00,RESOLVED,40.8,138.1
5082,4477,DELIVERY,MEDIUM,2026-08-11 17:17:00,RESOLVED,56.4,497.2
5083,6701,PAYMENT,LOW,2026-08-13 03:55:00,RESOLVED,32.4,161.5
5084,3138,REFUND,LOW,2026-08-26 00:53:00,RESOLVED,3.5,51.7
5085,6038,PRODUCT,MEDIUM,2026-08-10 07:32:00,OPEN,18.6,165.6
5086,2309,REFUND,MEDIUM,2026-08-26 01:21:00,RESOLVED,48.4,477.8
5087,5356,PRODUCT,MEDIUM,2026-09-05 06:16:00,RESOLVED,39.2,285.0
5088,592,PAYMENT,MEDIUM,2026-08-24 01:37:00,RESOLVED,0.7,122.2
5089,4465,PAYMENT,HIGH,2026-08-30 12:01:00,RESOLVED,24.1,241.0
5090,5031,PRODUCT,HIGH,2026-08-29 18:01:00,RESOLVED,25.9,108.2
5091,8273,PAYMENT,MEDIUM,2026-08-07 19:24:00,OPEN,39.1,165.4
5092,3755,PAYMENT,MEDIUM,2026-08-25 08:01:00,RESOLVED,9.3,206.2
5093,62,PAYMENT,MEDIUM,2026-08-10 23:35:00,PENDING,30.4,577.4
5094,404,PRODUCT,MEDIUM,2026-09-03 23:38:00,RESOLVED,35.1,613.0
5095,5394,REFUND,LOW,2026-08-30 01:09:00,RESOLVED,17.1,268.5
5096,8125,DELIVERY,MEDIUM,2026-08-02 00:27:00,RESOLVED,16.5,169.6
5097,8905,PAYMENT,MEDIUM,2026-08-12 07:08:00,RESOLVED,46.0,223.8
5098,8083,REFUND,MEDIUM,2026-08-03 22:49:00,RESOLVED,16.7,277.8
5099,3400,ACCOUNT,HIGH,2026-08-16 14:08:00,RESOLVED,12.4,166.9
5100,4901,ACCOUNT,LOW,2026-08-23 03:57:00,RESOLVED,5.9,160.1
5101,8883,REFUND,LOW,2026-09-07 21:29:00,RESOLVED,23.4,144.3
5102,8390,PAYMENT,HIGH,2026-08-16 23:40:00,OPEN,15.0,167.8
5103,4539,PAYMENT,MEDIUM,2026-08-19 09:12:00,RESOLVED,15.3,185.5
5104,4811,REFUND,LOW,2026-08-09 11:33:00,OPEN,21.3,150.2
5105,694,DELIVERY,MEDIUM,2026-08-24 12:24:00,RESOLVED,42.2,301.4
5106,1690,ACCOUNT,LOW,2026-08-15 02:39:00,OPEN,37.9,153.3
5107,5293,PRODUCT,MEDIUM,2026-08-29 18:39:00,RESOLVED,33.7,432.2
5108,5176,PAYMENT,LOW,2026-08-26 23:27:00,RESOLVED,13.0,273.1
5109,5750,DELIVERY,CRITICAL,2026-08-05 11:57:00,RESOLVED,28.8,351.5
5110,3126,PAYMENT,LOW,2026-09-04 03:01:00,PENDING,4.7,372.0
5111,2269,REFUND,MEDIUM,2026-08-13 07:04:00,RESOLVED,24.4,211.3
5112,4524,REFUND,MEDIUM,2026-08-08 06:16:00,RESOLVED,11.6,321.9
5113,8788,ACCOUNT,LOW,2026-08-26 16:29:00,PENDING,22.8,311.3
5114,9707,PRODUCT,LOW,2026-08-12 16:37:00,OPEN,14.9,228.9
5115,525,REFUND,LOW,2026-08-21 02:32:00,RESOLVED,19.6,80.7
5116,3556,REFUND,LOW,2026-08-06 14:25:00,RESOLVED,2.5,175.3
5117,5213,PRODUCT,HIGH,2026-09-02 05:37:00,PENDING,82.8,161.4
5118,2159,PRODUCT,HIGH,2026-09-09 20:45:00,RESOLVED,23.1,257.2
5119,3533,ACCOUNT,MEDIUM,2026-08-15 00:12:00,RESOLVED,41.6,294.3
5120,1286,PRODUCT,MEDIUM,2026-08-01 19:06:00,OPEN,26.6,219.3
5121,4639,PAYMENT,MEDIUM,2026-08-29 19:13:00,RESOLVED,2.5,132.1
5122,8840,PRODUCT,LOW,2026-08-07 07:25:00,OPEN,23.9,156.3
5123,9287,REFUND,MEDIUM,2026-08-20 10:28:00,RESOLVED,3.5,34.5
5124,150,DELIVERY,CRITICAL,2026-08-16 09:23:00,RESOLVED,12.7,346.4
5125,6367,DELIVERY,LOW,2026-08-05 22:32:00,RESOLVED,19.9,211.8
5126,9075,DELIVERY,LOW,2026-08-08 22:58:00,RESOLVED,15.9,625.7
5127,7681,ACCOUNT,LOW,2026-09-04 14:13:00,RESOLVED,6.0,268.8
5128,618,ACCOUNT,MEDIUM,2026-08-28 04:59:00,RESOLVED,6.0,375.6
5129,3898,REFUND,HIGH,2026-08-13 01:50:00,OPEN,37.0,156.9
5130,7527,ACCOUNT,MEDIUM,2026-08-01 21:56:00,PENDING,42.3,475.1
5131,9797,PRODUCT,LOW,2026-08-07 12:55:00,RESOLVED,30.3,103.6
5132,2937,DELIVERY,LOW,2026-08-21 14:14:00,RESOLVED,44.5,213.0
5133,2832,REFUND,HIGH,2026-08-30 08:11:00,RESOLVED,82.7,400.6
5134,2500,REFUND,MEDIUM,2026-08-08 20:47:00,OPEN,24.8,253.7
5135,8950,ACCOUNT,LOW,2026-08-28 20:18:00,RESOLVED,37.8,101.7
5136,1800,PRODUCT,LOW,2026-08-26 06:40:00,PENDING,18.0,143.9
5137,3661,REFUND,LOW,2026-08-03 17:52:00,OPEN,9.2,189.6
5138,1346,ACCOUNT,CRITICAL,2026-08-05 16:34:00,RESOLVED,3.9,103.4
5139,9397,REFUND,MEDIUM,2026-08-07 12:52:00,RESOLVED,56.0,360.9
5140,663,ACCOUNT,LOW,2026-08-08 21:34:00,RESOLVED,9.8,288.3
5141,5073,PRODUCT,HIGH,2026-08-01 16:20:00,OPEN,0.6,72.2
5142,1551,PRODUCT,CRITICAL,2026-09-03 04:48:00,OPEN,12.5,303.6
5143,4072,DELIVERY,LOW,2026-09-04 08:06:00,RESOLVED,19.1,89.6
5144,5885,DELIVERY,LOW,2026-09-06 00:02:00,RESOLVED,82.2,240.8
5145,6984,ACCOUNT,CRITICAL,2026-09-05 05:07:00,RESOLVED,24.3,309.8
5146,5697,PRODUCT,LOW,2026-08-15 10:53:00,RESOLVED,14.7,409.7
5147,4274,REFUND,LOW,2026-08-16 13:01:00,RESOLVED,38.8,164.9
5148,2811,ACCOUNT,MEDIUM,2026-08-24 12:04:00,PENDING,20.0,88.5
5149,8028,REFUND,HIGH,2026-09-07 05:07:00,PENDING,17.6,189.9
5150,6799,REFUND,MEDIUM,2026-08-28 00:22:00,RESOLVED,30.2,95.2
5151,6720,REFUND,LOW,2026-08-25 03:01:00,RESOLVED,15.7,359.7
5152,7697,PAYMENT,MEDIUM,2026-08-31 10:25:00,PENDING,59.0,317.1
5153,2204,PRODUCT,HIGH,2026-09-04 09:41:00,RESOLVED,56.6,187.5
5154,9802,DELIVERY,LOW,2026-08-22 10:17:00,RESOLVED,40.7,341.0
5155,9195,ACCOUNT,LOW,2026-08-31 17:36:00,OPEN,10.6,101.3
5156,4398,REFUND,MEDIUM,2026-08-24 03:28:00,OPEN,17.0,163.1
5157,2040,ACCOUNT,LOW,2026-08-30 22:59:00,RESOLVED,35.0,263.5
5158,3746,ACCOUNT,MEDIUM,2026-09-01 08:14:00,RESOLVED,16.7,223.4
5159,3888,PAYMENT,LOW,2026-08-29 15:54:00,PENDING,15.3,488.8
5160,9732,DELIVERY,HIGH,2026-08-22 20:33:00,RESOLVED,25.5,89.4
5161,2888,PAYMENT,LOW,2026-09-05 12:40:00,RESOLVED,10.0,87.7
5162,9422,PRODUCT,LOW,2026-08-22 12:20:00,OPEN,18.4,457.2
5163,2311,ACCOUNT,LOW,2026-08-14 23:45:00,RESOLVED,13.2,648.9
5164,9270,DELIVERY,LOW,2026-08-12 07:41:00,OPEN,7.2,352.5
5165,9302,PRODUCT,MEDIUM,2026-08-14 03:17:00,RESOLVED,28.1,129.5
5166,6088,REFUND,MEDIUM,2026-09-03 12:40:00,PENDING,8.2,192.8
5167,1077,PRODUCT,HIGH,2026-09-08 05:49:00,PENDING,5.5,214.2
5168,6178,PAYMENT,MEDIUM,2026-08-18 16:09:00,RESOLVED,4.2,322.7
5169,9114,ACCOUNT,MEDIUM,2026-08-13 03:42:00,RESOLVED,29.0,149.0
5170,9280,DELIVERY,HIGH,2026-08-23 02:36:00,PENDING,7.9,140.9
5171,4575,PAYMENT,LOW,2026-08-16 03:01:00,RESOLVED,9.9,113.3
5172,4799,PRODUCT,MEDIUM,2026-08-26 07:07:00,RESOLVED,39.4,464.9
5173,3842,REFUND,MEDIUM,2026-08-03 02:10:00,RESOLVED,3.5,50.0
5174,2135,REFUND,LOW,2026-08-22 15:02:00,PENDING,15.2,81.0
5175,6536,REFUND,MEDIUM,2026-08-09 14:09:00,OPEN,10.7,212.0
5176,9853,PRODUCT,CRITICAL,2026-08-18 16:41:00,RESOLVED,36.6,554.6
5177,2673,REFUND,LOW,2026-08-25 15:47:00,RESOLVED,14.2,222.4
5178,8421,ACCOUNT,MEDIUM,2026-08-20 10:06:00,RESOLVED,10.1,242.6
5179,959,REFUND,MEDIUM,2026-09-08 05:45:00,RESOLVED,16.4,255.9
5180,561,PAYMENT,MEDIUM,2026-08-04 23:56:00,OPEN,20.5,282.8
5181,9008,ACCOUNT,LOW,2026-08-16 22:26:00,RESOLVED,4.4,332.7
5182,1125,DELIVERY,LOW,2026-09-02 21:23:00,RESOLVED,10.4,160.3
5183,4140,REFUND,LOW,2026-08-14 11:26:00,RESOLVED,37.0,562.1
5184,8822,ACCOUNT,HIGH,2026-08-04 05:38:00,RESOLVED,14.9,272.4
5185,3489,REFUND,LOW,2026-08-25 06:24:00,RESOLVED,41.9,318.5
5186,3011,REFUND,MEDIUM,2026-09-09 11:33:00,RESOLVED,55.1,279.9
5187,408,DELIVERY,LOW,2026-09-06 18:00:00,OPEN,42.6,83.1
5188,6964,DELIVERY,LOW,2026-09-08 19:01:00,RESOLVED,45.3,296.6
5189,3202,DELIVERY,MEDIUM,2026-08-17 05:58:00,OPEN,20.3,241.7
5190,1179,ACCOUNT,MEDIUM,2026-09-05 07:02:00,OPEN,8.1,276.1
5191,4748,PAYMENT,MEDIUM,2026-08-01 05:53:00,RESOLVED,39.1,172.5
5192,1706,REFUND,MEDIUM,2026-08-04 01:33:00,PENDING,48.4,308.3
5193,8488,ACCOUNT,MEDIUM,2026-08-31 03:35:00,RESOLVED,26.8,186.4
5194,7474,PRODUCT,LOW,2026-08-02 00:53:00,RESOLVED,12.9,535.9
5195,9798,REFUND,LOW,2026-08-24 23:47:00,RESOLVED,12.9,98.7
5196,9793,REFUND,LOW,2026-08-25 16:38:00,PENDING,46.6,270.6
5197,8372,REFUND,MEDIUM,2026-08-08 19:04:00,RESOLVED,6.6,271.0
5198,5022,PRODUCT,LOW,2026-08-07 14:47:00,RESOLVED,2.5,247.0
5199,1703,PRODUCT,MEDIUM,2026-08-07 16:28:00,RESOLVED,28.4,141.0
5200,430,PRODUCT,LOW,2026-09-07 14:58:00,RESOLVED,18.8,365.4
5201,916,PAYMENT,MEDIUM,2026-08-09 08:40:00,OPEN,37.7,118.9
5202,2344,PAYMENT,MEDIUM,2026-08-27 06:55:00,PENDING,21.7,157.6
5203,8830,ACCOUNT,CRITICAL,2026-09-04 06:44:00,OPEN,28.9,300.0
5204,2128,PAYMENT,HIGH,2026-09-04 08:42:00,RESOLVED,38.3,247.6
5205,928,PRODUCT,CRITICAL,2026-08-12 01:27:00,RESOLVED,35.0,101.6
5206,9353,REFUND,MEDIUM,2026-09-09 18:23:00,PENDING,23.3,537.7
5207,4356,PAYMENT,CRITICAL,2026-08-15 09:54:00,RESOLVED,59.0,116.1
5208,4192,DELIVERY,LOW,2026-09-07 12:46:00,RESOLVED,49.7,80.7
5209,3017,PAYMENT,MEDIUM,2026-08-12 01:51:00,RESOLVED,43.6,453.2
5210,9477,ACCOUNT,MEDIUM,2026-08-05 04:58:00,RESOLVED,17.9,272.8
5211,3482,PRODUCT,MEDIUM,2026-08-24 00:06:00,RESOLVED,16.2,200.6
5212,8596,ACCOUNT,LOW,2026-09-09 07:13:00,RESOLVED,6.5,238.1
5213,9922,REFUND,MEDIUM,2026-08-29 16:18:00,RESOLVED,29.5,307.8
5214,4509,PRODUCT,CRITICAL,2026-08-03 19:27:00,PENDING,19.2,244.3
5215,7007,PRODUCT,MEDIUM,2026-09-02 09:51:00,PENDING,60.2,253.0
5216,249,PRODUCT,LOW,2026-09-01 03:17:00,RESOLVED,53.6,345.0
5217,7817,PRODUCT,LOW,2026-09-08 04:15:00,RESOLVED,8.4,161.1
5218,9730,PAYMENT,LOW,2026-08-30 23:21:00,RESOLVED,4.4,605.2
5219,1952,REFUND,HIGH,2026-08-17 11:03:00,OPEN,10.4,392.8
5220,101,PAYMENT,MEDIUM,2026-08-09 12:26:00,OPEN,63.2,171.6
5221,440,REFUND,LOW,2026-09-08 07:30:00,OPEN,82.5,314.1
5222,8562,PRODUCT,HIGH,2026-08-16 06:58:00,RESOLVED,34.9,230.4
5223,2439,ACCOUNT,MEDIUM,2026-08-22 20:43:00,RESOLVED,37.0,454.8
5224,4133,DELIVERY,HIGH,2026-08-26 05:24:00,RESOLVED,6.4,382.7
5225,3361,PRODUCT,HIGH,2026-09-09 12:05:00,RESOLVED,21.7,377.9
5226,3014,PAYMENT,MEDIUM,2026-08-20 21:43:00,RESOLVED,62.8,240.1
5227,1655,DELIVERY,CRITICAL,2026-09-04 23:37:00,PENDING,11.3,231.3
5228,4084,REFUND,HIGH,2026-08-29 03:42:00,RESOLVED,32.4,298.1
5229,9244,ACCOUNT,LOW,2026-08-08 19:46:00,RESOLVED,37.0,333.9
5230,3570,REFUND,LOW,2026-08-06 05:48:00,RESOLVED,10.6,216.8
5231,8015,DELIVERY,CRITICAL,2026-08-26 09:37:00,RESOLVED,30.1,173.5
5232,6892,PRODUCT,MEDIUM,2026-08-17 06:48:00,PENDING,3.7,82.5
5233,7974,REFUND,MEDIUM,2026-08-02 12:39:00,RESOLVED,14.9,262.9
5234,5728,REFUND,HIGH,2026-08-29 16:36:00,RESOLVED,16.6,257.1
5235,3714,DELIVERY,MEDIUM,2026-09-07 13:30:00,RESOLVED,16.4,150.6
5236,2570,PRODUCT,MEDIUM,2026-08-01 07:42:00,RESOLVED,16.5,97.3
5237,2802,ACCOUNT,LOW,2026-09-07 09:57:00,RESOLVED,48.1,206.8
5238,5276,ACCOUNT,HIGH,2026-08-27 00:18:00,RESOLVED,13.9,183.3
5239,4042,DELIVERY,HIGH,2026-09-08 08:07:00,RESOLVED,109.2,439.1
5240,4050,ACCOUNT,HIGH,2026-08-22 15:13:00,RESOLVED,15.7,395.3
5241,3690,PRODUCT,HIGH,2026-08-15 10:34:00,OPEN,6.6,359.2
5242,9207,ACCOUNT,LOW,2026-09-06 23:54:00,RESOLVED,12.3,218.4
5243,6434,DELIVERY,MEDIUM,2026-08-24 12:43:00,RESOLVED,40.8,106.2
5244,8924,ACCOUNT,LOW,2026-09-08 11:40:00,PENDING,22.1,125.0
5245,9282,REFUND,LOW,2026-08-11 09:20:00,RESOLVED,25.8,133.1
5246,6174,REFUND,HIGH,2026-08-28 13:29:00,RESOLVED,14.7,302.3
5247,918,ACCOUNT,LOW,2026-08-24 21:20:00,RESOLVED,5.6,117.8
5248,9654,PRODUCT,MEDIUM,2026-08-22 13:14:00,RESOLVED,2.2,293.2
5249,4783,PAYMENT,HIGH,2026-09-03 07:51:00,RESOLVED,11.0,302.0
5250,3752,PRODUCT,HIGH,2026-08-22 05:22:00,RESOLVED,17.0,225.0
5251,4136,REFUND,LOW,2026-09-02 10:57:00,OPEN,16.0,262.1
5252,880,ACCOUNT,LOW,2026-08-18 18:48:00,RESOLVED,13.3,146.3
5253,6643,DELIVERY,MEDIUM,2026-08-07 18:44:00,RESOLVED,18.9,133.9
5254,477,PAYMENT,MEDIUM,2026-09-01 03:16:00,RESOLVED,39.4,326.5
5255,7208,DELIVERY,HIGH,2026-08-26 17:04:00,RESOLVED,13.1,254.8
5256,8335,PAYMENT,MEDIUM,2026-08-14 08:56:00,RESOLVED,31.4,126.7
5257,4222,PAYMENT,LOW,2026-08-01 08:50:00,RESOLVED,18.2,386.8
5258,3835,ACCOUNT,MEDIUM,2026-08-10 16:28:00,RESOLVED,68.1,162.0
5259,6732,ACCOUNT,MEDIUM,2026-08-17 22:23:00,PENDING,27.7,309.9
5260,8603,PRODUCT,HIGH,2026-08-18 15:49:00,RESOLVED,6.5,255.3
5261,957,ACCOUNT,LOW,2026-08-30 10:37:00,RESOLVED,14.6,568.6
5262,4588,DELIVERY,MEDIUM,2026-08-14 07:17:00,RESOLVED,22.2,185.0
5263,3230,PAYMENT,MEDIUM,2026-08-04 04:05:00,RESOLVED,31.7,428.9
5264,112,PAYMENT,MEDIUM,2026-09-02 13:39:00,RESOLVED,22.7,313.9
5265,85,DELIVERY,MEDIUM,2026-08-14 23:18:00,RESOLVED,7.6,215.9
5266,5287,PAYMENT,MEDIUM,2026-08-12 00:11:00,OPEN,14.1,103.6
5267,7638,DELIVERY,MEDIUM,2026-08-31 03:01:00,RESOLVED,22.1,138.1
5268,5946,PRODUCT,LOW,2026-08-17 01:57:00,OPEN,36.0,139.7
5269,2488,REFUND,LOW,2026-08-20 21:07:00,RESOLVED,62.6,301.8
5270,4516,ACCOUNT,LOW,2026-08-11 19:19:00,RESOLVED,32.8,267.8
5271,9658,REFUND,LOW,2026-09-05 11:32:00,RESOLVED,38.8,140.6
5272,8381,PRODUCT,MEDIUM,2026-08-22 12:44:00,RESOLVED,10.2,154.9
5273,1199,PRODUCT,LOW,2026-08-13 12:33:00,RESOLVED,39.3,277.1
5274,6441,ACCOUNT,LOW,2026-08-13 05:52:00,RESOLVED,34.9,257.5
5275,6248,REFUND,CRITICAL,2026-08-18 06:44:00,RESOLVED,23.3,212.7
5276,3648,REFUND,MEDIUM,2026-08-26 01:36:00,RESOLVED,47.3,101.8
5277,3646,PRODUCT,HIGH,2026-08-10 19:05:00,RESOLVED,23.5,197.8
5278,7191,DELIVERY,MEDIUM,2026-09-02 06:02:00,RESOLVED,22.0,497.9
5279,9349,PAYMENT,LOW,2026-08-14 23:07:00,RESOLVED,20.1,34.0
5280,3197,REFUND,MEDIUM,2026-08-30 23:42:00,RESOLVED,38.4,110.5
5281,9272,ACCOUNT,MEDIUM,2026-09-06 16:25:00,RESOLVED,12.4,269.0
5282,8386,PAYMENT,LOW,2026-08-13 01:31:00,RESOLVED,25.0,157.6
5283,527,PRODUCT,LOW,2026-08-21 07:22:00,RESOLVED,44.6,133.9
5284,2802,ACCOUNT,LOW,2026-08-23 14:51:00,RESOLVED,7.7,483.8
5285,4410,DELIVERY,LOW,2026-08-30 22:25:00,RESOLVED,17.5,132.8
5286,6667,PRODUCT,LOW,2026-08-16 07:21:00,RESOLVED,12.5,307.1
5287,2267,PRODUCT,LOW,2026-08-30 07:06:00,RESOLVED,15.4,205.3
5288,4151,PAYMENT,MEDIUM,2026-08-27 00:11:00,RESOLVED,8.8,312.1
5289,927,DELIVERY,LOW,2026-08-14 04:55:00,RESOLVED,7.8,217.2
5290,1012,PAYMENT,HIGH,2026-09-04 20:40:00,OPEN,12.8,156.1
5291,4350,DELIVERY,LOW,2026-08-02 12:38:00,RESOLVED,5.8,186.0
5292,6298,ACCOUNT,MEDIUM,2026-09-03 14:38:00,PENDING,14.2,90.3
5293,4524,DELIVERY,HIGH,2026-08-15 06:37:00,RESOLVED,54.7,112.7
5294,3831,DELIVERY,MEDIUM,2026-09-05 11:44:00,RESOLVED,2.7,102.1
5295,4979,DELIVERY,LOW,2026-08-10 19:09:00,RESOLVED,25.3,102.0
5296,6343,REFUND,LOW,2026-08-17 02:33:00,RESOLVED,7.9,343.9
5297,7141,DELIVERY,LOW,2026-08-05 03:50:00,PENDING,13.8,150.3
5298,5400,PRODUCT,LOW,2026-09-02 10:51:00,RESOLVED,9.1,582.8
5299,919,DELIVERY,MEDIUM,2026-08-29 02:31:00,RESOLVED,6.7,400.9
5300,416,PRODUCT,MEDIUM,2026-08-16 01:34:00,RESOLVED,17.4,187.3
5301,3430,PAYMENT,MEDIUM,2026-08-25 00:21:00,RESOLVED,9.5,217.4
5302,2050,REFUND,CRITICAL,2026-08-05 01:31:00,OPEN,34.5,372.8
5303,5369,PAYMENT,HIGH,2026-08-26 13:14:00,RESOLVED,12.1,238.6
5304,7005,DELIVERY,LOW,2026-08-24 13:12:00,RESOLVED,87.1,624.8
5305,2521,PAYMENT,MEDIUM,2026-09-04 19:05:00,RESOLVED,15.0,153.9
5306,4677,PAYMENT,LOW,2026-08-24 20:37:00,RESOLVED,27.0,184.0
5307,2185,PRODUCT,HIGH,2026-08-13 12:17:00,RESOLVED,38.9,218.6
5308,4665,DELIVERY,MEDIUM,2026-08-31 10:28:00,OPEN,16.7,134.8
5309,3781,DELIVERY,MEDIUM,2026-08-31 03:22:00,OPEN,33.1,82.4
5310,24,DELIVERY,MEDIUM,2026-09-03 14:50:00,RESOLVED,11.6,228.9
5311,6653,ACCOUNT,MEDIUM,2026-08-27 09:34:00,RESOLVED,13.7,246.5
5312,3028,REFUND,LOW,2026-09-05 19:26:00,RESOLVED,27.6,244.4
5313,7479,REFUND,MEDIUM,2026-08-25 14:34:00,RESOLVED,18.8,267.5
5314,6695,DELIVERY,HIGH,2026-08-29 02:02:00,RESOLVED,43.7,201.9
5315,1951,REFUND,MEDIUM,2026-09-07 01:20:00,RESOLVED,18.1,296.2
5316,8870,PAYMENT,LOW,2026-08-26 01:37:00,RESOLVED,69.8,219.9
5317,224,ACCOUNT,MEDIUM,2026-08-24 17:01:00,RESOLVED,30.6,240.2
5318,5741,PRODUCT,MEDIUM,2026-08-01 14:57:00,RESOLVED,57.7,284.1
5319,8026,ACCOUNT,MEDIUM,2026-08-10 05:41:00,RESOLVED,7.9,209.8
5320,5407,DELIVERY,LOW,2026-08-05 13:01:00,RESOLVED,13.9,471.3
5321,5576,PAYMENT,MEDIUM,2026-08-12 18:37:00,OPEN,15.4,206.4
5322,4704,PAYMENT,LOW,2026-08-06 14:25:00,RESOLVED,17.8,58.2
5323,601,DELIVERY,MEDIUM,2026-08-25 20:06:00,RESOLVED,20.0,450.7
5324,6785,PAYMENT,MEDIUM,2026-08-11 08:47:00,RESOLVED,105.1,355.7
5325,9529,PAYMENT,HIGH,2026-08-10 11:55:00,PENDING,38.9,212.0
5326,7982,DELIVERY,HIGH,2026-09-05 17:30:00,RESOLVED,7.5,175.4
5327,588,ACCOUNT,HIGH,2026-08-18 10:44:00,PENDING,56.2,589.7
5328,2207,PRODUCT,HIGH,2026-08-30 01:01:00,RESOLVED,14.5,209.4
5329,8327,ACCOUNT,LOW,2026-08-03 09:14:00,PENDING,18.8,406.9
5330,7140,DELIVERY,MEDIUM,2026-08-26 07:54:00,RESOLVED,13.7,326.3
5331,3666,DELIVERY,MEDIUM,2026-09-05 05:42:00,RESOLVED,29.4,373.2
5332,2439,ACCOUNT,HIGH,2026-08-05 23:26:00,RESOLVED,6.7,138.2
5333,4624,ACCOUNT,HIGH,2026-08-08 03:30:00,OPEN,77.9,381.2
5334,318,PRODUCT,LOW,2026-08-27 04:54:00,RESOLVED,11.2,136.6
5335,896,REFUND,LOW,2026-08-25 19:16:00,PENDING,19.1,125.4
5336,747,REFUND,HIGH,2026-08-30 04:56:00,OPEN,12.0,159.4
5337,8251,PRODUCT,LOW,2026-08-11 06:56:00,OPEN,4.9,448.5
5338,466,ACCOUNT,LOW,2026-08-13 07:38:00,PENDING,3.5,102.1
5339,5527,PRODUCT,CRITICAL,2026-08-04 00:24:00,PENDING,37.0,420.0
5340,2802,PAYMENT,CRITICAL,2026-08-10 17:58:00,PENDING,26.9,95.6
5341,7566,ACCOUNT,LOW,2026-08-26 16:27:00,PENDING,14.4,254.2
5342,1272,REFUND,LOW,2026-08-28 11:03:00,RESOLVED,26.5,130.3
5343,9104,DELIVERY,MEDIUM,2026-08-23 12:25:00,RESOLVED,10.2,381.2
5344,853,REFUND,LOW,2026-08-05 19:34:00,RESOLVED,13.4,260.5
5345,8466,PAYMENT,LOW,2026-09-04 13:16:00,RESOLVED,9.1,366.7
5346,1476,PRODUCT,LOW,2026-08-24 06:21:00,RESOLVED,6.2,309.5
5347,297,PRODUCT,HIGH,2026-08-02 09:59:00,RESOLVED,8.8,185.8
5348,382,PRODUCT,MEDIUM,2026-09-09 00:19:00,RESOLVED,8.4,117.2
5349,7810,REFUND,LOW,2026-08-24 10:13:00,RESOLVED,25.7,348.1
5350,3436,PRODUCT,MEDIUM,2026-08-01 23:40:00,RESOLVED,19.0,168.8
5351,4167,DELIVERY,LOW,2026-08-17 05:44:00,OPEN,15.7,490.4
5352,8229,ACCOUNT,HIGH,2026-08-08 07:08:00,OPEN,22.9,88.3
5353,2617,PAYMENT,LOW,2026-08-01 05:12:00,RESOLVED,10.9,131.7
5354,5538,ACCOUNT,LOW,2026-08-22 04:57:00,RESOLVED,7.1,355.4
5355,2986,ACCOUNT,MEDIUM,2026-08-01 20:17:00,RESOLVED,10.3,569.0
5356,650,DELIVERY,LOW,2026-08-03 20:07:00,OPEN,21.6,52.3
5357,9937,DELIVERY,LOW,2026-08-20 19:24:00,PENDING,11.1,90.4
5358,3750,ACCOUNT,HIGH,2026-08-29 07:27:00,RESOLVED,18.8,187.9
5359,8473,PAYMENT,HIGH,2026-08-15 09:26:00,RESOLVED,16.6,350.5
5360,4299,DELIVERY,HIGH,2026-08-04 05:30:00,PENDING,13.7,411.7
5361,8672,PRODUCT,MEDIUM,2026-08-29 13:01:00,RESOLVED,4.6,373.8
5362,1725,ACCOUNT,LOW,2026-08-08 15:56:00,RESOLVED,12.0,767.7
5363,5401,PRODUCT,CRITICAL,2026-08-10 15:44:00,RESOLVED,23.5,288.5
5364,3731,REFUND,MEDIUM,2026-08-22 21:48:00,RESOLVED,36.2,247.4
5365,9925,REFUND,MEDIUM,2026-08-08 16:38:00,OPEN,34.6,225.4
5366,3368,REFUND,MEDIUM,2026-09-02 14:46:00,RESOLVED,32.5,231.7
5367,7716,PAYMENT,MEDIUM,2026-09-01 23:46:00,RESOLVED,6.2,172.4
5368,4939,PAYMENT,MEDIUM,2026-08-15 16:15:00,PENDING,44.4,293.1
5369,4008,REFUND,HIGH,2026-08-30 07:53:00,RESOLVED,9.4,214.5
5370,6973,DELIVERY,HIGH,2026-08-03 06:07:00,RESOLVED,12.9,312.3
5371,6448,DELIVERY,HIGH,2026-09-02 22:16:00,RESOLVED,21.1,79.3
5372,4789,ACCOUNT,HIGH,2026-08-14 21:55:00,RESOLVED,41.7,398.3
5373,554,ACCOUNT,MEDIUM,2026-09-08 04:11:00,RESOLVED,8.6,348.8
5374,740,DELIVERY,LOW,2026-08-03 22:43:00,RESOLVED,102.9,381.3
5375,5987,REFUND,MEDIUM,2026-08-09 04:46:00,RESOLVED,17.3,111.5
5376,553,PAYMENT,MEDIUM,2026-08-08 12:49:00,RESOLVED,17.0,187.7
5377,6058,PAYMENT,LOW,2026-08-25 19:32:00,PENDING,19.7,233.8
5378,8880,ACCOUNT,MEDIUM,2026-08-19 17:26:00,PENDING,35.4,113.9
5379,7893,PRODUCT,MEDIUM,2026-08-02 06:49:00,RESOLVED,32.0,201.9
5380,6948,PRODUCT,MEDIUM,2026-09-05 05:37:00,RESOLVED,7.5,494.5
5381,2737,PRODUCT,MEDIUM,2026-08-14 19:45:00,RESOLVED,27.4,200.6
5382,6572,PRODUCT,HIGH,2026-09-05 17:49:00,PENDING,27.9,271.5
5383,1834,ACCOUNT,LOW,2026-08-15 06:41:00,RESOLVED,47.1,257.4
5384,9133,ACCOUNT,HIGH,2026-08-29 03:58:00,RESOLVED,3.0,412.6
5385,901,PAYMENT,LOW,2026-09-08 12:27:00,PENDING,50.7,136.3
5386,5416,DELIVERY,MEDIUM,2026-09-03 16:38:00,RESOLVED,43.2,158.9
5387,4864,ACCOUNT,HIGH,2026-08-28 14:22:00,RESOLVED,40.2,305.8
5388,738,REFUND,HIGH,2026-08-22 09:28:00,RESOLVED,57.6,266.7
5389,1866,REFUND,LOW,2026-09-02 10:50:00,RESOLVED,44.3,350.5
5390,7144,DELIVERY,HIGH,2026-09-08 05:19:00,RESOLVED,29.4,132.9
5391,5958,PRODUCT,HIGH,2026-08-20 23:46:00,RESOLVED,17.4,683.7
5392,1623,DELIVERY,LOW,2026-09-03 09:14:00,RESOLVED,7.2,231.7
5393,1406,ACCOUNT,MEDIUM,2026-08-01 06:11:00,OPEN,9.3,214.0
5394,6662,REFUND,HIGH,2026-08-27 06:47:00,PENDING,52.5,462.8
5395,6607,DELIVERY,LOW,2026-09-08 06:47:00,RESOLVED,15.0,170.0
5396,4008,PRODUCT,MEDIUM,2026-08-10 08:35:00,OPEN,17.2,258.1
5397,203,REFUND,MEDIUM,2026-09-02 07:16:00,RESOLVED,26.3,391.2
5398,283,REFUND,MEDIUM,2026-08-31 10:37:00,RESOLVED,15.2,249.8
5399,1510,DELIVERY,MEDIUM,2026-08-07 00:46:00,RESOLVED,25.6,267.3
5400,556,PRODUCT,LOW,2026-09-05 00:04:00,RESOLVED,16.7,440.7
5401,5567,REFUND,LOW,2026-08-25 03:04:00,RESOLVED,21.8,421.3
5402,3927,PRODUCT,HIGH,2026-08-20 03:28:00,RESOLVED,25.8,632.5
5403,2174,REFUND,MEDIUM,2026-08-11 23:52:00,RESOLVED,11.9,153.6
5404,5946,PAYMENT,MEDIUM,2026-08-15 12:56:00,PENDING,26.2,311.0
5405,7045,PAYMENT,MEDIUM,2026-08-20 15:58:00,RESOLVED,15.1,97.4
5406,1709,PAYMENT,LOW,2026-08-15 14:12:00,RESOLVED,61.9,118.1
5407,6251,ACCOUNT,LOW,2026-08-18 18:42:00,OPEN,2.8,242.3
5408,1068,DELIVERY,MEDIUM,2026-08-31 02:06:00,OPEN,44.5,160.4
5409,6000,REFUND,LOW,2026-08-09 02:56:00,RESOLVED,15.3,295.2
5410,3763,PRODUCT,LOW,2026-09-08 00:00:00,RESOLVED,34.2,114.9
5411,1098,ACCOUNT,MEDIUM,2026-08-14 23:08:00,RESOLVED,16.8,423.6
5412,8042,PAYMENT,HIGH,2026-08-17 00:28:00,RESOLVED,29.7,383.6
5413,1827,DELIVERY,LOW,2026-08-17 19:21:00,RESOLVED,26.2,201.4
5414,7841,ACCOUNT,MEDIUM,2026-08-05 06:12:00,RESOLVED,16.9,147.2
5415,3653,PRODUCT,MEDIUM,2026-08-22 11:39:00,RESOLVED,9.9,341.0
5416,6842,PAYMENT,HIGH,2026-08-02 16:25:00,RESOLVED,4.2,98.7
5417,7072,REFUND,LOW,2026-09-02 15:55:00,RESOLVED,27.3,196.5
5418,4254,PRODUCT,HIGH,2026-09-03 06:20:00,RESOLVED,35.9,396.8
5419,6669,REFUND,CRITICAL,2026-08-13 17:46:00,RESOLVED,4.5,279.6
5420,4420,REFUND,LOW,2026-08-13 10:19:00,RESOLVED,19.7,289.3
5421,6063,PRODUCT,LOW,2026-08-11 00:13:00,RESOLVED,7.4,152.7
5422,2260,REFUND,MEDIUM,2026-09-02 22:06:00,RESOLVED,32.4,437.0
5423,4254,ACCOUNT,LOW,2026-09-09 01:21:00,RESOLVED,2.9,215.0
5424,1372,PAYMENT,LOW,2026-08-05 15:15:00,RESOLVED,9.9,335.3
5425,4158,PAYMENT,HIGH,2026-08-06 10:34:00,RESOLVED,15.2,61.2
5426,159,PRODUCT,MEDIUM,2026-08-02 13:51:00,RESOLVED,22.3,388.1
5427,4097,PRODUCT,MEDIUM,2026-08-18 09:00:00,RESOLVED,19.4,242.5
5428,8602,PAYMENT,MEDIUM,2026-08-13 09:13:00,RESOLVED,45.0,219.1
5429,3614,REFUND,MEDIUM,2026-08-16 22:09:00,RESOLVED,51.4,506.7
5430,4962,ACCOUNT,HIGH,2026-08-13 15:02:00,RESOLVED,36.5,348.9
5431,8562,PRODUCT,HIGH,2026-08-23 00:10:00,OPEN,15.7,75.2
5432,31,DELIVERY,HIGH,2026-09-09 21:36:00,RESOLVED,20.8,376.8
5433,6707,PRODUCT,MEDIUM,2026-09-08 23:04:00,RESOLVED,13.7,377.5
5434,5292,ACCOUNT,HIGH,2026-08-10 13:14:00,RESOLVED,17.0,441.5
5435,3432,PAYMENT,HIGH,2026-09-03 16:29:00,OPEN,49.7,104.4
5436,2584,ACCOUNT,MEDIUM,2026-08-30 15:42:00,PENDING,59.8,131.4
5437,5928,REFUND,LOW,2026-09-06 08:59:00,RESOLVED,40.1,148.9
5438,4274,REFUND,MEDIUM,2026-09-06 20:06:00,RESOLVED,25.7,202.3
5439,3953,PAYMENT,MEDIUM,2026-08-05 00:59:00,OPEN,21.2,237.4
5440,6725,DELIVERY,LOW,2026-09-01 07:17:00,OPEN,24.0,202.3
5441,3996,DELIVERY,LOW,2026-08-31 08:46:00,RESOLVED,21.9,344.7
5442,8098,PAYMENT,LOW,2026-09-08 23:16:00,RESOLVED,40.3,118.0
5443,2849,DELIVERY,LOW,2026-08-31 03:37:00,RESOLVED,27.5,256.2
5444,7005,DELIVERY,MEDIUM,2026-08-07 16:44:00,RESOLVED,18.8,149.9
5445,5634,PAYMENT,MEDIUM,2026-08-14 09:43:00,PENDING,34.3,684.7
5446,8963,REFUND,MEDIUM,2026-08-28 08:09:00,RESOLVED,20.0,232.4
5447,4004,DELIVERY,MEDIUM,2026-08-13 21:36:00,PENDING,12.0,136.8
5448,2348,PAYMENT,MEDIUM,2026-08-21 21:09:00,OPEN,10.4,278.9
5449,3986,REFUND,HIGH,2026-08-25 02:38:00,RESOLVED,4.6,525.5
5450,6614,PRODUCT,MEDIUM,2026-09-04 19:11:00,RESOLVED,83.4,200.1
5451,4299,PAYMENT,MEDIUM,2026-08-06 15:34:00,RESOLVED,28.9,146.8
5452,8899,DELIVERY,HIGH,2026-08-30 17:14:00,RESOLVED,24.8,163.6
5453,1559,PRODUCT,LOW,2026-09-06 21:53:00,RESOLVED,7.2,448.0
5454,3085,ACCOUNT,MEDIUM,2026-09-01 03:50:00,RESOLVED,8.7,115.4
5455,9833,PRODUCT,HIGH,2026-08-01 01:20:00,RESOLVED,24.7,198.8
5456,7995,DELIVERY,LOW,2026-08-16 10:51:00,RESOLVED,17.6,89.6
5457,769,PAYMENT,LOW,2026-08-22 08:02:00,PENDING,7.2,521.5
5458,9403,DELIVERY,MEDIUM,2026-08-28 01:49:00,RESOLVED,9.3,149.4
5459,4259,DELIVERY,MEDIUM,2026-09-01 23:05:00,RESOLVED,13.5,480.3
5460,6439,DELIVERY,HIGH,2026-09-05 06:01:00,RESOLVED,24.5,373.1
5461,168,ACCOUNT,HIGH,2026-09-02 15:53:00,RESOLVED,12.5,365.6
5462,1643,ACCOUNT,LOW,2026-08-08 21:18:00,RESOLVED,14.7,535.8
5463,6986,PAYMENT,MEDIUM,2026-08-27 13:28:00,PENDING,3.2,122.3
5464,2609,ACCOUNT,HIGH,2026-08-02 06:09:00,RESOLVED,24.5,535.8
5465,1177,PAYMENT,MEDIUM,2026-08-06 07:40:00,RESOLVED,11.9,216.8
5466,6800,DELIVERY,MEDIUM,2026-08-13 11:02:00,RESOLVED,49.4,316.1
5467,2173,ACCOUNT,LOW,2026-08-26 07:32:00,PENDING,47.0,335.0
5468,8662,PRODUCT,HIGH,2026-09-04 12:36:00,RESOLVED,25.5,98.5
5469,1787,PRODUCT,MEDIUM,2026-08-30 12:42:00,RESOLVED,31.9,354.7
5470,238,DELIVERY,LOW,2026-08-19 14:13:00,OPEN,53.8,124.5
5471,3906,ACCOUNT,LOW,2026-08-04 13:57:00,PENDING,33.7,381.4
5472,3264,DELIVERY,HIGH,2026-08-11 06:41:00,RESOLVED,22.2,302.1
5473,6385,DELIVERY,MEDIUM,2026-08-27 01:12:00,RESOLVED,10.3,240.3
5474,2336,DELIVERY,LOW,2026-09-06 10:20:00,RESOLVED,27.5,100.6
5475,9808,ACCOUNT,MEDIUM,2026-08-05 18:22:00,RESOLVED,9.5,175.1
5476,4221,ACCOUNT,HIGH,2026-08-02 16:31:00,OPEN,53.5,209.1
5477,7091,DELIVERY,MEDIUM,2026-08-21 17:51:00,RESOLVED,9.2,268.9
5478,7685,PAYMENT,MEDIUM,2026-09-02 06:17:00,RESOLVED,17.4,365.0
5479,8841,PAYMENT,LOW,2026-08-09 17:37:00,RESOLVED,6.8,229.2
5480,5029,PAYMENT,LOW,2026-09-01 23:07:00,RESOLVED,3.8,149.5
5481,2275,REFUND,HIGH,2026-09-09 19:00:00,OPEN,49.4,204.5
5482,5183,DELIVERY,LOW,2026-08-21 18:15:00,OPEN,18.0,414.1
5483,4257,DELIVERY,LOW,2026-08-29 00:14:00,OPEN,63.4,369.6
5484,6091,ACCOUNT,LOW,2026-08-11 13:16:00,PENDING,31.8,253.9
5485,2363,PRODUCT,LOW,2026-08-29 01:26:00,RESOLVED,8.5,546.6
5486,5157,ACCOUNT,MEDIUM,2026-08-18 09:10:00,PENDING,86.3,647.9
5487,9577,ACCOUNT,HIGH,2026-09-02 00:37:00,RESOLVED,19.1,215.7
5488,6883,REFUND,LOW,2026-08-15 03:59:00,RESOLVED,49.3,172.0
5489,9575,DELIVERY,LOW,2026-08-23 21:59:00,RESOLVED,21.1,166.9
5490,1071,PRODUCT,MEDIUM,2026-08-06 16:00:00,RESOLVED,10.7,674.9
5491,6538,REFUND,HIGH,2026-08-27 10:20:00,RESOLVED,25.8,321.1
5492,229,PRODUCT,HIGH,2026-08-24 19:15:00,RESOLVED,50.2,386.0
5493,2031,ACCOUNT,CRITICAL,2026-08-15 13:45:00,RESOLVED,23.8,551.9
5494,8268,ACCOUNT,LOW,2026-08-08 19:51:00,RESOLVED,18.8,359.8
5495,1011,REFUND,MEDIUM,2026-09-08 01:39:00,RESOLVED,28.2,108.1
5496,4790,PAYMENT,MEDIUM,2026-09-09 20:16:00,RESOLVED,40.5,477.5
5497,699,PRODUCT,LOW,2026-08-20 23:25:00,RESOLVED,39.1,435.8
5498,2985,REFUND,MEDIUM,2026-08-23 23:26:00,PENDING,27.5,306.0
5499,1236,PAYMENT,MEDIUM,2026-08-26 10:56:00,RESOLVED,27.3,193.5
5500,4544,REFUND,MEDIUM,2026-08-05 16:16:00,RESOLVED,15.2,311.0
5501,6430,PAYMENT,LOW,2026-08-10 22:55:00,RESOLVED,19.2,169.1
5502,6501,PRODUCT,LOW,2026-08-25 14:00:00,RESOLVED,17.5,315.7
5503,9325,ACCOUNT,MEDIUM,2026-08-25 19:28:00,RESOLVED,33.4,146.2
5504,1218,PAYMENT,LOW,2026-08-16 04:55:00,PENDING,39.5,130.1
5505,4005,REFUND,LOW,2026-08-21 03:38:00,PENDING,14.8,221.9
5506,5237,DELIVERY,MEDIUM,2026-08-08 10:14:00,RESOLVED,26.7,104.8
5507,862,PRODUCT,LOW,2026-08-30 04:07:00,RESOLVED,6.2,489.3
5508,1108,ACCOUNT,LOW,2026-08-12 21:18:00,RESOLVED,25.2,430.4
5509,3104,PAYMENT,LOW,2026-09-09 15:18:00,PENDING,1.5,439.9
5510,8596,ACCOUNT,LOW,2026-08-11 05:40:00,RESOLVED,9.4,223.3
5511,5863,PAYMENT,LOW,2026-08-02 16:54:00,RESOLVED,6.8,431.0
5512,5624,PAYMENT,HIGH,2026-08-24 07:23:00,RESOLVED,2.1,215.6
5513,5511,DELIVERY,HIGH,2026-08-07 04:31:00,RESOLVED,13.6,78.6
5514,8109,PAYMENT,LOW,2026-08-12 00:39:00,OPEN,40.3,254.9
5515,5449,PAYMENT,MEDIUM,2026-08-21 23:23:00,RESOLVED,3.9,364.0
5516,7211,PAYMENT,LOW,2026-08-02 22:01:00,PENDING,27.9,354.4
5517,3095,PAYMENT,LOW,2026-08-10 01:50:00,RESOLVED,44.8,425.7
5518,8153,PAYMENT,HIGH,2026-09-02 17:13:00,RESOLVED,49.9,147.8
5519,324,PRODUCT,CRITICAL,2026-08-11 13:19:00,RESOLVED,13.8,217.4
5520,3419,DELIVERY,LOW,2026-08-12 10:00:00,RESOLVED,13.2,582.5
5521,2502,PAYMENT,HIGH,2026-08-18 13:59:00,RESOLVED,10.0,180.3
5522,1395,PAYMENT,LOW,2026-08-13 04:28:00,RESOLVED,43.1,395.4
5523,5370,REFUND,HIGH,2026-09-07 22:30:00,RESOLVED,21.0,344.9
5524,8917,PAYMENT,MEDIUM,2026-08-18 07:58:00,RESOLVED,11.0,108.0
5525,1625,PRODUCT,MEDIUM,2026-08-09 18:42:00,RESOLVED,8.1,649.0
5526,8847,ACCOUNT,HIGH,2026-09-01 17:33:00,RESOLVED,25.5,326.0
5527,8572,REFUND,MEDIUM,2026-08-01 20:03:00,PENDING,10.2,291.7
5528,8833,DELIVERY,CRITICAL,2026-08-25 14:30:00,RESOLVED,26.6,485.1
5529,62,REFUND,MEDIUM,2026-08-20 07:22:00,RESOLVED,18.3,59.1
5530,9893,REFUND,CRITICAL,2026-08-04 12:10:00,PENDING,74.4,132.4
5531,4276,DELIVERY,HIGH,2026-08-10 17:46:00,RESOLVED,12.1,207.6
5532,5962,PAYMENT,MEDIUM,2026-08-19 09:16:00,PENDING,23.1,50.4
5533,3049,PAYMENT,MEDIUM,2026-08-02 03:06:00,RESOLVED,23.8,227.8
5534,5125,ACCOUNT,HIGH,2026-08-31 06:25:00,RESOLVED,24.5,419.1
5535,5502,PRODUCT,MEDIUM,2026-09-02 07:30:00,RESOLVED,10.1,162.8
5536,7974,PAYMENT,LOW,2026-08-02 15:06:00,PENDING,6.5,500.0
5537,3415,PRODUCT,LOW,2026-08-16 08:25:00,RESOLVED,20.8,127.5
5538,1102,REFUND,LOW,2026-08-02 14:47:00,RESOLVED,40.0,107.2
5539,5866,DELIVERY,LOW,2026-08-07 13:12:00,RESOLVED,23.0,291.5
5540,7831,PAYMENT,LOW,2026-08-29 01:54:00,RESOLVED,11.6,531.3
5541,157,PAYMENT,MEDIUM,2026-08-13 19:02:00,RESOLVED,54.2,278.9
5542,8123,REFUND,MEDIUM,2026-08-21 01:29:00,RESOLVED,14.1,90.9
5543,8036,ACCOUNT,LOW,2026-08-11 15:30:00,PENDING,28.9,117.7
5544,5772,PAYMENT,LOW,2026-08-07 13:13:00,RESOLVED,10.2,629.5
5545,9482,PAYMENT,LOW,2026-09-04 00:20:00,PENDING,33.0,186.4
5546,3880,PRODUCT,MEDIUM,2026-08-27 19:26:00,RESOLVED,11.8,422.9
5547,1335,REFUND,MEDIUM,2026-09-04 13:49:00,RESOLVED,8.4,220.0
5548,6563,PAYMENT,HIGH,2026-08-04 06:31:00,RESOLVED,29.4,337.3
5549,6099,ACCOUNT,MEDIUM,2026-08-09 10:25:00,RESOLVED,12.7,178.7
5550,9151,PRODUCT,HIGH,2026-08-18 18:51:00,PENDING,19.0,154.7
5551,2244,ACCOUNT,LOW,2026-09-09 21:35:00,OPEN,11.2,172.7
5552,1580,DELIVERY,HIGH,2026-09-02 19:04:00,RESOLVED,7.7,260.0
5553,6792,PRODUCT,MEDIUM,2026-08-21 16:06:00,RESOLVED,17.7,87.3
5554,3112,PRODUCT,CRITICAL,2026-08-08 02:02:00,RESOLVED,16.4,163.5
5555,1850,ACCOUNT,MEDIUM,2026-09-08 07:19:00,OPEN,23.7,595.8
5556,6715,ACCOUNT,HIGH,2026-08-24 14:02:00,OPEN,21.1,282.0
5557,1854,DELIVERY,HIGH,2026-09-01 05:17:00,RESOLVED,26.9,196.2
5558,8333,PAYMENT,HIGH,2026-08-15 19:56:00,RESOLVED,5.4,306.8
5559,3112,ACCOUNT,MEDIUM,2026-08-31 09:48:00,RESOLVED,12.7,361.9
5560,6521,ACCOUNT,LOW,2026-09-05 17:36:00,RESOLVED,27.6,109.4
5561,5773,DELIVERY,MEDIUM,2026-08-17 22:21:00,RESOLVED,38.7,446.2
5562,5909,PAYMENT,HIGH,2026-08-26 20:44:00,RESOLVED,46.8,169.4
5563,3042,REFUND,CRITICAL,2026-09-01 05:08:00,RESOLVED,38.1,152.2
5564,858,PRODUCT,HIGH,2026-08-15 08:49:00,RESOLVED,9.8,406.0
5565,6395,PAYMENT,MEDIUM,2026-08-27 03:42:00,RESOLVED,21.7,425.9
5566,4338,REFUND,HIGH,2026-08-20 13:38:00,OPEN,10.2,81.8
5567,9770,PAYMENT,MEDIUM,2026-08-23 12:17:00,OPEN,24.0,335.9
5568,8902,ACCOUNT,MEDIUM,2026-08-22 00:59:00,RESOLVED,23.3,358.3
5569,745,REFUND,MEDIUM,2026-08-09 23:48:00,RESOLVED,38.0,363.0
5570,3617,REFUND,LOW,2026-09-09 09:02:00,RESOLVED,22.6,382.5
5571,4157,DELIVERY,MEDIUM,2026-08-13 14:43:00,RESOLVED,9.5,274.1
5572,3811,DELIVERY,LOW,2026-08-30 19:30:00,PENDING,2.7,393.2
5573,7234,DELIVERY,MEDIUM,2026-09-01 03:07:00,RESOLVED,72.7,238.3
5574,3576,DELIVERY,MEDIUM,2026-08-29 13:23:00,OPEN,24.7,146.9
5575,1529,PAYMENT,LOW,2026-08-09 07:26:00,OPEN,22.4,225.6
5576,3628,PAYMENT,MEDIUM,2026-09-09 08:20:00,RESOLVED,26.1,208.5
5577,7871,PRODUCT,LOW,2026-08-25 20:04:00,RESOLVED,20.9,378.6
5578,4048,PRODUCT,LOW,2026-08-07 03:04:00,RESOLVED,7.3,48.2
5579,2855,DELIVERY,LOW,2026-08-25 07:11:00,RESOLVED,17.0,187.7
5580,7734,PRODUCT,LOW,2026-08-19 16:28:00,RESOLVED,12.1,144.8
5581,660,PAYMENT,HIGH,2026-08-28 16:09:00,RESOLVED,39.4,365.9
5582,4551,DELIVERY,HIGH,2026-09-08 11:16:00,RESOLVED,30.5,223.9
5583,1032,PRODUCT,MEDIUM,2026-08-11 03:03:00,RESOLVED,32.5,180.2
5584,6071,PRODUCT,MEDIUM,2026-09-04 02:15:00,RESOLVED,3.1,304.8
5585,9000,PAYMENT,MEDIUM,2026-09-03 22:56:00,RESOLVED,48.7,284.4
5586,4425,DELIVERY,HIGH,2026-08-09 04:42:00,RESOLVED,6.7,550.1
5587,9817,DELIVERY,MEDIUM,2026-08-12 19:47:00,RESOLVED,11.3,170.4
5588,8739,PRODUCT,LOW,2026-08-17 20:35:00,RESOLVED,23.8,122.7
5589,7278,DELIVERY,HIGH,2026-08-12 11:40:00,OPEN,13.4,154.7
5590,1788,REFUND,MEDIUM,2026-08-08 12:23:00,RESOLVED,0.5,360.6
5591,329,PRODUCT,HIGH,2026-08-30 08:12:00,RESOLVED,6.1,127.3
5592,1230,PAYMENT,HIGH,2026-08-29 00:40:00,RESOLVED,40.6,374.2
5593,3482,ACCOUNT,MEDIUM,2026-08-30 21:47:00,RESOLVED,19.7,247.4
5594,4078,REFUND,HIGH,2026-08-25 16:37:00,RESOLVED,33.0,279.8
5595,2101,ACCOUNT,LOW,2026-08-08 11:52:00,RESOLVED,1.1,185.6
5596,9743,REFUND,MEDIUM,2026-08-24 05:58:00,RESOLVED,8.8,94.3
5597,7430,DELIVERY,MEDIUM,2026-08-22 10:40:00,RESOLVED,27.4,173.2
5598,6998,PRODUCT,HIGH,2026-09-06 02:56:00,RESOLVED,10.8,249.3
5599,6512,PRODUCT,MEDIUM,2026-09-05 02:19:00,RESOLVED,63.4,208.9
5600,6163,ACCOUNT,LOW,2026-08-05 00:22:00,PENDING,112.8,179.8
5601,8819,DELIVERY,LOW,2026-08-22 17:42:00,RESOLVED,17.3,480.4
5602,3904,PAYMENT,MEDIUM,2026-09-07 14:52:00,RESOLVED,18.0,354.1
5603,1405,PRODUCT,MEDIUM,2026-08-29 08:38:00,RESOLVED,13.5,261.9
5604,2952,PAYMENT,MEDIUM,2026-08-20 09:09:00,RESOLVED,32.8,417.6
5605,2289,REFUND,MEDIUM,2026-08-27 23:12:00,OPEN,20.7,153.6
5606,9566,REFUND,MEDIUM,2026-08-02 01:56:00,RESOLVED,67.6,246.1
5607,5671,DELIVERY,LOW,2026-08-20 21:27:00,RESOLVED,10.4,96.4
5608,4270,PRODUCT,LOW,2026-09-06 14:11:00,RESOLVED,26.5,180.5
5609,258,PRODUCT,HIGH,2026-08-18 22:17:00,RESOLVED,38.3,335.0
5610,7111,PAYMENT,MEDIUM,2026-09-07 05:57:00,RESOLVED,29.9,315.0
5611,6467,DELIVERY,MEDIUM,2026-09-01 22:28:00,RESOLVED,67.4,702.5
5612,8105,PRODUCT,MEDIUM,2026-09-07 17:59:00,RESOLVED,33.1,196.3
5613,1311,ACCOUNT,LOW,2026-08-06 19:34:00,PENDING,12.8,378.0
5614,6576,PRODUCT,LOW,2026-09-03 09:24:00,RESOLVED,61.6,584.1
5615,3620,DELIVERY,HIGH,2026-08-09 12:46:00,RESOLVED,17.0,152.5
5616,2327,PAYMENT,LOW,2026-08-12 03:17:00,RESOLVED,8.0,726.8
5617,2240,PAYMENT,LOW,2026-08-06 07:01:00,RESOLVED,43.1,348.1
5618,2880,ACCOUNT,MEDIUM,2026-08-12 11:00:00,RESOLVED,7.2,150.7
5619,7331,PAYMENT,HIGH,2026-08-26 18:20:00,PENDING,15.3,353.4
5620,230,DELIVERY,MEDIUM,2026-08-14 02:56:00,RESOLVED,27.8,194.0
5621,9474,PRODUCT,MEDIUM,2026-08-01 23:24:00,PENDING,2.9,341.6
5622,9694,PRODUCT,HIGH,2026-08-10 00:32:00,RESOLVED,11.4,146.5
5623,9679,REFUND,HIGH,2026-08-06 04:49:00,OPEN,5.3,168.4
5624,8347,PAYMENT,MEDIUM,2026-09-06 07:57:00,RESOLVED,21.0,265.9
5625,3238,DELIVERY,LOW,2026-08-31 03:29:00,RESOLVED,16.8,63.3
5626,4041,DELIVERY,MEDIUM,2026-08-22 09:25:00,RESOLVED,34.9,404.5
5627,1268,REFUND,HIGH,2026-09-04 01:43:00,PENDING,60.9,330.9
5628,8925,DELIVERY,MEDIUM,2026-08-11 15:32:00,RESOLVED,15.5,383.2
5629,7705,REFUND,CRITICAL,2026-09-06 06:51:00,OPEN,36.1,174.1
5630,1537,PRODUCT,MEDIUM,2026-08-31 21:21:00,RESOLVED,7.5,261.3
5631,9902,REFUND,LOW,2026-08-11 01:33:00,RESOLVED,44.8,203.7
5632,421,DELIVERY,MEDIUM,2026-08-26 02:35:00,RESOLVED,64.9,197.1
5633,7675,PRODUCT,HIGH,2026-09-08 09:12:00,RESOLVED,17.5,114.8
5634,1353,ACCOUNT,LOW,2026-08-16 04:06:00,OPEN,11.6,342.8
5635,7498,PAYMENT,MEDIUM,2026-08-09 15:21:00,OPEN,14.0,324.8
5636,8835,REFUND,MEDIUM,2026-09-06 13:36:00,RESOLVED,9.4,253.7
5637,9504,ACCOUNT,MEDIUM,2026-08-13 14:23:00,OPEN,30.9,351.6
5638,1605,REFUND,MEDIUM,2026-08-23 05:17:00,OPEN,25.0,331.2
5639,1645,DELIVERY,MEDIUM,2026-08-04 20:33:00,RESOLVED,8.3,179.9
5640,682,PRODUCT,HIGH,2026-08-26 03:03:00,PENDING,19.8,204.1
5641,8222,PRODUCT,LOW,2026-09-09 16:18:00,RESOLVED,19.1,126.5
5642,1856,REFUND,HIGH,2026-08-02 07:19:00,RESOLVED,11.5,172.4
5643,3907,REFUND,LOW,2026-08-12 07:58:00,RESOLVED,40.8,393.6
5644,4151,DELIVERY,LOW,2026-08-26 04:41:00,RESOLVED,22.9,416.8
5645,3508,PAYMENT,LOW,2026-08-24 19:32:00,RESOLVED,27.3,108.4
5646,4965,PAYMENT,LOW,2026-08-17 12:19:00,RESOLVED,31.1,277.7
5647,3489,REFUND,MEDIUM,2026-08-13 14:44:00,RESOLVED,37.1,91.0
5648,2360,PAYMENT,LOW,2026-08-30 22:07:00,PENDING,66.5,391.4
5649,3879,PRODUCT,LOW,2026-08-20 11:33:00,OPEN,27.7,162.5
5650,8058,PAYMENT,HIGH,2026-08-02 18:03:00,RESOLVED,21.7,243.3
5651,1180,PRODUCT,MEDIUM,2026-08-06 15:22:00,RESOLVED,48.3,283.5
5652,9599,PAYMENT,CRITICAL,2026-08-16 10:26:00,PENDING,20.5,56.3
5653,4099,PAYMENT,HIGH,2026-08-26 20:13:00,RESOLVED,54.4,455.4
5654,2909,PRODUCT,MEDIUM,2026-08-03 14:58:00,RESOLVED,9.6,215.1
5655,4449,DELIVERY,MEDIUM,2026-09-09 21:08:00,RESOLVED,38.8,151.8
5656,9311,ACCOUNT,HIGH,2026-09-07 06:05:00,PENDING,11.7,476.9
5657,8092,PRODUCT,MEDIUM,2026-08-03 17:32:00,RESOLVED,9.0,174.1
5658,8180,REFUND,MEDIUM,2026-08-17 19:04:00,RESOLVED,11.1,56.9
5659,2204,REFUND,LOW,2026-08-15 19:43:00,RESOLVED,4.3,159.9
5660,8861,PRODUCT,LOW,2026-08-06 13:37:00,RESOLVED,3.0,302.0
5661,7062,DELIVERY,HIGH,2026-08-21 14:55:00,RESOLVED,5.0,221.7
5662,597,DELIVERY,LOW,2026-08-30 17:29:00,RESOLVED,10.4,30.9
5663,4271,PRODUCT,LOW,2026-08-22 07:40:00,RESOLVED,24.4,141.6
5664,8341,PAYMENT,MEDIUM,2026-09-05 06:34:00,RESOLVED,10.2,284.7
5665,5325,DELIVERY,HIGH,2026-08-26 15:43:00,RESOLVED,68.7,517.0
5666,5860,REFUND,HIGH,2026-09-01 00:20:00,RESOLVED,3.4,195.5
5667,3748,PRODUCT,MEDIUM,2026-09-03 20:00:00,PENDING,42.1,186.1
5668,383,PAYMENT,LOW,2026-09-04 00:29:00,RESOLVED,28.7,74.9
5669,8856,PAYMENT,MEDIUM,2026-08-23 19:14:00,RESOLVED,11.4,213.7
5670,7537,DELIVERY,LOW,2026-09-03 21:01:00,RESOLVED,17.3,334.6
5671,2717,PRODUCT,LOW,2026-08-16 03:51:00,RESOLVED,57.7,204.0
5672,2418,DELIVERY,HIGH,2026-09-09 13:44:00,PENDING,18.5,307.2
5673,5182,REFUND,HIGH,2026-08-27 09:04:00,PENDING,8.2,292.2
5674,7971,REFUND,LOW,2026-08-15 12:49:00,RESOLVED,9.7,75.9
5675,869,PAYMENT,MEDIUM,2026-08-03 08:52:00,RESOLVED,16.2,70.0
5676,6260,REFUND,CRITICAL,2026-08-14 22:37:00,PENDING,69.7,190.2
5677,8470,ACCOUNT,MEDIUM,2026-08-20 06:50:00,RESOLVED,11.0,172.0
5678,4924,REFUND,LOW,2026-08-05 11:08:00,OPEN,46.7,459.1
5679,529,DELIVERY,LOW,2026-08-23 16:20:00,OPEN,13.1,165.7
5680,234,PAYMENT,MEDIUM,2026-09-04 07:14:00,RESOLVED,9.8,398.6
5681,1622,DELIVERY,MEDIUM,2026-08-13 14:57:00,RESOLVED,17.8,383.1
5682,8897,REFUND,MEDIUM,2026-09-07 05:18:00,RESOLVED,3.2,201.5
5683,4580,PAYMENT,LOW,2026-08-17 08:46:00,OPEN,30.0,154.3
5684,1476,PRODUCT,MEDIUM,2026-08-12 07:02:00,RESOLVED,19.4,108.3
5685,9049,PRODUCT,LOW,2026-09-03 11:30:00,RESOLVED,24.7,96.4
5686,8297,REFUND,LOW,2026-08-25 14:27:00,PENDING,50.6,427.8
5687,1470,ACCOUNT,LOW,2026-08-25 22:46:00,PENDING,16.2,79.3
5688,6882,DELIVERY,MEDIUM,2026-08-10 19:08:00,RESOLVED,17.7,168.6
5689,3307,REFUND,MEDIUM,2026-08-24 23:41:00,RESOLVED,33.6,358.6
5690,696,REFUND,LOW,2026-09-04 11:29:00,RESOLVED,7.2,92.4
5691,621,DELIVERY,HIGH,2026-08-08 19:04:00,RESOLVED,3.4,226.1
5692,5423,PAYMENT,LOW,2026-08-01 06:36:00,RESOLVED,6.0,138.3
5693,8436,DELIVERY,HIGH,2026-08-31 15:20:00,OPEN,7.9,153.2
5694,9618,PRODUCT,HIGH,2026-08-28 19:18:00,RESOLVED,44.5,250.9
5695,7055,ACCOUNT,LOW,2026-08-09 03:10:00,PENDING,18.3,76.4
5696,9229,PRODUCT,LOW,2026-08-22 17:13:00,PENDING,21.6,492.3
5697,2358,PRODUCT,LOW,2026-08-05 20:24:00,RESOLVED,24.3,165.1
5698,1463,REFUND,HIGH,2026-08-12 10:36:00,RESOLVED,46.7,202.0
5699,1107,PRODUCT,MEDIUM,2026-08-08 05:54:00,RESOLVED,20.1,257.7
5700,1732,PAYMENT,LOW,2026-09-06 22:06:00,RESOLVED,6.3,52.0
5701,7539,PAYMENT,LOW,2026-08-15 08:15:00,RESOLVED,21.3,292.3
5702,1537,PAYMENT,LOW,2026-08-20 04:22:00,OPEN,67.8,365.5
5703,4325,DELIVERY,MEDIUM,2026-08-10 14:25:00,RESOLVED,14.3,297.8
5704,7562,ACCOUNT,MEDIUM,2026-08-21 23:33:00,RESOLVED,51.9,148.3
5705,9270,ACCOUNT,MEDIUM,2026-08-23 06:20:00,RESOLVED,25.8,143.5
5706,1608,PRODUCT,LOW,2026-08-04 07:56:00,RESOLVED,52.6,156.7
5707,1867,PAYMENT,HIGH,2026-09-01 09:35:00,OPEN,11.7,112.5
5708,646,DELIVERY,HIGH,2026-08-17 11:23:00,RESOLVED,10.0,130.2
5709,1123,PRODUCT,MEDIUM,2026-08-19 16:58:00,RESOLVED,1.6,169.9
5710,3904,ACCOUNT,MEDIUM,2026-08-07 08:39:00,PENDING,15.0,283.0
5711,3146,DELIVERY,HIGH,2026-08-03 15:09:00,RESOLVED,8.5,101.2
5712,9669,REFUND,MEDIUM,2026-08-23 04:06:00,RESOLVED,12.7,482.4
5713,4444,ACCOUNT,LOW,2026-08-02 02:12:00,RESOLVED,27.0,226.6
5714,3083,ACCOUNT,MEDIUM,2026-08-24 03:15:00,PENDING,1.5,216.3
5715,4693,PAYMENT,LOW,2026-08-31 14:11:00,PENDING,28.7,117.7
5716,7243,REFUND,LOW,2026-08-10 18:21:00,OPEN,12.4,196.7
5717,3376,REFUND,HIGH,2026-08-12 10:23:00,RESOLVED,42.2,169.5
5718,1440,PAYMENT,HIGH,2026-09-07 17:42:00,RESOLVED,42.7,229.1
5719,4208,REFUND,MEDIUM,2026-08-19 07:12:00,RESOLVED,15.6,206.2
5720,6212,PAYMENT,HIGH,2026-08-13 02:42:00,RESOLVED,11.2,470.6
5721,3164,DELIVERY,HIGH,2026-09-05 10:54:00,PENDING,20.9,369.8
5722,5812,DELIVERY,MEDIUM,2026-08-27 04:03:00,RESOLVED,41.6,453.6
5723,3245,DELIVERY,HIGH,2026-08-24 21:40:00,RESOLVED,34.7,219.4
5724,9042,PRODUCT,HIGH,2026-09-09 03:57:00,RESOLVED,71.9,190.7
5725,8877,ACCOUNT,LOW,2026-08-25 04:27:00,RESOLVED,10.3,369.6
5726,7166,DELIVERY,HIGH,2026-09-02 03:29:00,RESOLVED,11.5,167.0
5727,8376,ACCOUNT,CRITICAL,2026-08-29 02:13:00,RESOLVED,43.9,122.2
5728,1208,DELIVERY,LOW,2026-08-30 20:21:00,RESOLVED,15.8,293.8
5729,6533,DELIVERY,MEDIUM,2026-08-28 08:35:00,PENDING,7.9,439.6
5730,4048,REFUND,LOW,2026-08-03 08:51:00,OPEN,11.2,438.3
5731,7775,REFUND,MEDIUM,2026-08-08 08:23:00,RESOLVED,22.7,272.9
5732,6,ACCOUNT,MEDIUM,2026-08-21 23:11:00,RESOLVED,65.3,331.5
5733,1878,DELIVERY,LOW,2026-08-29 08:35:00,PENDING,60.5,455.0
5734,2410,ACCOUNT,MEDIUM,2026-08-31 03:43:00,RESOLVED,40.8,125.8
5735,5572,ACCOUNT,MEDIUM,2026-09-02 05:56:00,RESOLVED,14.6,473.4
5736,9714,PAYMENT,LOW,2026-08-27 10:03:00,RESOLVED,14.0,200.3
5737,8963,PRODUCT,MEDIUM,2026-08-02 17:21:00,RESOLVED,63.8,280.1
5738,4558,PAYMENT,HIGH,2026-08-23 17:02:00,RESOLVED,12.5,255.6
5739,12,ACCOUNT,LOW,2026-08-29 10:07:00,OPEN,44.6,259.5
5740,8676,REFUND,MEDIUM,2026-09-06 20:11:00,RESOLVED,26.6,381.3
5741,5725,ACCOUNT,LOW,2026-08-25 10:39:00,PENDING,11.5,758.8
5742,238,PAYMENT,LOW,2026-08-23 09:10:00,RESOLVED,31.2,209.1
5743,6452,ACCOUNT,MEDIUM,2026-08-07 07:07:00,RESOLVED,28.0,460.5
5744,8801,ACCOUNT,LOW,2026-09-03 12:07:00,RESOLVED,2.6,267.8
5745,8709,ACCOUNT,MEDIUM,2026-08-17 06:21:00,RESOLVED,16.7,92.1
5746,8894,PRODUCT,LOW,2026-09-05 10:23:00,RESOLVED,22.3,323.1
5747,9756,PAYMENT,HIGH,2026-08-08 01:59:00,OPEN,25.2,339.7
5748,6535,PRODUCT,LOW,2026-09-01 10:46:00,RESOLVED,10.9,188.8
5749,6125,REFUND,HIGH,2026-08-12 22:53:00,RESOLVED,17.1,101.6
5750,1163,REFUND,MEDIUM,2026-08-06 23:52:00,RESOLVED,14.1,199.9
5751,6324,PRODUCT,LOW,2026-09-06 14:24:00,OPEN,14.8,324.6
5752,8761,PRODUCT,LOW,2026-09-01 00:03:00,RESOLVED,57.8,460.8
5753,8130,REFUND,MEDIUM,2026-09-04 14:21:00,RESOLVED,54.3,259.8
5754,8999,ACCOUNT,HIGH,2026-09-01 11:44:00,RESOLVED,6.1,651.8
5755,1701,PRODUCT,MEDIUM,2026-08-24 09:10:00,RESOLVED,19.7,159.7
5756,2011,ACCOUNT,MEDIUM,2026-08-27 22:44:00,RESOLVED,35.7,284.2
5757,8583,PAYMENT,HIGH,2026-08-03 00:09:00,RESOLVED,10.4,282.7
5758,9402,PAYMENT,LOW,2026-08-15 20:36:00,RESOLVED,19.4,209.7
5759,5262,PRODUCT,MEDIUM,2026-08-14 02:10:00,PENDING,7.5,92.8
5760,8811,DELIVERY,LOW,2026-08-12 13:26:00,RESOLVED,6.4,121.8
5761,6822,REFUND,HIGH,2026-08-15 04:44:00,RESOLVED,20.3,638.3
5762,2049,ACCOUNT,HIGH,2026-08-27 00:44:00,RESOLVED,6.2,59.0
5763,5068,PRODUCT,LOW,2026-08-25 19:51:00,RESOLVED,23.7,231.3
5764,3939,PAYMENT,LOW,2026-08-30 04:33:00,RESOLVED,21.6,495.5
5765,7900,DELIVERY,MEDIUM,2026-08-18 04:12:00,PENDING,27.2,171.6
5766,3367,DELIVERY,MEDIUM,2026-09-06 19:09:00,RESOLVED,5.8,156.5
5767,1756,PAYMENT,MEDIUM,2026-08-21 12:10:00,RESOLVED,3.7,87.7
5768,4983,DELIVERY,MEDIUM,2026-08-14 15:45:00,RESOLVED,78.0,156.3
5769,4947,DELIVERY,LOW,2026-09-05 14:50:00,RESOLVED,17.8,77.3
5770,8891,PAYMENT,MEDIUM,2026-08-12 13:31:00,RESOLVED,30.2,180.5
5771,82,ACCOUNT,LOW,2026-09-03 01:10:00,RESOLVED,20.8,320.5
5772,8744,ACCOUNT,MEDIUM,2026-08-30 15:46:00,RESOLVED,16.7,311.3
5773,2112,PAYMENT,LOW,2026-09-08 02:08:00,RESOLVED,21.4,269.1
5774,1757,ACCOUNT,LOW,2026-09-09 03:18:00,PENDING,10.4,190.7
5775,4183,PRODUCT,HIGH,2026-08-06 11:53:00,RESOLVED,19.3,453.5
5776,5512,ACCOUNT,MEDIUM,2026-08-12 14:51:00,OPEN,39.0,348.1
5777,9297,REFUND,MEDIUM,2026-08-20 22:29:00,RESOLVED,16.9,133.2
5778,5341,PAYMENT,HIGH,2026-08-11 23:20:00,PENDING,61.7,227.8
5779,1455,ACCOUNT,MEDIUM,2026-08-07 05:01:00,RESOLVED,27.9,182.3
5780,4504,ACCOUNT,HIGH,2026-09-05 17:57:00,RESOLVED,8.6,376.3
5781,9206,ACCOUNT,HIGH,2026-08-01 03:12:00,PENDING,31.0,229.1
5782,7148,DELIVERY,MEDIUM,2026-08-11 14:08:00,RESOLVED,42.7,407.4
5783,2178,PRODUCT,LOW,2026-09-04 09:56:00,RESOLVED,13.9,247.9
5784,6460,DELIVERY,LOW,2026-08-17 14:44:00,RESOLVED,24.4,254.4
5785,7337,REFUND,MEDIUM,2026-08-11 18:02:00,OPEN,5.8,196.8
5786,2752,DELIVERY,LOW,2026-09-09 16:21:00,RESOLVED,22.8,262.8
5787,5280,PRODUCT,LOW,2026-08-27 17:32:00,RESOLVED,13.3,240.1
5788,3482,PRODUCT,LOW,2026-09-02 00:46:00,RESOLVED,6.3,595.4
5789,1811,DELIVERY,LOW,2026-08-15 06:02:00,OPEN,14.0,49.8
5790,8884,ACCOUNT,MEDIUM,2026-08-10 23:50:00,RESOLVED,23.8,101.7
5791,3206,ACCOUNT,LOW,2026-08-18 06:22:00,PENDING,70.7,425.8
5792,3258,ACCOUNT,LOW,2026-09-08 02:20:00,RESOLVED,37.6,296.1
5793,1015,PAYMENT,MEDIUM,2026-08-24 18:29:00,RESOLVED,51.9,155.7
5794,4441,ACCOUNT,HIGH,2026-09-03 17:51:00,OPEN,43.3,496.9
5795,6438,ACCOUNT,MEDIUM,2026-09-07 19:49:00,RESOLVED,32.8,205.8
5796,9729,PAYMENT,HIGH,2026-09-08 23:05:00,PENDING,15.4,190.8
5797,7757,REFUND,LOW,2026-09-07 14:10:00,RESOLVED,25.4,306.6
5798,8573,PRODUCT,HIGH,2026-08-17 03:01:00,PENDING,8.2,792.6
5799,9873,DELIVERY,MEDIUM,2026-09-07 22:47:00,RESOLVED,25.0,245.8
5800,6990,REFUND,MEDIUM,2026-08-27 16:30:00,RESOLVED,25.2,125.8
5801,8573,DELIVERY,MEDIUM,2026-09-06 05:54:00,RESOLVED,17.8,230.0
5802,3041,PRODUCT,HIGH,2026-08-16 06:32:00,RESOLVED,18.0,282.6
5803,7152,DELIVERY,LOW,2026-08-01 08:44:00,RESOLVED,16.5,185.9
5804,6288,PRODUCT,MEDIUM,2026-08-18 16:25:00,RESOLVED,29.7,165.4
5805,4515,PAYMENT,HIGH,2026-08-12 23:29:00,OPEN,25.2,326.2
5806,6421,PAYMENT,MEDIUM,2026-08-27 20:21:00,RESOLVED,48.1,168.4
5807,7209,PRODUCT,LOW,2026-08-25 18:27:00,RESOLVED,55.1,589.4
5808,4116,DELIVERY,LOW,2026-08-17 14:05:00,PENDING,22.5,371.0
5809,8426,ACCOUNT,LOW,2026-08-27 18:20:00,RESOLVED,15.0,621.8
5810,362,REFUND,MEDIUM,2026-08-17 18:15:00,RESOLVED,15.6,140.7
5811,3241,ACCOUNT,MEDIUM,2026-08-30 11:06:00,OPEN,7.9,369.5
5812,3666,ACCOUNT,LOW,2026-08-22 16:08:00,RESOLVED,12.3,290.4
5813,8305,PAYMENT,HIGH,2026-08-12 06:12:00,RESOLVED,36.1,128.9
5814,5082,PAYMENT,MEDIUM,2026-08-05 06:57:00,RESOLVED,30.7,395.7
5815,9330,ACCOUNT,LOW,2026-08-05 00:06:00,RESOLVED,17.2,156.4
5816,9502,PAYMENT,LOW,2026-09-09 10:26:00,PENDING,46.2,246.4
5817,4586,REFUND,HIGH,2026-09-01 10:42:00,RESOLVED,20.2,254.9
5818,7275,ACCOUNT,HIGH,2026-09-03 01:52:00,RESOLVED,28.6,157.4
5819,2463,PAYMENT,CRITICAL,2026-08-26 12:41:00,RESOLVED,10.3,213.5
5820,1080,REFUND,MEDIUM,2026-08-20 07:07:00,RESOLVED,32.5,260.5
5821,4911,DELIVERY,HIGH,2026-09-03 01:50:00,PENDING,4.2,49.4
5822,3015,REFUND,LOW,2026-08-31 05:36:00,RESOLVED,18.9,278.8
5823,7309,REFUND,LOW,2026-08-11 06:02:00,OPEN,16.4,602.5
5824,5217,PRODUCT,LOW,2026-09-09 21:34:00,RESOLVED,23.5,447.5
5825,1356,PAYMENT,MEDIUM,2026-08-05 13:43:00,RESOLVED,69.7,467.7
5826,4512,REFUND,LOW,2026-08-21 15:47:00,RESOLVED,12.6,111.4
5827,4018,ACCOUNT,MEDIUM,2026-08-05 12:03:00,RESOLVED,28.5,252.8
5828,52,PAYMENT,LOW,2026-08-29 22:43:00,PENDING,32.1,136.4
5829,5450,PAYMENT,MEDIUM,2026-08-16 06:16:00,RESOLVED,33.4,118.5
5830,9352,PRODUCT,HIGH,2026-08-04 09:35:00,RESOLVED,17.1,110.0
5831,8967,REFUND,MEDIUM,2026-09-02 01:35:00,RESOLVED,7.1,322.3
5832,9041,PAYMENT,MEDIUM,2026-09-08 05:59:00,RESOLVED,24.6,389.3
5833,8940,PRODUCT,LOW,2026-08-15 00:16:00,OPEN,14.9,262.8
5834,9238,REFUND,LOW,2026-08-07 15:11:00,RESOLVED,25.9,363.9
5835,976,PAYMENT,MEDIUM,2026-08-13 04:24:00,PENDING,12.3,98.1
5836,4286,DELIVERY,LOW,2026-09-02 00:55:00,RESOLVED,28.4,147.4
5837,5451,PRODUCT,HIGH,2026-09-04 05:23:00,RESOLVED,51.7,319.7
5838,8334,ACCOUNT,HIGH,2026-08-20 12:11:00,PENDING,10.9,331.9
5839,3732,PRODUCT,LOW,2026-08-22 19:26:00,RESOLVED,27.7,293.7
5840,7086,PAYMENT,LOW,2026-08-26 18:37:00,RESOLVED,19.5,87.0
5841,7812,ACCOUNT,LOW,2026-08-15 15:53:00,OPEN,33.1,424.8
5842,5118,ACCOUNT,HIGH,2026-08-24 20:10:00,RESOLVED,9.5,130.7
5843,2412,PAYMENT,LOW,2026-08-03 09:09:00,RESOLVED,3.6,86.8
5844,772,PRODUCT,MEDIUM,2026-08-17 14:51:00,PENDING,15.2,289.0
5845,4449,ACCOUNT,MEDIUM,2026-08-30 01:46:00,OPEN,31.1,514.4
5846,1679,REFUND,MEDIUM,2026-09-08 02:04:00,PENDING,17.1,356.2
5847,6441,PRODUCT,MEDIUM,2026-09-05 19:26:00,RESOLVED,6.7,229.6
5848,2383,REFUND,LOW,2026-08-13 09:46:00,RESOLVED,25.8,156.7
5849,8768,DELIVERY,HIGH,2026-08-09 06:21:00,RESOLVED,15.7,447.4
5850,8960,PAYMENT,LOW,2026-08-10 05:53:00,PENDING,15.2,64.0
5851,8363,PAYMENT,MEDIUM,2026-08-09 17:16:00,RESOLVED,22.7,391.3
5852,6654,PRODUCT,HIGH,2026-09-05 18:25:00,RESOLVED,51.1,258.9
5853,1157,DELIVERY,LOW,2026-08-02 05:05:00,OPEN,7.0,114.1
5854,9831,PAYMENT,MEDIUM,2026-08-12 18:25:00,RESOLVED,18.6,298.4
5855,659,PRODUCT,MEDIUM,2026-08-26 14:36:00,RESOLVED,38.7,204.7
5856,5665,PRODUCT,LOW,2026-08-05 07:30:00,RESOLVED,53.2,195.2
5857,8043,ACCOUNT,MEDIUM,2026-08-16 08:21:00,RESOLVED,44.7,175.6
5858,848,PRODUCT,LOW,2026-08-07 06:21:00,RESOLVED,8.5,319.9
5859,4970,PAYMENT,HIGH,2026-08-12 11:41:00,RESOLVED,16.9,138.0
5860,4778,REFUND,MEDIUM,2026-08-15 06:51:00,RESOLVED,15.2,638.3
5861,1971,ACCOUNT,MEDIUM,2026-08-27 16:07:00,OPEN,7.5,309.9
5862,1118,ACCOUNT,MEDIUM,2026-09-05 03:16:00,RESOLVED,21.4,198.3
5863,9100,DELIVERY,MEDIUM,2026-09-09 09:46:00,RESOLVED,11.5,156.0
5864,9014,PAYMENT,LOW,2026-08-27 13:15:00,RESOLVED,11.8,230.1
5865,938,PRODUCT,LOW,2026-08-30 11:59:00,RESOLVED,112.2,410.4
5866,2785,PRODUCT,LOW,2026-08-06 01:37:00,RESOLVED,14.8,239.7
5867,3923,ACCOUNT,HIGH,2026-08-26 05:12:00,RESOLVED,29.9,425.2
5868,1973,REFUND,MEDIUM,2026-08-22 09:52:00,RESOLVED,11.9,235.7
5869,666,ACCOUNT,LOW,2026-09-09 02:29:00,OPEN,9.3,360.4
5870,5117,REFUND,MEDIUM,2026-08-25 21:52:00,OPEN,12.9,338.1
5871,4421,DELIVERY,MEDIUM,2026-09-01 21:07:00,OPEN,16.5,189.1
5872,8071,PRODUCT,MEDIUM,2026-09-02 07:43:00,RESOLVED,24.7,240.2
5873,2966,ACCOUNT,MEDIUM,2026-08-05 19:11:00,OPEN,25.0,372.8
5874,5104,REFUND,LOW,2026-08-23 13:05:00,RESOLVED,18.2,90.3
5875,3140,DELIVERY,LOW,2026-09-05 17:32:00,OPEN,3.0,291.6
5876,383,ACCOUNT,HIGH,2026-08-14 17:43:00,RESOLVED,41.6,289.6
5877,7277,DELIVERY,MEDIUM,2026-09-01 12:05:00,RESOLVED,6.3,63.5
5878,7430,PRODUCT,MEDIUM,2026-09-09 20:02:00,RESOLVED,36.3,62.8
5879,6640,DELIVERY,LOW,2026-09-09 01:00:00,PENDING,22.6,76.4
5880,341,PRODUCT,CRITICAL,2026-08-11 09:12:00,RESOLVED,32.3,207.1
5881,6966,DELIVERY,LOW,2026-08-14 01:54:00,RESOLVED,50.4,226.1
5882,6044,REFUND,MEDIUM,2026-09-08 13:59:00,RESOLVED,47.2,243.3
5883,4411,PAYMENT,MEDIUM,2026-08-16 19:29:00,RESOLVED,21.9,271.6
5884,6170,ACCOUNT,LOW,2026-08-09 08:52:00,RESOLVED,34.0,92.8
5885,1108,PRODUCT,LOW,2026-08-25 14:40:00,RESOLVED,19.1,300.2
5886,2086,ACCOUNT,MEDIUM,2026-08-21 17:17:00,PENDING,18.9,395.8
5887,1291,PAYMENT,MEDIUM,2026-08-01 00:01:00,RESOLVED,16.8,235.8
5888,4466,REFUND,CRITICAL,2026-08-05 10:04:00,PENDING,41.6,260.6
5889,8953,PAYMENT,MEDIUM,2026-08-25 21:11:00,RESOLVED,30.3,260.7
5890,62,PAYMENT,HIGH,2026-09-05 17:16:00,RESOLVED,30.8,473.7
5891,4462,PAYMENT,MEDIUM,2026-08-27 00:53:00,RESOLVED,15.4,234.4
5892,2837,ACCOUNT,MEDIUM,2026-08-20 13:48:00,RESOLVED,38.3,241.3
5893,9376,ACCOUNT,HIGH,2026-09-09 22:16:00,PENDING,38.9,210.9
5894,6194,DELIVERY,HIGH,2026-09-05 08:37:00,RESOLVED,5.4,124.6
5895,2220,PRODUCT,LOW,2026-08-16 01:17:00,RESOLVED,68.5,225.0
5896,2842,REFUND,MEDIUM,2026-09-02 23:57:00,RESOLVED,14.6,194.4
5897,5808,PAYMENT,LOW,2026-09-06 04:16:00,RESOLVED,31.1,291.4
5898,477,ACCOUNT,HIGH,2026-08-08 14:27:00,RESOLVED,10.2,246.0
5899,672,ACCOUNT,MEDIUM,2026-08-25 23:45:00,OPEN,15.6,110.8
5900,6743,PAYMENT,MEDIUM,2026-08-03 08:10:00,RESOLVED,49.8,159.4
5901,8024,DELIVERY,CRITICAL,2026-08-23 08:14:00,RESOLVED,9.7,189.5
5902,7424,ACCOUNT,LOW,2026-09-06 16:01:00,PENDING,27.1,271.5
5903,1718,ACCOUNT,MEDIUM,2026-09-05 22:51:00,RESOLVED,18.4,190.9
5904,8630,REFUND,MEDIUM,2026-08-23 11:39:00,RESOLVED,4.3,462.5
5905,2249,DELIVERY,LOW,2026-08-24 12:13:00,OPEN,33.5,118.8
5906,8756,PAYMENT,LOW,2026-09-04 02:28:00,OPEN,42.1,197.9
5907,2959,ACCOUNT,MEDIUM,2026-08-01 03:52:00,OPEN,21.4,101.1
5908,4964,PAYMENT,LOW,2026-08-28 14:14:00,RESOLVED,38.5,206.4
5909,9572,DELIVERY,HIGH,2026-08-13 15:07:00,RESOLVED,16.4,286.6
5910,4074,PAYMENT,LOW,2026-08-31 18:48:00,RESOLVED,15.8,349.7
5911,6678,PAYMENT,LOW,2026-08-05 15:35:00,RESOLVED,40.2,81.3
5912,5859,ACCOUNT,LOW,2026-08-20 07:58:00,RESOLVED,16.2,133.2
5913,749,ACCOUNT,MEDIUM,2026-08-31 08:41:00,RESOLVED,48.2,655.5
5914,7927,PRODUCT,MEDIUM,2026-08-30 07:59:00,RESOLVED,61.5,199.9
5915,3584,PAYMENT,CRITICAL,2026-08-30 12:56:00,RESOLVED,20.0,177.3
5916,4754,ACCOUNT,LOW,2026-09-06 17:57:00,RESOLVED,34.7,386.2
5917,3045,REFUND,LOW,2026-08-15 10:59:00,RESOLVED,51.9,270.7
5918,9952,REFUND,LOW,2026-08-29 08:56:00,PENDING,5.7,103.9
5919,5507,ACCOUNT,MEDIUM,2026-09-02 10:58:00,RESOLVED,14.6,124.8
5920,6376,ACCOUNT,LOW,2026-09-07 06:31:00,RESOLVED,29.4,66.5
5921,5229,ACCOUNT,LOW,2026-08-09 19:43:00,OPEN,28.2,176.9
5922,3082,PRODUCT,MEDIUM,2026-08-10 15:46:00,RESOLVED,31.6,192.7
5923,5862,ACCOUNT,HIGH,2026-08-18 11:17:00,RESOLVED,20.0,292.4
5924,7938,DELIVERY,LOW,2026-09-02 02:48:00,RESOLVED,20.1,172.1
5925,951,PRODUCT,MEDIUM,2026-09-05 03:54:00,RESOLVED,39.1,329.2
5926,1508,PAYMENT,MEDIUM,2026-08-22 04:33:00,RESOLVED,33.3,111.9
5927,1646,PAYMENT,LOW,2026-08-30 01:06:00,RESOLVED,1.4,159.0
5928,9358,REFUND,MEDIUM,2026-08-03 10:19:00,RESOLVED,35.9,312.8
5929,5767,PAYMENT,LOW,2026-08-31 03:38:00,RESOLVED,20.1,338.1
5930,3404,REFUND,MEDIUM,2026-08-26 19:32:00,RESOLVED,26.9,373.6
5931,1989,PRODUCT,MEDIUM,2026-08-14 04:42:00,RESOLVED,3.4,188.3
5932,6851,ACCOUNT,MEDIUM,2026-08-26 02:13:00,PENDING,31.4,184.9
5933,5248,DELIVERY,MEDIUM,2026-09-07 21:55:00,RESOLVED,3.5,64.9
5934,6254,ACCOUNT,HIGH,2026-09-09 15:16:00,OPEN,41.1,125.4
5935,7155,PRODUCT,LOW,2026-08-26 16:25:00,OPEN,36.3,485.8
5936,959,DELIVERY,MEDIUM,2026-08-26 23:48:00,PENDING,9.5,135.4
5937,6795,PAYMENT,HIGH,2026-08-27 05:59:00,OPEN,12.5,446.1
5938,7217,DELIVERY,MEDIUM,2026-08-06 05:29:00,PENDING,17.8,142.1
5939,2771,ACCOUNT,MEDIUM,2026-08-14 19:56:00,RESOLVED,19.7,214.6
5940,3119,REFUND,MEDIUM,2026-09-09 15:31:00,OPEN,30.2,305.2
5941,5921,DELIVERY,HIGH,2026-08-03 13:29:00,RESOLVED,9.3,111.2
5942,3812,ACCOUNT,MEDIUM,2026-08-13 14:15:00,OPEN,17.1,516.4
5943,9309,PAYMENT,MEDIUM,2026-09-06 01:58:00,RESOLVED,37.9,332.4
5944,966,PRODUCT,HIGH,2026-08-28 21:22:00,RESOLVED,3.3,190.9
5945,1690,ACCOUNT,CRITICAL,2026-08-16 18:05:00,RESOLVED,37.9,174.2
5946,8101,PAYMENT,HIGH,2026-08-24 22:20:00,PENDING,9.7,235.2
5947,6811,PRODUCT,LOW,2026-08-31 09:02:00,RESOLVED,41.9,373.2
5948,8603,PAYMENT,MEDIUM,2026-08-15 05:13:00,PENDING,10.6,143.0
5949,239,DELIVERY,LOW,2026-09-07 02:11:00,OPEN,10.9,307.3
5950,1343,ACCOUNT,MEDIUM,2026-08-17 06:23:00,PENDING,19.9,559.9
5951,8369,ACCOUNT,MEDIUM,2026-09-05 07:08:00,RESOLVED,23.8,146.6
5952,8127,REFUND,LOW,2026-08-27 02:53:00,OPEN,18.5,211.0
5953,8259,PRODUCT,MEDIUM,2026-08-02 20:41:00,RESOLVED,13.9,420.2
5954,8980,DELIVERY,LOW,2026-09-04 20:49:00,RESOLVED,34.2,226.4
5955,2306,REFUND,HIGH,2026-08-05 15:03:00,RESOLVED,9.7,482.0
5956,973,PRODUCT,MEDIUM,2026-09-07 20:45:00,RESOLVED,33.2,188.2
5957,2964,REFUND,LOW,2026-08-01 14:02:00,OPEN,15.0,349.4
5958,9975,ACCOUNT,MEDIUM,2026-09-09 15:22:00,RESOLVED,31.7,120.4
5959,5168,DELIVERY,MEDIUM,2026-08-19 19:19:00,OPEN,8.8,295.5
5960,46,PRODUCT,MEDIUM,2026-08-05 16:04:00,RESOLVED,23.0,261.7
5961,7436,PRODUCT,HIGH,2026-08-09 08:41:00,RESOLVED,7.7,122.8
5962,8425,ACCOUNT,HIGH,2026-08-08 12:23:00,RESOLVED,15.2,253.7
5963,1224,ACCOUNT,LOW,2026-08-22 13:14:00,RESOLVED,28.6,114.4
5964,5583,ACCOUNT,LOW,2026-08-09 05:22:00,RESOLVED,17.8,251.5
5965,7449,PRODUCT,LOW,2026-09-01 19:56:00,RESOLVED,53.7,373.1
5966,9573,REFUND,LOW,2026-09-08 22:23:00,RESOLVED,14.3,260.4
5967,6072,PAYMENT,MEDIUM,2026-08-12 23:56:00,RESOLVED,31.3,179.5
5968,3381,PRODUCT,LOW,2026-08-04 21:32:00,RESOLVED,10.2,163.1
5969,9102,ACCOUNT,MEDIUM,2026-08-03 01:39:00,PENDING,53.3,468.9
5970,3609,ACCOUNT,MEDIUM,2026-08-28 21:10:00,RESOLVED,43.2,166.7
5971,6334,PRODUCT,MEDIUM,2026-08-31 05:19:00,RESOLVED,24.3,325.9
5972,8404,DELIVERY,CRITICAL,2026-09-08 07:25:00,RESOLVED,21.7,139.1
5973,5304,PAYMENT,MEDIUM,2026-08-06 11:43:00,RESOLVED,18.3,105.0
5974,7107,PRODUCT,LOW,2026-08-24 00:17:00,RESOLVED,30.0,98.2
5975,8418,PRODUCT,MEDIUM,2026-08-08 19:46:00,RESOLVED,38.5,163.7
5976,6006,REFUND,LOW,2026-08-01 07:31:00,RESOLVED,5.7,169.7
5977,4202,PAYMENT,MEDIUM,2026-08-18 03:09:00,OPEN,25.5,290.0
5978,6444,ACCOUNT,MEDIUM,2026-08-03 15:02:00,RESOLVED,2.8,252.5
5979,4011,ACCOUNT,HIGH,2026-08-07 08:33:00,OPEN,28.7,213.5
5980,6827,REFUND,LOW,2026-08-29 09:25:00,RESOLVED,26.6,157.5
5981,815,REFUND,LOW,2026-08-09 13:12:00,RESOLVED,6.1,117.1
5982,479,REFUND,LOW,2026-08-16 22:25:00,RESOLVED,8.8,94.2
5983,4749,PRODUCT,MEDIUM,2026-09-08 03:06:00,RESOLVED,16.1,195.6
5984,1178,PRODUCT,CRITICAL,2026-08-21 05:27:00,RESOLVED,10.2,156.1
5985,7308,PRODUCT,MEDIUM,2026-08-06 12:28:00,RESOLVED,4.7,420.7
5986,1813,PAYMENT,MEDIUM,2026-08-02 19:23:00,RESOLVED,9.5,315.1
5987,4996,ACCOUNT,LOW,2026-08-17 02:49:00,RESOLVED,37.4,500.5
5988,1768,DELIVERY,MEDIUM,2026-09-05 22:23:00,PENDING,27.3,102.4
5989,9219,PAYMENT,LOW,2026-08-02 11:53:00,OPEN,23.9,240.3
5990,8430,REFUND,LOW,2026-09-06 05:10:00,RESOLVED,22.9,448.2
5991,17,PAYMENT,MEDIUM,2026-08-20 00:32:00,OPEN,16.1,363.3
5992,3946,ACCOUNT,LOW,2026-08-25 02:01:00,RESOLVED,6.1,174.8
5993,9422,ACCOUNT,LOW,2026-08-22 20:22:00,PENDING,19.8,176.2
5994,4895,ACCOUNT,LOW,2026-08-20 01:14:00,RESOLVED,3.0,330.3
5995,8442,PAYMENT,LOW,2026-08-13 11:04:00,RESOLVED,17.3,178.9
5996,894,PRODUCT,MEDIUM,2026-08-16 17:54:00,RESOLVED,10.8,320.0
5997,4292,PAYMENT,LOW,2026-08-30 04:47:00,RESOLVED,9.1,440.3
5998,8706,DELIVERY,MEDIUM,2026-08-08 21:56:00,RESOLVED,31.5,600.2
5999,1948,REFUND,MEDIUM,2026-09-01 20:53:00,OPEN,16.1,512.5
6000,103,PRODUCT,MEDIUM,2026-09-07 14:07:00,OPEN,86.3,523.9
6001,7345,DELIVERY,LOW,2026-08-21 02:18:00,RESOLVED,29.3,278.4
6002,833,PRODUCT,MEDIUM,2026-08-20 13:44:00,RESOLVED,42.0,193.8
6003,3008,PAYMENT,MEDIUM,2026-09-02 06:26:00,RESOLVED,40.0,288.4
6004,8122,PAYMENT,MEDIUM,2026-08-05 07:44:00,PENDING,16.6,145.3
6005,8919,PRODUCT,MEDIUM,2026-09-01 02:50:00,RESOLVED,22.6,135.4
6006,1306,REFUND,HIGH,2026-09-01 17:02:00,RESOLVED,20.5,432.8
6007,4970,REFUND,MEDIUM,2026-08-14 17:42:00,RESOLVED,6.8,265.3
6008,7934,DELIVERY,HIGH,2026-09-08 20:58:00,RESOLVED,40.3,199.4
6009,3914,DELIVERY,MEDIUM,2026-08-20 21:05:00,OPEN,16.6,183.1
6010,3505,DELIVERY,CRITICAL,2026-08-12 07:07:00,OPEN,13.6,450.9
6011,5433,DELIVERY,HIGH,2026-08-11 04:24:00,OPEN,8.8,251.6
6012,7761,PRODUCT,LOW,2026-08-28 11:39:00,RESOLVED,59.8,223.9
6013,404,REFUND,MEDIUM,2026-09-06 23:59:00,PENDING,20.2,160.2
6014,504,REFUND,LOW,2026-09-09 20:57:00,OPEN,27.0,237.5
6015,1067,PRODUCT,HIGH,2026-09-06 01:13:00,RESOLVED,17.1,489.8
6016,3413,PAYMENT,LOW,2026-08-05 14:16:00,RESOLVED,20.4,131.2
6017,2781,DELIVERY,MEDIUM,2026-08-29 20:07:00,RESOLVED,10.5,390.2
6018,4813,PAYMENT,LOW,2026-09-02 12:06:00,RESOLVED,11.2,676.5
6019,3009,PRODUCT,HIGH,2026-08-09 18:07:00,RESOLVED,12.7,279.1
6020,6258,PRODUCT,HIGH,2026-08-20 22:24:00,PENDING,51.3,102.1
6021,3218,ACCOUNT,MEDIUM,2026-08-03 02:25:00,PENDING,54.7,183.6
6022,8363,PAYMENT,LOW,2026-08-27 18:32:00,OPEN,26.9,124.4
6023,3097,ACCOUNT,MEDIUM,2026-08-24 23:08:00,PENDING,26.2,302.9
6024,2445,PAYMENT,LOW,2026-08-08 05:29:00,RESOLVED,12.7,151.0
6025,8603,PRODUCT,CRITICAL,2026-08-08 01:40:00,OPEN,31.7,144.1
6026,6589,DELIVERY,LOW,2026-08-09 17:14:00,RESOLVED,27.0,761.6
6027,480,ACCOUNT,MEDIUM,2026-08-26 05:49:00,OPEN,27.7,210.4
6028,1518,DELIVERY,LOW,2026-08-23 05:47:00,OPEN,6.2,200.6
6029,487,ACCOUNT,CRITICAL,2026-08-21 15:45:00,RESOLVED,62.9,353.5
6030,7952,PAYMENT,MEDIUM,2026-08-11 00:29:00,RESOLVED,18.0,392.8
6031,6276,REFUND,CRITICAL,2026-09-01 14:31:00,OPEN,13.5,147.8
6032,9333,PAYMENT,LOW,2026-08-24 20:52:00,RESOLVED,19.0,352.5
6033,3282,DELIVERY,MEDIUM,2026-08-13 04:57:00,OPEN,12.3,635.4
6034,473,PAYMENT,LOW,2026-08-04 12:11:00,RESOLVED,20.5,307.2
6035,4589,DELIVERY,HIGH,2026-09-04 05:24:00,RESOLVED,23.2,358.6
6036,799,PAYMENT,LOW,2026-09-01 06:39:00,PENDING,32.3,395.7
6037,1446,DELIVERY,MEDIUM,2026-08-13 02:25:00,RESOLVED,10.3,130.8
6038,7876,DELIVERY,MEDIUM,2026-08-11 23:00:00,RESOLVED,13.9,67.2
6039,3789,PRODUCT,LOW,2026-09-08 20:48:00,PENDING,16.3,257.9
6040,8803,DELIVERY,HIGH,2026-08-30 11:31:00,OPEN,13.0,100.1
6041,5138,REFUND,HIGH,2026-08-06 18:44:00,OPEN,53.7,459.8
6042,6483,PRODUCT,MEDIUM,2026-08-07 12:30:00,RESOLVED,17.2,312.7
6043,8342,PAYMENT,MEDIUM,2026-08-22 07:06:00,PENDING,43.6,164.0
6044,4612,PAYMENT,LOW,2026-09-01 23:34:00,RESOLVED,27.2,134.7
6045,3199,PAYMENT,MEDIUM,2026-08-03 03:02:00,OPEN,32.2,215.9
6046,7691,PRODUCT,HIGH,2026-08-01 12:57:00,RESOLVED,11.2,299.0
6047,8307,PRODUCT,LOW,2026-08-25 06:29:00,PENDING,37.6,140.2
6048,2998,DELIVERY,CRITICAL,2026-08-07 19:58:00,OPEN,21.5,325.5
6049,8231,ACCOUNT,MEDIUM,2026-08-23 06:13:00,PENDING,8.7,462.8
6050,9918,ACCOUNT,LOW,2026-08-14 12:21:00,RESOLVED,9.0,246.2
6051,1938,PAYMENT,LOW,2026-09-03 21:06:00,OPEN,4.2,257.6
6052,8480,REFUND,MEDIUM,2026-09-01 04:44:00,RESOLVED,30.2,348.0
6053,870,PRODUCT,CRITICAL,2026-08-06 11:16:00,RESOLVED,16.5,158.6
6054,8872,PRODUCT,MEDIUM,2026-08-02 06:26:00,RESOLVED,27.8,136.0
6055,8910,ACCOUNT,MEDIUM,2026-08-18 02:05:00,OPEN,42.2,276.5
6056,8549,PAYMENT,CRITICAL,2026-08-30 14:41:00,RESOLVED,4.9,268.0
6057,3488,PAYMENT,LOW,2026-08-20 12:34:00,PENDING,16.0,44.9
6058,9329,PAYMENT,MEDIUM,2026-08-10 09:55:00,RESOLVED,6.0,209.9
6059,5540,REFUND,HIGH,2026-08-02 19:41:00,RESOLVED,13.4,181.6
6060,645,PRODUCT,MEDIUM,2026-09-09 20:46:00,RESOLVED,7.2,172.1
6061,8494,PRODUCT,LOW,2026-09-05 12:45:00,RESOLVED,54.1,210.3
6062,9087,DELIVERY,HIGH,2026-08-12 11:23:00,PENDING,15.3,245.1
6063,3032,DELIVERY,LOW,2026-08-20 14:56:00,RESOLVED,63.0,173.4
6064,2487,DELIVERY,MEDIUM,2026-08-06 19:54:00,RESOLVED,28.0,159.4
6065,5692,REFUND,HIGH,2026-08-16 15:41:00,RESOLVED,28.5,369.1
6066,3592,DELIVERY,LOW,2026-08-28 07:55:00,PENDING,10.3,39.7
6067,6391,PAYMENT,HIGH,2026-08-26 04:39:00,RESOLVED,12.8,258.4
6068,3706,ACCOUNT,HIGH,2026-08-12 01:36:00,RESOLVED,16.1,171.1
6069,2177,PRODUCT,LOW,2026-08-15 00:17:00,RESOLVED,29.0,410.4
6070,2325,ACCOUNT,LOW,2026-08-22 14:37:00,RESOLVED,2.9,344.3
6071,6577,DELIVERY,HIGH,2026-08-22 00:09:00,RESOLVED,5.9,455.2
6072,4385,PRODUCT,MEDIUM,2026-08-31 21:14:00,RESOLVED,26.3,342.8
6073,153,PRODUCT,LOW,2026-08-20 14:04:00,RESOLVED,5.6,259.9
6074,5056,PAYMENT,LOW,2026-09-01 23:55:00,RESOLVED,24.9,92.9
6075,7879,PRODUCT,LOW,2026-08-11 12:49:00,RESOLVED,52.7,230.7
6076,1487,DELIVERY,MEDIUM,2026-08-09 19:49:00,RESOLVED,11.6,374.4
6077,2442,PRODUCT,HIGH,2026-09-08 03:04:00,RESOLVED,35.1,391.2
6078,3596,ACCOUNT,MEDIUM,2026-08-09 09:23:00,OPEN,24.1,421.4
6079,9272,REFUND,LOW,2026-09-02 20:03:00,RESOLVED,7.6,238.8
6080,3482,DELIVERY,HIGH,2026-08-11 20:29:00,RESOLVED,2.3,159.5
6081,8378,DELIVERY,MEDIUM,2026-08-05 03:29:00,RESOLVED,18.8,59.8
6082,6747,REFUND,LOW,2026-08-16 18:55:00,RESOLVED,55.4,361.1
6083,9921,ACCOUNT,HIGH,2026-08-04 23:56:00,RESOLVED,22.2,372.9
6084,5808,ACCOUNT,MEDIUM,2026-08-30 21:05:00,RESOLVED,46.9,153.4
6085,3170,PRODUCT,MEDIUM,2026-09-09 16:25:00,RESOLVED,66.0,209.4
6086,7162,REFUND,HIGH,2026-08-22 16:20:00,RESOLVED,25.2,181.4
6087,904,REFUND,LOW,2026-09-09 01:15:00,RESOLVED,36.6,64.6
6088,7840,ACCOUNT,MEDIUM,2026-09-05 04:40:00,PENDING,6.7,182.0
6089,2341,PAYMENT,HIGH,2026-09-08 01:37:00,RESOLVED,32.8,277.4
6090,6671,PRODUCT,LOW,2026-08-28 22:34:00,RESOLVED,41.8,163.3
6091,5801,REFUND,HIGH,2026-08-14 12:06:00,RESOLVED,16.3,124.2
6092,2413,ACCOUNT,LOW,2026-08-25 12:45:00,OPEN,18.1,217.5
6093,4813,PAYMENT,HIGH,2026-08-11 09:32:00,OPEN,46.0,341.4
6094,5022,PRODUCT,MEDIUM,2026-08-21 19:49:00,RESOLVED,13.6,118.9
6095,7671,ACCOUNT,MEDIUM,2026-08-31 11:31:00,RESOLVED,25.6,712.4
6096,4666,REFUND,MEDIUM,2026-08-17 12:07:00,RESOLVED,21.5,491.6
6097,582,PRODUCT,LOW,2026-08-20 07:11:00,PENDING,61.2,302.1
6098,741,PRODUCT,LOW,2026-08-14 20:04:00,RESOLVED,33.3,527.7
6099,6646,PAYMENT,MEDIUM,2026-08-03 19:42:00,RESOLVED,17.9,202.7
6100,8945,ACCOUNT,HIGH,2026-08-07 23:54:00,RESOLVED,21.8,335.6
6101,4353,PAYMENT,LOW,2026-08-07 15:27:00,RESOLVED,2.7,176.5
6102,915,PRODUCT,HIGH,2026-08-11 19:18:00,PENDING,46.4,358.9
6103,1710,DELIVERY,LOW,2026-08-03 12:35:00,PENDING,28.4,167.2
6104,9765,ACCOUNT,MEDIUM,2026-09-06 00:56:00,OPEN,15.4,341.4
6105,7034,ACCOUNT,MEDIUM,2026-09-01 11:12:00,PENDING,28.9,339.8
6106,318,ACCOUNT,MEDIUM,2026-09-03 04:16:00,PENDING,33.3,504.9
6107,2595,ACCOUNT,MEDIUM,2026-08-22 23:25:00,RESOLVED,23.5,319.0
6108,7297,PRODUCT,LOW,2026-08-01 04:18:00,OPEN,24.3,259.0
6109,6316,PRODUCT,LOW,2026-08-07 11:02:00,RESOLVED,4.6,173.8
6110,2876,ACCOUNT,MEDIUM,2026-08-09 23:04:00,RESOLVED,29.6,139.8
6111,6960,PRODUCT,MEDIUM,2026-08-30 09:18:00,RESOLVED,30.0,148.7
6112,9048,REFUND,LOW,2026-09-02 06:59:00,RESOLVED,43.3,281.2
6113,9002,DELIVERY,LOW,2026-08-28 05:52:00,RESOLVED,37.8,215.6
6114,8241,ACCOUNT,LOW,2026-08-24 10:08:00,RESOLVED,15.3,204.1
6115,3543,DELIVERY,LOW,2026-08-15 15:04:00,RESOLVED,26.3,106.1
6116,251,ACCOUNT,MEDIUM,2026-08-03 20:25:00,OPEN,26.3,168.5
6117,3908,ACCOUNT,HIGH,2026-08-10 08:04:00,RESOLVED,34.2,270.3
6118,220,DELIVERY,LOW,2026-09-02 07:07:00,RESOLVED,16.1,250.5
6119,5702,ACCOUNT,LOW,2026-08-25 11:18:00,RESOLVED,28.9,177.6
6120,6032,PAYMENT,MEDIUM,2026-08-31 03:14:00,RESOLVED,43.4,224.4
6121,3418,REFUND,MEDIUM,2026-09-06 11:47:00,RESOLVED,22.5,132.4
6122,1496,PAYMENT,MEDIUM,2026-08-12 06:20:00,RESOLVED,22.1,195.9
6123,5248,PAYMENT,LOW,2026-08-25 03:21:00,RESOLVED,9.4,105.1
6124,142,ACCOUNT,LOW,2026-08-30 18:09:00,RESOLVED,35.6,399.6
6125,2764,PAYMENT,HIGH,2026-08-31 13:41:00,RESOLVED,19.0,97.5
6126,9678,DELIVERY,MEDIUM,2026-09-05 11:15:00,OPEN,16.3,92.7
6127,9142,REFUND,HIGH,2026-09-07 02:41:00,RESOLVED,21.8,273.6
6128,6329,PAYMENT,MEDIUM,2026-08-26 21:19:00,RESOLVED,11.0,339.8
6129,3741,PAYMENT,HIGH,2026-09-03 20:57:00,RESOLVED,37.4,446.6
6130,109,PAYMENT,HIGH,2026-08-30 17:54:00,RESOLVED,31.6,235.2
6131,6501,ACCOUNT,LOW,2026-08-13 06:01:00,RESOLVED,23.2,193.3
6132,4906,REFUND,LOW,2026-08-02 23:01:00,RESOLVED,15.3,264.4
6133,7135,ACCOUNT,LOW,2026-09-06 09:10:00,RESOLVED,24.5,157.1
6134,1576,ACCOUNT,HIGH,2026-08-23 14:28:00,RESOLVED,24.9,282.3
6135,8304,ACCOUNT,LOW,2026-08-22 18:45:00,RESOLVED,54.2,375.1
6136,8052,PAYMENT,MEDIUM,2026-08-31 03:28:00,RESOLVED,56.0,348.1
6137,4282,ACCOUNT,MEDIUM,2026-08-06 05:14:00,RESOLVED,13.2,192.8
6138,287,PAYMENT,MEDIUM,2026-08-19 12:05:00,RESOLVED,14.3,58.6
6139,4664,REFUND,MEDIUM,2026-08-30 09:46:00,PENDING,42.1,251.1
6140,3710,ACCOUNT,MEDIUM,2026-08-17 04:23:00,RESOLVED,13.6,178.4
6141,7610,ACCOUNT,LOW,2026-08-28 13:56:00,OPEN,34.4,260.0
6142,2381,DELIVERY,LOW,2026-08-23 12:27:00,RESOLVED,32.3,265.8
6143,181,REFUND,LOW,2026-08-15 15:50:00,RESOLVED,13.9,241.1
6144,9809,REFUND,HIGH,2026-08-27 23:49:00,RESOLVED,24.4,247.9
6145,2413,ACCOUNT,CRITICAL,2026-08-19 03:59:00,RESOLVED,6.7,80.9
6146,782,REFUND,HIGH,2026-09-02 15:58:00,RESOLVED,28.8,420.5
6147,8571,PRODUCT,LOW,2026-08-03 09:51:00,RESOLVED,27.5,109.5
6148,7199,ACCOUNT,LOW,2026-09-02 15:42:00,RESOLVED,23.0,184.3
6149,2688,ACCOUNT,MEDIUM,2026-08-31 14:47:00,RESOLVED,16.2,339.1
6150,4781,ACCOUNT,LOW,2026-08-29 02:56:00,PENDING,45.8,424.6
6151,6884,PAYMENT,HIGH,2026-08-11 12:59:00,RESOLVED,10.2,277.8
6152,8165,PRODUCT,HIGH,2026-09-09 08:15:00,OPEN,26.6,230.8
6153,3729,PRODUCT,CRITICAL,2026-08-27 02:26:00,RESOLVED,16.8,190.1
6154,2143,REFUND,HIGH,2026-08-22 12:31:00,OPEN,16.7,272.0
6155,148,PAYMENT,MEDIUM,2026-08-10 11:02:00,RESOLVED,31.1,174.8
6156,8553,PAYMENT,LOW,2026-08-18 17:32:00,PENDING,56.3,287.5
6157,8143,ACCOUNT,HIGH,2026-08-18 22:39:00,RESOLVED,2.6,76.8
6158,9504,PAYMENT,MEDIUM,2026-08-14 05:33:00,RESOLVED,21.7,277.4
6159,7477,PAYMENT,HIGH,2026-08-13 12:34:00,RESOLVED,41.2,91.7
6160,2132,PAYMENT,LOW,2026-08-05 23:23:00,RESOLVED,9.4,442.1
6161,2403,DELIVERY,MEDIUM,2026-08-29 21:44:00,RESOLVED,54.0,171.6
6162,2428,REFUND,MEDIUM,2026-08-09 21:34:00,RESOLVED,5.9,433.4
6163,4583,ACCOUNT,LOW,2026-08-19 21:07:00,RESOLVED,15.6,145.7
6164,9637,DELIVERY,MEDIUM,2026-08-13 05:49:00,RESOLVED,8.5,180.0
6165,6910,PRODUCT,LOW,2026-09-09 03:53:00,RESOLVED,12.3,376.6
6166,4342,ACCOUNT,MEDIUM,2026-08-21 06:16:00,RESOLVED,49.1,164.2
6167,7376,PRODUCT,MEDIUM,2026-08-12 12:27:00,RESOLVED,8.6,43.2
6168,8353,PRODUCT,LOW,2026-09-09 21:51:00,OPEN,22.9,667.5
6169,4036,PRODUCT,HIGH,2026-09-03 01:26:00,RESOLVED,12.9,188.5
6170,8425,DELIVERY,LOW,2026-09-01 00:26:00,RESOLVED,30.4,330.0
6171,184,DELIVERY,MEDIUM,2026-08-06 16:26:00,OPEN,19.9,262.9
6172,3109,ACCOUNT,LOW,2026-09-05 12:16:00,PENDING,19.9,356.6
6173,1699,PAYMENT,MEDIUM,2026-08-07 21:40:00,PENDING,11.5,265.4
6174,1788,PAYMENT,MEDIUM,2026-08-08 06:06:00,RESOLVED,49.5,111.7
6175,2028,DELIVERY,HIGH,2026-08-15 08:29:00,RESOLVED,27.2,229.2
6176,3666,PRODUCT,MEDIUM,2026-08-01 23:06:00,OPEN,25.8,371.7
6177,7249,DELIVERY,MEDIUM,2026-08-02 03:53:00,RESOLVED,31.9,203.6
6178,5920,DELIVERY,MEDIUM,2026-08-01 02:38:00,RESOLVED,12.9,255.4
6179,4411,REFUND,MEDIUM,2026-08-13 15:03:00,RESOLVED,38.8,200.5
6180,4971,ACCOUNT,MEDIUM,2026-08-21 02:31:00,RESOLVED,28.2,200.1
6181,1833,ACCOUNT,MEDIUM,2026-08-05 03:13:00,RESOLVED,30.3,139.1
6182,7368,DELIVERY,MEDIUM,2026-08-05 16:50:00,RESOLVED,0.5,186.2
6183,7551,DELIVERY,MEDIUM,2026-08-21 16:26:00,RESOLVED,18.6,279.9
6184,5489,ACCOUNT,HIGH,2026-08-08 13:46:00,OPEN,16.5,201.9
6185,8144,PRODUCT,LOW,2026-08-20 08:40:00,RESOLVED,25.2,208.9
6186,8056,PRODUCT,LOW,2026-08-08 02:33:00,RESOLVED,47.0,178.0
6187,8044,PAYMENT,MEDIUM,2026-08-30 02:53:00,PENDING,13.2,132.3
6188,1040,REFUND,MEDIUM,2026-08-29 13:11:00,RESOLVED,25.0,324.9
6189,861,PRODUCT,LOW,2026-09-07 06:03:00,RESOLVED,29.7,328.0
6190,4391,DELIVERY,LOW,2026-09-08 03:05:00,PENDING,22.7,301.5
6191,570,DELIVERY,CRITICAL,2026-08-30 07:17:00,RESOLVED,14.7,384.2
6192,161,ACCOUNT,LOW,2026-08-05 20:19:00,OPEN,6.8,57.7
6193,1309,REFUND,MEDIUM,2026-08-22 17:41:00,RESOLVED,3.5,189.5
6194,1209,DELIVERY,LOW,2026-08-05 06:34:00,RESOLVED,15.5,183.5
6195,3259,PAYMENT,LOW,2026-08-28 00:45:00,OPEN,14.6,174.7
6196,3316,DELIVERY,LOW,2026-08-14 04:29:00,RESOLVED,23.0,156.6
6197,8196,PAYMENT,LOW,2026-08-20 08:11:00,RESOLVED,48.4,258.6
6198,9016,PRODUCT,MEDIUM,2026-08-26 12:07:00,PENDING,17.4,41.2
6199,1703,REFUND,LOW,2026-08-17 04:42:00,RESOLVED,4.8,115.3
6200,3802,DELIVERY,MEDIUM,2026-08-15 18:32:00,RESOLVED,22.8,162.2
6201,5083,ACCOUNT,LOW,2026-08-18 20:48:00,OPEN,2.7,356.8
6202,2735,PAYMENT,HIGH,2026-08-12 03:18:00,RESOLVED,3.4,202.1
6203,3309,DELIVERY,LOW,2026-08-10 01:00:00,PENDING,9.1,61.9
6204,6708,PAYMENT,LOW,2026-08-05 14:34:00,RESOLVED,9.9,51.4
6205,4255,ACCOUNT,HIGH,2026-08-03 09:52:00,RESOLVED,16.3,505.5
6206,7035,DELIVERY,HIGH,2026-08-19 07:40:00,RESOLVED,32.5,604.5
6207,749,PRODUCT,MEDIUM,2026-08-26 23:48:00,RESOLVED,13.5,270.6
6208,4814,REFUND,LOW,2026-08-02 09:50:00,RESOLVED,21.9,178.5
6209,3106,PRODUCT,HIGH,2026-08-20 05:08:00,RESOLVED,37.4,261.0
6210,2886,DELIVERY,MEDIUM,2026-08-26 03:03:00,RESOLVED,70.9,290.8
6211,4684,ACCOUNT,MEDIUM,2026-09-04 06:15:00,RESOLVED,11.6,622.6
6212,3019,ACCOUNT,MEDIUM,2026-09-02 22:34:00,RESOLVED,14.7,388.3
6213,7583,PAYMENT,LOW,2026-08-22 20:46:00,RESOLVED,23.0,232.3
6214,1856,REFUND,LOW,2026-09-08 17:50:00,RESOLVED,21.3,392.4
6215,8931,DELIVERY,LOW,2026-09-05 12:42:00,RESOLVED,19.0,99.8
6216,3626,PRODUCT,LOW,2026-08-13 21:23:00,RESOLVED,14.0,87.7
6217,5270,PRODUCT,HIGH,2026-08-18 20:42:00,RESOLVED,5.2,334.3
6218,1683,PRODUCT,HIGH,2026-09-03 00:05:00,RESOLVED,19.2,293.8
6219,9193,PAYMENT,LOW,2026-08-29 12:00:00,OPEN,13.5,135.7
6220,6430,PRODUCT,LOW,2026-08-21 06:37:00,PENDING,15.6,446.5
6221,7698,PRODUCT,MEDIUM,2026-08-20 17:51:00,RESOLVED,22.9,322.7
6222,8947,REFUND,MEDIUM,2026-08-11 16:57:00,RESOLVED,48.2,133.6
6223,9957,PRODUCT,HIGH,2026-08-21 16:13:00,PENDING,7.1,163.3
6224,2543,DELIVERY,CRITICAL,2026-08-04 20:34:00,OPEN,17.3,44.1
6225,3290,ACCOUNT,MEDIUM,2026-09-02 05:12:00,RESOLVED,6.8,402.5
6226,2423,PAYMENT,LOW,2026-08-18 21:05:00,RESOLVED,39.0,282.2
6227,5016,PRODUCT,HIGH,2026-08-16 20:58:00,RESOLVED,36.3,79.5
6228,8982,PRODUCT,MEDIUM,2026-09-04 16:33:00,RESOLVED,49.6,239.0
6229,7383,DELIVERY,MEDIUM,2026-09-09 21:12:00,RESOLVED,26.9,150.6
6230,5681,PRODUCT,MEDIUM,2026-09-07 21:37:00,PENDING,0.9,260.0
6231,4736,PRODUCT,MEDIUM,2026-09-04 06:22:00,RESOLVED,25.1,101.7
6232,7298,DELIVERY,LOW,2026-08-19 11:31:00,OPEN,72.2,353.1
6233,4674,REFUND,MEDIUM,2026-08-31 08:17:00,OPEN,14.7,471.5
6234,8892,PRODUCT,LOW,2026-08-31 22:11:00,RESOLVED,11.7,252.2
6235,5593,REFUND,LOW,2026-08-27 02:31:00,RESOLVED,13.8,137.2
6236,6650,DELIVERY,MEDIUM,2026-08-09 12:28:00,RESOLVED,29.8,208.6
6237,6794,ACCOUNT,LOW,2026-08-10 22:13:00,PENDING,9.9,47.0
6238,7425,PAYMENT,HIGH,2026-08-30 18:16:00,RESOLVED,37.5,231.0
6239,4781,REFUND,CRITICAL,2026-08-01 11:36:00,RESOLVED,2.6,200.6
6240,3870,PAYMENT,HIGH,2026-08-01 20:39:00,RESOLVED,50.4,349.9
6241,4150,REFUND,LOW,2026-08-28 08:48:00,PENDING,15.1,273.9
6242,9382,DELIVERY,HIGH,2026-08-17 17:27:00,RESOLVED,35.0,224.4
6243,1098,PAYMENT,LOW,2026-09-06 11:25:00,RESOLVED,14.0,189.9
6244,7039,ACCOUNT,MEDIUM,2026-08-31 18:42:00,RESOLVED,12.6,340.6
6245,9605,ACCOUNT,LOW,2026-08-11 01:27:00,OPEN,17.3,507.2
6246,717,PRODUCT,HIGH,2026-08-15 15:56:00,RESOLVED,34.1,273.3
6247,6179,DELIVERY,LOW,2026-08-11 07:21:00,RESOLVED,13.1,642.4
6248,5953,REFUND,MEDIUM,2026-08-05 03:05:00,RESOLVED,30.7,535.6
6249,3344,REFUND,HIGH,2026-08-12 21:00:00,RESOLVED,24.9,153.5
6250,947,DELIVERY,MEDIUM,2026-09-08 20:13:00,RESOLVED,50.3,115.9
6251,6777,DELIVERY,HIGH,2026-09-09 19:10:00,RESOLVED,34.0,181.7
6252,5222,PRODUCT,LOW,2026-08-12 22:57:00,RESOLVED,6.0,192.2
6253,7518,PAYMENT,LOW,2026-08-21 20:18:00,RESOLVED,18.6,111.9
6254,885,ACCOUNT,MEDIUM,2026-08-02 16:31:00,OPEN,30.1,174.7
6255,9347,DELIVERY,MEDIUM,2026-08-08 03:07:00,RESOLVED,9.1,428.1
6256,6273,DELIVERY,LOW,2026-08-17 07:45:00,RESOLVED,27.7,358.5
6257,4427,PRODUCT,HIGH,2026-08-18 15:49:00,OPEN,42.0,272.7
6258,4564,REFUND,LOW,2026-08-28 21:06:00,PENDING,11.8,156.8
6259,9520,REFUND,MEDIUM,2026-08-14 18:14:00,PENDING,29.3,367.5
6260,5531,PRODUCT,LOW,2026-08-16 08:22:00,RESOLVED,118.1,381.4
6261,5803,ACCOUNT,MEDIUM,2026-08-31 13:13:00,PENDING,21.4,367.3
6262,6490,PAYMENT,MEDIUM,2026-09-06 00:37:00,PENDING,27.7,98.6
6263,3126,PRODUCT,MEDIUM,2026-08-27 08:34:00,RESOLVED,23.8,176.6
6264,2504,REFUND,LOW,2026-08-09 12:33:00,RESOLVED,14.9,526.8
6265,7512,ACCOUNT,MEDIUM,2026-08-18 16:24:00,PENDING,13.5,232.0
6266,3196,PAYMENT,LOW,2026-08-24 03:35:00,PENDING,12.1,366.0
6267,343,DELIVERY,LOW,2026-08-11 20:20:00,RESOLVED,6.7,174.6
6268,4821,PAYMENT,LOW,2026-08-05 06:42:00,RESOLVED,10.0,196.0
6269,102,REFUND,HIGH,2026-09-03 15:20:00,RESOLVED,42.5,238.1
6270,5664,DELIVERY,LOW,2026-08-05 17:20:00,RESOLVED,47.1,286.4
6271,6443,DELIVERY,MEDIUM,2026-08-05 14:57:00,RESOLVED,25.4,400.8
6272,9237,REFUND,LOW,2026-08-08 19:29:00,OPEN,16.7,112.7
6273,6069,DELIVERY,MEDIUM,2026-08-01 00:20:00,PENDING,7.2,203.8
6274,3520,DELIVERY,LOW,2026-08-09 16:57:00,RESOLVED,25.8,354.3
6275,6424,PAYMENT,LOW,2026-08-05 07:47:00,RESOLVED,40.1,107.7
6276,5918,DELIVERY,CRITICAL,2026-08-27 09:09:00,PENDING,48.7,142.7
6277,7412,PRODUCT,CRITICAL,2026-09-05 19:07:00,RESOLVED,62.7,86.0
6278,9226,ACCOUNT,LOW,2026-09-03 22:37:00,RESOLVED,10.9,232.9
6279,970,DELIVERY,MEDIUM,2026-08-23 19:22:00,RESOLVED,55.9,294.2
6280,7179,DELIVERY,HIGH,2026-09-04 14:52:00,OPEN,21.6,495.4
6281,8049,REFUND,CRITICAL,2026-08-17 00:50:00,RESOLVED,26.9,100.9
6282,3284,DELIVERY,LOW,2026-08-26 03:09:00,RESOLVED,24.8,137.6
6283,4035,REFUND,HIGH,2026-08-14 01:48:00,RESOLVED,14.3,499.8
6284,4148,ACCOUNT,LOW,2026-08-17 06:36:00,RESOLVED,29.7,296.6
6285,3736,ACCOUNT,MEDIUM,2026-08-05 17:29:00,RESOLVED,7.8,183.2
6286,8788,ACCOUNT,MEDIUM,2026-08-11 14:05:00,RESOLVED,51.9,263.4
6287,3262,ACCOUNT,MEDIUM,2026-08-04 16:26:00,RESOLVED,22.4,336.9
6288,4377,ACCOUNT,HIGH,2026-08-12 17:27:00,RESOLVED,1.2,181.3
6289,5849,PAYMENT,LOW,2026-08-28 20:17:00,RESOLVED,90.2,397.6
6290,2521,DELIVERY,LOW,2026-08-19 02:46:00,PENDING,24.7,473.4
6291,6980,PRODUCT,MEDIUM,2026-09-04 18:55:00,RESOLVED,8.6,547.0
6292,5231,PRODUCT,MEDIUM,2026-08-26 03:49:00,OPEN,37.4,699.6
6293,1702,ACCOUNT,MEDIUM,2026-09-09 06:46:00,OPEN,9.3,281.1
6294,1860,PRODUCT,HIGH,2026-08-23 05:03:00,RESOLVED,11.9,196.4
6295,272,PAYMENT,MEDIUM,2026-08-27 18:38:00,RESOLVED,17.1,288.4
6296,5821,PRODUCT,HIGH,2026-08-31 11:09:00,RESOLVED,7.5,198.0
6297,8009,PRODUCT,LOW,2026-08-08 09:35:00,RESOLVED,25.0,161.4
6298,9916,DELIVERY,LOW,2026-08-06 03:11:00,RESOLVED,10.0,281.7
6299,6599,PRODUCT,HIGH,2026-08-19 10:17:00,PENDING,44.2,238.5
6300,9693,REFUND,MEDIUM,2026-08-05 12:23:00,RESOLVED,11.7,92.5
6301,9882,DELIVERY,MEDIUM,2026-09-08 12:25:00,RESOLVED,3.7,155.0
6302,6138,REFUND,LOW,2026-09-09 15:09:00,OPEN,22.1,266.1
6303,3751,ACCOUNT,MEDIUM,2026-08-08 13:55:00,RESOLVED,14.9,181.3
6304,8863,PRODUCT,LOW,2026-08-13 15:20:00,PENDING,25.4,241.9
6305,6326,DELIVERY,HIGH,2026-08-10 00:39:00,OPEN,40.9,135.1
6306,8152,REFUND,LOW,2026-09-08 20:31:00,RESOLVED,7.6,122.4
6307,2264,PRODUCT,LOW,2026-09-02 11:14:00,RESOLVED,56.9,317.0
6308,9507,PAYMENT,LOW,2026-08-12 13:51:00,RESOLVED,35.3,165.9
6309,4292,PRODUCT,LOW,2026-08-30 16:56:00,RESOLVED,7.7,175.7
6310,8731,PRODUCT,CRITICAL,2026-08-03 14:02:00,RESOLVED,6.2,266.1
6311,3753,DELIVERY,MEDIUM,2026-08-07 00:22:00,RESOLVED,36.1,301.2
6312,8999,ACCOUNT,MEDIUM,2026-08-21 07:12:00,RESOLVED,55.1,154.7
6313,6730,PAYMENT,LOW,2026-08-13 17:50:00,PENDING,17.1,422.6
6314,2296,ACCOUNT,MEDIUM,2026-08-08 21:28:00,RESOLVED,2.5,289.2
6315,1485,REFUND,LOW,2026-08-21 14:15:00,PENDING,34.6,498.1
6316,1581,PRODUCT,MEDIUM,2026-09-05 23:32:00,RESOLVED,52.4,294.7
6317,3746,DELIVERY,CRITICAL,2026-08-21 18:57:00,RESOLVED,6.6,395.0
6318,440,DELIVERY,LOW,2026-08-18 07:09:00,RESOLVED,9.8,297.9
6319,5486,ACCOUNT,HIGH,2026-08-05 13:41:00,RESOLVED,22.5,324.1
6320,6594,ACCOUNT,CRITICAL,2026-08-18 15:21:00,OPEN,31.4,428.8
6321,7445,ACCOUNT,CRITICAL,2026-09-04 00:45:00,RESOLVED,27.0,201.9
6322,9336,REFUND,MEDIUM,2026-08-16 14:01:00,RESOLVED,5.3,87.5
6323,8005,ACCOUNT,HIGH,2026-09-04 06:27:00,RESOLVED,18.6,118.1
6324,9939,DELIVERY,MEDIUM,2026-08-05 10:36:00,RESOLVED,12.0,210.7
6325,6038,PAYMENT,MEDIUM,2026-08-26 01:40:00,OPEN,57.6,622.8
6326,8524,PAYMENT,MEDIUM,2026-08-25 22:20:00,RESOLVED,25.5,543.2
6327,7746,PRODUCT,LOW,2026-08-12 11:25:00,RESOLVED,9.8,546.4
6328,8311,PRODUCT,LOW,2026-08-07 04:25:00,RESOLVED,12.0,667.2
6329,4107,REFUND,MEDIUM,2026-08-28 23:39:00,RESOLVED,10.2,396.3
6330,5189,DELIVERY,LOW,2026-08-26 14:07:00,RESOLVED,4.4,101.5
6331,9140,REFUND,MEDIUM,2026-08-16 20:18:00,OPEN,7.6,127.5
6332,4520,REFUND,HIGH,2026-08-17 00:11:00,RESOLVED,14.1,108.0
6333,6064,PRODUCT,MEDIUM,2026-09-06 12:03:00,RESOLVED,15.3,619.4
6334,6404,DELIVERY,MEDIUM,2026-09-04 02:53:00,RESOLVED,26.1,177.0
6335,1849,PAYMENT,MEDIUM,2026-08-16 13:11:00,RESOLVED,16.9,214.7
6336,228,PRODUCT,LOW,2026-08-21 19:38:00,PENDING,33.7,304.2
6337,6953,PRODUCT,LOW,2026-08-17 14:23:00,RESOLVED,16.8,158.2
6338,7944,PRODUCT,LOW,2026-09-05 12:51:00,RESOLVED,28.3,89.0
6339,5825,REFUND,HIGH,2026-08-20 04:23:00,RESOLVED,10.8,140.4
6340,6575,PAYMENT,HIGH,2026-08-02 00:17:00,RESOLVED,40.5,328.6
6341,669,DELIVERY,MEDIUM,2026-08-05 07:05:00,RESOLVED,28.4,207.8
6342,1701,PAYMENT,MEDIUM,2026-08-30 00:24:00,RESOLVED,12.7,253.2
6343,7377,ACCOUNT,CRITICAL,2026-08-02 09:24:00,RESOLVED,20.3,270.1
6344,6357,ACCOUNT,LOW,2026-08-23 08:29:00,RESOLVED,12.3,375.2
6345,1979,PRODUCT,LOW,2026-08-23 00:53:00,RESOLVED,17.7,181.5
6346,5995,PAYMENT,MEDIUM,2026-08-07 18:10:00,RESOLVED,10.0,320.3
6347,352,ACCOUNT,MEDIUM,2026-08-27 11:14:00,RESOLVED,45.5,118.8
6348,7880,PAYMENT,CRITICAL,2026-08-05 05:31:00,OPEN,51.3,346.7
6349,269,PRODUCT,HIGH,2026-09-06 22:47:00,RESOLVED,37.9,281.0
6350,8375,PAYMENT,HIGH,2026-08-30 11:39:00,OPEN,13.4,491.1
6351,2238,DELIVERY,MEDIUM,2026-08-07 12:11:00,OPEN,14.9,222.0
6352,2535,PRODUCT,HIGH,2026-08-16 00:30:00,RESOLVED,3.0,170.3
6353,9259,ACCOUNT,MEDIUM,2026-09-05 20:33:00,RESOLVED,7.9,116.4
6354,8145,PRODUCT,MEDIUM,2026-08-04 01:18:00,RESOLVED,60.9,171.1
6355,3366,PRODUCT,MEDIUM,2026-08-12 06:23:00,RESOLVED,57.5,515.3
6356,1821,DELIVERY,HIGH,2026-08-28 19:15:00,RESOLVED,46.3,133.3
6357,1097,DELIVERY,LOW,2026-08-21 05:32:00,RESOLVED,48.8,258.5
6358,3943,ACCOUNT,MEDIUM,2026-08-12 15:16:00,RESOLVED,6.9,166.2
6359,5810,PAYMENT,MEDIUM,2026-08-07 12:06:00,RESOLVED,35.3,95.0
6360,4927,PAYMENT,MEDIUM,2026-08-13 00:01:00,RESOLVED,32.4,85.7
6361,8967,PRODUCT,MEDIUM,2026-08-19 05:04:00,RESOLVED,37.1,156.5
6362,8050,ACCOUNT,MEDIUM,2026-08-04 06:49:00,RESOLVED,68.3,654.8
6363,2603,PAYMENT,MEDIUM,2026-08-25 00:12:00,RESOLVED,3.0,442.5
6364,9011,PAYMENT,MEDIUM,2026-08-17 21:41:00,PENDING,3.4,282.6
6365,4619,PAYMENT,LOW,2026-08-11 09:01:00,OPEN,8.6,402.3
6366,173,PAYMENT,MEDIUM,2026-09-06 12:36:00,RESOLVED,6.2,110.4
6367,8515,PRODUCT,LOW,2026-09-03 22:55:00,RESOLVED,17.2,166.0
6368,7373,DELIVERY,HIGH,2026-09-04 09:48:00,RESOLVED,26.1,221.7
6369,3554,REFUND,HIGH,2026-09-07 14:17:00,RESOLVED,31.2,216.6
6370,8776,PAYMENT,LOW,2026-08-14 05:48:00,RESOLVED,4.3,92.9
6371,9058,PAYMENT,LOW,2026-08-15 00:13:00,PENDING,11.8,362.0
6372,9544,PAYMENT,LOW,2026-08-13 06:31:00,RESOLVED,25.5,129.8
6373,9126,PAYMENT,HIGH,2026-08-10 12:24:00,RESOLVED,19.5,102.8
6374,2679,ACCOUNT,LOW,2026-09-04 15:40:00,RESOLVED,16.0,93.5
6375,5577,ACCOUNT,MEDIUM,2026-08-14 09:47:00,RESOLVED,43.6,110.1
6376,1730,ACCOUNT,MEDIUM,2026-08-30 14:00:00,RESOLVED,12.5,256.2
6377,6817,PAYMENT,HIGH,2026-09-08 16:40:00,RESOLVED,58.8,259.6
6378,4990,PAYMENT,MEDIUM,2026-08-09 03:37:00,RESOLVED,9.1,295.9
6379,8794,PAYMENT,MEDIUM,2026-08-13 09:49:00,RESOLVED,9.8,229.5
6380,9011,ACCOUNT,MEDIUM,2026-09-05 22:20:00,PENDING,27.3,297.4
6381,3179,PRODUCT,HIGH,2026-08-17 01:53:00,OPEN,14.0,135.7
6382,3157,ACCOUNT,MEDIUM,2026-09-06 11:30:00,PENDING,14.4,341.1
6383,320,ACCOUNT,MEDIUM,2026-08-24 05:35:00,RESOLVED,11.9,119.1
6384,5051,ACCOUNT,LOW,2026-08-14 14:49:00,OPEN,25.2,145.1
6385,3847,PAYMENT,LOW,2026-08-19 02:37:00,RESOLVED,3.5,406.1
6386,9956,REFUND,MEDIUM,2026-09-05 17:07:00,RESOLVED,9.1,121.9
6387,8178,ACCOUNT,MEDIUM,2026-08-02 17:44:00,RESOLVED,15.1,100.8
6388,4561,REFUND,MEDIUM,2026-08-27 13:04:00,RESOLVED,28.8,267.3
6389,5679,REFUND,CRITICAL,2026-09-04 00:19:00,RESOLVED,12.9,299.0
6390,6283,ACCOUNT,LOW,2026-09-05 00:35:00,OPEN,70.0,188.7
6391,9031,PRODUCT,MEDIUM,2026-08-22 19:48:00,PENDING,32.2,431.7
6392,9956,PAYMENT,HIGH,2026-08-16 09:59:00,RESOLVED,28.3,151.2
6393,4183,PAYMENT,LOW,2026-09-09 07:57:00,PENDING,20.0,326.7
6394,3673,PAYMENT,MEDIUM,2026-08-16 22:13:00,RESOLVED,23.6,134.8
6395,7131,ACCOUNT,MEDIUM,2026-08-16 17:33:00,RESOLVED,16.8,443.4
6396,2730,PAYMENT,MEDIUM,2026-08-21 02:42:00,OPEN,31.5,460.4
6397,1406,PAYMENT,LOW,2026-08-20 09:47:00,PENDING,38.7,273.7
6398,2828,DELIVERY,LOW,2026-08-11 13:01:00,RESOLVED,21.6,487.3
6399,3163,DELIVERY,LOW,2026-08-16 21:42:00,RESOLVED,70.2,598.4
6400,6171,REFUND,HIGH,2026-08-22 11:50:00,RESOLVED,12.6,380.3
6401,7357,REFUND,LOW,2026-08-05 22:36:00,PENDING,58.0,532.4
6402,1628,REFUND,LOW,2026-08-21 08:45:00,RESOLVED,31.9,255.0
6403,450,PRODUCT,MEDIUM,2026-08-30 03:20:00,RESOLVED,16.8,156.7
6404,1646,PAYMENT,CRITICAL,2026-08-08 12:34:00,RESOLVED,14.2,144.7
6405,9114,DELIVERY,LOW,2026-08-10 10:39:00,PENDING,3.6,236.8
6406,2602,PAYMENT,MEDIUM,2026-09-05 19:43:00,RESOLVED,43.3,243.3
6407,5283,DELIVERY,LOW,2026-09-06 00:38:00,RESOLVED,56.8,173.6
6408,5410,PAYMENT,LOW,2026-08-05 04:25:00,RESOLVED,26.3,126.7
6409,2781,DELIVERY,HIGH,2026-08-02 23:25:00,OPEN,12.0,283.8
6410,8442,DELIVERY,MEDIUM,2026-09-05 07:00:00,RESOLVED,8.0,563.0
6411,652,ACCOUNT,MEDIUM,2026-09-09 03:31:00,OPEN,27.6,145.9
6412,5293,DELIVERY,LOW,2026-08-22 12:22:00,RESOLVED,26.1,219.8
6413,4137,ACCOUNT,MEDIUM,2026-09-04 01:08:00,RESOLVED,18.8,438.5
6414,7827,PAYMENT,LOW,2026-08-20 06:46:00,RESOLVED,20.9,466.6
6415,1973,ACCOUNT,MEDIUM,2026-08-13 02:34:00,RESOLVED,33.6,167.5
6416,9576,DELIVERY,MEDIUM,2026-09-04 08:08:00,OPEN,23.4,150.5
6417,7925,PAYMENT,MEDIUM,2026-08-20 15:13:00,RESOLVED,21.7,86.0
6418,7401,ACCOUNT,MEDIUM,2026-08-19 03:06:00,OPEN,29.5,219.9
6419,4946,DELIVERY,LOW,2026-08-24 09:06:00,PENDING,62.4,254.3
6420,6428,PAYMENT,HIGH,2026-08-13 02:48:00,RESOLVED,6.8,294.8
6421,2077,DELIVERY,CRITICAL,2026-08-12 03:45:00,OPEN,19.4,217.7
6422,82,REFUND,HIGH,2026-08-07 07:37:00,RESOLVED,6.8,372.8
6423,7457,ACCOUNT,LOW,2026-08-04 17:56:00,RESOLVED,4.8,61.6
6424,4485,PAYMENT,LOW,2026-08-28 12:19:00,PENDING,25.1,395.9
6425,3526,REFUND,MEDIUM,2026-08-19 02:47:00,RESOLVED,36.8,285.5
6426,2681,PRODUCT,MEDIUM,2026-09-03 07:44:00,PENDING,12.8,164.8
6427,6205,REFUND,HIGH,2026-08-24 05:29:00,PENDING,21.0,260.2
6428,5125,DELIVERY,MEDIUM,2026-08-21 09:48:00,RESOLVED,27.7,302.5
6429,6751,PAYMENT,MEDIUM,2026-09-08 22:16:00,OPEN,52.5,364.7
6430,9511,PRODUCT,LOW,2026-08-12 07:11:00,RESOLVED,4.2,176.6
6431,8355,DELIVERY,HIGH,2026-09-03 23:37:00,RESOLVED,25.9,198.8
6432,3205,DELIVERY,LOW,2026-09-07 15:11:00,RESOLVED,43.0,126.6
6433,2419,PAYMENT,HIGH,2026-08-24 03:53:00,RESOLVED,27.9,448.7
6434,1608,REFUND,HIGH,2026-08-26 20:41:00,RESOLVED,8.1,214.4
6435,5691,ACCOUNT,LOW,2026-09-04 05:37:00,RESOLVED,12.9,90.2
6436,8259,REFUND,HIGH,2026-08-22 19:03:00,RESOLVED,18.5,188.8
6437,2532,REFUND,LOW,2026-08-18 19:43:00,RESOLVED,1.8,155.1
6438,9906,PAYMENT,LOW,2026-09-01 16:26:00,OPEN,54.3,456.1
6439,4293,ACCOUNT,MEDIUM,2026-09-05 10:43:00,RESOLVED,5.0,513.4
6440,7801,PRODUCT,HIGH,2026-08-14 08:43:00,RESOLVED,11.7,255.1
6441,2983,PRODUCT,MEDIUM,2026-08-19 12:03:00,RESOLVED,23.0,328.8
6442,1384,ACCOUNT,LOW,2026-08-30 10:51:00,RESOLVED,8.4,238.0
6443,5128,ACCOUNT,MEDIUM,2026-08-28 02:47:00,RESOLVED,14.5,287.4
6444,5507,PAYMENT,MEDIUM,2026-08-15 00:39:00,PENDING,47.5,90.8
6445,4784,REFUND,LOW,2026-08-29 20:52:00,OPEN,59.0,582.9
6446,4052,DELIVERY,LOW,2026-08-11 07:43:00,PENDING,13.9,309.8
6447,6500,PAYMENT,LOW,2026-08-06 09:37:00,OPEN,17.5,147.4
6448,6335,PRODUCT,MEDIUM,2026-08-10 07:23:00,OPEN,5.2,202.4
6449,1514,REFUND,MEDIUM,2026-09-09 00:04:00,RESOLVED,9.6,165.9
6450,6687,PAYMENT,MEDIUM,2026-09-05 08:13:00,OPEN,26.6,297.9
6451,3327,PAYMENT,LOW,2026-08-06 05:57:00,RESOLVED,22.7,540.0
6452,8071,PAYMENT,HIGH,2026-09-02 05:15:00,RESOLVED,33.0,587.7
6453,4978,ACCOUNT,MEDIUM,2026-08-15 17:29:00,RESOLVED,16.4,226.2
6454,2401,PAYMENT,LOW,2026-08-09 07:54:00,OPEN,35.4,338.7
6455,1802,PAYMENT,HIGH,2026-08-12 00:09:00,RESOLVED,26.4,217.0
6456,9647,PAYMENT,MEDIUM,2026-08-03 19:23:00,OPEN,7.6,174.1
6457,7187,REFUND,MEDIUM,2026-08-09 05:17:00,RESOLVED,23.4,193.7
6458,2147,PRODUCT,LOW,2026-08-07 04:24:00,RESOLVED,43.6,521.2
6459,5018,PRODUCT,LOW,2026-08-07 10:19:00,RESOLVED,2.0,272.5
6460,1241,PAYMENT,MEDIUM,2026-08-13 07:15:00,RESOLVED,17.4,377.8
6461,8343,REFUND,HIGH,2026-09-06 06:06:00,RESOLVED,9.1,172.6
6462,8289,ACCOUNT,MEDIUM,2026-08-25 09:25:00,RESOLVED,25.2,186.5
6463,8033,ACCOUNT,LOW,2026-08-08 09:36:00,OPEN,14.3,183.6
6464,4633,PRODUCT,MEDIUM,2026-08-27 14:49:00,RESOLVED,27.6,239.4
6465,1659,ACCOUNT,LOW,2026-09-07 07:36:00,RESOLVED,36.2,164.0
6466,4903,PAYMENT,LOW,2026-08-05 13:22:00,RESOLVED,15.8,224.8
6467,5105,PRODUCT,HIGH,2026-08-10 21:52:00,RESOLVED,24.8,157.4
6468,3188,REFUND,MEDIUM,2026-08-19 04:27:00,RESOLVED,46.5,332.9
6469,3778,PRODUCT,MEDIUM,2026-08-06 18:41:00,OPEN,24.4,379.0
6470,465,DELIVERY,LOW,2026-08-21 20:07:00,RESOLVED,6.0,116.3
6471,5234,PAYMENT,LOW,2026-08-25 18:49:00,RESOLVED,6.7,468.8
6472,1937,REFUND,MEDIUM,2026-08-11 08:49:00,PENDING,14.5,379.5
6473,8409,PAYMENT,MEDIUM,2026-08-11 03:48:00,RESOLVED,19.7,178.6
6474,7617,REFUND,MEDIUM,2026-08-30 04:37:00,OPEN,30.6,425.5
6475,6038,ACCOUNT,MEDIUM,2026-08-23 03:02:00,RESOLVED,16.2,126.4
6476,2245,DELIVERY,MEDIUM,2026-08-24 19:23:00,RESOLVED,6.3,331.0
6477,6680,ACCOUNT,MEDIUM,2026-08-03 12:51:00,RESOLVED,39.3,225.3
6478,9927,PRODUCT,LOW,2026-08-30 05:35:00,RESOLVED,25.3,282.9
6479,6307,ACCOUNT,MEDIUM,2026-08-23 12:59:00,RESOLVED,7.4,228.2
6480,7863,REFUND,MEDIUM,2026-08-28 22:32:00,RESOLVED,2.4,206.1
6481,9005,PRODUCT,MEDIUM,2026-08-14 04:21:00,RESOLVED,26.5,563.6
6482,8486,DELIVERY,LOW,2026-09-05 21:01:00,RESOLVED,18.2,257.9
6483,1623,PRODUCT,HIGH,2026-08-01 11:17:00,RESOLVED,26.1,391.5
6484,8733,PAYMENT,LOW,2026-08-27 22:07:00,RESOLVED,11.3,101.3
6485,7655,PRODUCT,CRITICAL,2026-08-03 09:10:00,RESOLVED,34.5,257.2
6486,7190,PRODUCT,HIGH,2026-09-02 00:06:00,PENDING,8.9,106.3
6487,2279,PAYMENT,MEDIUM,2026-09-03 03:15:00,RESOLVED,21.5,374.3
6488,4662,REFUND,LOW,2026-08-21 09:03:00,PENDING,40.1,97.0
6489,9040,PRODUCT,MEDIUM,2026-08-23 03:36:00,RESOLVED,26.2,288.8
6490,9171,ACCOUNT,LOW,2026-08-10 11:44:00,RESOLVED,5.0,235.8
6491,1154,REFUND,HIGH,2026-08-01 10:27:00,RESOLVED,38.5,344.3
6492,4266,ACCOUNT,LOW,2026-08-04 15:14:00,RESOLVED,24.3,368.8
6493,6061,PAYMENT,MEDIUM,2026-08-10 07:09:00,RESOLVED,31.8,287.1
6494,959,ACCOUNT,MEDIUM,2026-08-20 13:52:00,RESOLVED,5.6,351.1
6495,2461,PRODUCT,LOW,2026-08-08 13:47:00,RESOLVED,30.0,406.3
6496,5965,PRODUCT,MEDIUM,2026-09-01 22:24:00,PENDING,6.2,202.8
6497,6562,PRODUCT,MEDIUM,2026-08-29 06:01:00,RESOLVED,30.4,274.4
6498,1056,ACCOUNT,LOW,2026-08-24 08:00:00,RESOLVED,22.1,180.2
6499,4236,ACCOUNT,LOW,2026-08-27 11:22:00,RESOLVED,11.6,553.8
6500,6554,REFUND,MEDIUM,2026-08-02 00:47:00,RESOLVED,20.4,114.2
6501,9906,PRODUCT,MEDIUM,2026-08-11 08:09:00,RESOLVED,8.5,506.9
6502,9976,PRODUCT,MEDIUM,2026-08-10 13:38:00,RESOLVED,11.2,325.1
6503,3107,PAYMENT,LOW,2026-08-01 21:09:00,OPEN,16.2,311.8
6504,6753,REFUND,MEDIUM,2026-08-18 15:25:00,RESOLVED,25.9,267.2
6505,5527,PAYMENT,LOW,2026-08-16 12:45:00,RESOLVED,10.5,228.6
6506,2106,REFUND,LOW,2026-08-17 02:07:00,RESOLVED,18.4,444.1
6507,5076,DELIVERY,MEDIUM,2026-08-27 21:09:00,RESOLVED,37.2,73.5
6508,1379,ACCOUNT,MEDIUM,2026-08-28 21:25:00,RESOLVED,17.3,205.6
6509,1202,PRODUCT,MEDIUM,2026-08-14 02:53:00,RESOLVED,16.7,238.7
6510,3564,PAYMENT,LOW,2026-08-08 00:42:00,RESOLVED,39.3,141.5
6511,2615,PAYMENT,MEDIUM,2026-08-16 00:30:00,PENDING,13.2,383.7
6512,1458,DELIVERY,LOW,2026-08-15 19:01:00,RESOLVED,12.4,93.6
6513,519,REFUND,LOW,2026-08-04 08:03:00,RESOLVED,41.5,206.1
6514,5697,DELIVERY,HIGH,2026-08-22 10:33:00,RESOLVED,23.6,219.2
6515,59,PAYMENT,CRITICAL,2026-08-16 07:13:00,OPEN,15.9,90.1
6516,7831,PAYMENT,CRITICAL,2026-09-09 08:22:00,RESOLVED,21.5,189.7
6517,728,ACCOUNT,MEDIUM,2026-08-06 09:45:00,RESOLVED,15.3,244.4
6518,6582,ACCOUNT,LOW,2026-09-07 00:11:00,RESOLVED,13.2,442.2
6519,1486,PRODUCT,HIGH,2026-08-14 17:03:00,RESOLVED,2.8,120.6
6520,6172,ACCOUNT,MEDIUM,2026-08-16 06:26:00,RESOLVED,24.4,256.1
6521,1427,REFUND,CRITICAL,2026-08-11 07:32:00,RESOLVED,38.3,255.6
6522,4357,DELIVERY,MEDIUM,2026-08-14 08:41:00,RESOLVED,19.3,189.4
6523,6596,PAYMENT,MEDIUM,2026-08-02 21:19:00,RESOLVED,54.3,181.9
6524,1728,DELIVERY,LOW,2026-09-07 23:42:00,RESOLVED,19.1,340.8
6525,1328,ACCOUNT,LOW,2026-08-14 09:34:00,RESOLVED,9.4,385.4
6526,6378,DELIVERY,MEDIUM,2026-09-04 11:07:00,RESOLVED,7.3,200.4
6527,6410,ACCOUNT,CRITICAL,2026-08-31 17:36:00,OPEN,32.7,192.3
6528,4194,PRODUCT,MEDIUM,2026-08-29 09:47:00,PENDING,16.3,336.2
6529,1225,REFUND,LOW,2026-08-16 08:58:00,RESOLVED,5.3,157.9
6530,3055,PAYMENT,MEDIUM,2026-08-25 20:45:00,PENDING,7.6,264.4
6531,2175,PAYMENT,LOW,2026-08-15 04:13:00,RESOLVED,20.9,303.0
6532,6593,PRODUCT,CRITICAL,2026-08-30 03:42:00,RESOLVED,37.4,132.1
6533,3006,PAYMENT,LOW,2026-09-03 00:57:00,RESOLVED,11.2,545.5
6534,3786,PAYMENT,LOW,2026-08-29 09:20:00,RESOLVED,21.0,299.7
6535,2614,PAYMENT,MEDIUM,2026-08-17 05:23:00,PENDING,39.0,171.2
6536,1684,DELIVERY,MEDIUM,2026-09-03 11:15:00,RESOLVED,70.9,324.7
6537,8118,PRODUCT,MEDIUM,2026-08-01 08:04:00,RESOLVED,14.5,259.9
6538,4836,REFUND,MEDIUM,2026-08-29 22:35:00,RESOLVED,13.2,542.6
6539,5713,REFUND,HIGH,2026-09-03 11:50:00,PENDING,20.6,416.3
6540,2892,REFUND,MEDIUM,2026-08-27 00:12:00,RESOLVED,20.4,612.1
6541,875,PAYMENT,LOW,2026-08-20 03:07:00,RESOLVED,34.5,592.7
6542,7335,PRODUCT,LOW,2026-09-07 11:20:00,RESOLVED,22.7,111.7
6543,7221,ACCOUNT,MEDIUM,2026-08-02 11:54:00,RESOLVED,12.4,133.0
6544,471,PAYMENT,MEDIUM,2026-09-07 15:03:00,PENDING,12.2,98.0
6545,8864,REFUND,MEDIUM,2026-08-11 19:21:00,RESOLVED,15.3,479.2
6546,8529,ACCOUNT,LOW,2026-08-17 16:11:00,RESOLVED,27.4,132.0
6547,8488,PAYMENT,LOW,2026-08-11 20:26:00,RESOLVED,5.1,147.6
6548,4614,DELIVERY,LOW,2026-09-09 22:35:00,RESOLVED,29.6,400.0
6549,6939,ACCOUNT,MEDIUM,2026-08-16 06:52:00,OPEN,5.0,541.1
6550,160,ACCOUNT,MEDIUM,2026-08-16 17:24:00,RESOLVED,7.6,601.7
6551,5985,REFUND,LOW,2026-08-25 08:25:00,RESOLVED,2.5,340.8
6552,1334,REFUND,MEDIUM,2026-08-10 23:02:00,OPEN,47.9,244.9
6553,9093,REFUND,HIGH,2026-08-14 12:00:00,RESOLVED,21.5,438.2
6554,9455,REFUND,LOW,2026-08-09 07:05:00,PENDING,25.7,346.1
6555,1505,DELIVERY,LOW,2026-08-29 20:24:00,RESOLVED,6.4,296.8
6556,5371,DELIVERY,MEDIUM,2026-08-05 18:09:00,OPEN,21.8,280.2
6557,5923,DELIVERY,LOW,2026-08-27 11:26:00,RESOLVED,21.5,239.0
6558,7686,REFUND,LOW,2026-08-15 14:19:00,RESOLVED,14.9,82.8
6559,4888,DELIVERY,CRITICAL,2026-08-05 06:50:00,RESOLVED,28.8,315.7
6560,8828,DELIVERY,HIGH,2026-09-08 17:22:00,RESOLVED,24.8,107.7
6561,3455,ACCOUNT,MEDIUM,2026-08-14 16:22:00,PENDING,17.4,247.6
6562,3204,REFUND,HIGH,2026-08-13 23:31:00,RESOLVED,24.8,262.1
6563,7292,ACCOUNT,LOW,2026-08-04 05:12:00,RESOLVED,21.5,239.2
6564,5470,PAYMENT,HIGH,2026-09-06 18:46:00,RESOLVED,37.4,120.9
6565,819,PAYMENT,CRITICAL,2026-09-06 07:35:00,RESOLVED,7.0,322.5
6566,6504,PRODUCT,MEDIUM,2026-08-05 06:54:00,RESOLVED,47.7,231.3
6567,2794,DELIVERY,HIGH,2026-08-12 10:12:00,RESOLVED,16.6,165.4
6568,8416,PRODUCT,HIGH,2026-08-06 20:34:00,RESOLVED,20.6,260.5
6569,8365,PAYMENT,LOW,2026-08-29 03:24:00,PENDING,5.7,288.9
6570,4201,ACCOUNT,LOW,2026-08-07 12:33:00,OPEN,9.3,24.3
6571,8533,ACCOUNT,MEDIUM,2026-08-16 17:50:00,RESOLVED,19.0,168.5
6572,9518,PRODUCT,MEDIUM,2026-08-22 23:31:00,RESOLVED,24.9,298.8
6573,7295,DELIVERY,MEDIUM,2026-09-08 05:22:00,RESOLVED,35.0,370.5
6574,6072,ACCOUNT,LOW,2026-09-09 16:12:00,RESOLVED,4.7,125.7
6575,9331,PRODUCT,LOW,2026-08-17 23:34:00,PENDING,11.1,157.2
6576,8739,DELIVERY,LOW,2026-08-09 03:52:00,RESOLVED,8.6,378.6
6577,4781,DELIVERY,MEDIUM,2026-08-23 23:35:00,PENDING,14.4,196.6
6578,834,ACCOUNT,LOW,2026-08-14 08:27:00,OPEN,22.0,277.1
6579,6008,ACCOUNT,LOW,2026-08-18 21:49:00,OPEN,30.5,101.6
6580,4634,PAYMENT,CRITICAL,2026-09-04 03:12:00,RESOLVED,62.5,479.0
6581,3658,ACCOUNT,MEDIUM,2026-08-17 22:47:00,RESOLVED,13.5,106.8
6582,1792,PAYMENT,HIGH,2026-08-22 05:57:00,RESOLVED,18.2,162.0
6583,7166,ACCOUNT,LOW,2026-08-23 06:14:00,RESOLVED,37.5,170.8
6584,9119,PAYMENT,MEDIUM,2026-08-14 19:02:00,RESOLVED,14.6,142.6
6585,5976,PRODUCT,MEDIUM,2026-09-05 20:23:00,OPEN,54.6,300.9
6586,2350,DELIVERY,CRITICAL,2026-08-17 21:48:00,RESOLVED,10.9,317.8
6587,13,ACCOUNT,MEDIUM,2026-08-24 23:52:00,RESOLVED,13.9,305.3
6588,7130,DELIVERY,HIGH,2026-08-30 09:40:00,RESOLVED,26.5,180.6
6589,1577,REFUND,LOW,2026-09-02 22:33:00,PENDING,31.0,171.9
6590,629,PAYMENT,LOW,2026-08-15 11:52:00,PENDING,18.3,319.1
6591,1973,PRODUCT,HIGH,2026-08-02 09:31:00,RESOLVED,84.2,192.2
6592,2009,PRODUCT,MEDIUM,2026-08-27 11:49:00,OPEN,24.2,161.4
6593,3395,PRODUCT,LOW,2026-08-05 00:37:00,RESOLVED,11.9,399.7
6594,3199,ACCOUNT,LOW,2026-09-02 00:52:00,PENDING,17.4,276.1
6595,1975,PRODUCT,HIGH,2026-09-09 19:50:00,RESOLVED,5.8,330.2
6596,7819,DELIVERY,LOW,2026-08-03 06:36:00,OPEN,9.9,490.1
6597,8262,PRODUCT,MEDIUM,2026-08-01 21:04:00,PENDING,9.5,129.2
6598,2512,REFUND,LOW,2026-08-30 23:52:00,RESOLVED,17.4,119.4
6599,3684,PAYMENT,LOW,2026-08-29 06:39:00,OPEN,15.2,191.4
6600,8169,PRODUCT,MEDIUM,2026-09-07 18:31:00,RESOLVED,30.5,449.7
6601,9529,REFUND,LOW,2026-08-06 03:17:00,RESOLVED,10.4,131.5
6602,7887,REFUND,MEDIUM,2026-08-04 05:10:00,RESOLVED,26.5,377.2
6603,5532,REFUND,LOW,2026-08-15 17:45:00,PENDING,45.8,73.4
6604,9923,REFUND,HIGH,2026-08-04 06:26:00,PENDING,36.5,328.5
6605,7272,ACCOUNT,MEDIUM,2026-09-06 03:00:00,RESOLVED,12.1,73.0
6606,6772,REFUND,LOW,2026-08-25 14:49:00,PENDING,48.4,279.1
6607,298,PAYMENT,MEDIUM,2026-08-27 19:24:00,RESOLVED,10.1,621.8
6608,6375,PRODUCT,MEDIUM,2026-08-28 01:22:00,RESOLVED,30.9,357.5
6609,2880,REFUND,LOW,2026-08-21 16:56:00,PENDING,19.9,484.5
6610,6016,DELIVERY,LOW,2026-08-19 11:47:00,RESOLVED,15.0,229.3
6611,5731,REFUND,MEDIUM,2026-08-09 16:40:00,RESOLVED,14.2,339.3
6612,1097,DELIVERY,LOW,2026-09-07 10:08:00,RESOLVED,31.2,343.7
6613,4614,PAYMENT,MEDIUM,2026-08-23 00:55:00,PENDING,10.2,87.1
6614,5133,DELIVERY,MEDIUM,2026-08-06 01:34:00,RESOLVED,68.1,176.7
6615,476,REFUND,LOW,2026-08-07 16:33:00,RESOLVED,23.6,97.6
6616,8515,PAYMENT,LOW,2026-08-05 17:45:00,RESOLVED,45.8,591.4
6617,9376,REFUND,LOW,2026-09-05 20:54:00,RESOLVED,18.8,459.3
6618,209,REFUND,LOW,2026-08-01 09:52:00,RESOLVED,17.8,219.2
6619,1203,PRODUCT,MEDIUM,2026-09-07 01:54:00,RESOLVED,48.6,173.3
6620,1267,PAYMENT,LOW,2026-09-02 21:10:00,PENDING,21.3,160.8
6621,4413,PRODUCT,MEDIUM,2026-08-06 13:38:00,OPEN,47.9,200.0
6622,6006,ACCOUNT,LOW,2026-08-04 14:32:00,OPEN,11.4,48.9
6623,2416,REFUND,CRITICAL,2026-09-07 04:15:00,OPEN,20.0,86.9
6624,8471,REFUND,MEDIUM,2026-08-25 03:15:00,PENDING,2.4,129.5
6625,3106,PAYMENT,HIGH,2026-09-06 18:51:00,OPEN,26.4,464.2
6626,3074,DELIVERY,MEDIUM,2026-09-07 04:25:00,OPEN,20.4,463.5
6627,5881,PRODUCT,LOW,2026-08-01 10:26:00,RESOLVED,10.1,169.5
6628,8715,DELIVERY,MEDIUM,2026-08-03 02:33:00,RESOLVED,13.2,577.1
6629,2490,REFUND,MEDIUM,2026-09-01 17:18:00,RESOLVED,27.9,334.6
6630,3376,ACCOUNT,MEDIUM,2026-08-05 16:40:00,RESOLVED,24.7,639.2
6631,3388,PRODUCT,HIGH,2026-09-03 00:24:00,RESOLVED,5.4,387.0
6632,4655,PAYMENT,LOW,2026-09-04 20:12:00,OPEN,33.8,126.3
6633,4290,DELIVERY,LOW,2026-08-20 11:59:00,PENDING,19.3,280.6
6634,9531,ACCOUNT,MEDIUM,2026-08-12 02:27:00,RESOLVED,57.9,355.0
6635,1466,PAYMENT,LOW,2026-09-09 15:31:00,RESOLVED,46.5,261.6
6636,4176,ACCOUNT,HIGH,2026-08-17 21:26:00,RESOLVED,13.3,103.9
6637,2538,PRODUCT,MEDIUM,2026-08-10 14:55:00,RESOLVED,27.1,228.5
6638,5995,ACCOUNT,HIGH,2026-08-24 05:03:00,RESOLVED,41.3,355.8
6639,7811,DELIVERY,LOW,2026-08-14 11:24:00,RESOLVED,10.2,290.7
6640,9355,ACCOUNT,LOW,2026-08-29 15:52:00,RESOLVED,31.0,66.1
6641,4377,PRODUCT,MEDIUM,2026-09-09 10:23:00,RESOLVED,40.9,627.3
6642,2644,REFUND,LOW,2026-08-08 08:36:00,RESOLVED,36.7,222.3
6643,9639,ACCOUNT,HIGH,2026-08-10 23:40:00,OPEN,12.7,158.6
6644,920,PAYMENT,MEDIUM,2026-09-04 22:47:00,OPEN,13.7,173.0
6645,1314,PRODUCT,MEDIUM,2026-09-03 12:09:00,PENDING,4.8,127.6
6646,9581,ACCOUNT,LOW,2026-08-31 23:10:00,RESOLVED,49.7,267.6
6647,8865,PAYMENT,MEDIUM,2026-08-06 19:24:00,RESOLVED,21.1,188.4
6648,5599,PRODUCT,LOW,2026-08-04 14:58:00,RESOLVED,15.0,423.2
6649,3287,ACCOUNT,MEDIUM,2026-08-12 23:34:00,RESOLVED,16.8,208.0
6650,9659,PRODUCT,LOW,2026-08-05 07:54:00,RESOLVED,14.7,241.3
6651,9583,PRODUCT,MEDIUM,2026-08-20 02:11:00,RESOLVED,4.4,174.7
6652,8668,ACCOUNT,HIGH,2026-08-29 06:55:00,RESOLVED,27.8,140.6
6653,7719,ACCOUNT,LOW,2026-08-29 19:58:00,RESOLVED,13.5,237.9
6654,5947,PRODUCT,LOW,2026-08-19 21:48:00,RESOLVED,10.5,439.5
6655,3718,DELIVERY,MEDIUM,2026-08-15 16:35:00,RESOLVED,9.0,313.3
6656,4714,PRODUCT,MEDIUM,2026-08-19 02:24:00,RESOLVED,2.8,175.2
6657,5426,REFUND,LOW,2026-08-29 08:05:00,RESOLVED,9.2,498.1
6658,4803,PAYMENT,LOW,2026-08-09 16:50:00,OPEN,17.5,378.0
6659,8613,REFUND,MEDIUM,2026-08-01 01:05:00,RESOLVED,11.8,453.0
6660,1661,REFUND,MEDIUM,2026-08-29 11:50:00,OPEN,6.3,357.6
6661,830,ACCOUNT,MEDIUM,2026-08-26 09:25:00,RESOLVED,8.3,520.6
6662,4536,REFUND,LOW,2026-08-05 13:31:00,RESOLVED,21.4,78.9
6663,2070,DELIVERY,MEDIUM,2026-08-25 00:44:00,PENDING,7.7,165.7
6664,8218,PRODUCT,LOW,2026-08-15 22:21:00,RESOLVED,4.8,155.2
6665,8484,PRODUCT,MEDIUM,2026-09-06 09:31:00,RESOLVED,60.8,203.7
6666,9888,ACCOUNT,MEDIUM,2026-08-29 21:18:00,PENDING,11.4,235.6
6667,3862,DELIVERY,MEDIUM,2026-08-20 05:27:00,OPEN,4.3,270.2
6668,9604,ACCOUNT,LOW,2026-09-09 05:25:00,OPEN,9.5,188.3
6669,1014,ACCOUNT,LOW,2026-08-29 00:31:00,PENDING,36.4,102.8
6670,9622,REFUND,MEDIUM,2026-08-09 11:52:00,RESOLVED,36.6,601.9
6671,2461,ACCOUNT,HIGH,2026-08-25 19:34:00,RESOLVED,20.1,231.0
6672,191,ACCOUNT,CRITICAL,2026-08-26 10:30:00,RESOLVED,26.8,223.5
6673,8255,DELIVERY,HIGH,2026-09-02 02:04:00,RESOLVED,6.6,143.2
6674,5158,DELIVERY,MEDIUM,2026-08-03 13:36:00,OPEN,19.2,394.9
6675,4129,PRODUCT,HIGH,2026-09-06 03:14:00,RESOLVED,4.3,459.8
6676,2002,PAYMENT,MEDIUM,2026-08-11 16:17:00,RESOLVED,47.4,163.9
6677,4157,ACCOUNT,HIGH,2026-08-21 10:07:00,RESOLVED,7.0,267.9
6678,6153,ACCOUNT,MEDIUM,2026-08-04 20:37:00,RESOLVED,20.4,494.2
6679,1437,DELIVERY,MEDIUM,2026-08-07 13:32:00,OPEN,4.0,119.4
6680,9459,ACCOUNT,LOW,2026-09-03 05:28:00,RESOLVED,46.0,380.3
6681,7237,ACCOUNT,MEDIUM,2026-08-30 19:15:00,PENDING,48.0,391.8
6682,8767,PRODUCT,LOW,2026-08-17 17:20:00,RESOLVED,33.4,232.1
6683,446,REFUND,MEDIUM,2026-08-04 02:20:00,RESOLVED,31.2,166.3
6684,8666,PRODUCT,MEDIUM,2026-09-05 15:46:00,RESOLVED,44.4,255.9
6685,8658,PAYMENT,HIGH,2026-08-07 20:43:00,RESOLVED,2.8,111.2
6686,3658,REFUND,HIGH,2026-08-02 14:36:00,RESOLVED,28.0,165.8
6687,5697,DELIVERY,LOW,2026-08-10 12:09:00,OPEN,15.4,47.4
6688,5012,PRODUCT,MEDIUM,2026-08-28 22:24:00,PENDING,29.5,202.2
6689,8262,REFUND,MEDIUM,2026-08-12 19:56:00,RESOLVED,20.8,49.4
6690,2820,REFUND,LOW,2026-08-21 13:49:00,RESOLVED,29.5,224.3
6691,9196,REFUND,HIGH,2026-08-05 17:34:00,RESOLVED,24.5,263.7
6692,5539,DELIVERY,LOW,2026-08-28 17:46:00,OPEN,2.0,267.9
6693,2,REFUND,HIGH,2026-09-08 16:13:00,OPEN,20.2,271.0
6694,3034,ACCOUNT,LOW,2026-09-08 16:06:00,RESOLVED,66.7,551.5
6695,1426,PRODUCT,HIGH,2026-09-06 04:51:00,RESOLVED,17.0,48.3
6696,8088,DELIVERY,MEDIUM,2026-09-08 21:48:00,RESOLVED,21.8,180.5
6697,4092,REFUND,MEDIUM,2026-09-03 16:30:00,RESOLVED,48.5,220.1
6698,4645,PRODUCT,LOW,2026-09-03 05:29:00,RESOLVED,5.5,116.9
6699,3502,ACCOUNT,LOW,2026-08-31 06:33:00,OPEN,18.7,216.8
6700,7004,PAYMENT,LOW,2026-08-09 10:14:00,RESOLVED,24.8,108.6
6701,9935,ACCOUNT,HIGH,2026-08-08 06:45:00,RESOLVED,12.6,93.8
6702,8727,DELIVERY,MEDIUM,2026-08-31 08:58:00,OPEN,9.6,334.7
6703,9896,ACCOUNT,LOW,2026-08-12 06:58:00,RESOLVED,35.0,449.0
6704,2998,DELIVERY,MEDIUM,2026-09-08 07:01:00,RESOLVED,42.4,273.5
6705,6644,PRODUCT,LOW,2026-08-27 19:56:00,OPEN,43.3,202.1
6706,6221,DELIVERY,MEDIUM,2026-08-14 20:26:00,PENDING,8.7,172.9
6707,3025,ACCOUNT,LOW,2026-08-22 00:15:00,RESOLVED,29.7,117.8
6708,8459,REFUND,HIGH,2026-08-14 23:22:00,RESOLVED,19.1,177.7
6709,9197,REFUND,MEDIUM,2026-08-10 02:14:00,RESOLVED,20.2,190.6
6710,9508,PRODUCT,LOW,2026-08-20 02:46:00,RESOLVED,11.6,203.3
6711,9880,DELIVERY,LOW,2026-08-24 20:59:00,RESOLVED,32.9,289.5
6712,1631,PAYMENT,MEDIUM,2026-08-28 19:18:00,RESOLVED,2.5,194.7
6713,1473,REFUND,HIGH,2026-08-14 23:43:00,RESOLVED,33.3,621.0
6714,6815,PAYMENT,LOW,2026-08-10 21:51:00,RESOLVED,31.4,144.0
6715,7257,REFUND,MEDIUM,2026-08-07 02:15:00,RESOLVED,12.4,291.8
6716,4353,ACCOUNT,MEDIUM,2026-08-07 07:47:00,RESOLVED,7.6,345.9
6717,1633,PAYMENT,LOW,2026-08-24 04:26:00,RESOLVED,8.4,249.8
6718,2856,PRODUCT,LOW,2026-08-12 11:03:00,OPEN,16.6,146.7
6719,1284,DELIVERY,MEDIUM,2026-08-25 13:49:00,RESOLVED,9.0,271.3
6720,1578,PRODUCT,LOW,2026-08-26 19:45:00,RESOLVED,42.5,253.4
6721,1880,REFUND,MEDIUM,2026-09-03 07:09:00,RESOLVED,27.1,133.3
6722,5854,PAYMENT,HIGH,2026-08-02 16:24:00,PENDING,46.7,278.4
6723,5133,ACCOUNT,HIGH,2026-09-05 22:02:00,OPEN,8.9,337.3
6724,3341,PRODUCT,MEDIUM,2026-09-07 02:26:00,RESOLVED,53.3,348.3
6725,5429,REFUND,LOW,2026-08-19 03:20:00,OPEN,11.3,205.6
6726,6680,REFUND,MEDIUM,2026-08-23 07:15:00,RESOLVED,12.3,95.6
6727,976,ACCOUNT,LOW,2026-09-06 17:10:00,RESOLVED,34.6,395.9
6728,2810,REFUND,MEDIUM,2026-08-05 05:55:00,RESOLVED,23.0,191.1
6729,2012,DELIVERY,LOW,2026-09-08 11:05:00,PENDING,20.0,136.1
6730,6,REFUND,LOW,2026-08-29 22:12:00,OPEN,37.1,371.7
6731,1161,DELIVERY,LOW,2026-08-29 09:32:00,RESOLVED,1.8,154.8
6732,7673,PRODUCT,LOW,2026-08-12 11:15:00,RESOLVED,11.7,281.4
6733,8756,ACCOUNT,MEDIUM,2026-09-09 23:51:00,RESOLVED,4.5,289.7
6734,1614,PAYMENT,CRITICAL,2026-08-31 15:56:00,RESOLVED,17.0,438.3
6735,7673,PRODUCT,MEDIUM,2026-09-07 16:18:00,PENDING,52.0,235.5
6736,2526,ACCOUNT,LOW,2026-09-05 05:00:00,OPEN,49.3,268.1
6737,1400,ACCOUNT,MEDIUM,2026-08-27 17:05:00,RESOLVED,6.1,154.2
6738,2354,DELIVERY,MEDIUM,2026-08-21 03:34:00,RESOLVED,17.6,88.4
6739,9194,DELIVERY,HIGH,2026-08-16 06:35:00,OPEN,42.5,256.1
6740,3423,REFUND,MEDIUM,2026-08-08 09:11:00,RESOLVED,13.3,261.7
6741,7408,REFUND,LOW,2026-08-02 14:58:00,RESOLVED,15.3,229.1
6742,4854,DELIVERY,MEDIUM,2026-08-19 21:34:00,OPEN,7.0,473.9
6743,4358,DELIVERY,LOW,2026-08-24 16:11:00,RESOLVED,10.5,108.3
6744,8125,ACCOUNT,MEDIUM,2026-08-23 20:20:00,RESOLVED,14.7,181.5
6745,9915,DELIVERY,CRITICAL,2026-08-19 22:04:00,RESOLVED,14.1,282.1
6746,6503,PAYMENT,HIGH,2026-08-15 09:20:00,RESOLVED,21.0,333.1
6747,8496,DELIVERY,LOW,2026-08-17 07:27:00,RESOLVED,25.4,424.0
6748,1460,PRODUCT,MEDIUM,2026-08-31 18:33:00,RESOLVED,51.1,267.9
6749,9008,PRODUCT,LOW,2026-09-07 07:34:00,RESOLVED,17.1,57.1
6750,1837,PAYMENT,LOW,2026-08-11 20:36:00,OPEN,20.8,311.8
6751,1906,REFUND,HIGH,2026-08-26 23:34:00,OPEN,16.3,42.9
6752,8471,DELIVERY,HIGH,2026-09-03 15:45:00,OPEN,14.9,186.3
6753,4829,PAYMENT,LOW,2026-08-17 01:43:00,RESOLVED,14.7,583.5
6754,2499,PRODUCT,HIGH,2026-08-18 12:01:00,RESOLVED,29.8,308.5
6755,273,DELIVERY,LOW,2026-08-23 02:27:00,RESOLVED,11.7,225.8
6756,2187,ACCOUNT,MEDIUM,2026-08-24 11:03:00,RESOLVED,34.6,132.7
6757,8244,ACCOUNT,CRITICAL,2026-09-06 18:19:00,RESOLVED,29.2,224.3
6758,36,PRODUCT,HIGH,2026-08-03 05:46:00,RESOLVED,23.5,344.3
6759,9203,ACCOUNT,MEDIUM,2026-09-02 20:54:00,RESOLVED,19.3,141.3
6760,7741,REFUND,MEDIUM,2026-08-09 09:43:00,PENDING,39.4,243.5
6761,2047,PRODUCT,MEDIUM,2026-08-15 15:21:00,PENDING,38.7,607.0
6762,7385,PRODUCT,CRITICAL,2026-08-18 13:01:00,RESOLVED,50.8,219.5
6763,5186,PRODUCT,LOW,2026-08-21 06:09:00,RESOLVED,20.9,257.8
6764,3477,PRODUCT,LOW,2026-08-30 13:24:00,PENDING,14.4,346.7
6765,5054,DELIVERY,MEDIUM,2026-08-07 16:21:00,OPEN,34.9,236.0
6766,74,ACCOUNT,MEDIUM,2026-09-08 20:27:00,RESOLVED,10.0,285.5
6767,8805,PRODUCT,LOW,2026-09-03 08:10:00,OPEN,57.3,373.6
6768,7856,DELIVERY,MEDIUM,2026-08-03 21:38:00,RESOLVED,7.6,263.1
6769,1795,PRODUCT,LOW,2026-08-23 11:25:00,RESOLVED,22.6,242.2
6770,994,ACCOUNT,CRITICAL,2026-09-07 11:26:00,RESOLVED,12.0,284.2
6771,4235,DELIVERY,LOW,2026-08-02 11:00:00,RESOLVED,35.5,130.8
6772,4605,ACCOUNT,HIGH,2026-08-13 07:45:00,RESOLVED,20.8,168.1
6773,7725,REFUND,CRITICAL,2026-08-19 09:02:00,PENDING,26.6,177.8
6774,8402,REFUND,MEDIUM,2026-09-09 07:23:00,OPEN,7.0,157.6
6775,638,PAYMENT,LOW,2026-08-23 07:04:00,RESOLVED,34.3,391.1
6776,2443,PRODUCT,HIGH,2026-08-02 18:53:00,RESOLVED,30.8,520.1
6777,5864,DELIVERY,MEDIUM,2026-08-26 10:00:00,RESOLVED,28.0,327.8
6778,3797,REFUND,MEDIUM,2026-08-21 08:35:00,RESOLVED,22.8,668.5
6779,9907,ACCOUNT,LOW,2026-08-24 15:30:00,RESOLVED,7.2,222.2
6780,6609,REFUND,LOW,2026-09-01 02:25:00,RESOLVED,17.6,95.4
6781,3226,REFUND,MEDIUM,2026-08-04 20:03:00,OPEN,24.2,384.5
6782,6732,PRODUCT,MEDIUM,2026-08-15 00:26:00,RESOLVED,15.7,252.4
6783,4306,REFUND,CRITICAL,2026-08-06 07:09:00,RESOLVED,23.9,358.9
6784,4628,DELIVERY,MEDIUM,2026-09-08 22:48:00,RESOLVED,26.2,553.3
6785,7148,PAYMENT,LOW,2026-09-07 01:10:00,RESOLVED,2.9,275.5
6786,4338,DELIVERY,MEDIUM,2026-09-06 23:45:00,PENDING,10.2,407.3
6787,6965,REFUND,LOW,2026-08-11 11:19:00,RESOLVED,19.9,194.0
6788,4196,PRODUCT,LOW,2026-08-14 05:57:00,PENDING,41.8,345.2
6789,5943,PRODUCT,MEDIUM,2026-08-19 15:06:00,RESOLVED,26.4,401.9
6790,4861,ACCOUNT,LOW,2026-08-01 03:53:00,OPEN,19.3,319.6
6791,5739,ACCOUNT,LOW,2026-09-04 11:00:00,RESOLVED,19.8,397.1
6792,3467,DELIVERY,LOW,2026-08-08 00:20:00,RESOLVED,33.1,182.3
6793,1200,PAYMENT,LOW,2026-08-28 08:54:00,RESOLVED,8.4,267.0
6794,2565,DELIVERY,HIGH,2026-08-02 07:14:00,RESOLVED,25.3,395.2
6795,3562,ACCOUNT,MEDIUM,2026-08-06 08:40:00,OPEN,39.1,402.5
6796,3161,DELIVERY,HIGH,2026-08-28 04:30:00,RESOLVED,3.9,227.5
6797,4215,PRODUCT,HIGH,2026-08-03 09:19:00,RESOLVED,7.9,375.2
6798,4778,DELIVERY,HIGH,2026-08-06 15:22:00,RESOLVED,12.3,258.2
6799,2519,DELIVERY,LOW,2026-08-09 04:54:00,OPEN,74.1,526.8
6800,3822,ACCOUNT,LOW,2026-08-20 04:32:00,RESOLVED,20.5,297.1
6801,2824,DELIVERY,MEDIUM,2026-08-09 15:24:00,PENDING,14.7,70.2
6802,5856,PAYMENT,MEDIUM,2026-08-08 11:56:00,PENDING,10.7,112.4
6803,4762,PAYMENT,LOW,2026-08-08 12:54:00,RESOLVED,12.1,134.6
6804,6312,PRODUCT,LOW,2026-09-04 16:16:00,OPEN,30.4,364.1
6805,4320,ACCOUNT,MEDIUM,2026-09-02 14:19:00,RESOLVED,13.0,148.5
6806,9962,PAYMENT,MEDIUM,2026-08-12 18:44:00,RESOLVED,11.8,317.5
6807,4848,PRODUCT,MEDIUM,2026-08-26 20:25:00,PENDING,12.4,135.5
6808,6152,ACCOUNT,LOW,2026-08-28 21:57:00,RESOLVED,39.0,275.2
6809,4422,DELIVERY,MEDIUM,2026-08-10 21:21:00,PENDING,11.8,145.9
6810,7347,PAYMENT,MEDIUM,2026-08-24 10:28:00,RESOLVED,4.4,81.6
6811,5588,REFUND,MEDIUM,2026-08-03 08:54:00,OPEN,24.5,485.4
6812,981,ACCOUNT,HIGH,2026-08-16 00:27:00,RESOLVED,13.2,112.5
6813,7294,PRODUCT,MEDIUM,2026-08-24 23:07:00,RESOLVED,9.7,82.3
6814,7605,PRODUCT,MEDIUM,2026-08-31 09:29:00,PENDING,24.5,90.8
6815,4025,DELIVERY,LOW,2026-08-15 21:11:00,RESOLVED,19.2,189.6
6816,5090,ACCOUNT,LOW,2026-08-05 13:51:00,RESOLVED,7.2,121.0
6817,110,DELIVERY,MEDIUM,2026-08-29 08:54:00,RESOLVED,32.4,322.6
6818,8666,PAYMENT,HIGH,2026-08-29 10:32:00,RESOLVED,32.5,166.9
6819,7786,PRODUCT,MEDIUM,2026-08-05 01:29:00,RESOLVED,15.1,312.4
6820,9710,ACCOUNT,MEDIUM,2026-08-08 04:16:00,RESOLVED,30.0,379.5
6821,5995,REFUND,LOW,2026-08-12 02:24:00,RESOLVED,28.4,238.0
6822,2304,REFUND,MEDIUM,2026-08-04 06:36:00,RESOLVED,25.8,593.4
6823,2900,DELIVERY,LOW,2026-09-01 09:13:00,RESOLVED,22.4,258.3
6824,9287,PRODUCT,LOW,2026-09-08 17:13:00,RESOLVED,17.8,118.6
6825,432,DELIVERY,MEDIUM,2026-09-03 16:42:00,RESOLVED,29.7,202.8
6826,6717,PRODUCT,LOW,2026-08-07 21:08:00,RESOLVED,12.2,270.6
6827,681,DELIVERY,LOW,2026-08-11 18:53:00,RESOLVED,53.2,153.1
6828,7392,PAYMENT,LOW,2026-08-11 14:09:00,RESOLVED,30.0,484.6
6829,5813,PAYMENT,LOW,2026-08-19 10:43:00,RESOLVED,27.9,227.1
6830,4724,PAYMENT,MEDIUM,2026-08-01 09:46:00,RESOLVED,11.5,55.0
6831,7005,REFUND,MEDIUM,2026-08-09 22:59:00,OPEN,8.6,373.6
6832,3548,DELIVERY,LOW,2026-08-28 01:53:00,PENDING,12.5,510.2
6833,5734,PRODUCT,LOW,2026-08-27 08:48:00,RESOLVED,48.3,223.5
6834,8001,ACCOUNT,MEDIUM,2026-08-31 09:30:00,RESOLVED,14.1,106.5
6835,4584,REFUND,LOW,2026-08-17 21:59:00,RESOLVED,12.4,342.3
6836,220,PAYMENT,HIGH,2026-08-01 19:49:00,RESOLVED,63.4,213.8
6837,9940,DELIVERY,HIGH,2026-09-09 03:48:00,OPEN,34.4,391.0
6838,5406,DELIVERY,MEDIUM,2026-08-21 16:24:00,OPEN,18.2,163.6
6839,4298,REFUND,MEDIUM,2026-09-06 11:12:00,OPEN,16.3,369.8
6840,739,PRODUCT,MEDIUM,2026-09-03 22:09:00,OPEN,17.5,126.8
6841,905,PRODUCT,MEDIUM,2026-08-05 21:52:00,OPEN,52.5,641.2
6842,2547,PRODUCT,MEDIUM,2026-09-01 11:40:00,OPEN,16.4,232.1
6843,9233,DELIVERY,MEDIUM,2026-08-26 21:42:00,RESOLVED,9.7,690.8
6844,7252,DELIVERY,MEDIUM,2026-09-02 03:43:00,RESOLVED,19.8,303.2
6845,4134,REFUND,HIGH,2026-08-29 03:44:00,RESOLVED,14.6,145.4
6846,7548,REFUND,HIGH,2026-08-03 17:27:00,RESOLVED,33.7,178.2
6847,3919,PAYMENT,MEDIUM,2026-08-05 04:19:00,RESOLVED,15.7,784.8
6848,8891,PAYMENT,HIGH,2026-08-12 07:39:00,PENDING,12.9,134.3
6849,3272,DELIVERY,MEDIUM,2026-08-09 03:53:00,RESOLVED,23.0,83.7
6850,7155,ACCOUNT,MEDIUM,2026-08-21 20:15:00,OPEN,17.1,100.7
6851,4366,PRODUCT,MEDIUM,2026-09-09 16:32:00,RESOLVED,6.9,267.3
6852,6748,REFUND,HIGH,2026-08-21 10:24:00,PENDING,26.4,309.6
6853,1865,PRODUCT,CRITICAL,2026-08-14 12:36:00,PENDING,8.0,344.4
6854,9452,REFUND,MEDIUM,2026-08-31 07:14:00,PENDING,1.3,130.3
6855,2864,DELIVERY,LOW,2026-08-20 10:29:00,OPEN,14.0,112.2
6856,5375,PRODUCT,MEDIUM,2026-09-06 18:53:00,PENDING,29.0,639.8
6857,6874,DELIVERY,LOW,2026-08-18 07:42:00,RESOLVED,18.5,365.2
6858,6539,REFUND,MEDIUM,2026-08-29 16:05:00,OPEN,30.5,127.3
6859,5547,REFUND,CRITICAL,2026-08-04 06:07:00,RESOLVED,16.2,196.4
6860,8681,ACCOUNT,HIGH,2026-08-20 06:23:00,RESOLVED,40.2,211.1
6861,9697,PAYMENT,MEDIUM,2026-08-18 05:11:00,RESOLVED,21.5,156.3
6862,7637,PRODUCT,LOW,2026-08-24 14:49:00,RESOLVED,31.5,344.8
6863,1845,ACCOUNT,MEDIUM,2026-08-31 16:39:00,OPEN,72.4,146.4
6864,7700,ACCOUNT,LOW,2026-08-01 03:38:00,OPEN,50.2,744.2
6865,5034,PRODUCT,CRITICAL,2026-08-13 04:55:00,RESOLVED,51.7,565.2
6866,5368,REFUND,LOW,2026-08-19 00:38:00,RESOLVED,33.0,257.3
6867,9415,PAYMENT,HIGH,2026-08-26 22:26:00,RESOLVED,19.1,160.0
6868,5279,DELIVERY,MEDIUM,2026-08-05 13:07:00,RESOLVED,23.1,316.1
6869,8508,PAYMENT,MEDIUM,2026-08-29 02:07:00,RESOLVED,14.1,154.4
6870,6488,PAYMENT,HIGH,2026-08-30 06:16:00,RESOLVED,35.6,82.8
6871,874,ACCOUNT,MEDIUM,2026-08-22 12:28:00,RESOLVED,31.1,303.2
6872,7006,DELIVERY,MEDIUM,2026-09-01 06:03:00,RESOLVED,7.0,410.6
6873,4950,PRODUCT,LOW,2026-08-21 13:41:00,RESOLVED,37.0,251.7
6874,5462,REFUND,LOW,2026-09-09 23:40:00,RESOLVED,33.9,281.2
6875,3028,DELIVERY,MEDIUM,2026-08-03 00:30:00,RESOLVED,26.5,123.6
6876,1855,PAYMENT,MEDIUM,2026-08-19 12:19:00,RESOLVED,19.4,367.3
6877,7440,ACCOUNT,MEDIUM,2026-08-29 21:45:00,RESOLVED,20.2,256.8
6878,2485,PAYMENT,MEDIUM,2026-08-04 11:33:00,RESOLVED,14.6,199.3
6879,932,DELIVERY,LOW,2026-08-27 17:04:00,OPEN,17.0,261.0
6880,4931,REFUND,HIGH,2026-08-06 13:15:00,RESOLVED,33.6,206.7
6881,7118,PRODUCT,HIGH,2026-08-25 01:33:00,RESOLVED,22.6,244.8
6882,2041,REFUND,CRITICAL,2026-09-06 07:20:00,RESOLVED,59.0,602.5
6883,3619,REFUND,LOW,2026-08-10 17:25:00,PENDING,20.9,267.3
6884,4235,REFUND,LOW,2026-08-08 20:02:00,PENDING,5.3,371.3
6885,9236,DELIVERY,LOW,2026-08-25 11:44:00,RESOLVED,39.0,295.1
6886,1472,PRODUCT,HIGH,2026-08-15 12:32:00,RESOLVED,15.7,369.5
6887,9182,REFUND,MEDIUM,2026-09-01 16:30:00,PENDING,62.4,318.6
6888,1463,REFUND,HIGH,2026-08-06 08:05:00,PENDING,47.9,443.2
6889,5782,REFUND,HIGH,2026-09-01 14:14:00,RESOLVED,29.8,273.8
6890,8433,PRODUCT,LOW,2026-09-02 18:10:00,RESOLVED,12.0,218.4
6891,9043,ACCOUNT,MEDIUM,2026-08-30 23:14:00,OPEN,22.7,228.5
6892,5423,PRODUCT,MEDIUM,2026-08-13 01:08:00,OPEN,27.0,167.3
6893,4931,PAYMENT,MEDIUM,2026-08-29 23:51:00,RESOLVED,2.9,218.5
6894,7805,PRODUCT,CRITICAL,2026-08-15 21:24:00,RESOLVED,14.2,351.7
6895,9096,REFUND,LOW,2026-08-18 02:46:00,PENDING,4.9,206.4
6896,116,ACCOUNT,HIGH,2026-08-30 16:45:00,RESOLVED,13.8,219.1
6897,2621,PRODUCT,LOW,2026-09-07 01:15:00,RESOLVED,23.0,113.5
6898,2857,ACCOUNT,MEDIUM,2026-08-24 21:30:00,RESOLVED,33.4,581.5
6899,8334,REFUND,LOW,2026-09-09 01:09:00,RESOLVED,12.8,367.6
6900,177,DELIVERY,MEDIUM,2026-08-24 19:38:00,RESOLVED,25.9,390.4
6901,1255,PRODUCT,MEDIUM,2026-09-03 10:37:00,RESOLVED,34.3,413.1
6902,34,REFUND,MEDIUM,2026-08-03 00:37:00,RESOLVED,18.2,316.5
6903,9530,REFUND,CRITICAL,2026-08-08 21:29:00,OPEN,10.6,191.2
6904,321,PRODUCT,MEDIUM,2026-08-09 17:31:00,RESOLVED,22.8,225.6
6905,2656,PAYMENT,LOW,2026-08-13 18:56:00,RESOLVED,27.0,244.9
6906,5216,PRODUCT,MEDIUM,2026-08-12 00:30:00,RESOLVED,8.1,71.8
6907,3488,REFUND,LOW,2026-08-28 22:55:00,PENDING,13.1,115.2
6908,909,DELIVERY,LOW,2026-09-09 19:08:00,OPEN,2.0,205.9
6909,4130,PAYMENT,LOW,2026-08-07 22:25:00,PENDING,2.1,31.2
6910,7984,ACCOUNT,LOW,2026-08-09 23:43:00,PENDING,7.3,147.8
6911,2889,PAYMENT,HIGH,2026-09-07 01:29:00,RESOLVED,47.7,304.5
6912,5162,ACCOUNT,CRITICAL,2026-08-15 22:21:00,OPEN,20.6,466.8
6913,4698,ACCOUNT,LOW,2026-08-28 22:32:00,RESOLVED,10.1,157.9
6914,2454,ACCOUNT,HIGH,2026-08-08 16:50:00,RESOLVED,10.9,273.6
6915,26,PAYMENT,LOW,2026-09-05 23:40:00,RESOLVED,16.6,166.5
6916,8387,REFUND,MEDIUM,2026-08-19 23:02:00,RESOLVED,30.2,115.5
6917,9938,ACCOUNT,LOW,2026-09-04 21:58:00,OPEN,8.0,51.5
6918,5097,PAYMENT,LOW,2026-08-01 00:04:00,RESOLVED,0.9,190.7
6919,8303,REFUND,MEDIUM,2026-08-22 18:29:00,RESOLVED,6.2,428.2
6920,3508,PAYMENT,MEDIUM,2026-09-02 03:23:00,OPEN,15.6,135.0
6921,9432,PRODUCT,MEDIUM,2026-08-06 16:44:00,RESOLVED,19.4,125.7
6922,5680,REFUND,HIGH,2026-09-05 07:27:00,RESOLVED,48.1,383.0
6923,8001,ACCOUNT,LOW,2026-09-01 07:27:00,RESOLVED,9.4,445.2
6924,6727,REFUND,MEDIUM,2026-08-20 14:46:00,PENDING,24.7,180.5
6925,9237,REFUND,LOW,2026-09-06 12:24:00,OPEN,63.0,439.4
6926,5589,DELIVERY,LOW,2026-09-03 19:16:00,RESOLVED,49.1,246.4
6927,8473,ACCOUNT,LOW,2026-08-08 04:56:00,OPEN,21.0,195.4
6928,9328,ACCOUNT,LOW,2026-08-01 04:47:00,RESOLVED,20.4,268.7
6929,7601,REFUND,HIGH,2026-08-10 15:08:00,OPEN,15.3,151.0
6930,3540,PAYMENT,MEDIUM,2026-08-18 11:51:00,RESOLVED,5.5,383.3
6931,911,PRODUCT,MEDIUM,2026-08-28 08:07:00,RESOLVED,30.7,317.0
6932,4100,PRODUCT,LOW,2026-08-07 19:25:00,RESOLVED,34.5,230.7
6933,6926,PRODUCT,LOW,2026-08-12 21:20:00,RESOLVED,25.7,118.1
6934,8589,REFUND,MEDIUM,2026-08-16 14:48:00,RESOLVED,25.1,224.0
6935,7690,DELIVERY,LOW,2026-08-22 00:23:00,PENDING,9.5,347.3
6936,6375,ACCOUNT,LOW,2026-08-17 21:09:00,RESOLVED,15.1,488.8
6937,5364,ACCOUNT,LOW,2026-08-18 04:11:00,RESOLVED,31.8,183.9
6938,9663,ACCOUNT,HIGH,2026-08-28 03:42:00,RESOLVED,10.6,211.7
6939,2439,DELIVERY,MEDIUM,2026-08-27 16:03:00,RESOLVED,17.6,311.2
6940,7922,PRODUCT,LOW,2026-09-02 02:05:00,RESOLVED,2.1,99.2
6941,5514,REFUND,MEDIUM,2026-09-08 02:59:00,RESOLVED,11.7,106.2
6942,5130,REFUND,HIGH,2026-09-07 16:06:00,RESOLVED,4.6,163.5
6943,3993,PAYMENT,LOW,2026-09-04 07:20:00,PENDING,16.3,326.1
6944,6348,REFUND,LOW,2026-08-12 23:41:00,RESOLVED,32.4,76.8
6945,10000,PAYMENT,CRITICAL,2026-08-28 01:38:00,RESOLVED,23.3,210.6
6946,4061,PAYMENT,HIGH,2026-08-28 13:37:00,RESOLVED,20.1,440.1
6947,1130,ACCOUNT,MEDIUM,2026-08-28 03:37:00,PENDING,23.6,272.8
6948,1277,ACCOUNT,LOW,2026-09-03 11:56:00,OPEN,15.3,197.5
6949,1770,PRODUCT,LOW,2026-09-01 04:25:00,PENDING,27.3,817.3
6950,4072,ACCOUNT,HIGH,2026-08-17 00:00:00,OPEN,6.9,192.8
6951,42,PAYMENT,MEDIUM,2026-08-09 20:39:00,RESOLVED,27.1,345.1
6952,2815,DELIVERY,MEDIUM,2026-08-23 10:15:00,RESOLVED,5.5,271.6
6953,6951,ACCOUNT,LOW,2026-08-24 16:12:00,RESOLVED,9.3,166.0
6954,6781,REFUND,LOW,2026-08-28 11:16:00,RESOLVED,46.3,185.3
6955,6690,PAYMENT,MEDIUM,2026-08-03 04:46:00,PENDING,16.4,264.1
6956,6692,REFUND,MEDIUM,2026-08-04 03:49:00,RESOLVED,31.6,117.0
6957,760,ACCOUNT,MEDIUM,2026-08-30 02:55:00,RESOLVED,7.9,109.8
6958,9374,REFUND,MEDIUM,2026-08-25 20:39:00,RESOLVED,33.1,732.1
6959,2978,PRODUCT,HIGH,2026-08-30 02:16:00,RESOLVED,31.2,128.3
6960,795,PRODUCT,MEDIUM,2026-08-22 17:03:00,PENDING,62.1,556.4
6961,8117,PAYMENT,LOW,2026-09-02 22:13:00,RESOLVED,43.0,173.2
6962,4676,PAYMENT,CRITICAL,2026-08-13 08:17:00,OPEN,3.5,150.2
6963,3465,DELIVERY,LOW,2026-08-22 02:05:00,RESOLVED,9.3,239.4
6964,3987,ACCOUNT,MEDIUM,2026-09-09 19:11:00,RESOLVED,21.7,479.4
6965,5832,REFUND,LOW,2026-09-09 00:25:00,RESOLVED,23.6,325.1
6966,5275,REFUND,MEDIUM,2026-08-04 06:20:00,RESOLVED,15.2,120.4
6967,138,REFUND,MEDIUM,2026-08-06 01:21:00,RESOLVED,32.6,661.1
6968,1196,REFUND,LOW,2026-09-08 00:35:00,RESOLVED,28.8,300.7
6969,9474,PRODUCT,MEDIUM,2026-08-24 02:11:00,RESOLVED,8.7,317.7
6970,4915,PAYMENT,MEDIUM,2026-08-26 12:05:00,RESOLVED,24.7,197.6
6971,9885,ACCOUNT,MEDIUM,2026-08-01 12:23:00,RESOLVED,6.3,244.9
6972,6571,ACCOUNT,LOW,2026-08-03 09:00:00,OPEN,13.3,44.7
6973,7375,REFUND,LOW,2026-08-28 19:58:00,RESOLVED,25.6,273.9
6974,3138,ACCOUNT,CRITICAL,2026-08-08 05:36:00,RESOLVED,28.5,724.4
6975,8379,PRODUCT,LOW,2026-09-01 04:47:00,RESOLVED,33.7,312.5
6976,6505,ACCOUNT,MEDIUM,2026-09-01 06:39:00,RESOLVED,6.3,390.5
6977,7518,DELIVERY,LOW,2026-09-08 05:40:00,RESOLVED,21.5,195.8
6978,2657,PAYMENT,HIGH,2026-08-08 20:10:00,RESOLVED,15.7,221.8
6979,5867,PRODUCT,MEDIUM,2026-08-16 03:26:00,RESOLVED,20.5,277.5
6980,3694,REFUND,MEDIUM,2026-08-02 20:52:00,RESOLVED,23.4,332.1
6981,9090,PRODUCT,MEDIUM,2026-08-22 11:09:00,RESOLVED,24.6,213.3
6982,9073,PRODUCT,MEDIUM,2026-08-22 21:18:00,PENDING,27.3,262.1
6983,3530,DELIVERY,CRITICAL,2026-08-05 01:23:00,RESOLVED,9.2,86.9
6984,251,ACCOUNT,MEDIUM,2026-09-09 22:38:00,PENDING,51.3,351.7
6985,2495,ACCOUNT,MEDIUM,2026-08-24 04:17:00,PENDING,41.0,163.8
6986,2729,REFUND,MEDIUM,2026-08-16 04:09:00,PENDING,14.1,86.4
6987,194,DELIVERY,MEDIUM,2026-09-01 18:55:00,OPEN,23.5,498.4
6988,9358,DELIVERY,MEDIUM,2026-08-18 16:13:00,RESOLVED,52.7,129.9
6989,4661,DELIVERY,MEDIUM,2026-08-30 00:26:00,RESOLVED,26.9,268.5
6990,1471,DELIVERY,HIGH,2026-08-31 22:59:00,OPEN,16.8,107.0
6991,6097,REFUND,CRITICAL,2026-09-02 21:31:00,RESOLVED,42.8,103.4
6992,3975,PRODUCT,MEDIUM,2026-08-24 22:49:00,RESOLVED,20.2,213.3
6993,1747,PRODUCT,MEDIUM,2026-08-12 20:12:00,RESOLVED,12.3,165.6
6994,4541,PAYMENT,LOW,2026-08-11 19:26:00,PENDING,24.2,314.9
6995,5988,PRODUCT,HIGH,2026-09-09 11:49:00,RESOLVED,14.8,460.8
6996,6527,DELIVERY,MEDIUM,2026-08-22 21:43:00,RESOLVED,36.9,338.0
6997,2251,ACCOUNT,HIGH,2026-08-23 04:29:00,PENDING,10.5,252.2
6998,6118,DELIVERY,MEDIUM,2026-08-19 09:47:00,RESOLVED,35.6,258.3
6999,7927,REFUND,MEDIUM,2026-08-23 15:54:00,RESOLVED,25.2,374.9
7000,6268,PRODUCT,LOW,2026-08-01 15:39:00,RESOLVED,26.1,606.2
7001,9516,DELIVERY,MEDIUM,2026-08-25 10:16:00,RESOLVED,16.2,128.1
7002,9405,PAYMENT,MEDIUM,2026-08-05 07:11:00,RESOLVED,5.4,224.7
7003,4953,ACCOUNT,MEDIUM,2026-08-23 03:26:00,PENDING,7.7,414.2
7004,3928,REFUND,LOW,2026-08-25 04:41:00,RESOLVED,58.0,181.8
7005,4574,PRODUCT,LOW,2026-09-07 19:50:00,RESOLVED,35.6,230.5
7006,4899,PRODUCT,HIGH,2026-08-06 22:52:00,OPEN,4.6,174.3
7007,1734,DELIVERY,MEDIUM,2026-09-05 02:08:00,PENDING,25.2,377.9
7008,9640,DELIVERY,LOW,2026-08-31 18:16:00,RESOLVED,33.8,304.9
7009,5683,DELIVERY,HIGH,2026-08-31 14:10:00,RESOLVED,25.0,368.9
7010,1282,DELIVERY,LOW,2026-08-20 15:29:00,RESOLVED,7.4,170.2
7011,9030,PAYMENT,LOW,2026-09-03 16:21:00,RESOLVED,28.3,396.7
7012,9483,REFUND,LOW,2026-08-04 10:29:00,RESOLVED,10.0,394.1
7013,5612,PAYMENT,LOW,2026-08-20 10:11:00,OPEN,12.4,333.0
7014,9483,REFUND,HIGH,2026-09-08 01:39:00,RESOLVED,5.0,157.0
7015,9708,REFUND,MEDIUM,2026-08-24 16:07:00,RESOLVED,9.4,445.0
7016,9535,DELIVERY,MEDIUM,2026-09-03 12:48:00,PENDING,3.2,46.9
7017,9640,PRODUCT,MEDIUM,2026-08-23 17:37:00,OPEN,36.7,454.1
7018,671,DELIVERY,MEDIUM,2026-08-26 13:24:00,RESOLVED,11.2,410.8
7019,310,ACCOUNT,MEDIUM,2026-08-29 11:57:00,RESOLVED,55.2,227.7
7020,5776,DELIVERY,MEDIUM,2026-08-30 19:42:00,RESOLVED,37.5,338.0
7021,7481,ACCOUNT,MEDIUM,2026-08-18 08:51:00,RESOLVED,36.8,153.1
7022,8382,PRODUCT,MEDIUM,2026-08-27 14:35:00,RESOLVED,56.2,234.7
7023,6418,ACCOUNT,LOW,2026-08-14 15:18:00,RESOLVED,0.9,277.7
7024,3138,ACCOUNT,LOW,2026-08-01 12:23:00,OPEN,29.7,80.0
7025,9330,PAYMENT,LOW,2026-08-05 02:18:00,RESOLVED,44.7,245.1
7026,5906,DELIVERY,MEDIUM,2026-08-25 19:51:00,RESOLVED,37.4,137.4
7027,6816,PRODUCT,LOW,2026-08-24 14:47:00,OPEN,25.7,82.8
7028,2565,PRODUCT,MEDIUM,2026-08-10 18:49:00,RESOLVED,5.6,192.6
7029,7588,ACCOUNT,MEDIUM,2026-08-18 16:49:00,RESOLVED,6.5,147.5
7030,1297,REFUND,MEDIUM,2026-09-07 21:57:00,RESOLVED,14.9,120.8
7031,8706,ACCOUNT,MEDIUM,2026-09-02 12:58:00,RESOLVED,19.2,700.6
7032,8523,ACCOUNT,LOW,2026-08-17 08:41:00,RESOLVED,11.0,313.2
7033,6828,PRODUCT,CRITICAL,2026-08-22 18:51:00,RESOLVED,71.3,236.2
7034,9813,REFUND,LOW,2026-08-29 04:30:00,RESOLVED,56.3,284.3
7035,9102,REFUND,HIGH,2026-08-29 14:35:00,RESOLVED,13.2,126.7
7036,698,DELIVERY,LOW,2026-08-06 22:54:00,RESOLVED,7.3,355.6
7037,2209,ACCOUNT,MEDIUM,2026-08-12 05:08:00,RESOLVED,29.8,277.3
7038,1214,PAYMENT,MEDIUM,2026-08-19 22:08:00,RESOLVED,18.3,280.4
7039,3208,REFUND,LOW,2026-09-06 02:52:00,RESOLVED,33.4,153.3
7040,5887,DELIVERY,LOW,2026-08-05 04:11:00,RESOLVED,42.7,255.8
7041,1438,PAYMENT,MEDIUM,2026-08-29 22:23:00,PENDING,4.9,241.9
7042,864,DELIVERY,HIGH,2026-08-17 06:15:00,OPEN,17.3,198.5
7043,6444,ACCOUNT,MEDIUM,2026-08-17 02:11:00,RESOLVED,11.1,475.7
7044,6312,REFUND,LOW,2026-08-23 09:58:00,OPEN,67.2,252.5
7045,3663,PAYMENT,LOW,2026-08-08 22:00:00,RESOLVED,9.6,288.4
7046,7195,PRODUCT,CRITICAL,2026-08-26 07:11:00,RESOLVED,12.4,178.6
7047,5919,PRODUCT,LOW,2026-08-20 16:53:00,RESOLVED,33.1,98.9
7048,4147,DELIVERY,MEDIUM,2026-08-16 19:39:00,OPEN,12.3,213.4
7049,683,DELIVERY,LOW,2026-08-06 20:41:00,PENDING,6.9,181.5
7050,7563,REFUND,MEDIUM,2026-08-07 08:31:00,RESOLVED,57.4,375.0
7051,6247,PRODUCT,MEDIUM,2026-08-09 03:36:00,RESOLVED,21.6,327.1
7052,1137,ACCOUNT,CRITICAL,2026-08-27 09:15:00,RESOLVED,10.0,460.2
7053,1880,ACCOUNT,MEDIUM,2026-08-16 15:59:00,RESOLVED,6.3,153.5
7054,3013,REFUND,LOW,2026-08-01 11:26:00,OPEN,9.2,390.9
7055,1791,PRODUCT,MEDIUM,2026-09-04 22:55:00,RESOLVED,11.1,122.0
7056,8077,DELIVERY,LOW,2026-09-02 08:18:00,RESOLVED,17.6,328.1
7057,9336,DELIVERY,HIGH,2026-08-29 00:35:00,RESOLVED,42.2,164.4
7058,884,PAYMENT,LOW,2026-08-28 00:16:00,RESOLVED,27.3,136.8
7059,2394,DELIVERY,HIGH,2026-08-27 03:24:00,RESOLVED,42.0,266.1
7060,2851,DELIVERY,HIGH,2026-08-31 23:16:00,RESOLVED,29.9,149.4
7061,9918,ACCOUNT,LOW,2026-09-07 01:20:00,RESOLVED,24.3,232.8
7062,6212,ACCOUNT,CRITICAL,2026-09-08 22:42:00,PENDING,7.0,257.5
7063,9541,PRODUCT,CRITICAL,2026-08-12 13:02:00,RESOLVED,36.1,125.6
7064,2474,REFUND,HIGH,2026-08-14 02:00:00,RESOLVED,9.2,88.7
7065,677,DELIVERY,MEDIUM,2026-08-07 16:15:00,OPEN,37.2,233.2
7066,4809,DELIVERY,MEDIUM,2026-08-22 07:23:00,PENDING,58.9,217.8
7067,8171,PAYMENT,LOW,2026-08-17 13:38:00,OPEN,28.0,250.8
7068,8372,ACCOUNT,HIGH,2026-08-26 07:18:00,RESOLVED,13.0,420.7
7069,4724,PAYMENT,LOW,2026-08-25 18:11:00,RESOLVED,4.5,684.4
7070,2697,ACCOUNT,MEDIUM,2026-08-24 10:23:00,OPEN,30.7,442.5
7071,471,ACCOUNT,HIGH,2026-08-01 15:10:00,RESOLVED,20.6,252.8
7072,4359,PRODUCT,CRITICAL,2026-08-26 08:20:00,PENDING,4.5,304.1
7073,5360,DELIVERY,HIGH,2026-08-06 19:31:00,RESOLVED,22.6,232.5
7074,183,REFUND,HIGH,2026-09-07 16:18:00,RESOLVED,78.7,371.3
7075,9348,REFUND,MEDIUM,2026-08-02 11:10:00,OPEN,9.9,199.6
7076,7084,PAYMENT,MEDIUM,2026-08-20 08:33:00,RESOLVED,7.9,255.2
7077,3269,PRODUCT,LOW,2026-08-16 18:53:00,RESOLVED,39.4,159.0
7078,3551,ACCOUNT,CRITICAL,2026-09-04 11:14:00,RESOLVED,21.6,169.1
7079,3572,ACCOUNT,MEDIUM,2026-08-01 09:04:00,RESOLVED,8.1,208.3
7080,8601,PAYMENT,HIGH,2026-08-26 05:59:00,RESOLVED,9.5,409.1
7081,7238,ACCOUNT,MEDIUM,2026-09-02 22:57:00,RESOLVED,24.7,238.2
7082,886,ACCOUNT,MEDIUM,2026-09-01 07:14:00,RESOLVED,6.5,218.0
7083,3063,DELIVERY,MEDIUM,2026-08-12 16:25:00,PENDING,27.2,261.1
7084,7823,PRODUCT,CRITICAL,2026-08-14 02:48:00,RESOLVED,2.5,199.1
7085,3565,PAYMENT,LOW,2026-08-09 11:33:00,RESOLVED,24.5,301.8
7086,8138,ACCOUNT,MEDIUM,2026-08-14 03:58:00,RESOLVED,22.4,259.2
7087,5074,ACCOUNT,LOW,2026-08-18 00:15:00,RESOLVED,76.6,272.6
7088,7761,DELIVERY,MEDIUM,2026-09-07 09:50:00,PENDING,11.7,278.7
7089,5278,PRODUCT,MEDIUM,2026-09-05 16:04:00,RESOLVED,20.2,204.3
7090,7344,ACCOUNT,LOW,2026-09-03 07:40:00,RESOLVED,6.0,207.6
7091,4315,PRODUCT,MEDIUM,2026-08-17 03:47:00,PENDING,25.2,537.3
7092,2378,ACCOUNT,HIGH,2026-08-21 06:02:00,RESOLVED,63.8,238.8
7093,8822,PRODUCT,HIGH,2026-08-21 04:52:00,PENDING,13.6,186.1
7094,4168,PRODUCT,MEDIUM,2026-08-19 10:18:00,PENDING,13.2,76.6
7095,93,ACCOUNT,LOW,2026-08-08 22:04:00,RESOLVED,20.3,167.8
7096,3860,ACCOUNT,MEDIUM,2026-08-11 01:06:00,PENDING,11.0,202.8
7097,4110,DELIVERY,MEDIUM,2026-08-24 05:03:00,RESOLVED,28.8,192.3
7098,2411,PRODUCT,HIGH,2026-08-09 07:13:00,RESOLVED,7.5,263.2
7099,8777,REFUND,MEDIUM,2026-08-04 00:35:00,RESOLVED,27.4,172.4
7100,4917,PAYMENT,MEDIUM,2026-08-10 00:38:00,PENDING,3.5,312.2
7101,3704,PRODUCT,MEDIUM,2026-09-06 10:01:00,RESOLVED,12.5,82.4
7102,6976,PRODUCT,HIGH,2026-09-07 16:01:00,RESOLVED,10.8,150.3
7103,6400,DELIVERY,MEDIUM,2026-08-03 04:50:00,RESOLVED,17.5,234.5
7104,4788,ACCOUNT,LOW,2026-08-11 15:55:00,RESOLVED,23.3,230.8
7105,9750,PRODUCT,HIGH,2026-09-02 03:44:00,RESOLVED,31.5,252.8
7106,9745,PRODUCT,MEDIUM,2026-08-18 20:30:00,RESOLVED,14.7,52.7
7107,4761,PRODUCT,MEDIUM,2026-08-09 11:37:00,RESOLVED,14.2,262.3
7108,7088,PAYMENT,LOW,2026-08-28 06:40:00,RESOLVED,27.7,185.3
7109,521,REFUND,LOW,2026-08-27 02:54:00,OPEN,14.7,254.3
7110,4427,PAYMENT,HIGH,2026-08-26 19:39:00,PENDING,9.9,30.5
7111,4417,REFUND,LOW,2026-08-16 10:07:00,PENDING,29.8,275.8
7112,4040,ACCOUNT,MEDIUM,2026-08-31 20:07:00,RESOLVED,33.5,549.5
7113,8410,DELIVERY,MEDIUM,2026-08-10 15:50:00,PENDING,35.7,266.6
7114,5837,DELIVERY,LOW,2026-08-16 03:58:00,OPEN,19.7,574.3
7115,4713,PRODUCT,MEDIUM,2026-09-06 00:25:00,OPEN,71.4,231.3
7116,4318,PRODUCT,LOW,2026-08-14 07:07:00,RESOLVED,8.5,344.9
7117,6187,PAYMENT,LOW,2026-08-05 20:21:00,RESOLVED,15.1,108.5
7118,2220,PAYMENT,CRITICAL,2026-08-21 02:31:00,RESOLVED,15.5,215.2
7119,2460,DELIVERY,MEDIUM,2026-08-28 00:30:00,OPEN,30.5,344.2
7120,5211,ACCOUNT,CRITICAL,2026-08-26 09:20:00,RESOLVED,1.3,189.2
7121,3192,ACCOUNT,MEDIUM,2026-08-11 07:19:00,RESOLVED,5.8,349.3
7122,6728,REFUND,HIGH,2026-09-09 18:49:00,OPEN,21.3,85.3
7123,9016,DELIVERY,LOW,2026-08-30 14:12:00,RESOLVED,12.7,160.1
7124,3585,PAYMENT,LOW,2026-08-24 11:54:00,RESOLVED,36.0,184.3
7125,5777,REFUND,LOW,2026-08-30 15:13:00,RESOLVED,21.1,105.6
7126,2834,DELIVERY,LOW,2026-08-31 17:01:00,PENDING,44.8,181.3
7127,7935,DELIVERY,CRITICAL,2026-08-24 00:25:00,RESOLVED,2.9,122.2
7128,2174,PRODUCT,MEDIUM,2026-09-06 23:32:00,RESOLVED,21.7,238.6
7129,5221,REFUND,MEDIUM,2026-08-12 10:57:00,RESOLVED,18.3,241.0
7130,3629,PRODUCT,MEDIUM,2026-08-01 03:12:00,RESOLVED,27.2,349.6
7131,7649,REFUND,LOW,2026-08-24 10:42:00,RESOLVED,17.6,306.6
7132,2444,PRODUCT,HIGH,2026-08-11 03:50:00,RESOLVED,13.8,210.3
7133,2012,REFUND,MEDIUM,2026-09-02 22:52:00,RESOLVED,11.0,789.4
7134,7631,PAYMENT,LOW,2026-08-01 03:07:00,RESOLVED,13.3,322.5
7135,5570,PRODUCT,MEDIUM,2026-09-01 10:33:00,OPEN,23.7,717.8
7136,6388,REFUND,LOW,2026-09-06 03:17:00,RESOLVED,5.4,61.0
7137,7941,ACCOUNT,MEDIUM,2026-09-07 02:00:00,PENDING,3.1,40.3
7138,2870,PRODUCT,MEDIUM,2026-08-16 11:56:00,OPEN,4.4,252.9
7139,2413,REFUND,HIGH,2026-09-02 16:38:00,PENDING,31.4,284.7
7140,9919,ACCOUNT,HIGH,2026-08-24 04:50:00,RESOLVED,14.8,164.4
7141,1115,PAYMENT,LOW,2026-08-01 21:38:00,RESOLVED,11.7,158.7
7142,6457,PRODUCT,LOW,2026-08-20 08:00:00,OPEN,14.3,227.0
7143,3889,REFUND,HIGH,2026-08-29 16:12:00,RESOLVED,35.0,118.3
7144,1425,DELIVERY,MEDIUM,2026-08-31 03:11:00,RESOLVED,2.9,429.3
7145,9533,PAYMENT,MEDIUM,2026-08-16 03:49:00,RESOLVED,35.1,289.4
7146,8294,PAYMENT,MEDIUM,2026-08-15 17:27:00,OPEN,7.8,339.0
7147,2221,PRODUCT,MEDIUM,2026-08-26 21:03:00,RESOLVED,38.4,160.6
7148,7538,PRODUCT,MEDIUM,2026-08-01 11:43:00,RESOLVED,65.1,195.5
7149,7678,PRODUCT,HIGH,2026-09-04 00:56:00,RESOLVED,15.7,272.3
7150,5001,PAYMENT,MEDIUM,2026-08-15 08:32:00,RESOLVED,11.7,232.5
7151,9562,DELIVERY,LOW,2026-08-24 08:40:00,RESOLVED,48.7,410.9
7152,2335,PAYMENT,LOW,2026-08-19 19:32:00,OPEN,8.1,207.6
7153,728,ACCOUNT,CRITICAL,2026-08-16 23:47:00,RESOLVED,17.0,304.8
7154,8109,ACCOUNT,MEDIUM,2026-08-17 05:13:00,RESOLVED,13.0,191.1
7155,3575,DELIVERY,MEDIUM,2026-09-01 02:00:00,RESOLVED,20.0,543.0
7156,1246,ACCOUNT,LOW,2026-08-11 22:05:00,RESOLVED,8.1,119.7
7157,9687,DELIVERY,HIGH,2026-09-08 00:23:00,RESOLVED,28.5,73.8
7158,4181,DELIVERY,MEDIUM,2026-08-04 20:40:00,RESOLVED,20.4,122.7
7159,8655,DELIVERY,CRITICAL,2026-08-17 18:59:00,RESOLVED,20.1,322.4
7160,8174,PAYMENT,LOW,2026-08-02 02:57:00,RESOLVED,23.1,456.3
7161,3035,DELIVERY,LOW,2026-08-16 18:39:00,PENDING,7.7,145.3
7162,8015,PRODUCT,LOW,2026-09-06 10:35:00,RESOLVED,29.5,387.8
7163,4696,PAYMENT,MEDIUM,2026-08-23 10:10:00,RESOLVED,4.7,215.7
7164,6299,ACCOUNT,CRITICAL,2026-08-03 15:18:00,OPEN,17.9,296.4
7165,2866,REFUND,MEDIUM,2026-08-28 06:26:00,RESOLVED,44.9,213.3
7166,78,REFUND,HIGH,2026-08-16 21:08:00,RESOLVED,6.6,90.8
7167,1905,PAYMENT,HIGH,2026-08-05 21:42:00,OPEN,12.5,403.6
7168,3332,DELIVERY,LOW,2026-08-04 03:11:00,RESOLVED,15.2,323.8
7169,5471,PAYMENT,MEDIUM,2026-08-18 14:10:00,RESOLVED,17.4,344.3
7170,8532,PAYMENT,HIGH,2026-08-05 10:40:00,OPEN,13.7,314.8
7171,1769,PRODUCT,MEDIUM,2026-08-27 00:03:00,OPEN,35.7,270.5
7172,7214,PAYMENT,LOW,2026-08-26 21:33:00,RESOLVED,3.6,171.2
7173,7494,DELIVERY,HIGH,2026-09-05 05:14:00,RESOLVED,40.8,475.4
7174,8106,REFUND,MEDIUM,2026-09-06 22:55:00,RESOLVED,13.6,175.5
7175,8148,DELIVERY,CRITICAL,2026-09-07 07:39:00,RESOLVED,30.9,147.6
7176,630,ACCOUNT,MEDIUM,2026-08-14 22:16:00,RESOLVED,29.6,228.7
7177,2178,PAYMENT,MEDIUM,2026-08-11 04:29:00,RESOLVED,14.0,129.6
7178,9408,REFUND,MEDIUM,2026-08-30 19:48:00,RESOLVED,11.1,322.3
7179,6324,REFUND,HIGH,2026-08-17 23:32:00,OPEN,58.8,374.1
7180,2291,DELIVERY,CRITICAL,2026-09-01 05:17:00,OPEN,57.8,315.4
7181,9962,PAYMENT,MEDIUM,2026-09-03 02:15:00,RESOLVED,19.7,331.5
7182,3323,DELIVERY,LOW,2026-08-26 14:45:00,RESOLVED,35.5,485.4
7183,2886,PRODUCT,LOW,2026-08-19 20:27:00,OPEN,16.4,292.0
7184,8406,REFUND,LOW,2026-09-04 17:58:00,RESOLVED,13.6,311.7
7185,9606,DELIVERY,LOW,2026-08-21 08:08:00,RESOLVED,21.6,212.3
7186,4063,DELIVERY,MEDIUM,2026-08-08 11:13:00,PENDING,8.7,182.1
7187,6455,DELIVERY,LOW,2026-08-05 09:50:00,RESOLVED,7.8,142.7
7188,6431,REFUND,MEDIUM,2026-08-04 00:07:00,RESOLVED,46.7,211.0
7189,2259,DELIVERY,HIGH,2026-08-05 05:09:00,RESOLVED,28.3,252.6
7190,5524,DELIVERY,LOW,2026-08-19 05:48:00,PENDING,10.1,198.7
7191,557,REFUND,MEDIUM,2026-08-24 14:20:00,RESOLVED,29.9,168.5
7192,8661,PAYMENT,LOW,2026-08-22 08:39:00,RESOLVED,14.2,218.9
7193,8282,REFUND,MEDIUM,2026-08-15 14:43:00,RESOLVED,15.9,217.8
7194,1562,PAYMENT,HIGH,2026-08-15 21:08:00,RESOLVED,11.2,353.2
7195,6087,PAYMENT,LOW,2026-08-21 22:05:00,RESOLVED,22.4,399.1
7196,978,PAYMENT,HIGH,2026-09-06 21:01:00,RESOLVED,25.9,472.0
7197,877,DELIVERY,LOW,2026-08-30 00:30:00,RESOLVED,16.2,89.6
7198,6324,ACCOUNT,MEDIUM,2026-08-05 22:28:00,RESOLVED,7.8,258.9
7199,7970,DELIVERY,LOW,2026-08-12 00:08:00,RESOLVED,30.4,77.1
7200,8447,ACCOUNT,MEDIUM,2026-09-07 07:38:00,RESOLVED,11.2,215.4
7201,3317,REFUND,LOW,2026-09-04 12:46:00,RESOLVED,26.7,452.3
7202,9232,PAYMENT,MEDIUM,2026-08-17 21:36:00,RESOLVED,47.1,392.7
7203,5398,DELIVERY,LOW,2026-08-11 05:46:00,RESOLVED,47.1,493.6
7204,4000,REFUND,HIGH,2026-09-03 07:57:00,OPEN,6.6,67.7
7205,3449,ACCOUNT,LOW,2026-09-03 05:25:00,RESOLVED,12.7,305.8
7206,7349,PRODUCT,LOW,2026-08-16 02:43:00,RESOLVED,23.9,94.6
7207,3706,PRODUCT,MEDIUM,2026-08-04 15:54:00,RESOLVED,36.5,219.5
7208,3908,REFUND,MEDIUM,2026-08-21 07:41:00,RESOLVED,6.0,512.7
7209,3879,ACCOUNT,HIGH,2026-08-25 17:31:00,RESOLVED,39.5,352.1
7210,3189,PRODUCT,HIGH,2026-08-28 12:36:00,RESOLVED,25.7,381.0
7211,3976,REFUND,MEDIUM,2026-09-06 06:37:00,RESOLVED,41.8,298.3
7212,243,PRODUCT,CRITICAL,2026-08-19 22:51:00,RESOLVED,6.5,113.9
7213,8745,REFUND,LOW,2026-09-06 10:31:00,RESOLVED,14.6,321.8
7214,2502,DELIVERY,CRITICAL,2026-09-04 23:04:00,PENDING,25.4,436.7
7215,4474,PRODUCT,MEDIUM,2026-08-02 18:23:00,RESOLVED,18.0,176.8
7216,1702,PAYMENT,LOW,2026-08-22 11:33:00,RESOLVED,16.2,462.8
7217,5365,DELIVERY,MEDIUM,2026-08-06 22:03:00,RESOLVED,4.0,44.4
7218,2687,ACCOUNT,MEDIUM,2026-08-01 17:24:00,PENDING,15.2,118.4
7219,1698,PRODUCT,MEDIUM,2026-08-02 14:02:00,RESOLVED,6.8,110.7
7220,2888,PAYMENT,LOW,2026-09-01 22:38:00,RESOLVED,67.7,234.1
7221,9048,ACCOUNT,MEDIUM,2026-09-04 13:49:00,PENDING,26.2,378.0
7222,8590,PRODUCT,MEDIUM,2026-08-20 18:24:00,RESOLVED,98.8,134.5
7223,7900,ACCOUNT,MEDIUM,2026-09-09 08:27:00,PENDING,12.9,370.5
7224,2034,PRODUCT,CRITICAL,2026-08-27 22:27:00,RESOLVED,17.6,343.6
7225,6499,DELIVERY,CRITICAL,2026-08-02 20:44:00,RESOLVED,47.7,137.0
7226,8193,PAYMENT,MEDIUM,2026-08-13 22:34:00,RESOLVED,16.9,133.8
7227,6499,PAYMENT,MEDIUM,2026-08-27 10:37:00,RESOLVED,51.4,146.9
7228,8594,REFUND,MEDIUM,2026-08-28 22:57:00,RESOLVED,60.6,125.8
7229,2011,REFUND,HIGH,2026-08-29 12:43:00,RESOLVED,21.1,151.5
7230,4638,PAYMENT,MEDIUM,2026-08-29 21:26:00,RESOLVED,45.1,106.6
7231,3305,PAYMENT,MEDIUM,2026-08-25 20:21:00,RESOLVED,34.5,261.7
7232,7246,DELIVERY,MEDIUM,2026-09-09 22:36:00,PENDING,3.7,130.4
7233,1279,PAYMENT,HIGH,2026-08-24 21:09:00,RESOLVED,51.6,197.9
7234,3187,PAYMENT,MEDIUM,2026-08-15 14:12:00,RESOLVED,30.5,93.5
7235,7025,ACCOUNT,LOW,2026-08-08 12:42:00,RESOLVED,21.1,224.2
7236,178,DELIVERY,MEDIUM,2026-08-09 18:51:00,RESOLVED,19.2,257.3
7237,2558,PAYMENT,LOW,2026-08-18 07:56:00,OPEN,65.5,142.7
7238,7097,ACCOUNT,LOW,2026-08-20 06:35:00,RESOLVED,19.5,219.8
7239,2395,REFUND,MEDIUM,2026-08-04 23:00:00,RESOLVED,27.8,250.3
7240,6065,PRODUCT,MEDIUM,2026-08-28 16:07:00,RESOLVED,38.6,1168.1
7241,4005,REFUND,CRITICAL,2026-08-16 19:17:00,RESOLVED,33.7,258.7
7242,4614,DELIVERY,CRITICAL,2026-08-20 06:26:00,PENDING,18.0,448.9
7243,3582,PRODUCT,MEDIUM,2026-08-28 11:39:00,RESOLVED,69.4,446.0
7244,8987,PRODUCT,LOW,2026-09-04 11:12:00,PENDING,7.2,336.0
7245,7209,ACCOUNT,LOW,2026-08-23 15:20:00,RESOLVED,32.3,181.1
7246,7273,PRODUCT,CRITICAL,2026-09-08 12:39:00,PENDING,14.6,374.1
7247,7916,REFUND,MEDIUM,2026-08-29 07:42:00,PENDING,24.6,143.8
7248,4256,PRODUCT,LOW,2026-09-09 04:43:00,OPEN,23.1,131.5
7249,1033,DELIVERY,MEDIUM,2026-08-17 14:18:00,RESOLVED,14.8,353.2
7250,534,REFUND,LOW,2026-08-06 00:52:00,RESOLVED,43.3,456.5
7251,4822,REFUND,MEDIUM,2026-08-10 17:52:00,RESOLVED,39.0,200.4
7252,8761,PAYMENT,HIGH,2026-08-10 17:47:00,RESOLVED,10.2,176.0
7253,4829,PRODUCT,MEDIUM,2026-08-14 10:05:00,RESOLVED,72.1,289.7
7254,9847,PAYMENT,MEDIUM,2026-08-12 18:47:00,RESOLVED,17.9,378.6
7255,5235,DELIVERY,LOW,2026-08-21 00:18:00,RESOLVED,26.8,305.1
7256,6346,REFUND,LOW,2026-09-07 03:31:00,RESOLVED,6.3,507.0
7257,777,DELIVERY,LOW,2026-08-05 10:44:00,OPEN,21.7,317.7
7258,7683,PAYMENT,MEDIUM,2026-09-01 05:59:00,OPEN,36.9,68.4
7259,8891,PRODUCT,LOW,2026-08-23 16:59:00,RESOLVED,9.5,163.5
7260,5061,REFUND,MEDIUM,2026-08-05 20:30:00,RESOLVED,21.7,188.2
7261,9046,PAYMENT,MEDIUM,2026-09-01 23:03:00,RESOLVED,25.3,233.1
7262,2367,ACCOUNT,MEDIUM,2026-08-18 12:50:00,RESOLVED,27.2,159.6
7263,4893,DELIVERY,LOW,2026-08-27 15:16:00,RESOLVED,2.3,138.5
7264,9121,ACCOUNT,MEDIUM,2026-09-07 04:03:00,RESOLVED,12.0,302.4
7265,6037,REFUND,MEDIUM,2026-08-06 23:43:00,RESOLVED,25.4,351.2
7266,6884,REFUND,LOW,2026-08-09 05:59:00,RESOLVED,31.3,215.7
7267,4033,PRODUCT,MEDIUM,2026-08-08 08:21:00,RESOLVED,18.5,419.1
7268,5486,REFUND,MEDIUM,2026-08-23 03:22:00,RESOLVED,50.5,214.7
7269,3716,PAYMENT,MEDIUM,2026-09-09 03:09:00,OPEN,26.3,216.7
7270,6821,REFUND,HIGH,2026-08-28 13:39:00,RESOLVED,20.9,157.3
7271,558,DELIVERY,HIGH,2026-08-24 10:02:00,RESOLVED,18.6,152.1
7272,5119,ACCOUNT,MEDIUM,2026-08-03 14:12:00,OPEN,22.5,120.1
7273,9299,DELIVERY,HIGH,2026-08-14 09:35:00,RESOLVED,7.9,111.4
7274,584,DELIVERY,HIGH,2026-08-18 06:34:00,RESOLVED,21.5,85.1
7275,4512,ACCOUNT,HIGH,2026-08-20 13:32:00,RESOLVED,14.3,234.4
7276,6605,PRODUCT,MEDIUM,2026-09-06 17:24:00,RESOLVED,23.1,254.3
7277,846,REFUND,HIGH,2026-08-15 01:43:00,RESOLVED,14.8,290.1
7278,53,ACCOUNT,LOW,2026-08-01 11:19:00,OPEN,18.2,175.6
7279,1652,PRODUCT,CRITICAL,2026-08-17 21:13:00,OPEN,20.8,238.5
7280,2204,REFUND,LOW,2026-08-26 08:03:00,RESOLVED,11.4,233.7
7281,8787,DELIVERY,LOW,2026-08-16 07:19:00,OPEN,23.8,194.8
7282,1560,PRODUCT,LOW,2026-09-04 23:08:00,OPEN,28.7,144.5
7283,6405,PRODUCT,HIGH,2026-09-01 23:25:00,RESOLVED,30.9,169.2
7284,3402,PAYMENT,MEDIUM,2026-08-18 04:45:00,OPEN,47.3,570.7
7285,5356,REFUND,MEDIUM,2026-09-06 07:48:00,RESOLVED,16.8,357.1
7286,9084,REFUND,MEDIUM,2026-08-11 08:36:00,RESOLVED,30.9,190.8
7287,8583,REFUND,MEDIUM,2026-09-07 01:03:00,RESOLVED,37.9,150.7
7288,798,ACCOUNT,HIGH,2026-08-30 01:35:00,RESOLVED,10.0,604.9
7289,891,REFUND,MEDIUM,2026-08-07 10:12:00,RESOLVED,24.8,312.6
7290,3575,PAYMENT,MEDIUM,2026-08-15 16:16:00,RESOLVED,42.4,159.8
7291,8088,PRODUCT,HIGH,2026-08-27 11:33:00,PENDING,23.5,517.7
7292,7596,DELIVERY,LOW,2026-08-14 09:02:00,RESOLVED,44.7,259.3
7293,6185,PAYMENT,MEDIUM,2026-09-02 05:33:00,PENDING,28.2,299.3
7294,8631,PRODUCT,LOW,2026-08-11 10:02:00,RESOLVED,45.6,392.6
7295,1823,PAYMENT,MEDIUM,2026-09-06 15:09:00,RESOLVED,43.7,257.9
7296,7362,PRODUCT,HIGH,2026-09-08 10:21:00,RESOLVED,42.1,110.6
7297,9694,PAYMENT,LOW,2026-08-05 01:44:00,RESOLVED,25.0,119.3
7298,9653,PRODUCT,LOW,2026-08-30 19:32:00,PENDING,30.9,161.2
7299,7113,ACCOUNT,MEDIUM,2026-08-27 17:07:00,OPEN,24.9,321.3
7300,6960,REFUND,MEDIUM,2026-08-06 13:04:00,RESOLVED,8.9,418.5
7301,2237,REFUND,MEDIUM,2026-08-27 06:21:00,PENDING,9.4,255.2
7302,7449,PRODUCT,MEDIUM,2026-08-12 21:33:00,RESOLVED,35.1,371.6
7303,2474,DELIVERY,LOW,2026-09-02 09:59:00,RESOLVED,81.3,211.0
7304,4221,REFUND,LOW,2026-09-05 20:44:00,PENDING,13.0,175.7
7305,1170,DELIVERY,MEDIUM,2026-08-01 00:45:00,PENDING,22.4,145.7
7306,3021,PAYMENT,MEDIUM,2026-09-03 04:28:00,RESOLVED,23.6,268.8
7307,759,DELIVERY,HIGH,2026-09-09 05:58:00,RESOLVED,15.4,428.5
7308,4619,REFUND,MEDIUM,2026-08-15 02:04:00,RESOLVED,26.4,331.8
7309,724,PAYMENT,LOW,2026-09-09 06:33:00,OPEN,29.5,157.2
7310,7680,PRODUCT,LOW,2026-08-29 08:47:00,RESOLVED,36.8,170.3
7311,6558,PAYMENT,HIGH,2026-08-23 16:21:00,RESOLVED,25.5,247.9
7312,6503,ACCOUNT,MEDIUM,2026-08-05 00:46:00,RESOLVED,6.9,185.7
7313,7033,PRODUCT,HIGH,2026-08-20 21:48:00,RESOLVED,56.3,129.1
7314,7719,DELIVERY,MEDIUM,2026-08-06 23:00:00,RESOLVED,23.5,154.5
7315,6757,PRODUCT,LOW,2026-08-12 13:25:00,RESOLVED,16.7,344.2
7316,6276,DELIVERY,HIGH,2026-09-06 00:49:00,RESOLVED,15.5,108.2
7317,1827,DELIVERY,LOW,2026-08-05 11:22:00,RESOLVED,8.2,185.5
7318,7332,PRODUCT,LOW,2026-08-22 17:38:00,RESOLVED,19.7,367.7
7319,4871,PAYMENT,MEDIUM,2026-09-09 04:18:00,PENDING,16.6,202.7
7320,1557,REFUND,MEDIUM,2026-08-06 10:44:00,OPEN,41.3,127.7
7321,4808,DELIVERY,MEDIUM,2026-08-08 14:02:00,PENDING,10.6,221.6
7322,3237,REFUND,MEDIUM,2026-08-20 14:56:00,RESOLVED,12.8,72.0
7323,1990,PRODUCT,MEDIUM,2026-08-20 21:19:00,RESOLVED,29.0,94.6
7324,5612,PAYMENT,HIGH,2026-08-19 13:24:00,RESOLVED,18.1,350.9
7325,8948,DELIVERY,HIGH,2026-08-09 21:48:00,RESOLVED,57.0,327.0
7326,166,PAYMENT,MEDIUM,2026-09-09 20:59:00,RESOLVED,13.4,131.8
7327,1350,REFUND,LOW,2026-08-05 06:47:00,OPEN,32.5,283.3
7328,9123,DELIVERY,MEDIUM,2026-08-01 14:02:00,OPEN,34.9,332.2
7329,6910,DELIVERY,HIGH,2026-08-10 18:44:00,PENDING,6.8,144.2
7330,2395,PRODUCT,LOW,2026-08-30 14:03:00,RESOLVED,20.5,458.8
7331,3692,DELIVERY,LOW,2026-08-06 03:28:00,RESOLVED,7.6,233.3
7332,886,DELIVERY,HIGH,2026-08-31 06:05:00,PENDING,15.4,76.1
7333,8436,ACCOUNT,HIGH,2026-08-16 18:39:00,RESOLVED,3.3,210.4
7334,6643,ACCOUNT,CRITICAL,2026-09-01 00:02:00,RESOLVED,12.9,150.4
7335,2322,PAYMENT,MEDIUM,2026-08-09 14:51:00,RESOLVED,25.5,248.0
7336,1938,PRODUCT,LOW,2026-09-01 02:29:00,RESOLVED,11.7,323.8
7337,6912,DELIVERY,LOW,2026-08-01 01:45:00,RESOLVED,24.8,113.1
7338,5620,DELIVERY,MEDIUM,2026-08-29 09:15:00,OPEN,69.4,316.9
7339,7491,REFUND,HIGH,2026-08-01 22:30:00,PENDING,32.7,506.4
7340,2490,PRODUCT,MEDIUM,2026-08-17 22:51:00,RESOLVED,41.5,234.4
7341,9945,DELIVERY,MEDIUM,2026-08-29 05:28:00,RESOLVED,5.6,115.9
7342,1660,PRODUCT,HIGH,2026-08-02 23:26:00,RESOLVED,5.6,273.9
7343,1784,DELIVERY,LOW,2026-09-06 22:17:00,RESOLVED,13.1,71.3
7344,7350,ACCOUNT,LOW,2026-09-08 16:53:00,RESOLVED,6.3,100.3
7345,5649,REFUND,CRITICAL,2026-08-28 14:48:00,RESOLVED,2.5,115.5
7346,3884,PRODUCT,MEDIUM,2026-08-10 16:30:00,PENDING,14.1,171.4
7347,7364,PRODUCT,HIGH,2026-08-29 11:14:00,RESOLVED,25.0,235.1
7348,5745,REFUND,CRITICAL,2026-08-13 05:01:00,RESOLVED,11.6,380.6
7349,4029,PRODUCT,HIGH,2026-08-27 12:24:00,RESOLVED,16.2,282.3
7350,2162,PRODUCT,MEDIUM,2026-08-07 02:38:00,OPEN,18.0,322.6
7351,7173,PAYMENT,MEDIUM,2026-08-25 15:15:00,RESOLVED,12.5,351.2
7352,5525,PRODUCT,MEDIUM,2026-08-14 06:29:00,RESOLVED,8.3,150.9
7353,8943,REFUND,HIGH,2026-08-24 11:26:00,OPEN,24.7,354.0
7354,4213,PRODUCT,LOW,2026-08-14 02:42:00,RESOLVED,15.1,135.7
7355,2655,PRODUCT,MEDIUM,2026-08-11 21:15:00,RESOLVED,9.5,170.1
7356,513,PAYMENT,HIGH,2026-08-15 09:18:00,RESOLVED,56.8,263.9
7357,2710,PRODUCT,MEDIUM,2026-09-05 00:31:00,RESOLVED,20.6,218.1
7358,7267,ACCOUNT,MEDIUM,2026-08-17 03:25:00,RESOLVED,5.9,354.4
7359,2870,PRODUCT,LOW,2026-08-28 15:29:00,RESOLVED,14.9,515.7
7360,5524,REFUND,LOW,2026-08-27 17:10:00,PENDING,32.8,248.7
7361,2149,REFUND,LOW,2026-08-25 01:44:00,PENDING,15.2,653.8
7362,9274,ACCOUNT,MEDIUM,2026-09-08 20:02:00,RESOLVED,14.6,257.8
7363,9019,ACCOUNT,LOW,2026-08-02 18:25:00,OPEN,19.6,271.3
7364,8080,REFUND,MEDIUM,2026-08-21 21:31:00,RESOLVED,8.4,284.3
7365,7333,PRODUCT,MEDIUM,2026-09-09 00:43:00,PENDING,3.5,314.5
7366,5712,DELIVERY,LOW,2026-09-09 18:19:00,RESOLVED,41.9,430.7
7367,83,PRODUCT,LOW,2026-08-18 17:36:00,PENDING,24.5,220.5
7368,431,REFUND,MEDIUM,2026-08-03 04:53:00,RESOLVED,21.0,263.8
7369,4435,REFUND,MEDIUM,2026-08-15 07:28:00,OPEN,18.6,125.2
7370,7520,ACCOUNT,MEDIUM,2026-08-16 00:40:00,OPEN,19.9,226.7
7371,1301,DELIVERY,HIGH,2026-08-15 13:07:00,OPEN,62.9,163.0
7372,5491,PRODUCT,HIGH,2026-08-02 04:57:00,RESOLVED,11.2,150.1
7373,9546,PAYMENT,MEDIUM,2026-09-06 22:57:00,PENDING,40.5,387.6
7374,8351,PAYMENT,MEDIUM,2026-08-24 21:25:00,RESOLVED,41.5,448.9
7375,5518,PAYMENT,MEDIUM,2026-08-16 06:16:00,RESOLVED,27.0,141.9
7376,5778,ACCOUNT,MEDIUM,2026-09-09 03:58:00,RESOLVED,40.8,128.9
7377,626,PAYMENT,LOW,2026-09-03 23:12:00,PENDING,22.9,392.7
7378,21,REFUND,CRITICAL,2026-08-09 11:45:00,RESOLVED,14.1,343.9
7379,3159,DELIVERY,HIGH,2026-08-08 07:33:00,PENDING,25.7,201.5
7380,8150,REFUND,MEDIUM,2026-08-29 16:54:00,RESOLVED,90.4,179.8
7381,60,DELIVERY,MEDIUM,2026-09-05 01:09:00,RESOLVED,24.5,573.5
7382,7993,DELIVERY,MEDIUM,2026-08-31 12:36:00,RESOLVED,27.0,393.7
7383,2575,ACCOUNT,LOW,2026-09-02 23:16:00,PENDING,4.5,593.8
7384,995,PAYMENT,LOW,2026-08-05 03:25:00,RESOLVED,7.7,397.6
7385,959,ACCOUNT,LOW,2026-08-07 18:46:00,RESOLVED,13.9,464.1
7386,6839,PAYMENT,HIGH,2026-08-18 07:22:00,RESOLVED,19.6,251.9
7387,449,REFUND,MEDIUM,2026-08-24 15:04:00,PENDING,31.1,283.2
7388,5262,DELIVERY,MEDIUM,2026-08-06 14:09:00,OPEN,55.5,389.1
7389,9349,PRODUCT,LOW,2026-08-03 10:19:00,RESOLVED,8.3,299.4
7390,5900,DELIVERY,HIGH,2026-08-15 02:05:00,RESOLVED,19.2,137.6
7391,3344,DELIVERY,HIGH,2026-08-29 09:06:00,PENDING,33.7,58.1
7392,8894,REFUND,HIGH,2026-09-02 06:33:00,RESOLVED,11.1,98.1
7393,730,REFUND,MEDIUM,2026-09-02 16:49:00,PENDING,59.1,491.1
7394,2496,REFUND,MEDIUM,2026-08-12 15:00:00,RESOLVED,21.2,181.1
7395,1715,PAYMENT,MEDIUM,2026-08-12 16:15:00,RESOLVED,14.5,331.9
7396,132,PAYMENT,LOW,2026-09-07 07:59:00,RESOLVED,17.4,327.1
7397,9546,PAYMENT,MEDIUM,2026-08-07 06:26:00,RESOLVED,4.6,399.1
7398,2086,PAYMENT,MEDIUM,2026-09-01 01:11:00,OPEN,48.5,231.0
7399,734,PRODUCT,MEDIUM,2026-08-01 03:57:00,RESOLVED,23.0,318.0
7400,9152,DELIVERY,MEDIUM,2026-08-11 12:39:00,RESOLVED,52.7,485.3
7401,9622,REFUND,LOW,2026-08-08 16:01:00,RESOLVED,20.2,222.8
7402,2115,DELIVERY,MEDIUM,2026-08-18 01:08:00,PENDING,68.9,155.7
7403,4019,ACCOUNT,MEDIUM,2026-08-05 09:08:00,RESOLVED,7.2,200.3
7404,6746,PRODUCT,MEDIUM,2026-08-25 17:01:00,RESOLVED,36.0,200.6
7405,4274,ACCOUNT,HIGH,2026-08-18 14:53:00,RESOLVED,14.6,124.7
7406,7897,PRODUCT,LOW,2026-08-25 06:27:00,RESOLVED,53.5,177.4
7407,2487,DELIVERY,MEDIUM,2026-08-30 01:42:00,PENDING,15.3,273.4
7408,8133,PAYMENT,MEDIUM,2026-08-23 12:30:00,OPEN,4.7,428.3
7409,5586,ACCOUNT,MEDIUM,2026-08-21 21:45:00,RESOLVED,8.0,444.4
7410,105,PAYMENT,HIGH,2026-08-16 01:09:00,RESOLVED,9.3,212.2
7411,6207,PAYMENT,MEDIUM,2026-08-27 07:45:00,RESOLVED,9.9,90.7
7412,95,ACCOUNT,HIGH,2026-09-07 18:16:00,RESOLVED,7.5,228.1
7413,8462,PRODUCT,LOW,2026-08-06 18:43:00,RESOLVED,39.2,269.9
7414,9891,PRODUCT,HIGH,2026-08-04 12:23:00,OPEN,22.3,150.6
7415,1543,PRODUCT,HIGH,2026-09-01 22:49:00,RESOLVED,11.7,293.9
7416,5275,REFUND,LOW,2026-08-26 07:45:00,PENDING,18.7,388.3
7417,3367,ACCOUNT,MEDIUM,2026-08-24 04:06:00,RESOLVED,49.3,372.9
7418,638,ACCOUNT,MEDIUM,2026-08-02 10:09:00,RESOLVED,26.1,153.3
7419,6777,DELIVERY,CRITICAL,2026-08-18 10:48:00,RESOLVED,14.2,221.7
7420,269,PAYMENT,LOW,2026-08-23 05:29:00,RESOLVED,11.3,173.4
7421,241,REFUND,MEDIUM,2026-08-31 02:41:00,OPEN,51.9,229.4
7422,8108,PAYMENT,MEDIUM,2026-08-08 08:56:00,RESOLVED,11.9,539.7
7423,2822,ACCOUNT,LOW,2026-08-24 23:19:00,RESOLVED,2.9,82.3
7424,9050,PRODUCT,HIGH,2026-08-04 08:55:00,RESOLVED,35.7,87.5
7425,5943,PRODUCT,MEDIUM,2026-09-02 09:27:00,RESOLVED,6.4,228.1
7426,5245,PAYMENT,MEDIUM,2026-08-03 02:41:00,RESOLVED,36.2,312.8
7427,4093,DELIVERY,HIGH,2026-08-23 17:54:00,RESOLVED,10.5,110.2
7428,3718,ACCOUNT,HIGH,2026-09-08 05:22:00,RESOLVED,8.9,149.6
7429,2250,DELIVERY,HIGH,2026-08-15 00:26:00,PENDING,3.5,235.6
7430,7024,DELIVERY,LOW,2026-08-06 03:18:00,RESOLVED,23.8,84.4
7431,6062,PRODUCT,HIGH,2026-08-26 23:56:00,RESOLVED,32.5,415.2
7432,224,PAYMENT,LOW,2026-08-15 09:03:00,RESOLVED,20.8,467.9
7433,3236,PAYMENT,MEDIUM,2026-08-27 15:20:00,RESOLVED,15.8,84.8
7434,8990,DELIVERY,CRITICAL,2026-08-19 19:30:00,PENDING,11.5,227.2
7435,4926,DELIVERY,LOW,2026-08-14 23:13:00,RESOLVED,14.0,264.7
7436,2561,PRODUCT,LOW,2026-08-01 23:24:00,PENDING,20.0,193.9
7437,2296,PAYMENT,HIGH,2026-08-15 18:32:00,RESOLVED,16.4,434.9
7438,1910,REFUND,LOW,2026-09-06 23:38:00,RESOLVED,14.4,853.7
7439,8611,PAYMENT,LOW,2026-09-09 14:19:00,RESOLVED,13.9,238.2
7440,3108,PAYMENT,LOW,2026-08-01 14:42:00,PENDING,42.1,360.0
7441,2977,ACCOUNT,MEDIUM,2026-08-08 20:15:00,PENDING,5.8,200.2
7442,638,ACCOUNT,MEDIUM,2026-09-06 11:03:00,PENDING,107.4,450.9
7443,8896,PAYMENT,MEDIUM,2026-09-03 05:18:00,RESOLVED,66.4,232.5
7444,3896,DELIVERY,HIGH,2026-08-02 06:31:00,RESOLVED,8.5,361.1
7445,7050,PAYMENT,HIGH,2026-08-18 00:40:00,RESOLVED,47.4,207.8
7446,7148,DELIVERY,MEDIUM,2026-08-17 09:52:00,RESOLVED,16.7,324.1
7447,3502,PRODUCT,LOW,2026-09-09 09:07:00,PENDING,4.3,184.3
7448,4983,PAYMENT,HIGH,2026-09-01 07:37:00,RESOLVED,26.9,336.1
7449,1014,ACCOUNT,LOW,2026-08-31 20:32:00,RESOLVED,14.0,262.5
7450,6680,PAYMENT,HIGH,2026-08-01 23:47:00,RESOLVED,44.8,151.5
7451,6739,PAYMENT,LOW,2026-08-28 17:00:00,RESOLVED,71.1,633.3
7452,2138,DELIVERY,HIGH,2026-09-02 09:25:00,RESOLVED,6.8,134.5
7453,1955,ACCOUNT,HIGH,2026-08-17 13:01:00,RESOLVED,10.8,442.5
7454,3979,REFUND,LOW,2026-08-19 19:34:00,PENDING,17.6,224.7
7455,6924,PRODUCT,LOW,2026-08-11 03:15:00,RESOLVED,24.6,245.7
7456,5195,REFUND,LOW,2026-08-19 20:24:00,RESOLVED,9.2,75.9
7457,617,REFUND,LOW,2026-08-14 13:33:00,RESOLVED,29.6,638.5
7458,5726,REFUND,MEDIUM,2026-08-08 10:42:00,OPEN,6.2,191.2
7459,7071,ACCOUNT,LOW,2026-09-09 16:50:00,RESOLVED,7.2,114.2
7460,1864,PRODUCT,LOW,2026-08-10 08:12:00,RESOLVED,38.0,135.2
7461,4447,PRODUCT,MEDIUM,2026-08-08 12:14:00,RESOLVED,17.7,400.7
7462,8077,REFUND,LOW,2026-09-01 22:39:00,RESOLVED,16.7,495.4
7463,3247,PRODUCT,HIGH,2026-08-07 06:57:00,RESOLVED,34.0,165.8
7464,903,PAYMENT,LOW,2026-08-01 09:58:00,RESOLVED,1.4,198.0
7465,9254,PRODUCT,LOW,2026-08-24 10:51:00,PENDING,15.6,53.7
7466,983,REFUND,LOW,2026-08-13 18:01:00,RESOLVED,21.0,291.8
7467,615,PAYMENT,LOW,2026-08-28 19:02:00,RESOLVED,6.4,152.9
7468,2498,ACCOUNT,LOW,2026-08-13 19:31:00,OPEN,18.2,257.0
7469,7515,DELIVERY,LOW,2026-08-04 18:01:00,OPEN,41.5,556.8
7470,6543,PRODUCT,LOW,2026-08-11 20:00:00,RESOLVED,29.4,333.5
7471,2353,PRODUCT,MEDIUM,2026-08-16 23:57:00,RESOLVED,1.8,186.5
7472,771,PAYMENT,MEDIUM,2026-08-13 10:20:00,RESOLVED,17.9,417.0
7473,9543,ACCOUNT,MEDIUM,2026-08-24 20:51:00,PENDING,42.3,247.3
7474,78,PRODUCT,HIGH,2026-08-05 21:38:00,RESOLVED,31.9,171.9
7475,9246,PAYMENT,MEDIUM,2026-08-27 00:06:00,OPEN,15.7,430.7
7476,4722,REFUND,LOW,2026-08-07 16:02:00,PENDING,36.2,340.3
7477,1944,PRODUCT,MEDIUM,2026-08-25 01:50:00,PENDING,39.7,370.6
7478,3467,DELIVERY,MEDIUM,2026-08-23 06:52:00,RESOLVED,12.0,308.1
7479,3105,REFUND,MEDIUM,2026-08-07 12:25:00,RESOLVED,34.5,176.8
7480,1568,PAYMENT,LOW,2026-08-23 11:13:00,OPEN,12.0,362.1
7481,4320,REFUND,HIGH,2026-09-08 17:50:00,PENDING,10.6,54.2
7482,6560,PAYMENT,LOW,2026-09-07 04:29:00,PENDING,23.7,490.0
7483,4727,ACCOUNT,LOW,2026-08-31 05:24:00,RESOLVED,7.7,43.8
7484,6415,REFUND,MEDIUM,2026-08-22 06:56:00,OPEN,16.1,355.4
7485,9703,PAYMENT,CRITICAL,2026-08-31 20:26:00,RESOLVED,10.7,465.1
7486,1219,PAYMENT,HIGH,2026-08-18 12:19:00,RESOLVED,16.3,300.9
7487,7389,PRODUCT,CRITICAL,2026-08-13 09:13:00,RESOLVED,57.2,312.2
7488,2299,PRODUCT,MEDIUM,2026-08-04 19:20:00,PENDING,76.1,617.2
7489,191,REFUND,MEDIUM,2026-08-20 09:08:00,RESOLVED,7.8,60.3
7490,3650,ACCOUNT,LOW,2026-08-30 10:37:00,RESOLVED,63.3,351.3
7491,3936,PRODUCT,MEDIUM,2026-09-04 09:11:00,RESOLVED,11.2,280.6
7492,9901,ACCOUNT,HIGH,2026-08-18 20:13:00,OPEN,35.5,357.9
7493,3444,ACCOUNT,LOW,2026-08-28 15:58:00,PENDING,9.9,126.1
7494,7686,PAYMENT,LOW,2026-08-31 08:46:00,OPEN,24.7,156.3
7495,9351,PRODUCT,HIGH,2026-08-10 14:47:00,RESOLVED,30.3,288.2
7496,3372,PRODUCT,LOW,2026-08-08 17:45:00,RESOLVED,37.8,272.5
7497,1791,PRODUCT,LOW,2026-08-23 12:01:00,RESOLVED,65.0,296.1
7498,9655,PAYMENT,HIGH,2026-08-25 14:37:00,RESOLVED,14.0,209.1
7499,4582,REFUND,LOW,2026-08-02 20:53:00,RESOLVED,31.8,217.6
7500,4550,REFUND,HIGH,2026-08-29 23:15:00,RESOLVED,24.1,112.8
7501,7287,PRODUCT,LOW,2026-08-20 06:18:00,RESOLVED,58.6,192.7
7502,3804,PRODUCT,LOW,2026-08-15 11:16:00,PENDING,43.3,199.3
7503,5415,PAYMENT,LOW,2026-08-19 16:18:00,RESOLVED,38.9,187.2
7504,9443,DELIVERY,LOW,2026-08-20 04:42:00,RESOLVED,2.9,115.5
7505,487,DELIVERY,MEDIUM,2026-08-29 19:31:00,RESOLVED,74.1,285.8
7506,7362,ACCOUNT,MEDIUM,2026-08-03 13:46:00,RESOLVED,5.6,427.3
7507,3969,DELIVERY,MEDIUM,2026-09-03 20:20:00,RESOLVED,6.7,163.0
7508,5479,REFUND,MEDIUM,2026-08-11 19:28:00,PENDING,14.4,216.6
7509,9102,DELIVERY,LOW,2026-09-04 09:46:00,RESOLVED,21.2,415.6
7510,6007,REFUND,MEDIUM,2026-08-07 13:54:00,RESOLVED,32.1,305.9
7511,4190,ACCOUNT,LOW,2026-08-15 09:18:00,OPEN,32.0,362.3
7512,9729,REFUND,LOW,2026-08-15 23:40:00,RESOLVED,20.8,359.0
7513,6053,ACCOUNT,CRITICAL,2026-08-08 01:13:00,OPEN,36.7,292.5
7514,1530,ACCOUNT,HIGH,2026-08-04 13:36:00,RESOLVED,97.4,233.7
7515,889,PRODUCT,LOW,2026-08-01 01:23:00,PENDING,57.9,179.8
7516,3472,REFUND,LOW,2026-09-03 03:27:00,RESOLVED,14.5,366.4
7517,7181,ACCOUNT,MEDIUM,2026-08-05 16:07:00,RESOLVED,15.6,113.9
7518,4211,PRODUCT,MEDIUM,2026-08-30 08:15:00,RESOLVED,10.5,125.7
7519,1687,PRODUCT,HIGH,2026-08-01 16:24:00,RESOLVED,30.9,288.0
7520,9847,REFUND,MEDIUM,2026-09-04 14:56:00,RESOLVED,8.3,124.2
7521,1981,PRODUCT,LOW,2026-08-10 23:31:00,OPEN,9.5,296.8
7522,842,PRODUCT,MEDIUM,2026-09-07 21:50:00,RESOLVED,20.7,280.9
7523,3813,PAYMENT,LOW,2026-08-19 21:15:00,RESOLVED,22.5,450.3
7524,1117,PAYMENT,MEDIUM,2026-08-23 13:36:00,RESOLVED,26.0,180.3
7525,5924,PRODUCT,MEDIUM,2026-08-20 02:29:00,RESOLVED,3.3,431.4
7526,4354,ACCOUNT,HIGH,2026-08-30 19:21:00,RESOLVED,9.9,150.1
7527,9266,ACCOUNT,LOW,2026-08-09 16:14:00,RESOLVED,22.3,373.8
7528,1693,REFUND,MEDIUM,2026-08-20 14:31:00,RESOLVED,48.0,461.6
7529,2689,ACCOUNT,LOW,2026-08-10 21:20:00,RESOLVED,15.6,583.4
7530,6849,REFUND,HIGH,2026-09-01 10:22:00,RESOLVED,61.9,306.8
7531,6980,REFUND,LOW,2026-09-04 07:15:00,RESOLVED,43.6,248.3
7532,3607,DELIVERY,LOW,2026-08-22 11:15:00,RESOLVED,4.1,529.7
7533,9218,PRODUCT,LOW,2026-08-25 22:22:00,RESOLVED,39.3,93.0
7534,8463,PAYMENT,HIGH,2026-08-30 10:51:00,PENDING,10.4,115.2
7535,6118,ACCOUNT,LOW,2026-08-17 06:00:00,RESOLVED,27.1,216.3
7536,7487,ACCOUNT,MEDIUM,2026-08-12 00:02:00,RESOLVED,9.5,261.4
7537,5358,PAYMENT,LOW,2026-09-07 21:47:00,RESOLVED,6.0,142.0
7538,4709,REFUND,MEDIUM,2026-08-28 11:26:00,RESOLVED,7.7,327.1
7539,5457,DELIVERY,CRITICAL,2026-08-01 23:34:00,RESOLVED,26.2,487.3
7540,8450,ACCOUNT,LOW,2026-08-24 03:24:00,OPEN,31.2,216.4
7541,163,REFUND,MEDIUM,2026-08-18 22:33:00,RESOLVED,5.5,77.9
7542,1009,DELIVERY,MEDIUM,2026-08-10 23:50:00,RESOLVED,9.0,288.4
7543,4747,REFUND,MEDIUM,2026-09-01 13:35:00,RESOLVED,10.0,497.0
7544,5811,ACCOUNT,LOW,2026-08-28 10:14:00,OPEN,4.9,125.4
7545,1797,DELIVERY,LOW,2026-08-19 12:54:00,RESOLVED,14.8,158.3
7546,6052,PRODUCT,HIGH,2026-08-15 19:28:00,RESOLVED,70.8,237.4
7547,245,PAYMENT,LOW,2026-08-09 22:23:00,OPEN,24.0,323.5
7548,2461,ACCOUNT,LOW,2026-08-26 03:50:00,RESOLVED,17.7,235.4
7549,4599,PAYMENT,LOW,2026-09-04 05:01:00,RESOLVED,33.3,345.6
7550,497,PAYMENT,MEDIUM,2026-08-27 07:55:00,OPEN,38.8,287.5
7551,6337,PAYMENT,CRITICAL,2026-08-01 10:39:00,RESOLVED,10.6,91.7
7552,5352,PRODUCT,HIGH,2026-08-27 20:21:00,OPEN,10.5,211.5
7553,5654,DELIVERY,HIGH,2026-08-18 12:13:00,RESOLVED,14.3,510.4
7554,5137,DELIVERY,HIGH,2026-08-28 08:15:00,RESOLVED,5.2,216.7
7555,6914,PAYMENT,MEDIUM,2026-08-16 04:27:00,RESOLVED,7.7,111.8
7556,6537,REFUND,MEDIUM,2026-08-17 16:40:00,RESOLVED,32.4,191.6
7557,6601,DELIVERY,MEDIUM,2026-08-19 00:44:00,RESOLVED,8.1,182.3
7558,2130,PRODUCT,HIGH,2026-08-25 23:41:00,RESOLVED,8.4,181.6
7559,6873,PRODUCT,LOW,2026-09-03 15:28:00,RESOLVED,52.8,97.3
7560,1797,DELIVERY,MEDIUM,2026-09-06 06:28:00,OPEN,74.9,375.8
7561,215,DELIVERY,HIGH,2026-08-08 01:42:00,PENDING,16.9,150.4
7562,9780,PRODUCT,LOW,2026-08-03 17:23:00,RESOLVED,28.4,183.0
7563,1788,PAYMENT,HIGH,2026-09-03 07:50:00,RESOLVED,24.3,511.0
7564,1137,REFUND,HIGH,2026-09-01 07:51:00,OPEN,16.1,265.6
7565,3032,PAYMENT,MEDIUM,2026-08-12 03:04:00,PENDING,39.2,234.1
7566,9995,REFUND,HIGH,2026-08-06 03:37:00,PENDING,7.0,232.0
7567,8643,DELIVERY,LOW,2026-08-06 00:44:00,RESOLVED,16.4,86.9
7568,7200,PRODUCT,HIGH,2026-08-19 14:57:00,RESOLVED,18.7,392.7
7569,1882,PRODUCT,LOW,2026-08-12 07:18:00,RESOLVED,5.2,310.4
7570,6294,DELIVERY,LOW,2026-08-07 13:30:00,RESOLVED,18.5,86.1
7571,8329,REFUND,MEDIUM,2026-09-02 11:22:00,RESOLVED,8.5,57.8
7572,3398,PRODUCT,MEDIUM,2026-09-01 07:07:00,RESOLVED,24.0,364.5
7573,2593,PRODUCT,MEDIUM,2026-08-22 04:12:00,OPEN,25.4,128.5
7574,8679,ACCOUNT,MEDIUM,2026-08-02 11:40:00,RESOLVED,33.0,433.2
7575,1315,PRODUCT,HIGH,2026-08-06 14:04:00,RESOLVED,20.2,175.2
7576,9101,DELIVERY,MEDIUM,2026-08-29 01:05:00,RESOLVED,23.9,216.4
7577,4791,REFUND,HIGH,2026-08-16 00:07:00,RESOLVED,32.8,264.4
7578,7219,REFUND,LOW,2026-08-17 01:26:00,RESOLVED,85.1,470.9
7579,3721,ACCOUNT,CRITICAL,2026-09-02 14:07:00,RESOLVED,5.9,276.6
7580,7099,DELIVERY,HIGH,2026-08-11 14:26:00,RESOLVED,62.2,549.9
7581,9250,REFUND,HIGH,2026-09-09 03:00:00,RESOLVED,2.9,342.4
7582,4932,PAYMENT,MEDIUM,2026-09-08 10:02:00,RESOLVED,10.1,312.8
7583,2122,REFUND,HIGH,2026-08-24 20:20:00,OPEN,29.1,487.0
7584,779,PRODUCT,LOW,2026-08-12 16:22:00,RESOLVED,10.2,263.4
7585,9257,DELIVERY,LOW,2026-09-09 12:56:00,RESOLVED,18.1,220.7
7586,9991,ACCOUNT,MEDIUM,2026-08-09 11:14:00,OPEN,30.9,292.3
7587,6512,PAYMENT,HIGH,2026-09-04 14:59:00,RESOLVED,5.5,299.8
7588,156,REFUND,CRITICAL,2026-08-18 06:12:00,RESOLVED,40.7,277.1
7589,8850,ACCOUNT,MEDIUM,2026-09-04 09:30:00,RESOLVED,11.8,335.5
7590,4954,DELIVERY,HIGH,2026-08-13 02:09:00,RESOLVED,47.1,191.5
7591,2338,PAYMENT,MEDIUM,2026-08-29 15:00:00,RESOLVED,22.6,473.5
7592,3672,DELIVERY,LOW,2026-08-30 02:41:00,RESOLVED,15.8,781.9
7593,9419,PAYMENT,MEDIUM,2026-08-15 22:01:00,RESOLVED,4.6,151.0
7594,7762,REFUND,LOW,2026-08-02 04:57:00,RESOLVED,9.6,200.2
7595,5970,PRODUCT,MEDIUM,2026-08-12 22:31:00,RESOLVED,22.0,182.9
7596,7358,PAYMENT,LOW,2026-08-28 16:22:00,RESOLVED,31.5,92.9
7597,8477,PRODUCT,LOW,2026-09-01 16:06:00,OPEN,12.1,399.2
7598,6281,ACCOUNT,MEDIUM,2026-08-17 21:13:00,PENDING,37.6,373.5
7599,3138,ACCOUNT,MEDIUM,2026-09-05 17:07:00,RESOLVED,36.8,103.5
7600,748,REFUND,HIGH,2026-09-01 08:34:00,RESOLVED,26.9,282.5
7601,1232,PAYMENT,MEDIUM,2026-08-05 01:35:00,RESOLVED,7.4,216.0
7602,2369,PRODUCT,LOW,2026-08-14 08:32:00,RESOLVED,9.4,266.6
7603,7686,DELIVERY,HIGH,2026-08-21 22:55:00,RESOLVED,48.5,298.4
7604,942,PAYMENT,LOW,2026-08-01 17:24:00,OPEN,9.6,281.2
7605,1271,PAYMENT,MEDIUM,2026-08-11 23:22:00,RESOLVED,23.3,276.3
7606,9790,ACCOUNT,MEDIUM,2026-08-31 12:44:00,RESOLVED,12.3,215.0
7607,4004,DELIVERY,LOW,2026-09-04 03:54:00,OPEN,23.4,248.9
7608,1278,ACCOUNT,MEDIUM,2026-08-06 07:14:00,RESOLVED,13.5,230.8
7609,8725,REFUND,HIGH,2026-08-24 20:56:00,RESOLVED,25.5,527.2
7610,9672,ACCOUNT,LOW,2026-08-20 02:39:00,RESOLVED,30.1,114.0
7611,5042,PRODUCT,CRITICAL,2026-09-04 03:32:00,RESOLVED,7.2,256.5
7612,1128,PAYMENT,MEDIUM,2026-09-03 07:40:00,RESOLVED,4.0,61.3
7613,6276,DELIVERY,LOW,2026-09-08 02:19:00,RESOLVED,65.8,460.3
7614,8623,REFUND,MEDIUM,2026-09-06 23:59:00,RESOLVED,11.3,304.0
7615,9655,PRODUCT,MEDIUM,2026-08-30 13:19:00,PENDING,7.1,249.2
7616,5747,REFUND,MEDIUM,2026-08-10 20:10:00,RESOLVED,32.0,463.0
7617,9443,PRODUCT,LOW,2026-08-10 23:34:00,RESOLVED,16.7,147.4
7618,8318,REFUND,HIGH,2026-09-03 12:38:00,OPEN,16.3,175.3
7619,1614,DELIVERY,HIGH,2026-08-28 23:04:00,RESOLVED,4.8,179.9
7620,6341,PRODUCT,HIGH,2026-09-01 01:03:00,RESOLVED,23.7,269.0
7621,6658,ACCOUNT,HIGH,2026-08-12 06:24:00,RESOLVED,10.4,220.0
7622,7689,ACCOUNT,MEDIUM,2026-09-06 22:37:00,RESOLVED,9.6,314.5
7623,5314,PAYMENT,MEDIUM,2026-08-07 19:28:00,RESOLVED,5.6,222.6
7624,7309,PRODUCT,MEDIUM,2026-09-02 14:32:00,PENDING,32.5,366.1
7625,5844,PRODUCT,LOW,2026-08-14 10:07:00,PENDING,14.6,118.7
7626,2602,PAYMENT,MEDIUM,2026-08-04 13:54:00,OPEN,12.5,496.0
7627,4841,DELIVERY,LOW,2026-09-02 20:52:00,RESOLVED,22.8,111.1
7628,9351,REFUND,HIGH,2026-09-07 18:36:00,PENDING,28.7,301.5
7629,8428,REFUND,LOW,2026-09-08 19:52:00,RESOLVED,34.5,123.3
7630,6437,PRODUCT,HIGH,2026-08-01 23:43:00,OPEN,21.1,62.3
7631,3220,REFUND,LOW,2026-08-19 03:44:00,RESOLVED,24.8,378.0
7632,2021,REFUND,HIGH,2026-08-14 17:48:00,RESOLVED,19.3,71.3
7633,2856,ACCOUNT,MEDIUM,2026-08-14 10:20:00,PENDING,9.3,232.7
7634,3061,DELIVERY,MEDIUM,2026-08-16 13:39:00,RESOLVED,41.6,69.3
7635,9617,PRODUCT,LOW,2026-08-01 18:08:00,RESOLVED,17.2,117.5
7636,5331,DELIVERY,MEDIUM,2026-08-20 09:51:00,RESOLVED,61.5,609.5
7637,3909,REFUND,MEDIUM,2026-08-03 23:25:00,RESOLVED,31.8,271.4
7638,8819,ACCOUNT,HIGH,2026-08-10 09:49:00,RESOLVED,7.4,144.0
7639,3690,ACCOUNT,HIGH,2026-08-29 18:35:00,RESOLVED,42.6,231.1
7640,7968,REFUND,MEDIUM,2026-08-05 22:50:00,RESOLVED,22.4,254.3
7641,6415,DELIVERY,LOW,2026-08-27 23:07:00,PENDING,14.4,114.4
7642,3021,ACCOUNT,LOW,2026-09-03 11:33:00,RESOLVED,6.3,85.4
7643,9609,ACCOUNT,MEDIUM,2026-09-09 02:52:00,RESOLVED,19.5,141.5
7644,6885,PAYMENT,MEDIUM,2026-08-26 16:08:00,RESOLVED,13.4,184.8
7645,9897,DELIVERY,MEDIUM,2026-09-05 06:34:00,PENDING,33.9,80.4
7646,17,PRODUCT,MEDIUM,2026-08-19 23:53:00,PENDING,29.2,260.8
7647,2809,PRODUCT,MEDIUM,2026-09-06 02:54:00,RESOLVED,19.6,253.7
7648,3327,ACCOUNT,MEDIUM,2026-08-31 23:37:00,RESOLVED,4.7,204.3
7649,6743,PRODUCT,MEDIUM,2026-09-06 16:51:00,RESOLVED,18.1,239.1
7650,8396,ACCOUNT,HIGH,2026-09-06 14:33:00,RESOLVED,8.7,468.1
7651,1215,PAYMENT,LOW,2026-08-28 13:27:00,RESOLVED,17.4,106.0
7652,1513,DELIVERY,LOW,2026-08-09 22:58:00,RESOLVED,12.6,188.8
7653,6750,PRODUCT,LOW,2026-08-02 21:10:00,RESOLVED,49.5,148.3
7654,3534,REFUND,LOW,2026-08-13 21:59:00,RESOLVED,6.3,279.0
7655,6988,PRODUCT,MEDIUM,2026-08-12 20:57:00,RESOLVED,11.9,161.4
7656,11,DELIVERY,HIGH,2026-09-07 08:56:00,RESOLVED,28.2,70.9
7657,5234,DELIVERY,MEDIUM,2026-08-02 12:08:00,PENDING,39.0,516.0
7658,232,PAYMENT,CRITICAL,2026-08-22 18:16:00,RESOLVED,57.3,142.0
7659,9514,PAYMENT,LOW,2026-09-09 12:22:00,RESOLVED,31.5,182.3
7660,1461,DELIVERY,LOW,2026-08-12 05:59:00,RESOLVED,30.8,344.4
7661,1780,PRODUCT,LOW,2026-08-24 04:08:00,OPEN,43.8,288.6
7662,1019,PRODUCT,MEDIUM,2026-08-07 07:53:00,RESOLVED,50.5,136.6
7663,2205,ACCOUNT,MEDIUM,2026-08-17 19:45:00,PENDING,62.4,289.0
7664,4898,REFUND,LOW,2026-09-09 13:09:00,RESOLVED,60.3,370.3
7665,6176,PRODUCT,LOW,2026-08-27 20:50:00,RESOLVED,27.5,242.3
7666,9001,ACCOUNT,HIGH,2026-08-22 09:37:00,RESOLVED,9.0,373.8
7667,8779,DELIVERY,LOW,2026-09-08 19:03:00,OPEN,35.6,284.4
7668,847,ACCOUNT,LOW,2026-09-04 11:46:00,RESOLVED,47.0,245.9
7669,4278,PRODUCT,MEDIUM,2026-08-12 02:09:00,RESOLVED,26.8,279.8
7670,8699,PRODUCT,MEDIUM,2026-08-26 10:33:00,RESOLVED,28.9,490.8
7671,1655,PRODUCT,MEDIUM,2026-08-26 23:43:00,RESOLVED,6.6,228.6
7672,6682,PRODUCT,MEDIUM,2026-08-18 17:55:00,RESOLVED,19.1,153.2
7673,4268,PRODUCT,HIGH,2026-08-08 07:22:00,OPEN,12.5,303.0
7674,1689,DELIVERY,HIGH,2026-09-04 07:57:00,RESOLVED,8.5,360.2
7675,618,DELIVERY,MEDIUM,2026-08-07 11:13:00,RESOLVED,13.9,75.8
7676,2898,DELIVERY,HIGH,2026-08-15 06:14:00,RESOLVED,33.3,389.8
7677,10,ACCOUNT,MEDIUM,2026-08-10 22:07:00,PENDING,19.7,239.4
7678,1942,PAYMENT,HIGH,2026-08-31 17:43:00,PENDING,9.1,292.0
7679,5486,ACCOUNT,MEDIUM,2026-08-04 22:15:00,OPEN,16.6,452.2
7680,7893,ACCOUNT,LOW,2026-08-19 03:16:00,RESOLVED,39.9,112.0
7681,5054,REFUND,MEDIUM,2026-09-03 17:44:00,RESOLVED,41.7,229.0
7682,7252,DELIVERY,CRITICAL,2026-09-05 21:29:00,RESOLVED,13.9,257.7
7683,741,ACCOUNT,HIGH,2026-08-09 06:51:00,RESOLVED,36.1,205.6
7684,3045,PAYMENT,LOW,2026-08-21 03:05:00,RESOLVED,40.1,420.3
7685,6588,REFUND,MEDIUM,2026-08-20 13:02:00,PENDING,49.5,121.2
7686,544,PRODUCT,HIGH,2026-08-14 00:47:00,RESOLVED,19.5,387.3
7687,5840,PAYMENT,MEDIUM,2026-09-02 02:08:00,RESOLVED,3.1,324.1
7688,1688,REFUND,MEDIUM,2026-08-30 00:42:00,RESOLVED,15.1,86.5
7689,4195,REFUND,CRITICAL,2026-08-04 07:26:00,OPEN,44.4,169.2
7690,6299,ACCOUNT,MEDIUM,2026-09-04 09:43:00,RESOLVED,7.6,262.8
7691,9865,REFUND,LOW,2026-08-15 15:38:00,RESOLVED,22.3,150.5
7692,904,ACCOUNT,LOW,2026-09-04 00:58:00,PENDING,5.7,123.3
7693,5505,PAYMENT,MEDIUM,2026-08-31 14:30:00,RESOLVED,12.5,354.6
7694,5365,DELIVERY,MEDIUM,2026-08-20 03:16:00,RESOLVED,4.2,171.6
7695,636,DELIVERY,HIGH,2026-08-27 23:31:00,RESOLVED,27.2,76.5
7696,6130,PRODUCT,HIGH,2026-08-18 14:33:00,OPEN,17.3,105.6
7697,756,DELIVERY,LOW,2026-09-01 03:47:00,RESOLVED,8.9,39.5
7698,6878,DELIVERY,HIGH,2026-08-06 23:19:00,OPEN,19.6,101.4
7699,2077,PAYMENT,LOW,2026-08-25 04:47:00,PENDING,23.0,127.7
7700,1254,PAYMENT,LOW,2026-08-02 13:40:00,RESOLVED,7.9,194.6
7701,717,ACCOUNT,MEDIUM,2026-08-29 21:01:00,OPEN,9.8,198.6
7702,4598,ACCOUNT,MEDIUM,2026-09-07 06:15:00,RESOLVED,11.7,340.7
7703,2361,ACCOUNT,LOW,2026-08-31 09:56:00,PENDING,3.3,386.4
7704,4634,DELIVERY,MEDIUM,2026-08-30 00:13:00,RESOLVED,37.8,269.5
7705,8957,ACCOUNT,HIGH,2026-09-02 18:02:00,RESOLVED,31.8,148.6
7706,8353,ACCOUNT,MEDIUM,2026-08-24 01:42:00,RESOLVED,8.1,202.5
7707,7505,PRODUCT,LOW,2026-08-25 13:36:00,OPEN,16.3,266.3
7708,4688,ACCOUNT,HIGH,2026-08-24 08:04:00,RESOLVED,1.2,153.1
7709,1123,ACCOUNT,LOW,2026-08-19 21:10:00,RESOLVED,79.4,464.8
7710,4068,PRODUCT,LOW,2026-08-01 22:24:00,RESOLVED,12.5,375.1
7711,219,PAYMENT,LOW,2026-08-04 05:56:00,RESOLVED,18.9,264.7
7712,1235,REFUND,LOW,2026-08-19 03:36:00,RESOLVED,22.4,184.5
7713,3018,REFUND,LOW,2026-08-11 21:59:00,RESOLVED,22.3,135.8
7714,6945,REFUND,LOW,2026-09-06 20:28:00,RESOLVED,14.7,195.8
7715,7884,PAYMENT,MEDIUM,2026-09-09 09:49:00,RESOLVED,17.8,306.7
7716,6198,PAYMENT,LOW,2026-08-19 11:33:00,RESOLVED,11.6,458.6
7717,2579,REFUND,LOW,2026-08-28 21:01:00,PENDING,5.8,116.1
7718,7170,DELIVERY,MEDIUM,2026-08-24 05:34:00,RESOLVED,10.9,418.3
7719,9965,PAYMENT,MEDIUM,2026-08-10 23:42:00,RESOLVED,32.4,485.9
7720,6563,DELIVERY,MEDIUM,2026-08-16 02:01:00,RESOLVED,35.6,304.4
7721,7617,REFUND,LOW,2026-08-16 09:11:00,RESOLVED,32.6,294.1
7722,8753,DELIVERY,HIGH,2026-08-05 04:49:00,PENDING,24.6,169.9
7723,7156,REFUND,CRITICAL,2026-08-01 17:46:00,OPEN,17.9,166.0
7724,8774,PRODUCT,LOW,2026-08-13 22:37:00,RESOLVED,8.7,406.5
7725,2962,PRODUCT,MEDIUM,2026-09-06 02:08:00,RESOLVED,7.8,116.0
7726,3077,DELIVERY,HIGH,2026-08-04 09:41:00,PENDING,0.4,192.7
7727,1745,PRODUCT,MEDIUM,2026-08-21 19:33:00,PENDING,21.9,175.3
7728,1825,REFUND,LOW,2026-08-24 03:26:00,RESOLVED,40.4,254.6
7729,5529,PAYMENT,LOW,2026-08-27 15:16:00,RESOLVED,33.3,372.7
7730,9265,PRODUCT,MEDIUM,2026-09-09 06:29:00,RESOLVED,25.0,80.1
7731,2217,DELIVERY,MEDIUM,2026-08-16 15:05:00,OPEN,27.8,235.2
7732,7131,DELIVERY,HIGH,2026-08-15 12:11:00,PENDING,1.9,360.0
7733,778,DELIVERY,LOW,2026-08-21 08:56:00,RESOLVED,32.9,130.6
7734,9710,REFUND,LOW,2026-09-04 08:06:00,PENDING,16.1,394.9
7735,5259,DELIVERY,MEDIUM,2026-08-24 11:06:00,OPEN,51.1,130.7
7736,4970,DELIVERY,MEDIUM,2026-08-02 17:04:00,RESOLVED,23.3,164.2
7737,3599,PAYMENT,MEDIUM,2026-08-18 22:17:00,PENDING,30.1,227.8
7738,9623,DELIVERY,LOW,2026-08-21 04:49:00,RESOLVED,8.2,325.3
7739,4196,PAYMENT,MEDIUM,2026-09-05 04:55:00,RESOLVED,20.4,403.8
7740,1228,REFUND,HIGH,2026-08-27 04:17:00,RESOLVED,31.4,171.8
7741,5640,ACCOUNT,HIGH,2026-08-28 03:55:00,PENDING,26.7,381.1
7742,5904,DELIVERY,HIGH,2026-08-13 18:27:00,RESOLVED,30.2,390.3
7743,7461,PAYMENT,MEDIUM,2026-08-30 01:54:00,RESOLVED,70.0,129.4
7744,4968,PAYMENT,HIGH,2026-08-04 22:24:00,RESOLVED,26.7,288.8
7745,2800,PRODUCT,MEDIUM,2026-08-08 20:02:00,PENDING,26.4,280.6
7746,27,DELIVERY,LOW,2026-08-09 17:11:00,RESOLVED,10.2,545.0
7747,9866,ACCOUNT,CRITICAL,2026-08-19 17:49:00,RESOLVED,47.6,202.9
7748,1929,REFUND,LOW,2026-08-03 19:12:00,RESOLVED,3.3,181.3
7749,3510,DELIVERY,LOW,2026-08-21 17:34:00,PENDING,3.2,104.0
7750,1535,PRODUCT,LOW,2026-09-05 12:41:00,RESOLVED,23.9,260.8
7751,2355,PAYMENT,MEDIUM,2026-08-16 21:09:00,RESOLVED,13.8,444.3
7752,609,PRODUCT,MEDIUM,2026-08-01 04:23:00,RESOLVED,23.1,191.3
7753,3404,ACCOUNT,MEDIUM,2026-08-11 23:50:00,RESOLVED,44.2,399.6
7754,9482,REFUND,LOW,2026-08-03 18:35:00,PENDING,30.0,224.2
7755,2238,ACCOUNT,LOW,2026-08-26 11:15:00,OPEN,16.9,206.8
7756,9654,ACCOUNT,LOW,2026-09-01 19:51:00,RESOLVED,33.0,98.7
7757,6340,PAYMENT,LOW,2026-08-12 12:54:00,PENDING,29.8,86.4
7758,8918,PRODUCT,LOW,2026-08-12 23:44:00,RESOLVED,15.0,391.7
7759,6205,DELIVERY,LOW,2026-08-13 20:59:00,RESOLVED,11.9,331.8
7760,9889,PRODUCT,CRITICAL,2026-08-15 14:10:00,RESOLVED,49.4,170.6
7761,5517,DELIVERY,HIGH,2026-08-28 20:33:00,RESOLVED,7.0,74.6
7762,8307,PAYMENT,MEDIUM,2026-08-13 06:25:00,OPEN,73.0,296.7
7763,371,PRODUCT,MEDIUM,2026-08-16 07:29:00,PENDING,27.9,232.3
7764,9322,DELIVERY,HIGH,2026-09-05 15:04:00,RESOLVED,1.5,207.0
7765,183,PAYMENT,MEDIUM,2026-08-31 12:11:00,RESOLVED,11.4,295.2
7766,1977,PAYMENT,HIGH,2026-09-07 03:35:00,RESOLVED,19.7,147.5
7767,7385,REFUND,HIGH,2026-08-15 06:51:00,PENDING,20.2,642.2
7768,2569,PAYMENT,LOW,2026-09-07 03:39:00,PENDING,37.4,147.4
7769,420,ACCOUNT,LOW,2026-08-12 22:39:00,RESOLVED,8.6,235.2
7770,8621,ACCOUNT,LOW,2026-08-13 07:02:00,RESOLVED,27.6,317.7
7771,5127,ACCOUNT,MEDIUM,2026-09-08 02:47:00,RESOLVED,14.1,86.6
7772,4795,ACCOUNT,HIGH,2026-08-09 00:21:00,RESOLVED,17.2,106.6
7773,3162,REFUND,LOW,2026-09-02 17:41:00,RESOLVED,40.8,81.1
7774,7170,DELIVERY,HIGH,2026-09-03 02:52:00,PENDING,6.5,62.1
7775,3145,DELIVERY,MEDIUM,2026-09-07 00:59:00,OPEN,6.4,495.2
7776,5620,ACCOUNT,MEDIUM,2026-09-03 23:00:00,RESOLVED,5.1,143.1
7777,1304,REFUND,MEDIUM,2026-09-02 22:38:00,RESOLVED,55.7,205.5
7778,3057,PRODUCT,MEDIUM,2026-08-15 04:06:00,RESOLVED,20.7,199.7
7779,281,PAYMENT,MEDIUM,2026-08-23 06:00:00,PENDING,18.8,300.9
7780,2849,PRODUCT,HIGH,2026-08-24 02:53:00,RESOLVED,21.7,254.2
7781,3810,PRODUCT,MEDIUM,2026-08-12 16:44:00,RESOLVED,47.3,214.7
7782,7482,ACCOUNT,LOW,2026-08-16 15:05:00,RESOLVED,11.2,96.9
7783,8223,DELIVERY,MEDIUM,2026-09-04 00:40:00,OPEN,13.4,99.2
7784,5321,REFUND,MEDIUM,2026-08-01 14:22:00,RESOLVED,14.6,595.8
7785,9257,DELIVERY,HIGH,2026-08-04 02:24:00,RESOLVED,42.6,617.3
7786,3594,REFUND,LOW,2026-08-17 10:14:00,RESOLVED,5.6,47.6
7787,4942,REFUND,LOW,2026-08-31 20:48:00,RESOLVED,11.7,228.6
7788,6171,ACCOUNT,MEDIUM,2026-09-05 19:08:00,RESOLVED,20.2,100.2
7789,1770,PRODUCT,HIGH,2026-08-28 08:21:00,RESOLVED,25.0,137.4
7790,4200,DELIVERY,MEDIUM,2026-09-04 07:37:00,RESOLVED,16.8,166.6
7791,9000,PAYMENT,LOW,2026-08-06 22:39:00,RESOLVED,22.6,191.4
7792,4751,PRODUCT,MEDIUM,2026-08-05 03:37:00,OPEN,31.5,400.8
7793,9312,PRODUCT,MEDIUM,2026-08-21 03:06:00,RESOLVED,12.8,246.3
7794,6780,ACCOUNT,MEDIUM,2026-08-13 06:40:00,RESOLVED,10.4,322.4
7795,1700,REFUND,MEDIUM,2026-09-05 04:00:00,RESOLVED,24.0,75.9
7796,4580,ACCOUNT,MEDIUM,2026-08-03 22:54:00,RESOLVED,17.1,202.8
7797,3663,ACCOUNT,LOW,2026-08-15 14:28:00,OPEN,36.4,355.3
7798,9500,REFUND,LOW,2026-08-12 22:06:00,RESOLVED,62.1,192.8
7799,3360,PRODUCT,MEDIUM,2026-08-24 17:29:00,RESOLVED,24.3,65.8
7800,4852,PRODUCT,LOW,2026-08-12 21:46:00,RESOLVED,11.5,152.0
7801,6904,ACCOUNT,LOW,2026-09-07 15:18:00,RESOLVED,44.7,465.0
7802,9619,DELIVERY,MEDIUM,2026-08-03 03:03:00,RESOLVED,13.4,209.7
7803,5463,REFUND,MEDIUM,2026-08-03 21:29:00,PENDING,88.1,279.5
7804,8477,ACCOUNT,HIGH,2026-09-05 19:26:00,RESOLVED,5.0,185.5
7805,1171,DELIVERY,HIGH,2026-08-22 01:29:00,RESOLVED,24.0,226.5
7806,8910,PAYMENT,LOW,2026-09-03 14:16:00,RESOLVED,23.1,605.0
7807,2075,REFUND,LOW,2026-08-19 09:25:00,RESOLVED,10.4,75.1
7808,7633,PRODUCT,CRITICAL,2026-09-07 03:19:00,PENDING,38.1,259.0
7809,5341,PAYMENT,LOW,2026-08-19 23:06:00,PENDING,52.5,440.6
7810,6046,ACCOUNT,HIGH,2026-08-30 18:35:00,OPEN,25.3,277.0
7811,927,DELIVERY,LOW,2026-09-09 19:45:00,RESOLVED,13.9,274.9
7812,5327,PAYMENT,MEDIUM,2026-08-31 09:38:00,RESOLVED,13.1,80.5
7813,865,PAYMENT,MEDIUM,2026-08-11 10:23:00,RESOLVED,6.5,492.4
7814,5517,PAYMENT,MEDIUM,2026-09-01 11:45:00,RESOLVED,53.4,180.5
7815,4065,DELIVERY,MEDIUM,2026-08-16 09:09:00,RESOLVED,11.2,175.0
7816,2015,PAYMENT,LOW,2026-08-28 00:14:00,RESOLVED,6.3,197.9
7817,4912,ACCOUNT,LOW,2026-08-27 05:24:00,RESOLVED,15.9,360.5
7818,2144,PRODUCT,MEDIUM,2026-08-08 00:55:00,RESOLVED,4.8,214.6
7819,828,DELIVERY,HIGH,2026-08-12 11:36:00,RESOLVED,43.5,100.4
7820,342,PRODUCT,MEDIUM,2026-08-08 02:37:00,RESOLVED,22.6,298.7
7821,3414,ACCOUNT,MEDIUM,2026-08-03 17:27:00,RESOLVED,18.1,304.6
7822,7456,ACCOUNT,CRITICAL,2026-08-21 00:20:00,RESOLVED,4.2,260.0
7823,5765,DELIVERY,MEDIUM,2026-08-09 00:14:00,RESOLVED,2.2,115.4
7824,1249,DELIVERY,MEDIUM,2026-08-28 14:58:00,RESOLVED,27.2,210.5
7825,4439,DELIVERY,LOW,2026-08-10 10:58:00,RESOLVED,24.2,535.8
7826,5822,REFUND,HIGH,2026-08-02 04:31:00,RESOLVED,27.7,74.3
7827,2339,ACCOUNT,LOW,2026-08-06 21:49:00,RESOLVED,9.5,332.4
7828,1380,PAYMENT,LOW,2026-08-22 20:32:00,RESOLVED,5.5,295.2
7829,2489,ACCOUNT,LOW,2026-08-06 01:14:00,RESOLVED,35.3,250.5
7830,666,DELIVERY,LOW,2026-09-05 11:38:00,RESOLVED,13.5,190.0
7831,2423,PRODUCT,MEDIUM,2026-08-30 21:31:00,OPEN,5.6,221.8
7832,5336,PRODUCT,LOW,2026-08-06 00:58:00,RESOLVED,27.1,77.1
7833,8016,ACCOUNT,MEDIUM,2026-09-04 08:22:00,RESOLVED,15.2,250.2
7834,8731,PAYMENT,MEDIUM,2026-08-13 12:25:00,RESOLVED,27.6,142.4
7835,6731,PRODUCT,LOW,2026-09-05 20:43:00,OPEN,44.6,102.6
7836,3561,DELIVERY,LOW,2026-09-09 11:16:00,RESOLVED,8.5,303.2
7837,9340,ACCOUNT,LOW,2026-08-11 00:53:00,RESOLVED,44.9,240.2
7838,9193,PRODUCT,MEDIUM,2026-08-14 03:43:00,RESOLVED,20.2,377.4
7839,3579,PRODUCT,MEDIUM,2026-08-06 17:14:00,RESOLVED,10.1,215.5
7840,104,REFUND,LOW,2026-08-02 03:35:00,RESOLVED,21.7,497.7
7841,4338,DELIVERY,LOW,2026-08-21 14:04:00,RESOLVED,26.0,533.0
7842,4658,PRODUCT,LOW,2026-08-28 08:17:00,RESOLVED,26.5,254.9
7843,6769,PRODUCT,HIGH,2026-08-23 02:29:00,PENDING,58.9,490.5
7844,1468,DELIVERY,HIGH,2026-09-09 07:19:00,PENDING,6.7,19.0
7845,5448,ACCOUNT,MEDIUM,2026-08-05 14:22:00,RESOLVED,29.2,215.9
7846,3158,DELIVERY,HIGH,2026-08-10 05:26:00,RESOLVED,11.4,348.8
7847,4955,PRODUCT,LOW,2026-09-05 14:29:00,OPEN,35.4,274.4
7848,238,DELIVERY,MEDIUM,2026-08-09 15:25:00,RESOLVED,57.7,160.6
7849,5284,PRODUCT,MEDIUM,2026-08-15 12:05:00,RESOLVED,16.1,57.7
7850,354,PAYMENT,MEDIUM,2026-08-18 06:36:00,PENDING,24.4,344.7
7851,8533,REFUND,MEDIUM,2026-08-09 12:27:00,PENDING,65.8,518.4
7852,7129,PRODUCT,MEDIUM,2026-08-22 10:28:00,RESOLVED,12.8,98.1
7853,9207,ACCOUNT,HIGH,2026-09-01 17:24:00,OPEN,51.2,359.8
7854,6546,PRODUCT,LOW,2026-09-02 14:06:00,RESOLVED,35.1,404.0
7855,9789,PRODUCT,LOW,2026-08-19 09:00:00,RESOLVED,43.2,287.3
7856,2084,DELIVERY,MEDIUM,2026-09-09 17:44:00,RESOLVED,11.7,334.8
7857,61,ACCOUNT,LOW,2026-08-13 12:56:00,RESOLVED,13.8,243.2
7858,9012,PAYMENT,LOW,2026-09-02 12:30:00,RESOLVED,29.2,204.5
7859,6597,DELIVERY,LOW,2026-09-05 02:47:00,RESOLVED,26.2,167.6
7860,6880,PAYMENT,MEDIUM,2026-08-12 15:16:00,RESOLVED,30.0,278.1
7861,2902,PRODUCT,MEDIUM,2026-08-03 03:40:00,RESOLVED,8.1,412.8
7862,3362,PRODUCT,MEDIUM,2026-09-01 10:43:00,RESOLVED,14.6,377.8
7863,6790,PAYMENT,MEDIUM,2026-08-04 12:35:00,OPEN,11.8,376.7
7864,4077,REFUND,LOW,2026-08-26 05:38:00,PENDING,13.5,182.8
7865,761,REFUND,MEDIUM,2026-08-20 16:25:00,RESOLVED,37.7,443.5
7866,2926,PRODUCT,LOW,2026-08-20 15:18:00,RESOLVED,31.9,106.1
7867,3844,ACCOUNT,LOW,2026-08-30 11:35:00,RESOLVED,16.2,213.5
7868,8306,PRODUCT,MEDIUM,2026-08-26 09:16:00,RESOLVED,10.0,528.9
7869,3440,PRODUCT,LOW,2026-08-25 04:33:00,RESOLVED,41.5,134.5
7870,4940,PRODUCT,LOW,2026-08-18 14:10:00,PENDING,3.0,303.9
7871,5980,PAYMENT,HIGH,2026-08-28 20:58:00,RESOLVED,86.7,268.1
7872,1354,PAYMENT,MEDIUM,2026-08-26 06:55:00,RESOLVED,6.1,302.3
7873,5821,PAYMENT,CRITICAL,2026-08-24 03:09:00,RESOLVED,25.5,86.8
7874,2018,DELIVERY,MEDIUM,2026-08-30 11:21:00,OPEN,76.7,289.4
7875,8782,PAYMENT,LOW,2026-08-05 19:25:00,RESOLVED,34.1,132.9
7876,2966,DELIVERY,MEDIUM,2026-08-01 13:10:00,RESOLVED,27.3,222.0
7877,3045,ACCOUNT,HIGH,2026-08-02 10:05:00,OPEN,5.2,404.3
7878,4032,ACCOUNT,HIGH,2026-08-25 15:35:00,RESOLVED,62.8,257.7
7879,3605,PAYMENT,MEDIUM,2026-08-31 02:01:00,RESOLVED,10.7,215.1
7880,5927,PRODUCT,LOW,2026-08-07 02:55:00,OPEN,45.6,406.6
7881,7230,DELIVERY,MEDIUM,2026-08-03 07:53:00,RESOLVED,7.3,461.4
7882,9642,PAYMENT,LOW,2026-08-14 11:10:00,RESOLVED,27.3,187.3
7883,8882,ACCOUNT,LOW,2026-09-01 13:46:00,RESOLVED,3.0,127.9
7884,2620,PAYMENT,LOW,2026-08-18 17:53:00,RESOLVED,15.7,537.0
7885,6039,ACCOUNT,LOW,2026-08-27 16:05:00,PENDING,16.1,140.4
7886,3285,DELIVERY,MEDIUM,2026-09-08 21:21:00,RESOLVED,20.9,360.9
7887,8055,ACCOUNT,HIGH,2026-08-21 15:28:00,PENDING,12.1,83.8
7888,240,REFUND,MEDIUM,2026-08-14 00:32:00,RESOLVED,25.6,203.0
7889,9950,DELIVERY,MEDIUM,2026-08-02 07:13:00,OPEN,2.1,236.7
7890,3726,PRODUCT,HIGH,2026-09-02 18:32:00,RESOLVED,13.7,242.9
7891,7446,PRODUCT,LOW,2026-08-30 23:31:00,RESOLVED,9.7,168.2
7892,6751,DELIVERY,MEDIUM,2026-08-14 11:34:00,RESOLVED,18.4,143.1
7893,3671,REFUND,MEDIUM,2026-08-26 02:48:00,RESOLVED,49.1,489.2
7894,9631,ACCOUNT,LOW,2026-08-10 04:09:00,RESOLVED,4.8,86.0
7895,2672,DELIVERY,MEDIUM,2026-08-27 17:46:00,OPEN,23.5,223.2
7896,7402,DELIVERY,MEDIUM,2026-08-18 08:38:00,OPEN,8.2,250.1
7897,9287,ACCOUNT,HIGH,2026-08-09 02:35:00,OPEN,28.6,385.6
7898,1180,PRODUCT,MEDIUM,2026-08-04 14:16:00,RESOLVED,26.3,199.5
7899,9171,PAYMENT,MEDIUM,2026-08-01 19:22:00,RESOLVED,35.8,203.8
7900,8901,REFUND,MEDIUM,2026-09-02 18:31:00,PENDING,31.4,500.0
7901,3798,ACCOUNT,HIGH,2026-08-03 19:27:00,PENDING,13.5,182.9
7902,8387,ACCOUNT,HIGH,2026-08-20 22:23:00,OPEN,3.2,424.8
7903,64,DELIVERY,LOW,2026-08-05 22:00:00,RESOLVED,36.6,157.7
7904,1891,ACCOUNT,MEDIUM,2026-08-28 12:02:00,PENDING,62.7,177.6
7905,7525,PAYMENT,CRITICAL,2026-08-16 13:50:00,RESOLVED,8.4,155.8
7906,9344,REFUND,MEDIUM,2026-09-01 21:49:00,RESOLVED,29.7,393.3
7907,1261,REFUND,HIGH,2026-08-04 14:28:00,RESOLVED,6.2,338.1
7908,7141,PAYMENT,MEDIUM,2026-08-17 08:33:00,RESOLVED,23.8,551.7
7909,1030,PAYMENT,MEDIUM,2026-08-17 03:47:00,PENDING,59.6,559.9
7910,7829,ACCOUNT,MEDIUM,2026-08-19 00:41:00,PENDING,29.7,202.8
7911,8964,DELIVERY,MEDIUM,2026-08-12 11:37:00,RESOLVED,7.7,203.4
7912,4592,PRODUCT,LOW,2026-08-11 03:25:00,RESOLVED,8.9,186.5
7913,1008,DELIVERY,HIGH,2026-09-08 02:30:00,RESOLVED,37.6,91.5
7914,2007,DELIVERY,MEDIUM,2026-08-29 13:44:00,RESOLVED,16.6,281.4
7915,5071,REFUND,HIGH,2026-08-19 06:04:00,RESOLVED,25.9,309.7
7916,7992,PRODUCT,LOW,2026-09-03 06:58:00,RESOLVED,9.0,91.9
7917,5196,REFUND,HIGH,2026-08-03 19:35:00,RESOLVED,18.5,273.5
7918,4775,REFUND,LOW,2026-08-23 23:11:00,PENDING,52.3,107.4
7919,6004,ACCOUNT,HIGH,2026-08-28 04:52:00,PENDING,35.0,193.8
7920,9675,REFUND,HIGH,2026-08-02 13:03:00,OPEN,24.6,273.3
7921,7895,PRODUCT,HIGH,2026-08-29 07:09:00,RESOLVED,28.9,154.1
7922,1534,ACCOUNT,MEDIUM,2026-08-29 11:09:00,RESOLVED,48.4,119.8
7923,1965,PRODUCT,LOW,2026-08-22 02:44:00,RESOLVED,31.9,168.7
7924,3555,ACCOUNT,CRITICAL,2026-08-27 16:11:00,OPEN,33.1,480.3
7925,2711,ACCOUNT,LOW,2026-09-07 19:35:00,RESOLVED,3.8,215.7
7926,7356,DELIVERY,LOW,2026-08-14 16:52:00,OPEN,37.4,154.8
7927,9923,DELIVERY,LOW,2026-08-09 17:56:00,RESOLVED,14.3,259.6
7928,5723,REFUND,MEDIUM,2026-08-17 08:52:00,RESOLVED,24.0,106.2
7929,8903,PRODUCT,HIGH,2026-09-08 00:18:00,RESOLVED,14.7,333.3
7930,4333,REFUND,HIGH,2026-08-20 19:22:00,RESOLVED,18.2,166.1
7931,6881,PRODUCT,MEDIUM,2026-09-07 03:11:00,OPEN,46.7,474.4
7932,7017,ACCOUNT,MEDIUM,2026-09-01 15:09:00,PENDING,43.8,532.0
7933,2938,DELIVERY,HIGH,2026-08-05 16:12:00,OPEN,11.1,211.3
7934,7334,ACCOUNT,MEDIUM,2026-08-28 05:23:00,PENDING,9.8,241.5
7935,5354,PAYMENT,MEDIUM,2026-09-05 03:19:00,RESOLVED,14.6,322.1
7936,5773,ACCOUNT,CRITICAL,2026-08-21 16:22:00,RESOLVED,24.5,418.4
7937,2522,PRODUCT,CRITICAL,2026-08-13 04:22:00,PENDING,9.3,279.2
7938,3192,DELIVERY,MEDIUM,2026-09-02 05:17:00,PENDING,11.5,380.3
7939,8580,ACCOUNT,MEDIUM,2026-08-03 07:06:00,PENDING,17.2,328.9
7940,6188,DELIVERY,HIGH,2026-09-04 08:47:00,RESOLVED,13.1,218.6
7941,1304,REFUND,HIGH,2026-08-04 05:41:00,RESOLVED,28.0,156.3
7942,5453,PAYMENT,LOW,2026-08-03 01:43:00,RESOLVED,24.9,274.5
7943,6186,ACCOUNT,CRITICAL,2026-08-21 16:08:00,OPEN,18.4,275.8
7944,7977,DELIVERY,MEDIUM,2026-08-03 19:01:00,PENDING,16.0,204.1
7945,8530,PAYMENT,MEDIUM,2026-08-29 19:17:00,RESOLVED,5.3,112.9
7946,6535,DELIVERY,MEDIUM,2026-08-20 00:38:00,PENDING,9.3,94.6
7947,125,REFUND,LOW,2026-08-30 13:48:00,RESOLVED,6.0,399.4
7948,4968,REFUND,LOW,2026-09-01 06:21:00,PENDING,31.1,305.2
7949,2067,PAYMENT,LOW,2026-09-01 13:50:00,RESOLVED,23.9,149.8
7950,188,PRODUCT,MEDIUM,2026-08-05 09:22:00,RESOLVED,2.6,296.9
7951,9236,PRODUCT,MEDIUM,2026-09-03 22:49:00,RESOLVED,51.4,335.6
7952,1670,PRODUCT,MEDIUM,2026-09-04 12:51:00,RESOLVED,10.4,534.0
7953,2458,DELIVERY,MEDIUM,2026-08-21 07:35:00,PENDING,1.8,236.0
7954,3366,PRODUCT,LOW,2026-08-06 11:45:00,OPEN,28.6,624.4
7955,4656,PRODUCT,HIGH,2026-08-30 06:48:00,RESOLVED,5.2,135.1
7956,6014,DELIVERY,HIGH,2026-08-28 19:39:00,PENDING,11.8,219.4
7957,3104,ACCOUNT,MEDIUM,2026-08-06 08:28:00,OPEN,10.9,237.5
7958,7924,PRODUCT,LOW,2026-09-02 03:10:00,OPEN,26.6,434.7
7959,1577,PRODUCT,LOW,2026-08-28 06:41:00,RESOLVED,46.0,227.9
7960,9600,PAYMENT,MEDIUM,2026-08-02 19:39:00,RESOLVED,16.5,224.4
7961,8560,PRODUCT,HIGH,2026-08-25 09:50:00,RESOLVED,11.5,217.4
7962,5999,REFUND,HIGH,2026-09-03 22:47:00,RESOLVED,7.4,183.4
7963,488,PRODUCT,HIGH,2026-09-08 04:47:00,RESOLVED,29.1,103.4
7964,7289,PRODUCT,HIGH,2026-09-03 15:49:00,PENDING,10.0,65.8
7965,7044,PRODUCT,MEDIUM,2026-09-04 09:25:00,RESOLVED,21.2,437.5
7966,6215,PRODUCT,LOW,2026-08-06 20:06:00,RESOLVED,27.5,155.6
7967,2802,DELIVERY,MEDIUM,2026-08-01 23:52:00,OPEN,58.9,207.8
7968,4303,DELIVERY,LOW,2026-08-09 08:41:00,RESOLVED,57.7,234.8
7969,4152,PAYMENT,LOW,2026-09-05 06:14:00,RESOLVED,10.4,258.9
7970,6097,ACCOUNT,LOW,2026-09-04 09:54:00,RESOLVED,45.0,286.2
7971,3311,REFUND,LOW,2026-08-04 07:13:00,RESOLVED,43.8,223.9
7972,4007,PAYMENT,LOW,2026-09-08 15:00:00,RESOLVED,15.7,383.4
7973,9080,ACCOUNT,HIGH,2026-08-09 14:22:00,RESOLVED,39.0,143.4
7974,4537,PRODUCT,MEDIUM,2026-08-20 08:55:00,OPEN,23.6,247.7
7975,5945,DELIVERY,MEDIUM,2026-08-25 09:23:00,RESOLVED,28.0,220.8
7976,9111,ACCOUNT,LOW,2026-08-06 00:36:00,PENDING,59.7,621.7
7977,9450,ACCOUNT,MEDIUM,2026-08-16 05:29:00,OPEN,12.5,173.9
7978,5639,PRODUCT,CRITICAL,2026-08-12 04:22:00,RESOLVED,21.0,465.7
7979,2652,PRODUCT,LOW,2026-08-15 07:59:00,OPEN,67.1,285.9
7980,1005,PAYMENT,HIGH,2026-08-14 12:44:00,OPEN,47.8,208.3
7981,8600,PRODUCT,HIGH,2026-08-19 01:46:00,RESOLVED,32.7,335.2
7982,5238,REFUND,HIGH,2026-08-26 05:55:00,RESOLVED,24.1,239.8
7983,5664,PRODUCT,MEDIUM,2026-08-05 16:48:00,PENDING,41.6,214.7
7984,9533,PAYMENT,LOW,2026-08-29 20:51:00,OPEN,22.4,216.2
7985,3713,PRODUCT,LOW,2026-08-05 16:22:00,RESOLVED,53.6,149.7
7986,1001,ACCOUNT,MEDIUM,2026-08-25 06:29:00,OPEN,7.9,380.4
7987,6735,PRODUCT,CRITICAL,2026-08-08 21:16:00,RESOLVED,21.3,145.2
7988,9712,ACCOUNT,MEDIUM,2026-09-05 14:42:00,RESOLVED,7.4,306.6
7989,1700,PAYMENT,LOW,2026-08-13 22:01:00,PENDING,6.9,336.8
7990,9877,PRODUCT,LOW,2026-08-01 10:10:00,RESOLVED,10.1,187.0
7991,5411,REFUND,MEDIUM,2026-08-05 00:27:00,RESOLVED,16.7,322.8
7992,5608,PRODUCT,CRITICAL,2026-08-16 14:19:00,OPEN,62.7,272.3
7993,9598,REFUND,LOW,2026-09-08 09:22:00,RESOLVED,2.8,195.9
7994,3325,PRODUCT,LOW,2026-08-12 16:07:00,OPEN,15.9,87.4
7995,7454,DELIVERY,MEDIUM,2026-08-20 22:54:00,RESOLVED,19.1,147.7
7996,87,PRODUCT,LOW,2026-08-31 01:38:00,OPEN,17.7,160.2
7997,6714,REFUND,LOW,2026-08-10 06:37:00,RESOLVED,16.8,334.0
7998,156,REFUND,LOW,2026-08-28 05:38:00,RESOLVED,12.0,299.4
7999,42,REFUND,MEDIUM,2026-08-17 13:36:00,RESOLVED,13.2,417.7
8000,3881,PAYMENT,LOW,2026-09-05 15:15:00,PENDING,8.2,234.3
8001,3727,DELIVERY,LOW,2026-08-28 06:11:00,OPEN,6.6,94.8
8002,7831,PAYMENT,MEDIUM,2026-08-13 12:46:00,OPEN,26.6,228.3
8003,8916,DELIVERY,MEDIUM,2026-08-19 02:27:00,OPEN,11.5,278.1
8004,9424,PAYMENT,MEDIUM,2026-09-04 05:19:00,RESOLVED,9.5,501.4
8005,6234,REFUND,MEDIUM,2026-08-15 20:15:00,RESOLVED,18.9,66.9
8006,1548,PAYMENT,MEDIUM,2026-08-22 12:49:00,RESOLVED,28.7,421.6
8007,6708,DELIVERY,HIGH,2026-09-04 05:21:00,RESOLVED,19.2,192.8
8008,4878,ACCOUNT,LOW,2026-08-07 03:13:00,RESOLVED,16.6,259.9
8009,5293,DELIVERY,LOW,2026-09-03 15:40:00,PENDING,30.0,384.9
8010,5018,ACCOUNT,MEDIUM,2026-09-03 03:54:00,RESOLVED,37.4,178.1
8011,8830,REFUND,LOW,2026-08-22 16:07:00,RESOLVED,41.9,147.8
8012,3804,ACCOUNT,LOW,2026-08-10 08:13:00,PENDING,31.9,205.4
8013,9644,PAYMENT,LOW,2026-08-06 15:25:00,PENDING,21.5,566.7
8014,5400,ACCOUNT,HIGH,2026-08-31 09:51:00,RESOLVED,9.3,114.5
8015,6879,PAYMENT,HIGH,2026-08-16 00:38:00,RESOLVED,29.9,108.7
8016,9251,PRODUCT,LOW,2026-08-22 11:25:00,RESOLVED,27.8,60.6
8017,8146,PRODUCT,LOW,2026-08-04 14:19:00,RESOLVED,14.4,190.6
8018,4386,PRODUCT,LOW,2026-08-21 14:17:00,RESOLVED,17.0,255.4
8019,2043,PAYMENT,LOW,2026-08-03 18:03:00,RESOLVED,25.6,385.4
8020,1378,REFUND,LOW,2026-08-22 09:31:00,RESOLVED,18.1,211.5
8021,3638,ACCOUNT,LOW,2026-09-03 16:00:00,RESOLVED,16.4,139.4
8022,6655,ACCOUNT,MEDIUM,2026-09-09 00:27:00,RESOLVED,10.1,152.9
8023,7986,PRODUCT,CRITICAL,2026-09-03 19:14:00,OPEN,13.1,213.1
8024,314,REFUND,LOW,2026-08-24 09:15:00,RESOLVED,30.0,309.5
8025,4621,PAYMENT,LOW,2026-08-30 17:05:00,RESOLVED,3.0,165.9
8026,9402,PRODUCT,MEDIUM,2026-08-02 18:24:00,OPEN,7.7,343.5
8027,8221,DELIVERY,LOW,2026-08-28 07:52:00,PENDING,9.9,115.3
8028,9399,DELIVERY,LOW,2026-09-08 05:39:00,RESOLVED,19.4,78.8
8029,9570,PAYMENT,LOW,2026-08-07 01:29:00,RESOLVED,10.5,239.2
8030,922,PAYMENT,MEDIUM,2026-08-12 06:23:00,RESOLVED,23.0,345.1
8031,6811,ACCOUNT,LOW,2026-09-09 17:35:00,PENDING,26.4,85.3
8032,5509,REFUND,LOW,2026-08-19 19:23:00,OPEN,6.5,850.9
8033,4773,REFUND,MEDIUM,2026-08-29 22:37:00,RESOLVED,8.7,272.4
8034,7974,PRODUCT,LOW,2026-09-02 22:11:00,PENDING,26.6,305.5
8035,9346,ACCOUNT,HIGH,2026-09-08 05:55:00,RESOLVED,9.8,282.2
8036,4646,ACCOUNT,MEDIUM,2026-08-04 09:12:00,RESOLVED,35.3,205.7
8037,6487,PRODUCT,LOW,2026-08-15 07:52:00,RESOLVED,53.0,269.9
8038,4788,DELIVERY,LOW,2026-08-10 07:16:00,RESOLVED,78.8,270.7
8039,6358,PRODUCT,HIGH,2026-09-02 13:25:00,OPEN,55.0,295.5
8040,9703,DELIVERY,LOW,2026-09-05 01:47:00,RESOLVED,15.1,160.7
8041,8115,PRODUCT,LOW,2026-09-04 18:13:00,RESOLVED,44.4,367.9
8042,2306,ACCOUNT,LOW,2026-08-05 16:31:00,OPEN,17.3,214.9
8043,8669,PRODUCT,CRITICAL,2026-08-27 20:02:00,RESOLVED,34.0,747.7
8044,5264,REFUND,CRITICAL,2026-08-21 16:01:00,RESOLVED,21.3,348.3
8045,5844,REFUND,MEDIUM,2026-08-30 00:16:00,RESOLVED,20.2,230.5
8046,1150,PRODUCT,LOW,2026-08-08 10:26:00,OPEN,28.2,116.3
8047,4450,PRODUCT,LOW,2026-08-06 04:05:00,RESOLVED,45.9,575.2
8048,3025,ACCOUNT,LOW,2026-08-15 03:51:00,PENDING,17.9,92.9
8049,879,DELIVERY,LOW,2026-08-15 03:04:00,RESOLVED,14.0,252.4
8050,8510,PRODUCT,HIGH,2026-09-01 14:49:00,RESOLVED,37.8,121.2
8051,1292,ACCOUNT,MEDIUM,2026-08-08 15:19:00,RESOLVED,58.7,490.5
8052,7165,DELIVERY,LOW,2026-09-08 08:41:00,RESOLVED,11.8,381.8
8053,7451,PAYMENT,HIGH,2026-08-01 16:26:00,RESOLVED,9.7,209.2
8054,6121,PRODUCT,LOW,2026-08-23 22:57:00,PENDING,22.0,143.4
8055,8403,PAYMENT,MEDIUM,2026-08-22 04:50:00,OPEN,57.3,166.7
8056,1139,ACCOUNT,LOW,2026-08-15 11:28:00,RESOLVED,34.7,312.0
8057,162,PRODUCT,MEDIUM,2026-08-05 11:05:00,OPEN,14.2,136.5
8058,8507,REFUND,LOW,2026-08-04 04:56:00,RESOLVED,26.7,327.6
8059,1833,PRODUCT,LOW,2026-08-12 01:24:00,RESOLVED,5.7,374.5
8060,2982,PRODUCT,HIGH,2026-08-17 01:25:00,PENDING,55.7,224.6
8061,6899,PRODUCT,HIGH,2026-08-08 14:45:00,RESOLVED,25.4,94.7
8062,5350,REFUND,MEDIUM,2026-09-02 13:18:00,RESOLVED,8.3,213.5
8063,2010,ACCOUNT,HIGH,2026-09-08 22:16:00,PENDING,6.8,420.4
8064,2335,ACCOUNT,LOW,2026-08-31 06:24:00,RESOLVED,58.5,361.4
8065,8361,REFUND,MEDIUM,2026-09-03 01:58:00,PENDING,42.0,406.5
8066,5208,REFUND,LOW,2026-08-15 06:07:00,PENDING,17.9,153.5
8067,9225,REFUND,LOW,2026-09-04 10:48:00,RESOLVED,12.1,625.3
8068,5622,REFUND,MEDIUM,2026-08-07 19:07:00,RESOLVED,21.8,185.4
8069,6635,DELIVERY,MEDIUM,2026-08-25 01:36:00,RESOLVED,23.5,275.4
8070,3405,DELIVERY,MEDIUM,2026-08-22 17:56:00,RESOLVED,21.3,149.9
8071,300,PRODUCT,MEDIUM,2026-08-20 03:08:00,RESOLVED,4.7,327.2
8072,5060,ACCOUNT,MEDIUM,2026-09-03 06:48:00,OPEN,54.1,213.2
8073,7303,DELIVERY,MEDIUM,2026-08-14 11:54:00,RESOLVED,14.0,122.1
8074,4061,PAYMENT,HIGH,2026-08-23 11:49:00,RESOLVED,7.6,871.8
8075,8601,REFUND,LOW,2026-08-19 12:11:00,PENDING,11.0,359.8
8076,6975,REFUND,MEDIUM,2026-08-22 16:01:00,OPEN,30.4,334.8
8077,5064,PAYMENT,HIGH,2026-08-14 17:35:00,RESOLVED,14.2,81.5
8078,5439,DELIVERY,MEDIUM,2026-08-29 06:26:00,OPEN,13.0,105.4
8079,2274,DELIVERY,HIGH,2026-08-24 15:33:00,RESOLVED,14.8,461.9
8080,8781,ACCOUNT,MEDIUM,2026-08-06 04:13:00,OPEN,21.1,153.5
8081,596,PAYMENT,HIGH,2026-08-18 16:34:00,RESOLVED,17.0,877.1
8082,497,DELIVERY,HIGH,2026-08-25 17:53:00,RESOLVED,34.4,161.8
8083,7842,ACCOUNT,MEDIUM,2026-08-04 20:15:00,PENDING,60.9,381.5
8084,267,PRODUCT,LOW,2026-08-04 02:56:00,OPEN,16.9,102.8
8085,5094,PRODUCT,MEDIUM,2026-08-22 17:46:00,OPEN,21.6,319.5
8086,1886,PRODUCT,LOW,2026-08-07 09:18:00,RESOLVED,50.5,234.9
8087,6811,PAYMENT,LOW,2026-08-23 19:36:00,RESOLVED,13.1,227.0
8088,1186,PRODUCT,MEDIUM,2026-08-03 01:23:00,RESOLVED,39.4,655.0
8089,2648,REFUND,MEDIUM,2026-09-04 04:22:00,RESOLVED,29.6,188.9
8090,5259,PRODUCT,HIGH,2026-08-25 13:40:00,RESOLVED,14.9,471.1
8091,3778,ACCOUNT,LOW,2026-08-26 08:21:00,RESOLVED,4.5,268.2
8092,2002,ACCOUNT,LOW,2026-09-08 13:37:00,PENDING,31.9,216.3
8093,623,PAYMENT,MEDIUM,2026-08-25 23:46:00,OPEN,19.4,124.6
8094,161,DELIVERY,MEDIUM,2026-08-06 22:24:00,PENDING,6.3,94.4
8095,1920,DELIVERY,LOW,2026-09-05 23:39:00,RESOLVED,9.1,102.7
8096,2827,PAYMENT,LOW,2026-08-19 19:45:00,RESOLVED,17.1,67.2
8097,1199,PRODUCT,LOW,2026-08-27 20:01:00,RESOLVED,28.3,448.8
8098,5093,DELIVERY,HIGH,2026-09-05 18:09:00,RESOLVED,3.4,126.3
8099,8857,PAYMENT,LOW,2026-08-19 22:18:00,OPEN,11.8,281.5
8100,7143,PAYMENT,MEDIUM,2026-09-04 00:01:00,RESOLVED,13.0,105.3
8101,3071,PAYMENT,HIGH,2026-09-08 02:06:00,RESOLVED,48.1,657.3
8102,4384,PAYMENT,LOW,2026-08-17 22:16:00,PENDING,33.1,305.3
8103,7695,REFUND,HIGH,2026-08-02 00:43:00,RESOLVED,7.3,237.2
8104,9628,PAYMENT,MEDIUM,2026-08-30 18:54:00,PENDING,90.0,402.2
8105,5514,PAYMENT,MEDIUM,2026-09-02 02:30:00,RESOLVED,18.5,89.9
8106,1995,ACCOUNT,HIGH,2026-08-02 17:30:00,RESOLVED,10.4,45.6
8107,8675,REFUND,LOW,2026-09-08 03:25:00,OPEN,31.8,346.1
8108,5141,ACCOUNT,HIGH,2026-08-31 06:16:00,RESOLVED,28.4,112.0
8109,297,ACCOUNT,LOW,2026-08-08 17:48:00,RESOLVED,36.6,316.1
8110,2532,REFUND,MEDIUM,2026-08-30 00:34:00,RESOLVED,39.3,650.5
8111,5327,PAYMENT,LOW,2026-08-28 12:26:00,RESOLVED,33.5,234.8
8112,8067,PRODUCT,MEDIUM,2026-08-24 07:33:00,OPEN,26.8,89.5
8113,8521,PAYMENT,LOW,2026-08-23 18:57:00,OPEN,9.4,64.5
8114,1878,PRODUCT,LOW,2026-08-05 13:43:00,PENDING,27.9,152.7
8115,7229,REFUND,LOW,2026-09-07 13:02:00,PENDING,30.2,239.0
8116,9617,ACCOUNT,LOW,2026-08-12 20:21:00,RESOLVED,11.2,193.4
8117,7989,PRODUCT,LOW,2026-08-12 12:55:00,RESOLVED,11.9,277.6
8118,7167,DELIVERY,MEDIUM,2026-08-07 20:51:00,OPEN,9.2,114.1
8119,7960,REFUND,MEDIUM,2026-08-09 00:11:00,RESOLVED,46.8,258.1
8120,5569,PRODUCT,MEDIUM,2026-08-03 08:34:00,RESOLVED,67.9,294.5
8121,6066,REFUND,MEDIUM,2026-09-03 03:41:00,OPEN,38.3,109.1
8122,5324,PAYMENT,LOW,2026-09-05 23:13:00,PENDING,18.1,161.4
8123,9557,PRODUCT,LOW,2026-08-03 03:00:00,RESOLVED,39.4,290.2
8124,3625,REFUND,MEDIUM,2026-08-08 06:21:00,RESOLVED,37.9,144.8
8125,7768,ACCOUNT,MEDIUM,2026-08-18 18:06:00,OPEN,11.4,344.5
8126,211,PRODUCT,MEDIUM,2026-08-09 06:23:00,RESOLVED,7.2,384.4
8127,4187,PAYMENT,LOW,2026-08-08 23:56:00,RESOLVED,5.1,71.0
8128,9152,REFUND,MEDIUM,2026-08-29 00:44:00,RESOLVED,10.0,187.1
8129,2434,REFUND,MEDIUM,2026-09-05 03:57:00,PENDING,21.4,131.5
8130,7950,DELIVERY,MEDIUM,2026-08-13 21:10:00,RESOLVED,35.0,187.6
8131,5025,DELIVERY,HIGH,2026-08-21 19:01:00,RESOLVED,20.3,195.3
8132,1349,PRODUCT,MEDIUM,2026-08-17 04:43:00,RESOLVED,37.1,169.4
8133,1065,PRODUCT,HIGH,2026-08-15 23:51:00,RESOLVED,12.7,209.8
8134,1221,DELIVERY,MEDIUM,2026-08-03 06:18:00,PENDING,27.9,188.2
8135,4655,PAYMENT,HIGH,2026-08-29 06:49:00,RESOLVED,26.7,161.8
8136,3082,REFUND,HIGH,2026-09-07 01:41:00,RESOLVED,74.5,337.3
8137,8947,PRODUCT,LOW,2026-08-31 08:50:00,PENDING,8.5,304.6
8138,7632,PAYMENT,LOW,2026-09-09 20:34:00,RESOLVED,74.4,398.2
8139,1431,PRODUCT,HIGH,2026-09-02 19:24:00,PENDING,64.4,245.6
8140,5032,PRODUCT,MEDIUM,2026-08-15 17:33:00,OPEN,8.8,173.4
8141,7658,DELIVERY,MEDIUM,2026-09-02 20:55:00,RESOLVED,21.2,255.7
8142,6543,PRODUCT,MEDIUM,2026-08-09 14:59:00,RESOLVED,50.2,336.9
8143,94,ACCOUNT,LOW,2026-08-16 23:46:00,RESOLVED,3.8,228.7
8144,62,ACCOUNT,HIGH,2026-08-29 05:32:00,RESOLVED,10.1,201.9
8145,5838,PRODUCT,MEDIUM,2026-08-12 12:39:00,RESOLVED,0.9,1097.1
8146,9238,PAYMENT,HIGH,2026-08-31 07:25:00,RESOLVED,36.1,251.1
8147,506,PAYMENT,MEDIUM,2026-08-08 10:22:00,RESOLVED,3.2,190.4
8148,1657,DELIVERY,LOW,2026-08-07 03:28:00,PENDING,17.0,387.3
8149,1887,PRODUCT,CRITICAL,2026-08-31 03:06:00,PENDING,27.7,345.6
8150,3190,DELIVERY,MEDIUM,2026-08-20 11:25:00,RESOLVED,6.6,571.3
8151,8904,REFUND,HIGH,2026-09-07 08:33:00,PENDING,67.5,299.5
8152,9472,PAYMENT,LOW,2026-08-08 19:40:00,RESOLVED,32.0,266.2
8153,3066,PAYMENT,MEDIUM,2026-08-29 14:15:00,OPEN,37.8,493.1
8154,7329,REFUND,MEDIUM,2026-08-10 08:22:00,RESOLVED,20.4,482.7
8155,101,PRODUCT,MEDIUM,2026-08-19 22:01:00,PENDING,23.3,184.1
8156,5111,ACCOUNT,HIGH,2026-08-20 18:01:00,RESOLVED,13.3,55.0
8157,6278,ACCOUNT,HIGH,2026-09-03 22:40:00,RESOLVED,14.8,264.8
8158,8630,PAYMENT,LOW,2026-08-16 23:38:00,RESOLVED,12.5,329.2
8159,8218,PAYMENT,HIGH,2026-08-15 12:44:00,PENDING,7.6,149.0
8160,613,PAYMENT,HIGH,2026-08-20 00:00:00,PENDING,14.1,300.8
8161,4131,ACCOUNT,CRITICAL,2026-09-09 02:44:00,OPEN,4.8,79.6
8162,763,ACCOUNT,HIGH,2026-08-16 08:55:00,RESOLVED,74.8,195.1
8163,96,DELIVERY,MEDIUM,2026-08-22 23:17:00,RESOLVED,12.8,107.5
8164,1552,PRODUCT,HIGH,2026-08-03 22:10:00,RESOLVED,11.1,233.4
8165,9331,DELIVERY,MEDIUM,2026-08-25 03:20:00,RESOLVED,16.8,105.6
8166,2646,PRODUCT,LOW,2026-08-04 01:09:00,RESOLVED,25.9,387.7
8167,7396,REFUND,HIGH,2026-08-01 14:17:00,RESOLVED,9.4,149.8
8168,7091,PAYMENT,LOW,2026-08-11 11:28:00,RESOLVED,26.1,179.6
8169,8675,PRODUCT,MEDIUM,2026-08-08 14:49:00,RESOLVED,8.0,188.7
8170,5325,REFUND,LOW,2026-08-21 21:59:00,RESOLVED,7.1,108.2
8171,9752,DELIVERY,LOW,2026-08-09 08:19:00,OPEN,37.4,234.3
8172,4261,PAYMENT,HIGH,2026-08-09 12:25:00,RESOLVED,12.6,160.8
8173,7876,ACCOUNT,MEDIUM,2026-09-05 13:09:00,PENDING,13.7,144.4
8174,7826,DELIVERY,MEDIUM,2026-08-26 00:29:00,PENDING,3.3,239.9
8175,5435,REFUND,MEDIUM,2026-08-01 10:25:00,RESOLVED,25.9,126.9
8176,3172,PAYMENT,MEDIUM,2026-08-31 11:16:00,RESOLVED,14.3,173.2
8177,1589,REFUND,LOW,2026-08-29 22:45:00,RESOLVED,37.3,208.0
8178,855,ACCOUNT,MEDIUM,2026-09-05 16:32:00,RESOLVED,37.6,267.5
8179,4993,PAYMENT,LOW,2026-08-22 14:20:00,RESOLVED,20.7,221.2
8180,3968,PAYMENT,CRITICAL,2026-09-07 17:57:00,RESOLVED,19.0,257.7
8181,2092,DELIVERY,LOW,2026-09-07 14:38:00,RESOLVED,12.7,143.8
8182,7665,DELIVERY,HIGH,2026-08-15 14:09:00,RESOLVED,77.8,217.5
8183,1626,DELIVERY,LOW,2026-08-04 04:46:00,RESOLVED,12.0,53.0
8184,4741,DELIVERY,LOW,2026-09-07 17:18:00,RESOLVED,45.8,194.4
8185,4288,PAYMENT,HIGH,2026-08-27 04:31:00,OPEN,21.1,184.9
8186,9772,ACCOUNT,MEDIUM,2026-09-05 00:18:00,RESOLVED,2.6,207.4
8187,1044,PRODUCT,LOW,2026-08-03 23:52:00,PENDING,81.6,194.5
8188,8562,REFUND,MEDIUM,2026-08-13 15:03:00,RESOLVED,9.1,483.7
8189,6846,DELIVERY,LOW,2026-08-01 00:39:00,RESOLVED,12.5,265.1
8190,7910,PAYMENT,LOW,2026-08-15 19:08:00,RESOLVED,23.0,119.8
8191,7779,PRODUCT,LOW,2026-08-31 02:19:00,RESOLVED,37.2,160.0
8192,7732,PRODUCT,LOW,2026-08-07 17:11:00,RESOLVED,25.6,169.5
8193,4352,PAYMENT,LOW,2026-08-15 23:46:00,RESOLVED,16.0,287.9
8194,5812,REFUND,MEDIUM,2026-09-04 18:17:00,OPEN,16.7,188.6
8195,3649,PAYMENT,HIGH,2026-08-13 04:40:00,PENDING,15.5,452.5
8196,9012,PRODUCT,MEDIUM,2026-08-22 04:17:00,RESOLVED,20.7,177.4
8197,2257,ACCOUNT,MEDIUM,2026-08-18 10:32:00,PENDING,29.4,278.0
8198,5899,DELIVERY,LOW,2026-08-09 05:36:00,RESOLVED,40.7,245.3
8199,2111,PRODUCT,CRITICAL,2026-09-07 03:50:00,RESOLVED,22.6,130.1
8200,3726,PRODUCT,LOW,2026-09-02 09:00:00,RESOLVED,18.5,148.0
8201,9633,REFUND,LOW,2026-08-16 14:34:00,PENDING,57.6,147.4
8202,1960,DELIVERY,HIGH,2026-09-04 00:22:00,RESOLVED,14.5,518.7
8203,8860,REFUND,MEDIUM,2026-08-20 21:21:00,RESOLVED,18.2,469.2
8204,8131,REFUND,LOW,2026-08-26 14:05:00,PENDING,13.2,296.6
8205,3663,DELIVERY,MEDIUM,2026-08-12 17:32:00,RESOLVED,12.8,441.4
8206,3712,REFUND,LOW,2026-08-16 18:36:00,RESOLVED,26.9,230.9
8207,56,DELIVERY,LOW,2026-09-07 01:10:00,OPEN,6.3,135.1
8208,7910,ACCOUNT,MEDIUM,2026-08-09 19:14:00,PENDING,16.5,184.6
8209,6661,DELIVERY,CRITICAL,2026-08-17 13:04:00,RESOLVED,12.3,142.9
8210,9831,PAYMENT,CRITICAL,2026-08-31 15:42:00,RESOLVED,18.4,493.3
8211,2916,REFUND,MEDIUM,2026-08-14 04:16:00,RESOLVED,17.0,142.1
8212,3988,ACCOUNT,LOW,2026-08-31 19:40:00,RESOLVED,54.3,433.2
8213,6867,PAYMENT,MEDIUM,2026-08-16 16:29:00,RESOLVED,39.6,111.3
8214,3408,PAYMENT,HIGH,2026-08-21 10:23:00,OPEN,46.1,278.5
8215,3188,REFUND,MEDIUM,2026-09-09 15:53:00,OPEN,18.1,144.9
8216,1701,ACCOUNT,LOW,2026-08-30 17:01:00,RESOLVED,23.6,564.0
8217,9881,PRODUCT,CRITICAL,2026-09-06 17:38:00,PENDING,27.1,137.4
8218,4754,PAYMENT,HIGH,2026-08-08 23:48:00,RESOLVED,13.1,280.2
8219,7696,REFUND,LOW,2026-09-03 09:18:00,RESOLVED,6.1,203.8
8220,6541,PAYMENT,MEDIUM,2026-08-22 04:23:00,RESOLVED,12.3,352.0
8221,5995,REFUND,HIGH,2026-08-31 15:24:00,PENDING,27.2,216.9
8222,3128,PRODUCT,LOW,2026-08-14 00:08:00,RESOLVED,39.5,461.6
8223,3154,REFUND,HIGH,2026-08-30 06:40:00,RESOLVED,112.4,296.2
8224,4857,REFUND,LOW,2026-09-09 15:57:00,RESOLVED,5.2,261.2
8225,1354,PAYMENT,MEDIUM,2026-08-20 21:26:00,RESOLVED,32.9,108.8
8226,5371,ACCOUNT,HIGH,2026-08-17 23:21:00,RESOLVED,23.0,239.3
8227,909,PAYMENT,HIGH,2026-08-22 02:02:00,RESOLVED,66.5,140.9
8228,2753,ACCOUNT,LOW,2026-08-09 05:23:00,RESOLVED,39.7,351.7
8229,6331,PAYMENT,HIGH,2026-08-23 11:04:00,RESOLVED,13.9,177.4
8230,236,DELIVERY,MEDIUM,2026-08-08 20:16:00,RESOLVED,13.0,38.8
8231,450,PAYMENT,HIGH,2026-08-28 16:13:00,RESOLVED,13.6,272.6
8232,2157,ACCOUNT,MEDIUM,2026-09-09 19:47:00,RESOLVED,4.4,331.5
8233,7560,ACCOUNT,CRITICAL,2026-08-31 12:03:00,RESOLVED,4.0,217.3
8234,8032,DELIVERY,MEDIUM,2026-09-09 23:15:00,RESOLVED,9.1,163.2
8235,10,REFUND,HIGH,2026-08-18 14:05:00,RESOLVED,5.9,420.8
8236,2781,PRODUCT,MEDIUM,2026-09-01 23:41:00,RESOLVED,16.8,135.9
8237,568,PAYMENT,MEDIUM,2026-08-23 11:16:00,RESOLVED,20.9,377.0
8238,139,ACCOUNT,LOW,2026-08-20 05:18:00,RESOLVED,66.2,365.3
8239,9421,PAYMENT,LOW,2026-08-26 06:55:00,PENDING,0.7,403.2
8240,4250,REFUND,HIGH,2026-08-27 15:10:00,RESOLVED,15.0,107.1
8241,7953,REFUND,MEDIUM,2026-08-02 23:53:00,PENDING,18.4,87.0
8242,6825,DELIVERY,MEDIUM,2026-08-29 01:50:00,PENDING,18.2,312.2
8243,4496,REFUND,LOW,2026-08-22 01:03:00,RESOLVED,63.5,458.5
8244,7525,PRODUCT,MEDIUM,2026-08-06 05:09:00,OPEN,3.9,238.8
8245,2487,REFUND,MEDIUM,2026-08-08 04:08:00,OPEN,15.5,287.3
8246,4139,PAYMENT,HIGH,2026-08-06 18:04:00,PENDING,6.5,180.3
8247,3787,DELIVERY,LOW,2026-09-02 21:31:00,RESOLVED,10.8,533.6
8248,5719,PAYMENT,LOW,2026-08-16 18:16:00,RESOLVED,8.6,277.9
8249,2106,ACCOUNT,LOW,2026-08-18 06:07:00,RESOLVED,33.6,172.6
8250,7456,PRODUCT,LOW,2026-08-15 23:48:00,RESOLVED,18.1,313.7
8251,8420,PRODUCT,MEDIUM,2026-08-30 01:40:00,RESOLVED,31.3,544.9
8252,8893,REFUND,MEDIUM,2026-08-19 17:21:00,OPEN,54.0,265.6
8253,8941,REFUND,MEDIUM,2026-09-09 14:59:00,RESOLVED,34.9,769.9
8254,6399,DELIVERY,HIGH,2026-08-13 02:38:00,OPEN,7.3,164.3
8255,7980,ACCOUNT,CRITICAL,2026-09-08 01:26:00,RESOLVED,41.6,216.0
8256,6909,ACCOUNT,MEDIUM,2026-08-25 17:15:00,RESOLVED,18.4,254.0
8257,9533,REFUND,MEDIUM,2026-08-26 14:19:00,RESOLVED,22.4,204.4
8258,987,PRODUCT,MEDIUM,2026-08-31 04:45:00,RESOLVED,44.2,253.8
8259,1985,REFUND,MEDIUM,2026-09-05 00:37:00,PENDING,4.1,248.8
8260,4205,PRODUCT,LOW,2026-09-04 20:30:00,RESOLVED,25.3,156.2
8261,6210,DELIVERY,LOW,2026-09-05 17:23:00,PENDING,3.8,107.6
8262,8890,REFUND,LOW,2026-08-17 09:00:00,OPEN,11.1,315.3
8263,947,REFUND,MEDIUM,2026-09-01 04:39:00,RESOLVED,43.4,387.9
8264,1608,ACCOUNT,LOW,2026-08-12 16:21:00,RESOLVED,12.0,123.2
8265,8607,PAYMENT,MEDIUM,2026-08-20 15:04:00,RESOLVED,19.1,183.2
8266,3100,REFUND,HIGH,2026-08-07 00:00:00,RESOLVED,39.8,127.7
8267,169,DELIVERY,MEDIUM,2026-08-18 05:47:00,OPEN,14.9,126.7
8268,6780,DELIVERY,LOW,2026-08-23 09:48:00,OPEN,15.4,404.3
8269,8778,REFUND,MEDIUM,2026-09-03 09:18:00,RESOLVED,14.5,251.8
8270,9021,REFUND,MEDIUM,2026-08-02 12:39:00,PENDING,6.9,351.2
8271,8544,DELIVERY,LOW,2026-08-24 22:22:00,PENDING,30.6,196.7
8272,591,PRODUCT,MEDIUM,2026-09-04 07:09:00,RESOLVED,28.2,211.6
8273,1349,REFUND,LOW,2026-09-01 01:06:00,PENDING,55.8,266.4
8274,8705,REFUND,MEDIUM,2026-08-20 01:52:00,RESOLVED,10.6,118.4
8275,6930,PAYMENT,MEDIUM,2026-08-17 09:32:00,OPEN,25.4,261.8
8276,2204,REFUND,MEDIUM,2026-08-25 08:48:00,RESOLVED,10.6,116.6
8277,3877,PRODUCT,CRITICAL,2026-08-29 03:38:00,RESOLVED,52.7,211.8
8278,8609,PAYMENT,LOW,2026-08-17 00:02:00,RESOLVED,21.5,147.3
8279,9289,ACCOUNT,MEDIUM,2026-08-22 19:15:00,RESOLVED,68.9,511.4
8280,8893,PRODUCT,LOW,2026-08-01 03:30:00,RESOLVED,14.2,360.9
8281,4605,REFUND,HIGH,2026-08-13 16:52:00,PENDING,22.6,162.4
8282,7755,DELIVERY,LOW,2026-09-01 13:17:00,RESOLVED,14.2,454.1
8283,451,DELIVERY,MEDIUM,2026-08-17 14:09:00,RESOLVED,62.6,223.1
8284,9239,PRODUCT,MEDIUM,2026-08-19 22:50:00,PENDING,39.1,145.5
8285,2220,DELIVERY,HIGH,2026-09-07 13:05:00,RESOLVED,33.6,78.3
8286,9612,REFUND,MEDIUM,2026-08-17 06:19:00,PENDING,37.0,266.8
8287,164,DELIVERY,MEDIUM,2026-08-18 11:07:00,PENDING,40.2,330.1
8288,9252,REFUND,MEDIUM,2026-08-31 08:37:00,PENDING,26.8,392.0
8289,5268,ACCOUNT,MEDIUM,2026-09-03 19:46:00,OPEN,18.2,345.0
8290,5132,DELIVERY,LOW,2026-08-14 21:34:00,RESOLVED,8.3,968.4
8291,6766,ACCOUNT,LOW,2026-08-08 00:47:00,PENDING,6.9,149.2
8292,4637,ACCOUNT,LOW,2026-08-26 21:35:00,OPEN,7.9,157.3
8293,9509,ACCOUNT,MEDIUM,2026-08-05 02:52:00,RESOLVED,32.9,349.7
8294,1053,PRODUCT,MEDIUM,2026-08-30 00:39:00,RESOLVED,22.6,247.6
8295,6562,DELIVERY,HIGH,2026-08-20 06:43:00,RESOLVED,12.6,348.7
8296,2161,DELIVERY,MEDIUM,2026-09-09 07:09:00,RESOLVED,10.7,465.9
8297,373,ACCOUNT,LOW,2026-08-13 00:08:00,RESOLVED,5.2,83.8
8298,6524,REFUND,MEDIUM,2026-08-31 17:39:00,RESOLVED,15.7,180.2
8299,6779,PAYMENT,MEDIUM,2026-08-01 03:02:00,RESOLVED,10.1,106.4
8300,1274,DELIVERY,MEDIUM,2026-08-01 22:38:00,RESOLVED,8.0,108.9
8301,7268,DELIVERY,MEDIUM,2026-08-18 22:12:00,RESOLVED,3.8,205.0
8302,9424,PAYMENT,MEDIUM,2026-08-25 23:59:00,PENDING,10.6,167.2
8303,6955,PAYMENT,CRITICAL,2026-08-07 16:06:00,RESOLVED,6.9,217.9
8304,2271,PRODUCT,LOW,2026-08-25 15:35:00,PENDING,33.4,304.1
8305,848,ACCOUNT,HIGH,2026-08-27 13:57:00,PENDING,17.2,272.0
8306,880,DELIVERY,HIGH,2026-08-05 22:24:00,RESOLVED,30.5,287.5
8307,6187,ACCOUNT,LOW,2026-09-04 12:11:00,RESOLVED,17.6,549.8
8308,2353,ACCOUNT,HIGH,2026-08-31 00:13:00,PENDING,43.5,569.6
8309,3713,PAYMENT,LOW,2026-08-14 07:41:00,RESOLVED,1.7,172.7
8310,490,REFUND,MEDIUM,2026-08-15 23:50:00,RESOLVED,12.1,658.5
8311,4407,DELIVERY,LOW,2026-08-11 21:03:00,RESOLVED,32.8,276.7
8312,1661,REFUND,LOW,2026-08-25 22:48:00,RESOLVED,12.0,277.5
8313,4279,PRODUCT,MEDIUM,2026-08-28 08:39:00,OPEN,12.2,120.7
8314,5877,DELIVERY,MEDIUM,2026-08-11 17:43:00,PENDING,5.7,214.5
8315,9609,ACCOUNT,LOW,2026-08-22 20:47:00,RESOLVED,12.1,401.4
8316,2892,DELIVERY,MEDIUM,2026-08-08 02:02:00,RESOLVED,17.9,276.3
8317,3211,PRODUCT,MEDIUM,2026-08-17 11:23:00,PENDING,60.2,424.8
8318,8012,ACCOUNT,LOW,2026-08-16 20:09:00,PENDING,10.9,345.1
8319,9530,REFUND,HIGH,2026-08-16 03:24:00,PENDING,18.1,107.2
8320,4048,PAYMENT,CRITICAL,2026-08-09 06:08:00,RESOLVED,90.0,379.6
8321,3457,PAYMENT,LOW,2026-08-01 22:36:00,RESOLVED,59.6,346.3
8322,7140,PRODUCT,CRITICAL,2026-09-09 11:17:00,RESOLVED,34.0,163.6
8323,7517,DELIVERY,CRITICAL,2026-08-17 03:50:00,RESOLVED,28.4,113.3
8324,7083,REFUND,MEDIUM,2026-08-30 01:47:00,PENDING,17.7,188.5
8325,6399,DELIVERY,HIGH,2026-09-04 11:28:00,RESOLVED,32.4,199.3
8326,1358,REFUND,HIGH,2026-08-02 12:01:00,PENDING,20.2,559.8
8327,2623,PRODUCT,HIGH,2026-08-16 22:25:00,RESOLVED,2.2,396.7
8328,566,PAYMENT,LOW,2026-08-16 09:06:00,RESOLVED,16.3,258.9
8329,3899,PAYMENT,HIGH,2026-08-26 09:34:00,PENDING,13.2,232.5
8330,8420,PAYMENT,LOW,2026-09-06 12:21:00,PENDING,14.0,179.5
8331,2237,DELIVERY,MEDIUM,2026-08-28 01:38:00,OPEN,19.0,403.3
8332,7009,DELIVERY,LOW,2026-08-24 19:53:00,RESOLVED,12.5,186.9
8333,4209,REFUND,HIGH,2026-08-10 01:58:00,RESOLVED,38.3,264.4
8334,1750,DELIVERY,HIGH,2026-08-20 09:27:00,RESOLVED,46.8,92.8
8335,2232,ACCOUNT,MEDIUM,2026-08-30 15:36:00,RESOLVED,41.2,335.7
8336,6800,ACCOUNT,MEDIUM,2026-08-22 11:30:00,OPEN,9.0,163.6
8337,7909,PAYMENT,LOW,2026-08-25 08:18:00,RESOLVED,48.2,145.4
8338,3295,PRODUCT,LOW,2026-08-13 03:42:00,OPEN,16.1,123.2
8339,9177,DELIVERY,CRITICAL,2026-08-19 16:39:00,RESOLVED,87.1,295.0
8340,568,DELIVERY,MEDIUM,2026-08-16 12:51:00,RESOLVED,69.6,573.7
8341,5748,PRODUCT,HIGH,2026-08-20 18:47:00,RESOLVED,6.2,297.9
8342,2288,PRODUCT,HIGH,2026-08-08 21:11:00,PENDING,19.0,156.5
8343,8920,ACCOUNT,MEDIUM,2026-08-26 21:57:00,PENDING,11.5,334.5
8344,7559,REFUND,MEDIUM,2026-08-29 10:05:00,RESOLVED,29.0,245.7
8345,587,PAYMENT,LOW,2026-08-31 09:00:00,OPEN,30.0,297.4
8346,3908,PRODUCT,LOW,2026-08-10 10:59:00,RESOLVED,44.6,245.9
8347,7459,DELIVERY,HIGH,2026-08-17 18:55:00,PENDING,53.1,214.4
8348,5449,ACCOUNT,HIGH,2026-08-17 23:48:00,RESOLVED,6.6,248.2
8349,4898,REFUND,LOW,2026-09-05 05:34:00,OPEN,64.1,548.9
8350,1366,DELIVERY,MEDIUM,2026-09-07 01:41:00,PENDING,19.1,171.8
8351,5707,PRODUCT,MEDIUM,2026-08-20 03:36:00,OPEN,19.5,186.8
8352,927,ACCOUNT,MEDIUM,2026-08-17 05:37:00,RESOLVED,3.9,204.2
8353,3188,PAYMENT,MEDIUM,2026-08-01 21:06:00,RESOLVED,22.9,201.6
8354,2393,DELIVERY,LOW,2026-08-14 11:35:00,RESOLVED,12.7,165.4
8355,6570,DELIVERY,MEDIUM,2026-08-03 19:23:00,OPEN,5.0,263.2
8356,4726,REFUND,HIGH,2026-08-17 21:47:00,RESOLVED,18.3,517.7
8357,4253,PAYMENT,LOW,2026-08-16 11:12:00,OPEN,15.0,487.8
8358,8470,PRODUCT,MEDIUM,2026-08-10 23:08:00,RESOLVED,52.9,126.0
8359,3897,PRODUCT,MEDIUM,2026-09-09 01:01:00,RESOLVED,48.0,150.5
8360,7634,PRODUCT,HIGH,2026-08-30 07:14:00,RESOLVED,13.9,368.0
8361,8882,REFUND,HIGH,2026-08-26 16:39:00,RESOLVED,25.4,153.6
8362,1601,DELIVERY,MEDIUM,2026-08-28 03:32:00,RESOLVED,42.6,93.7
8363,7446,ACCOUNT,MEDIUM,2026-08-14 19:27:00,RESOLVED,5.2,112.9
8364,715,DELIVERY,HIGH,2026-08-11 02:33:00,RESOLVED,17.7,189.2
8365,6412,PAYMENT,LOW,2026-09-04 00:03:00,RESOLVED,15.4,268.1
8366,2256,REFUND,MEDIUM,2026-08-17 19:26:00,OPEN,2.7,392.4
8367,2560,PRODUCT,MEDIUM,2026-08-29 13:10:00,PENDING,12.9,164.6
8368,8524,REFUND,LOW,2026-08-22 06:36:00,RESOLVED,2.5,72.1
8369,1866,DELIVERY,HIGH,2026-08-01 20:08:00,RESOLVED,5.2,238.7
8370,5159,REFUND,LOW,2026-09-04 16:44:00,RESOLVED,12.6,470.2
8371,7811,DELIVERY,HIGH,2026-08-01 19:10:00,RESOLVED,30.5,367.7
8372,8070,DELIVERY,HIGH,2026-08-14 09:58:00,RESOLVED,5.7,216.5
8373,2047,PAYMENT,MEDIUM,2026-08-31 02:50:00,RESOLVED,24.6,230.4
8374,3696,ACCOUNT,LOW,2026-08-24 03:06:00,RESOLVED,36.3,170.7
8375,5619,REFUND,MEDIUM,2026-09-02 23:23:00,PENDING,11.3,426.6
8376,5905,PRODUCT,HIGH,2026-09-07 14:23:00,PENDING,29.8,137.0
8377,1636,PAYMENT,MEDIUM,2026-08-29 10:29:00,OPEN,28.3,398.8
8378,5948,ACCOUNT,LOW,2026-08-11 10:36:00,OPEN,17.5,102.9
8379,14,PAYMENT,MEDIUM,2026-08-01 03:25:00,RESOLVED,13.4,155.2
8380,6268,DELIVERY,MEDIUM,2026-08-30 03:11:00,RESOLVED,15.7,83.6
8381,7358,PAYMENT,MEDIUM,2026-08-13 17:57:00,PENDING,79.9,340.3
8382,4702,DELIVERY,MEDIUM,2026-08-27 05:00:00,RESOLVED,7.6,140.0
8383,2454,REFUND,LOW,2026-08-21 09:47:00,PENDING,63.7,154.6
8384,2393,PAYMENT,LOW,2026-08-06 23:41:00,RESOLVED,8.9,438.4
8385,6902,ACCOUNT,MEDIUM,2026-08-15 14:15:00,RESOLVED,31.5,279.7
8386,4285,PRODUCT,CRITICAL,2026-09-09 09:20:00,RESOLVED,3.8,97.6
8387,9290,REFUND,HIGH,2026-08-13 21:02:00,RESOLVED,4.3,358.1
8388,9748,PRODUCT,MEDIUM,2026-09-01 07:02:00,OPEN,52.2,239.3
8389,4343,REFUND,MEDIUM,2026-08-28 21:20:00,PENDING,6.6,99.0
8390,2722,DELIVERY,MEDIUM,2026-08-18 03:30:00,RESOLVED,34.7,240.3
8391,8122,PRODUCT,MEDIUM,2026-08-31 08:56:00,RESOLVED,24.2,60.2
8392,7249,ACCOUNT,HIGH,2026-08-23 09:25:00,PENDING,19.4,446.3
8393,1645,PRODUCT,MEDIUM,2026-08-25 21:57:00,RESOLVED,32.8,149.1
8394,9448,PAYMENT,LOW,2026-08-15 10:25:00,PENDING,31.6,265.6
8395,2004,PAYMENT,MEDIUM,2026-09-07 16:03:00,RESOLVED,19.3,324.2
8396,5663,REFUND,LOW,2026-08-11 11:18:00,PENDING,1.9,311.2
8397,1869,ACCOUNT,MEDIUM,2026-08-22 11:10:00,PENDING,18.1,359.1
8398,4894,PAYMENT,HIGH,2026-09-05 20:17:00,RESOLVED,65.9,228.1
8399,6247,ACCOUNT,MEDIUM,2026-08-29 09:36:00,RESOLVED,10.4,107.9
8400,1209,DELIVERY,LOW,2026-08-24 09:37:00,RESOLVED,15.3,227.7
8401,2593,REFUND,MEDIUM,2026-08-04 05:42:00,RESOLVED,4.8,228.9
8402,7533,REFUND,LOW,2026-08-15 18:39:00,OPEN,14.3,492.1
8403,9559,DELIVERY,MEDIUM,2026-08-18 22:24:00,RESOLVED,19.5,181.8
8404,9115,ACCOUNT,LOW,2026-09-04 01:16:00,RESOLVED,12.7,326.3
8405,7519,DELIVERY,MEDIUM,2026-09-04 04:34:00,RESOLVED,18.5,346.8
8406,9807,PAYMENT,HIGH,2026-08-18 16:37:00,RESOLVED,15.0,91.7
8407,1650,REFUND,LOW,2026-08-15 05:13:00,PENDING,50.1,98.7
8408,2017,DELIVERY,MEDIUM,2026-08-08 09:25:00,RESOLVED,9.0,183.1
8409,4056,ACCOUNT,MEDIUM,2026-08-20 03:14:00,RESOLVED,39.8,140.3
8410,9201,REFUND,HIGH,2026-08-07 02:26:00,RESOLVED,11.9,122.0
8411,7989,REFUND,CRITICAL,2026-08-07 15:40:00,RESOLVED,9.4,52.7
8412,3703,DELIVERY,MEDIUM,2026-09-07 15:12:00,RESOLVED,32.5,226.9
8413,163,PRODUCT,LOW,2026-08-22 12:38:00,PENDING,8.5,196.4
8414,6192,ACCOUNT,MEDIUM,2026-08-16 07:05:00,RESOLVED,19.7,47.2
8415,3089,REFUND,MEDIUM,2026-08-17 20:27:00,RESOLVED,17.2,512.7
8416,2237,ACCOUNT,HIGH,2026-08-16 19:37:00,RESOLVED,62.8,598.9
8417,2142,PAYMENT,HIGH,2026-09-03 14:29:00,RESOLVED,18.9,147.4
8418,2484,PAYMENT,MEDIUM,2026-08-22 12:07:00,RESOLVED,1.9,145.1
8419,3191,ACCOUNT,MEDIUM,2026-08-26 19:10:00,RESOLVED,24.1,540.1
8420,6190,ACCOUNT,MEDIUM,2026-08-24 01:18:00,RESOLVED,40.9,215.5
8421,1638,PRODUCT,HIGH,2026-08-23 13:14:00,RESOLVED,31.1,108.5
8422,4849,REFUND,MEDIUM,2026-08-18 06:52:00,RESOLVED,22.6,207.4
8423,9212,PAYMENT,MEDIUM,2026-08-31 17:47:00,RESOLVED,14.4,256.7
8424,9644,ACCOUNT,MEDIUM,2026-09-07 10:22:00,RESOLVED,29.0,149.4
8425,8296,REFUND,LOW,2026-08-14 18:50:00,RESOLVED,19.2,190.3
8426,2645,PAYMENT,HIGH,2026-08-14 05:47:00,RESOLVED,22.4,392.7
8427,1464,PRODUCT,LOW,2026-08-31 10:44:00,RESOLVED,31.8,123.1
8428,8781,ACCOUNT,CRITICAL,2026-08-05 12:31:00,PENDING,51.4,228.6
8429,4040,PAYMENT,MEDIUM,2026-08-19 03:50:00,RESOLVED,11.8,410.5
8430,4605,ACCOUNT,LOW,2026-09-09 19:35:00,RESOLVED,11.6,488.0
8431,4263,ACCOUNT,HIGH,2026-08-28 21:30:00,OPEN,21.7,218.7
8432,1346,PAYMENT,HIGH,2026-08-09 18:57:00,RESOLVED,19.5,393.0
8433,7214,REFUND,LOW,2026-08-17 09:26:00,RESOLVED,20.9,375.5
8434,2392,DELIVERY,LOW,2026-09-07 18:53:00,RESOLVED,11.6,385.0
8435,2332,DELIVERY,MEDIUM,2026-08-22 02:06:00,RESOLVED,6.4,201.8
8436,7557,DELIVERY,MEDIUM,2026-09-03 19:52:00,RESOLVED,5.5,365.6
8437,7129,DELIVERY,LOW,2026-09-02 11:34:00,RESOLVED,6.1,47.0
8438,8267,REFUND,MEDIUM,2026-09-01 02:27:00,RESOLVED,9.7,219.7
8439,7062,ACCOUNT,MEDIUM,2026-08-26 21:58:00,RESOLVED,60.4,232.4
8440,396,REFUND,HIGH,2026-08-06 07:32:00,RESOLVED,26.6,279.1
8441,4173,REFUND,HIGH,2026-08-12 17:29:00,RESOLVED,35.8,301.0
8442,4101,REFUND,LOW,2026-08-02 09:23:00,RESOLVED,6.2,103.9
8443,3215,PAYMENT,MEDIUM,2026-08-18 09:38:00,RESOLVED,18.3,89.9
8444,4942,PAYMENT,MEDIUM,2026-08-07 20:00:00,RESOLVED,32.6,290.9
8445,4972,PAYMENT,MEDIUM,2026-08-25 02:37:00,OPEN,7.9,358.5
8446,6151,DELIVERY,LOW,2026-08-17 01:36:00,RESOLVED,20.6,132.6
8447,9600,REFUND,MEDIUM,2026-09-07 14:58:00,RESOLVED,11.5,240.0
8448,6507,ACCOUNT,HIGH,2026-09-01 16:21:00,OPEN,5.1,57.4
8449,9327,ACCOUNT,LOW,2026-08-10 00:23:00,RESOLVED,3.6,458.2
8450,8306,DELIVERY,LOW,2026-08-16 17:00:00,RESOLVED,22.7,250.9
8451,7342,PRODUCT,MEDIUM,2026-08-17 16:12:00,RESOLVED,13.6,88.8
8452,2734,DELIVERY,CRITICAL,2026-08-02 06:01:00,RESOLVED,17.2,282.5
8453,5780,PAYMENT,MEDIUM,2026-08-30 01:35:00,OPEN,4.4,349.5
8454,1120,DELIVERY,LOW,2026-08-03 20:48:00,OPEN,27.9,290.0
8455,9239,PRODUCT,HIGH,2026-09-02 19:07:00,RESOLVED,69.9,271.7
8456,1865,ACCOUNT,MEDIUM,2026-08-19 10:07:00,RESOLVED,36.8,331.8
8457,2386,DELIVERY,MEDIUM,2026-08-19 04:13:00,RESOLVED,10.6,317.8
8458,9369,PAYMENT,LOW,2026-08-02 03:34:00,RESOLVED,2.6,340.3
8459,1218,DELIVERY,LOW,2026-08-26 02:48:00,OPEN,32.8,227.6
8460,5467,DELIVERY,MEDIUM,2026-08-31 05:29:00,RESOLVED,42.0,235.4
8461,5746,PRODUCT,HIGH,2026-08-17 12:28:00,RESOLVED,27.6,440.3
8462,2191,DELIVERY,HIGH,2026-08-10 19:12:00,RESOLVED,16.7,56.5
8463,3898,DELIVERY,HIGH,2026-09-09 22:44:00,RESOLVED,40.7,334.3
8464,7859,REFUND,MEDIUM,2026-08-20 11:45:00,RESOLVED,21.8,227.8
8465,7116,REFUND,MEDIUM,2026-08-27 09:42:00,RESOLVED,16.0,345.0
8466,5871,ACCOUNT,MEDIUM,2026-09-01 16:39:00,RESOLVED,35.4,475.6
8467,5440,REFUND,MEDIUM,2026-08-24 13:34:00,RESOLVED,47.7,279.3
8468,3674,PAYMENT,LOW,2026-08-23 02:21:00,RESOLVED,11.4,197.7
8469,6236,DELIVERY,HIGH,2026-08-28 09:29:00,OPEN,9.0,228.8
8470,184,REFUND,LOW,2026-09-05 07:35:00,RESOLVED,21.1,291.1
8471,703,REFUND,CRITICAL,2026-08-28 09:24:00,RESOLVED,23.8,347.9
8472,7828,REFUND,HIGH,2026-09-03 21:07:00,OPEN,18.0,178.9
8473,1744,REFUND,LOW,2026-08-12 05:35:00,RESOLVED,44.9,123.2
8474,7175,DELIVERY,LOW,2026-08-07 22:20:00,RESOLVED,30.3,446.4
8475,162,PAYMENT,MEDIUM,2026-08-05 00:56:00,RESOLVED,24.4,93.0
8476,2622,PAYMENT,MEDIUM,2026-08-01 21:33:00,RESOLVED,17.0,181.3
8477,9382,PAYMENT,MEDIUM,2026-08-18 19:48:00,RESOLVED,60.9,243.5
8478,2657,PAYMENT,LOW,2026-09-04 13:41:00,RESOLVED,38.2,275.0
8479,9828,PAYMENT,HIGH,2026-08-03 14:48:00,RESOLVED,66.3,256.4
8480,2715,PRODUCT,MEDIUM,2026-08-27 05:32:00,RESOLVED,22.0,221.2
8481,6361,REFUND,MEDIUM,2026-09-02 00:09:00,RESOLVED,12.6,91.2
8482,6705,DELIVERY,CRITICAL,2026-09-06 18:11:00,RESOLVED,40.6,186.8
8483,6338,PRODUCT,HIGH,2026-09-02 10:03:00,RESOLVED,18.1,101.2
8484,2942,DELIVERY,MEDIUM,2026-08-04 07:51:00,RESOLVED,11.7,276.1
8485,7589,REFUND,HIGH,2026-08-07 01:04:00,RESOLVED,16.6,353.4
8486,3104,PAYMENT,CRITICAL,2026-09-09 11:27:00,RESOLVED,32.3,410.0
8487,8143,PAYMENT,HIGH,2026-08-04 18:09:00,RESOLVED,19.4,332.9
8488,3767,PRODUCT,HIGH,2026-09-09 09:04:00,RESOLVED,13.0,144.3
8489,8370,PAYMENT,LOW,2026-09-07 17:38:00,RESOLVED,17.1,109.4
8490,9803,PAYMENT,HIGH,2026-08-11 17:24:00,RESOLVED,12.3,167.7
8491,7550,DELIVERY,HIGH,2026-09-02 06:41:00,RESOLVED,9.4,380.8
8492,4601,PRODUCT,MEDIUM,2026-08-03 08:20:00,RESOLVED,5.4,15.5
8493,4229,REFUND,MEDIUM,2026-08-06 02:19:00,RESOLVED,44.7,225.3
8494,3774,ACCOUNT,MEDIUM,2026-08-15 21:10:00,RESOLVED,44.4,102.9
8495,3513,PRODUCT,MEDIUM,2026-08-10 02:50:00,RESOLVED,23.3,573.7
8496,4701,ACCOUNT,LOW,2026-08-18 08:54:00,RESOLVED,10.4,109.6
8497,4858,ACCOUNT,MEDIUM,2026-08-11 19:39:00,RESOLVED,15.0,324.7
8498,7193,REFUND,MEDIUM,2026-08-11 18:07:00,PENDING,6.8,106.8
8499,8897,REFUND,MEDIUM,2026-08-15 05:03:00,OPEN,5.8,304.6
8500,8837,ACCOUNT,HIGH,2026-08-03 03:55:00,RESOLVED,11.0,178.9
8501,6043,ACCOUNT,LOW,2026-08-28 16:46:00,RESOLVED,28.4,319.4
8502,9909,PRODUCT,CRITICAL,2026-09-04 16:09:00,OPEN,4.8,89.2
8503,8937,ACCOUNT,MEDIUM,2026-08-17 00:11:00,PENDING,30.4,256.1
8504,4861,PRODUCT,HIGH,2026-08-09 10:53:00,RESOLVED,25.2,72.9
8505,4123,DELIVERY,LOW,2026-09-06 02:21:00,RESOLVED,24.6,239.9
8506,4602,PAYMENT,LOW,2026-09-04 22:15:00,OPEN,19.5,122.4
8507,235,REFUND,MEDIUM,2026-08-19 11:04:00,RESOLVED,24.4,153.7
8508,3304,DELIVERY,MEDIUM,2026-08-11 08:18:00,OPEN,17.6,210.1
8509,3829,PAYMENT,MEDIUM,2026-08-30 22:09:00,RESOLVED,4.7,255.0
8510,7791,PAYMENT,MEDIUM,2026-09-03 23:53:00,RESOLVED,57.1,116.0
8511,2626,PRODUCT,MEDIUM,2026-08-02 06:49:00,RESOLVED,13.7,103.7
8512,6556,PRODUCT,HIGH,2026-08-12 07:28:00,RESOLVED,14.5,282.7
8513,3222,REFUND,LOW,2026-09-04 12:03:00,RESOLVED,20.3,60.6
8514,3634,ACCOUNT,LOW,2026-08-05 00:44:00,RESOLVED,64.8,357.2
8515,690,PAYMENT,HIGH,2026-08-10 21:20:00,PENDING,37.4,224.2
8516,5186,PAYMENT,MEDIUM,2026-09-02 21:48:00,RESOLVED,23.1,208.1
8517,973,DELIVERY,MEDIUM,2026-09-02 14:06:00,RESOLVED,19.2,226.6
8518,2059,ACCOUNT,MEDIUM,2026-08-12 02:26:00,RESOLVED,13.9,157.0
8519,5018,REFUND,LOW,2026-09-04 18:10:00,RESOLVED,26.6,368.8
8520,6940,DELIVERY,MEDIUM,2026-08-13 08:28:00,OPEN,11.9,71.4
8521,4042,ACCOUNT,LOW,2026-08-09 06:49:00,PENDING,18.6,314.6
8522,2522,ACCOUNT,LOW,2026-08-17 07:32:00,RESOLVED,46.6,223.4
8523,8973,REFUND,LOW,2026-08-24 19:26:00,RESOLVED,17.4,471.0
8524,3496,PAYMENT,LOW,2026-08-25 05:34:00,PENDING,28.0,93.8
8525,3210,ACCOUNT,HIGH,2026-08-11 09:58:00,RESOLVED,14.8,115.4
8526,682,PRODUCT,HIGH,2026-08-26 10:41:00,RESOLVED,13.8,118.7
8527,3520,PAYMENT,LOW,2026-08-01 17:01:00,RESOLVED,44.3,139.7
8528,2199,PAYMENT,MEDIUM,2026-08-04 00:45:00,RESOLVED,33.0,273.8
8529,3540,DELIVERY,MEDIUM,2026-08-10 23:16:00,RESOLVED,40.8,231.7
8530,1949,ACCOUNT,LOW,2026-09-08 02:59:00,RESOLVED,26.4,605.2
8531,1967,PAYMENT,LOW,2026-08-29 03:37:00,RESOLVED,20.9,243.6
8532,7354,DELIVERY,MEDIUM,2026-08-03 01:57:00,RESOLVED,3.5,319.5
8533,4745,REFUND,LOW,2026-08-03 18:55:00,RESOLVED,8.6,39.2
8534,6945,PAYMENT,HIGH,2026-09-03 10:26:00,RESOLVED,7.2,128.7
8535,5768,ACCOUNT,HIGH,2026-08-21 05:23:00,RESOLVED,16.4,543.5
8536,5382,ACCOUNT,MEDIUM,2026-08-29 14:49:00,RESOLVED,23.8,174.0
8537,4665,REFUND,HIGH,2026-08-13 09:49:00,OPEN,7.6,171.0
8538,3871,DELIVERY,LOW,2026-08-12 13:54:00,RESOLVED,6.3,96.0
8539,2621,DELIVERY,MEDIUM,2026-08-07 07:55:00,OPEN,14.9,160.3
8540,8895,PAYMENT,LOW,2026-08-24 21:15:00,RESOLVED,5.3,221.3
8541,4092,PAYMENT,MEDIUM,2026-08-23 22:05:00,OPEN,45.5,116.1
8542,8841,PAYMENT,MEDIUM,2026-08-22 23:37:00,PENDING,8.2,332.2
8543,7682,REFUND,LOW,2026-09-07 07:44:00,RESOLVED,15.3,243.2
8544,6029,ACCOUNT,MEDIUM,2026-08-27 16:15:00,RESOLVED,10.2,291.4
8545,8429,PAYMENT,LOW,2026-09-07 07:15:00,RESOLVED,15.3,133.2
8546,6580,ACCOUNT,LOW,2026-08-30 12:11:00,RESOLVED,2.9,373.0
8547,8158,REFUND,HIGH,2026-08-06 06:03:00,RESOLVED,47.9,174.0
8548,7965,REFUND,LOW,2026-08-21 14:15:00,RESOLVED,54.4,235.6
8549,6460,PAYMENT,LOW,2026-09-08 21:00:00,RESOLVED,6.1,203.4
8550,7228,PRODUCT,LOW,2026-08-29 15:33:00,OPEN,21.8,148.4
8551,8176,REFUND,MEDIUM,2026-08-05 15:48:00,PENDING,23.0,229.0
8552,2250,PAYMENT,HIGH,2026-08-08 22:10:00,RESOLVED,18.7,222.9
8553,8767,PAYMENT,HIGH,2026-08-04 02:03:00,PENDING,41.6,295.4
8554,5034,PRODUCT,MEDIUM,2026-08-28 16:51:00,RESOLVED,31.7,144.7
8555,1224,PRODUCT,MEDIUM,2026-08-18 11:50:00,RESOLVED,12.6,214.1
8556,1519,REFUND,HIGH,2026-08-18 02:38:00,RESOLVED,31.9,249.2
8557,7503,DELIVERY,HIGH,2026-09-09 01:08:00,RESOLVED,12.0,277.8
8558,8094,REFUND,HIGH,2026-09-07 15:24:00,PENDING,5.3,497.4
8559,6542,DELIVERY,LOW,2026-08-04 18:55:00,RESOLVED,53.0,497.0
8560,6536,PAYMENT,MEDIUM,2026-09-04 05:18:00,OPEN,63.5,356.0
8561,8657,PAYMENT,LOW,2026-09-07 09:50:00,OPEN,6.6,215.4
8562,9791,DELIVERY,MEDIUM,2026-08-01 01:16:00,RESOLVED,20.3,268.0
8563,8319,ACCOUNT,HIGH,2026-09-06 13:19:00,RESOLVED,41.4,140.0
8564,1366,PRODUCT,MEDIUM,2026-08-31 10:07:00,RESOLVED,18.9,134.1
8565,8024,PAYMENT,HIGH,2026-08-12 07:15:00,RESOLVED,16.2,241.2
8566,5102,DELIVERY,LOW,2026-08-25 02:23:00,PENDING,23.9,138.4
8567,7986,DELIVERY,MEDIUM,2026-08-02 16:16:00,RESOLVED,26.7,270.5
8568,7241,ACCOUNT,CRITICAL,2026-08-29 13:40:00,PENDING,19.3,357.4
8569,6779,REFUND,LOW,2026-08-14 18:45:00,RESOLVED,39.6,208.4
8570,8674,ACCOUNT,LOW,2026-08-11 07:58:00,RESOLVED,21.8,111.5
8571,1513,PRODUCT,MEDIUM,2026-09-01 17:46:00,PENDING,14.9,355.9
8572,8534,PRODUCT,HIGH,2026-09-01 22:46:00,RESOLVED,63.5,560.5
8573,3475,ACCOUNT,MEDIUM,2026-08-15 04:53:00,OPEN,9.7,484.1
8574,2020,ACCOUNT,LOW,2026-08-06 15:01:00,PENDING,25.3,489.9
8575,7202,REFUND,MEDIUM,2026-08-30 14:38:00,PENDING,16.1,447.5
8576,9824,ACCOUNT,MEDIUM,2026-09-05 22:53:00,PENDING,24.8,225.0
8577,879,DELIVERY,MEDIUM,2026-09-05 01:04:00,RESOLVED,7.9,215.1
8578,9814,PRODUCT,LOW,2026-08-18 09:03:00,OPEN,7.2,124.2
8579,3426,REFUND,LOW,2026-08-21 18:04:00,RESOLVED,21.7,515.7
8580,9691,PRODUCT,MEDIUM,2026-08-05 06:05:00,RESOLVED,25.6,151.9
8581,493,ACCOUNT,MEDIUM,2026-08-14 01:54:00,RESOLVED,2.8,121.5
8582,6137,PAYMENT,LOW,2026-08-29 00:39:00,PENDING,24.2,77.8
8583,5345,DELIVERY,HIGH,2026-08-31 14:34:00,RESOLVED,16.3,107.7
8584,8320,ACCOUNT,HIGH,2026-08-16 11:19:00,RESOLVED,4.2,43.4
8585,4719,DELIVERY,LOW,2026-09-06 20:38:00,RESOLVED,6.7,294.5
8586,761,PRODUCT,MEDIUM,2026-08-11 04:19:00,RESOLVED,6.3,197.4
8587,1839,PAYMENT,MEDIUM,2026-08-29 01:31:00,RESOLVED,19.0,212.6
8588,2555,PAYMENT,MEDIUM,2026-08-27 18:16:00,PENDING,2.0,72.4
8589,8714,REFUND,MEDIUM,2026-08-24 18:56:00,RESOLVED,24.7,177.6
8590,920,PAYMENT,MEDIUM,2026-08-14 08:08:00,RESOLVED,14.0,183.9
8591,8391,DELIVERY,MEDIUM,2026-08-29 09:40:00,RESOLVED,64.9,152.9
8592,5056,REFUND,LOW,2026-08-09 16:15:00,RESOLVED,1.8,321.7
8593,5653,PAYMENT,MEDIUM,2026-09-03 04:07:00,RESOLVED,12.1,266.7
8594,9648,PRODUCT,MEDIUM,2026-08-25 02:43:00,RESOLVED,1.8,300.8
8595,7672,PAYMENT,LOW,2026-08-17 10:06:00,RESOLVED,16.9,311.8
8596,6492,ACCOUNT,MEDIUM,2026-08-15 00:22:00,RESOLVED,11.7,192.6
8597,8243,REFUND,LOW,2026-08-06 00:26:00,RESOLVED,41.0,424.6
8598,4613,DELIVERY,MEDIUM,2026-08-03 02:41:00,RESOLVED,10.3,168.3
8599,9311,REFUND,LOW,2026-08-13 12:58:00,PENDING,7.0,158.7
8600,7929,DELIVERY,MEDIUM,2026-08-10 01:50:00,OPEN,11.4,120.2
8601,9770,PAYMENT,MEDIUM,2026-08-28 11:45:00,OPEN,20.3,329.6
8602,5504,ACCOUNT,MEDIUM,2026-08-19 00:49:00,RESOLVED,14.9,295.2
8603,6427,PAYMENT,MEDIUM,2026-08-07 03:28:00,RESOLVED,26.7,296.0
8604,4577,DELIVERY,MEDIUM,2026-08-23 23:27:00,PENDING,27.3,187.1
8605,9251,PAYMENT,HIGH,2026-08-26 09:39:00,RESOLVED,10.7,380.7
8606,6294,PRODUCT,MEDIUM,2026-08-20 11:04:00,RESOLVED,8.7,146.5
8607,1586,ACCOUNT,MEDIUM,2026-08-27 03:01:00,RESOLVED,21.3,355.6
8608,5119,PAYMENT,HIGH,2026-09-06 18:01:00,PENDING,34.5,328.5
8609,1332,PAYMENT,MEDIUM,2026-08-24 21:52:00,PENDING,2.6,104.6
8610,6416,PAYMENT,MEDIUM,2026-08-14 15:57:00,RESOLVED,20.6,192.9
8611,6995,REFUND,MEDIUM,2026-08-26 01:29:00,OPEN,13.4,287.1
8612,8027,DELIVERY,LOW,2026-09-04 16:35:00,RESOLVED,6.7,199.9
8613,1535,PRODUCT,LOW,2026-08-26 15:35:00,OPEN,25.1,786.2
8614,4625,DELIVERY,MEDIUM,2026-08-20 03:31:00,OPEN,10.6,313.8
8615,3544,PRODUCT,MEDIUM,2026-08-05 14:59:00,PENDING,38.7,211.2
8616,4151,PAYMENT,MEDIUM,2026-08-28 06:04:00,RESOLVED,55.8,163.9
8617,9398,PAYMENT,LOW,2026-09-01 08:06:00,RESOLVED,7.1,464.1
8618,5587,REFUND,HIGH,2026-08-22 14:34:00,RESOLVED,17.9,457.4
8619,4433,ACCOUNT,MEDIUM,2026-08-26 06:18:00,RESOLVED,12.8,364.0
8620,9048,PRODUCT,MEDIUM,2026-08-05 08:27:00,RESOLVED,11.5,31.5
8621,5320,DELIVERY,LOW,2026-09-08 16:17:00,PENDING,13.8,259.7
8622,4230,ACCOUNT,MEDIUM,2026-08-17 21:34:00,RESOLVED,13.7,261.5
8623,5403,DELIVERY,LOW,2026-09-05 07:30:00,RESOLVED,49.9,212.2
8624,8478,ACCOUNT,MEDIUM,2026-08-28 00:11:00,RESOLVED,31.9,303.4
8625,4528,PAYMENT,CRITICAL,2026-08-29 19:38:00,OPEN,48.8,219.4
8626,6172,PAYMENT,MEDIUM,2026-08-12 00:58:00,RESOLVED,6.8,148.0
8627,1788,PAYMENT,CRITICAL,2026-08-11 12:09:00,OPEN,32.9,389.7
8628,124,PAYMENT,MEDIUM,2026-08-14 05:01:00,RESOLVED,21.6,132.9
8629,674,DELIVERY,LOW,2026-08-11 18:36:00,RESOLVED,33.4,204.3
8630,4763,DELIVERY,CRITICAL,2026-08-29 01:05:00,RESOLVED,8.3,279.7
8631,7185,PRODUCT,HIGH,2026-08-07 03:15:00,RESOLVED,5.2,151.3
8632,2106,PRODUCT,MEDIUM,2026-08-30 08:19:00,RESOLVED,8.4,410.3
8633,9431,REFUND,LOW,2026-08-06 21:16:00,PENDING,9.9,325.3
8634,1504,PAYMENT,MEDIUM,2026-08-22 10:48:00,RESOLVED,16.2,249.2
8635,6964,REFUND,LOW,2026-08-12 16:58:00,PENDING,43.2,365.2
8636,2345,ACCOUNT,HIGH,2026-08-30 10:52:00,PENDING,29.1,176.4
8637,592,DELIVERY,MEDIUM,2026-08-12 11:16:00,RESOLVED,8.9,36.6
8638,7125,PRODUCT,LOW,2026-09-03 16:16:00,RESOLVED,15.3,224.6
8639,5181,REFUND,LOW,2026-09-04 23:49:00,RESOLVED,20.0,292.6
8640,6274,DELIVERY,LOW,2026-08-21 08:29:00,RESOLVED,0.9,189.8
8641,9415,DELIVERY,HIGH,2026-08-01 22:30:00,RESOLVED,33.4,188.4
8642,5369,PAYMENT,LOW,2026-08-28 19:42:00,RESOLVED,28.4,117.8
8643,8414,DELIVERY,MEDIUM,2026-08-28 07:46:00,RESOLVED,26.2,277.7
8644,4953,PRODUCT,MEDIUM,2026-08-01 11:46:00,PENDING,13.3,276.9
8645,3491,REFUND,MEDIUM,2026-08-23 12:40:00,RESOLVED,36.1,108.3
8646,3892,ACCOUNT,MEDIUM,2026-08-02 04:05:00,RESOLVED,19.9,208.6
8647,3449,DELIVERY,LOW,2026-08-10 21:29:00,RESOLVED,21.2,231.3
8648,8866,REFUND,LOW,2026-08-25 02:35:00,RESOLVED,42.5,441.8
8649,5114,REFUND,LOW,2026-08-19 13:01:00,RESOLVED,15.2,377.3
8650,9325,PRODUCT,HIGH,2026-08-26 10:17:00,RESOLVED,3.4,457.8
8651,2513,REFUND,MEDIUM,2026-08-17 15:05:00,RESOLVED,38.1,197.6
8652,7645,DELIVERY,LOW,2026-08-12 18:01:00,RESOLVED,4.4,238.2
8653,1155,PAYMENT,MEDIUM,2026-08-03 18:45:00,RESOLVED,15.8,345.7
8654,2883,ACCOUNT,LOW,2026-08-25 16:57:00,OPEN,4.3,264.9
8655,334,ACCOUNT,HIGH,2026-08-22 16:07:00,RESOLVED,7.7,336.2
8656,9139,PAYMENT,LOW,2026-08-05 01:39:00,PENDING,23.3,145.0
8657,2984,ACCOUNT,CRITICAL,2026-08-05 14:43:00,RESOLVED,32.8,522.1
8658,8192,PRODUCT,MEDIUM,2026-08-31 18:35:00,RESOLVED,38.7,471.5
8659,4257,PRODUCT,MEDIUM,2026-09-03 01:41:00,RESOLVED,40.3,215.7
8660,1241,REFUND,LOW,2026-08-15 02:56:00,OPEN,37.6,254.5
8661,3438,PAYMENT,LOW,2026-09-09 03:55:00,RESOLVED,17.4,381.0
8662,3417,ACCOUNT,LOW,2026-08-23 20:33:00,PENDING,41.4,169.0
8663,5090,ACCOUNT,HIGH,2026-08-22 21:29:00,RESOLVED,11.0,90.5
8664,3277,PRODUCT,CRITICAL,2026-09-09 04:03:00,PENDING,2.7,217.0
8665,6762,DELIVERY,LOW,2026-08-25 13:52:00,PENDING,24.8,244.2
8666,7301,DELIVERY,CRITICAL,2026-08-21 15:53:00,PENDING,5.3,108.8
8667,1554,PAYMENT,MEDIUM,2026-08-05 22:53:00,RESOLVED,7.3,92.5
8668,5239,PAYMENT,HIGH,2026-08-22 01:36:00,OPEN,7.4,51.8
8669,5788,PRODUCT,CRITICAL,2026-08-14 02:15:00,RESOLVED,9.4,148.4
8670,2669,REFUND,CRITICAL,2026-08-05 03:01:00,RESOLVED,26.6,361.5
8671,7718,PRODUCT,MEDIUM,2026-08-22 07:55:00,PENDING,49.6,97.6
8672,2308,ACCOUNT,MEDIUM,2026-08-02 18:34:00,RESOLVED,32.0,183.1
8673,8716,REFUND,MEDIUM,2026-09-07 02:47:00,RESOLVED,8.1,354.5
8674,4576,PRODUCT,LOW,2026-09-06 21:44:00,RESOLVED,12.8,173.9
8675,3661,DELIVERY,MEDIUM,2026-08-29 22:48:00,RESOLVED,1.9,189.9
8676,6660,PAYMENT,HIGH,2026-09-04 15:48:00,PENDING,15.0,215.4
8677,6197,ACCOUNT,LOW,2026-09-03 01:20:00,RESOLVED,24.0,389.6
8678,5088,REFUND,MEDIUM,2026-09-02 10:00:00,RESOLVED,35.5,140.9
8679,6867,PRODUCT,LOW,2026-08-06 00:27:00,PENDING,7.4,61.6
8680,2611,ACCOUNT,MEDIUM,2026-09-09 18:27:00,OPEN,35.7,536.5
8681,8089,PAYMENT,LOW,2026-08-10 09:39:00,RESOLVED,9.4,461.5
8682,6200,ACCOUNT,HIGH,2026-08-04 20:55:00,PENDING,35.8,343.0
8683,2130,PRODUCT,HIGH,2026-09-05 02:55:00,RESOLVED,35.0,78.7
8684,9990,PAYMENT,LOW,2026-08-31 15:06:00,RESOLVED,50.0,475.8
8685,8655,DELIVERY,LOW,2026-08-24 23:16:00,RESOLVED,84.2,128.3
8686,1767,PRODUCT,LOW,2026-08-05 11:22:00,PENDING,10.8,206.9
8687,7846,REFUND,LOW,2026-08-13 17:40:00,RESOLVED,32.5,204.1
8688,5284,REFUND,MEDIUM,2026-08-26 09:22:00,RESOLVED,13.6,138.5
8689,7696,ACCOUNT,LOW,2026-08-29 03:27:00,RESOLVED,6.1,219.3
8690,3757,REFUND,MEDIUM,2026-08-29 17:13:00,OPEN,24.6,291.0
8691,2444,REFUND,LOW,2026-08-10 23:31:00,OPEN,29.5,500.0
8692,2185,ACCOUNT,LOW,2026-08-28 17:46:00,RESOLVED,14.4,314.7
8693,661,REFUND,CRITICAL,2026-08-05 10:28:00,PENDING,8.3,274.2
8694,8755,PRODUCT,HIGH,2026-08-11 14:17:00,RESOLVED,25.0,138.8
8695,3126,PAYMENT,LOW,2026-08-01 16:45:00,OPEN,8.1,114.0
8696,9578,DELIVERY,MEDIUM,2026-09-05 07:59:00,RESOLVED,15.7,221.1
8697,2259,PAYMENT,LOW,2026-08-15 17:07:00,RESOLVED,29.6,353.5
8698,3502,PAYMENT,HIGH,2026-08-23 15:24:00,OPEN,23.6,351.7
8699,8790,PRODUCT,HIGH,2026-08-01 09:42:00,RESOLVED,32.6,400.4
8700,3473,REFUND,MEDIUM,2026-09-06 12:57:00,RESOLVED,10.0,601.9
8701,7585,REFUND,MEDIUM,2026-08-16 23:27:00,PENDING,15.7,118.9
8702,918,REFUND,HIGH,2026-08-18 18:51:00,RESOLVED,11.6,160.4
8703,9542,PAYMENT,LOW,2026-08-15 07:57:00,OPEN,19.0,200.5
8704,6178,ACCOUNT,MEDIUM,2026-08-14 17:14:00,RESOLVED,10.2,119.2
8705,7503,PAYMENT,LOW,2026-08-13 06:36:00,RESOLVED,15.7,572.6
8706,266,DELIVERY,LOW,2026-09-05 22:39:00,OPEN,18.4,507.1
8707,9646,ACCOUNT,MEDIUM,2026-08-04 04:04:00,PENDING,46.7,286.9
8708,4963,REFUND,LOW,2026-09-02 15:05:00,RESOLVED,12.9,127.6
8709,2119,PAYMENT,LOW,2026-08-11 05:04:00,RESOLVED,22.3,421.0
8710,1529,ACCOUNT,LOW,2026-08-04 10:38:00,PENDING,44.6,235.3
8711,872,DELIVERY,CRITICAL,2026-09-04 21:32:00,RESOLVED,4.7,541.6
8712,6724,DELIVERY,LOW,2026-08-18 13:08:00,RESOLVED,26.1,163.3
8713,2129,REFUND,MEDIUM,2026-09-06 03:56:00,RESOLVED,25.9,260.6
8714,9290,REFUND,LOW,2026-08-04 00:42:00,RESOLVED,20.5,223.9
8715,2278,ACCOUNT,HIGH,2026-08-03 21:23:00,RESOLVED,17.1,121.9
8716,888,PRODUCT,LOW,2026-09-04 19:22:00,RESOLVED,42.1,276.8
8717,8528,PRODUCT,MEDIUM,2026-08-11 03:10:00,RESOLVED,23.8,363.4
8718,7778,REFUND,MEDIUM,2026-08-20 03:13:00,RESOLVED,20.9,349.7
8719,5189,PAYMENT,MEDIUM,2026-08-07 13:33:00,RESOLVED,20.1,186.7
8720,8306,PAYMENT,HIGH,2026-08-11 11:03:00,RESOLVED,13.3,139.8
8721,7260,DELIVERY,LOW,2026-08-24 02:18:00,RESOLVED,11.5,347.1
8722,1763,PAYMENT,LOW,2026-08-03 19:26:00,PENDING,12.4,317.0
8723,4158,REFUND,MEDIUM,2026-08-31 19:51:00,RESOLVED,15.3,164.1
8724,9227,ACCOUNT,MEDIUM,2026-08-12 17:19:00,OPEN,16.0,445.1
8725,6781,PRODUCT,HIGH,2026-09-06 09:28:00,RESOLVED,2.1,218.2
8726,6210,ACCOUNT,LOW,2026-08-15 14:09:00,RESOLVED,27.1,173.6
8727,1773,DELIVERY,HIGH,2026-08-29 20:48:00,OPEN,5.6,150.0
8728,5350,DELIVERY,LOW,2026-09-08 19:35:00,RESOLVED,21.2,286.8
8729,1658,PAYMENT,LOW,2026-08-27 03:57:00,RESOLVED,9.0,96.4
8730,6715,PAYMENT,MEDIUM,2026-09-09 14:30:00,RESOLVED,21.5,468.7
8731,2222,PAYMENT,HIGH,2026-08-29 15:13:00,RESOLVED,51.5,358.3
8732,2882,PRODUCT,LOW,2026-08-19 12:21:00,PENDING,5.7,295.5
8733,5737,ACCOUNT,CRITICAL,2026-09-09 08:15:00,PENDING,19.9,352.1
8734,255,REFUND,LOW,2026-09-06 13:14:00,RESOLVED,19.2,182.9
8735,6996,REFUND,HIGH,2026-09-07 07:03:00,RESOLVED,6.6,191.1
8736,4421,REFUND,LOW,2026-09-01 22:47:00,RESOLVED,44.2,158.1
8737,5123,REFUND,LOW,2026-08-04 21:42:00,RESOLVED,6.9,215.2
8738,7434,PAYMENT,HIGH,2026-08-31 18:42:00,RESOLVED,4.1,146.2
8739,7704,ACCOUNT,LOW,2026-08-10 02:47:00,RESOLVED,11.9,119.4
8740,9187,PAYMENT,MEDIUM,2026-08-11 18:03:00,RESOLVED,45.4,467.6
8741,1799,PAYMENT,HIGH,2026-09-01 03:57:00,RESOLVED,21.1,136.3
8742,4302,ACCOUNT,LOW,2026-08-30 16:49:00,RESOLVED,42.5,327.3
8743,954,REFUND,MEDIUM,2026-08-03 23:38:00,RESOLVED,24.7,293.9
8744,2637,DELIVERY,MEDIUM,2026-09-09 15:26:00,PENDING,31.1,126.3
8745,5517,REFUND,LOW,2026-08-28 12:49:00,PENDING,7.1,336.4
8746,1313,DELIVERY,LOW,2026-09-03 14:19:00,RESOLVED,3.1,92.8
8747,4457,REFUND,LOW,2026-09-06 03:40:00,PENDING,29.1,338.3
8748,9355,ACCOUNT,MEDIUM,2026-08-22 16:27:00,RESOLVED,10.4,292.7
8749,710,ACCOUNT,MEDIUM,2026-08-14 07:29:00,RESOLVED,3.7,250.6
8750,2310,ACCOUNT,MEDIUM,2026-08-01 00:52:00,PENDING,27.7,576.2
8751,2827,REFUND,MEDIUM,2026-08-29 19:25:00,OPEN,24.8,257.8
8752,9111,PAYMENT,MEDIUM,2026-08-16 01:40:00,RESOLVED,56.0,260.3
8753,7345,ACCOUNT,HIGH,2026-08-17 19:07:00,RESOLVED,14.0,192.8
8754,1838,PRODUCT,MEDIUM,2026-08-27 03:56:00,RESOLVED,16.5,554.4
8755,7008,DELIVERY,CRITICAL,2026-08-17 15:12:00,RESOLVED,28.9,176.9
8756,182,ACCOUNT,MEDIUM,2026-08-06 12:59:00,OPEN,55.9,285.4
8757,7982,DELIVERY,HIGH,2026-09-04 19:31:00,RESOLVED,39.6,147.5
8758,2243,REFUND,HIGH,2026-08-17 05:27:00,RESOLVED,7.3,189.1
8759,7119,PAYMENT,MEDIUM,2026-08-29 18:59:00,RESOLVED,14.5,189.4
8760,4928,PRODUCT,MEDIUM,2026-08-29 09:54:00,RESOLVED,21.6,178.2
8761,7336,PRODUCT,LOW,2026-08-10 23:17:00,RESOLVED,18.5,241.1
8762,3488,PRODUCT,MEDIUM,2026-09-05 15:42:00,RESOLVED,7.9,316.0
8763,5310,REFUND,MEDIUM,2026-09-09 13:11:00,OPEN,52.3,284.2
8764,9078,REFUND,MEDIUM,2026-08-29 01:22:00,RESOLVED,14.5,322.1
8765,8028,PRODUCT,LOW,2026-09-04 00:06:00,RESOLVED,4.8,75.7
8766,5451,ACCOUNT,HIGH,2026-08-25 10:11:00,RESOLVED,15.2,175.5
8767,9227,ACCOUNT,LOW,2026-08-13 07:56:00,RESOLVED,32.0,290.9
8768,1178,ACCOUNT,HIGH,2026-08-10 00:53:00,OPEN,44.0,341.5
8769,7003,PRODUCT,HIGH,2026-09-07 17:08:00,OPEN,11.3,303.5
8770,6254,PAYMENT,LOW,2026-08-27 20:09:00,OPEN,19.5,256.2
8771,2567,PRODUCT,MEDIUM,2026-08-20 09:40:00,RESOLVED,18.6,138.2
8772,3890,DELIVERY,MEDIUM,2026-09-03 12:55:00,RESOLVED,19.5,281.5
8773,4058,ACCOUNT,CRITICAL,2026-08-23 11:04:00,PENDING,51.2,288.0
8774,6790,ACCOUNT,HIGH,2026-08-18 12:21:00,PENDING,7.5,169.5
8775,6247,PAYMENT,MEDIUM,2026-08-03 09:20:00,RESOLVED,66.7,306.3
8776,7862,PAYMENT,CRITICAL,2026-09-05 13:30:00,RESOLVED,2.8,173.7
8777,6573,PAYMENT,LOW,2026-08-03 20:14:00,RESOLVED,16.2,130.8
8778,9856,DELIVERY,LOW,2026-08-14 13:13:00,PENDING,42.8,343.9
8779,8299,REFUND,MEDIUM,2026-08-25 02:19:00,RESOLVED,47.8,199.1
8780,5767,PRODUCT,HIGH,2026-08-26 07:20:00,PENDING,40.7,148.6
8781,186,DELIVERY,LOW,2026-08-26 23:06:00,PENDING,14.4,175.6
8782,3668,PRODUCT,MEDIUM,2026-09-03 15:34:00,RESOLVED,47.4,163.5
8783,1277,REFUND,LOW,2026-08-21 11:05:00,OPEN,50.1,196.7
8784,4337,DELIVERY,LOW,2026-09-05 12:15:00,RESOLVED,39.4,154.7
8785,9933,PAYMENT,CRITICAL,2026-08-24 07:37:00,RESOLVED,3.9,149.7
8786,4027,REFUND,MEDIUM,2026-08-19 17:38:00,OPEN,9.0,270.8
8787,8174,PAYMENT,MEDIUM,2026-08-16 10:19:00,RESOLVED,24.0,98.5
8788,4506,ACCOUNT,MEDIUM,2026-08-19 10:13:00,RESOLVED,36.6,205.1
8789,5768,PRODUCT,MEDIUM,2026-08-19 23:27:00,RESOLVED,8.0,196.8
8790,301,ACCOUNT,LOW,2026-09-07 19:34:00,OPEN,13.4,619.8
8791,6877,REFUND,MEDIUM,2026-08-07 15:25:00,RESOLVED,17.0,647.6
8792,2474,PAYMENT,CRITICAL,2026-08-19 15:46:00,RESOLVED,19.0,265.6
8793,4601,PRODUCT,LOW,2026-08-05 23:35:00,RESOLVED,24.5,475.9
8794,9878,DELIVERY,LOW,2026-08-01 03:15:00,RESOLVED,30.1,237.5
8795,2234,ACCOUNT,MEDIUM,2026-08-19 04:23:00,RESOLVED,2.2,271.0
8796,9281,REFUND,MEDIUM,2026-08-20 09:19:00,RESOLVED,29.8,452.5
8797,8290,PAYMENT,LOW,2026-08-12 17:24:00,RESOLVED,32.2,213.4
8798,483,PAYMENT,MEDIUM,2026-08-25 04:03:00,RESOLVED,14.8,297.7
8799,3693,DELIVERY,HIGH,2026-08-01 15:37:00,RESOLVED,36.1,526.3
8800,9796,REFUND,LOW,2026-08-30 17:58:00,RESOLVED,12.2,241.2
8801,4541,DELIVERY,LOW,2026-08-17 15:54:00,RESOLVED,37.6,286.6
8802,7920,PRODUCT,MEDIUM,2026-08-04 03:59:00,RESOLVED,19.7,328.2
8803,9189,PRODUCT,MEDIUM,2026-09-07 04:33:00,RESOLVED,9.9,176.5
8804,28,DELIVERY,LOW,2026-08-24 00:18:00,RESOLVED,37.7,319.9
8805,7314,DELIVERY,MEDIUM,2026-08-19 21:08:00,RESOLVED,36.4,115.8
8806,9135,ACCOUNT,MEDIUM,2026-08-25 10:38:00,RESOLVED,43.9,565.4
8807,5777,REFUND,MEDIUM,2026-08-23 01:09:00,RESOLVED,26.9,104.9
8808,9604,ACCOUNT,MEDIUM,2026-08-28 04:30:00,OPEN,22.5,159.3
8809,6993,PRODUCT,LOW,2026-08-30 01:46:00,OPEN,11.2,160.2
8810,6288,PRODUCT,LOW,2026-08-11 21:26:00,RESOLVED,7.8,87.6
8811,1237,REFUND,HIGH,2026-08-26 19:57:00,RESOLVED,58.1,237.6
8812,7884,REFUND,MEDIUM,2026-08-31 15:57:00,OPEN,3.9,218.5
8813,8555,PRODUCT,MEDIUM,2026-08-06 13:12:00,OPEN,25.3,194.1
8814,3326,PRODUCT,MEDIUM,2026-09-01 13:53:00,PENDING,6.6,167.1
8815,1581,PAYMENT,LOW,2026-08-14 21:35:00,RESOLVED,25.7,309.2
8816,5724,REFUND,HIGH,2026-08-06 11:42:00,RESOLVED,39.3,359.0
8817,9387,PRODUCT,MEDIUM,2026-08-29 09:49:00,PENDING,28.5,219.8
8818,7316,REFUND,LOW,2026-08-31 21:15:00,RESOLVED,6.2,145.1
8819,8105,ACCOUNT,LOW,2026-08-23 04:39:00,RESOLVED,17.1,87.0
8820,5613,PRODUCT,LOW,2026-08-25 15:41:00,OPEN,25.7,259.7
8821,4178,REFUND,LOW,2026-08-19 03:03:00,RESOLVED,7.1,411.9
8822,3047,ACCOUNT,MEDIUM,2026-08-18 11:06:00,PENDING,18.8,196.2
8823,8075,DELIVERY,LOW,2026-08-14 01:05:00,RESOLVED,20.2,182.9
8824,6493,ACCOUNT,MEDIUM,2026-09-01 03:58:00,PENDING,11.1,119.7
8825,7480,PAYMENT,MEDIUM,2026-08-20 13:41:00,OPEN,16.3,247.0
8826,8385,REFUND,LOW,2026-08-06 02:21:00,RESOLVED,32.2,520.4
8827,9794,ACCOUNT,LOW,2026-08-10 15:23:00,RESOLVED,18.4,288.3
8828,8361,PRODUCT,LOW,2026-08-15 07:01:00,OPEN,36.3,146.9
8829,4465,DELIVERY,MEDIUM,2026-08-30 19:50:00,PENDING,34.2,277.1
8830,1322,REFUND,MEDIUM,2026-09-05 17:08:00,OPEN,37.1,310.9
8831,5593,PAYMENT,MEDIUM,2026-08-07 15:39:00,RESOLVED,19.1,394.1
8832,4455,PRODUCT,LOW,2026-08-06 17:29:00,OPEN,29.8,95.8
8833,9352,ACCOUNT,HIGH,2026-08-21 19:12:00,PENDING,36.4,129.9
8834,388,REFUND,MEDIUM,2026-09-07 02:46:00,RESOLVED,27.3,120.6
8835,8562,ACCOUNT,MEDIUM,2026-08-12 13:13:00,RESOLVED,40.0,104.3
8836,6328,PRODUCT,MEDIUM,2026-08-26 04:02:00,RESOLVED,3.2,130.3
8837,703,REFUND,LOW,2026-08-29 21:31:00,OPEN,54.8,207.9
8838,2422,ACCOUNT,MEDIUM,2026-08-01 06:26:00,PENDING,23.8,123.2
8839,623,ACCOUNT,MEDIUM,2026-08-15 14:01:00,OPEN,29.6,558.1
8840,9304,REFUND,LOW,2026-08-07 05:18:00,RESOLVED,80.4,579.1
8841,6449,PAYMENT,LOW,2026-09-09 12:52:00,PENDING,39.0,190.8
8842,6183,ACCOUNT,MEDIUM,2026-08-03 02:05:00,PENDING,12.5,297.9
8843,5201,PAYMENT,MEDIUM,2026-08-06 05:51:00,RESOLVED,37.6,427.1
8844,4007,PRODUCT,CRITICAL,2026-08-31 21:14:00,RESOLVED,63.9,501.9
8845,1713,PRODUCT,MEDIUM,2026-08-07 08:23:00,RESOLVED,26.6,391.6
8846,7315,PAYMENT,HIGH,2026-08-11 04:04:00,RESOLVED,18.1,372.9
8847,1320,REFUND,LOW,2026-08-23 04:10:00,RESOLVED,53.4,202.4
8848,2074,PAYMENT,MEDIUM,2026-08-23 18:55:00,RESOLVED,27.8,172.4
8849,9770,ACCOUNT,LOW,2026-09-09 21:53:00,PENDING,10.8,304.6
8850,915,REFUND,HIGH,2026-09-04 00:38:00,RESOLVED,16.7,502.8
8851,9510,ACCOUNT,MEDIUM,2026-09-03 12:11:00,RESOLVED,26.6,120.2
8852,874,REFUND,MEDIUM,2026-09-06 02:03:00,RESOLVED,4.6,121.0
8853,4866,PAYMENT,LOW,2026-08-23 07:37:00,PENDING,41.0,218.0
8854,5829,DELIVERY,MEDIUM,2026-09-03 15:18:00,RESOLVED,11.8,299.6
8855,1136,ACCOUNT,MEDIUM,2026-08-29 07:13:00,RESOLVED,20.9,322.8
8856,8889,PRODUCT,LOW,2026-08-21 02:39:00,RESOLVED,41.6,363.1
8857,9573,DELIVERY,MEDIUM,2026-09-07 11:45:00,PENDING,36.7,229.0
8858,2228,REFUND,MEDIUM,2026-08-06 16:54:00,RESOLVED,29.3,381.6
8859,2217,PAYMENT,MEDIUM,2026-08-16 08:19:00,RESOLVED,6.0,217.7
8860,7601,PAYMENT,MEDIUM,2026-08-14 21:36:00,RESOLVED,28.7,298.3
8861,3717,DELIVERY,MEDIUM,2026-08-22 17:13:00,RESOLVED,12.1,301.9
8862,377,ACCOUNT,LOW,2026-08-14 09:29:00,RESOLVED,14.2,229.7
8863,7502,PAYMENT,MEDIUM,2026-08-17 23:22:00,PENDING,33.8,133.1
8864,3534,PRODUCT,HIGH,2026-09-09 15:00:00,OPEN,9.4,279.8
8865,4072,PRODUCT,LOW,2026-08-31 01:21:00,RESOLVED,30.2,313.7
8866,6538,DELIVERY,HIGH,2026-09-02 06:34:00,PENDING,51.2,166.0
8867,5771,REFUND,HIGH,2026-08-15 01:49:00,RESOLVED,19.4,216.7
8868,8263,PRODUCT,LOW,2026-08-13 21:39:00,PENDING,46.6,326.7
8869,7980,PRODUCT,LOW,2026-08-21 14:18:00,PENDING,18.0,523.8
8870,9432,REFUND,HIGH,2026-08-17 12:06:00,OPEN,13.4,340.3
8871,9182,REFUND,CRITICAL,2026-08-27 01:15:00,RESOLVED,14.5,91.5
8872,6326,PRODUCT,LOW,2026-08-11 20:48:00,RESOLVED,35.1,505.2
8873,5566,REFUND,HIGH,2026-08-06 15:46:00,RESOLVED,18.9,131.2
8874,4627,DELIVERY,LOW,2026-08-17 03:17:00,RESOLVED,15.0,239.0
8875,6645,PAYMENT,MEDIUM,2026-09-02 19:48:00,OPEN,55.7,160.9
8876,607,DELIVERY,HIGH,2026-08-04 05:02:00,RESOLVED,51.9,119.2
8877,4024,PAYMENT,LOW,2026-08-04 08:08:00,RESOLVED,20.0,277.0
8878,2757,ACCOUNT,HIGH,2026-09-03 09:37:00,OPEN,18.1,240.9
8879,5565,DELIVERY,LOW,2026-08-16 05:34:00,RESOLVED,4.6,129.6
8880,9232,REFUND,MEDIUM,2026-08-22 07:07:00,PENDING,17.2,449.4
8881,4810,PAYMENT,HIGH,2026-08-31 15:11:00,RESOLVED,4.3,160.6
8882,5829,DELIVERY,LOW,2026-08-25 04:51:00,RESOLVED,27.7,491.2
8883,4028,PAYMENT,MEDIUM,2026-09-08 20:31:00,RESOLVED,4.1,118.6
8884,3427,REFUND,HIGH,2026-08-08 20:55:00,PENDING,19.7,311.4
8885,6811,PRODUCT,HIGH,2026-09-03 01:38:00,RESOLVED,21.1,177.4
8886,2489,REFUND,HIGH,2026-08-19 01:45:00,RESOLVED,25.0,385.3
8887,8791,ACCOUNT,HIGH,2026-08-06 01:19:00,PENDING,105.1,254.1
8888,1137,ACCOUNT,LOW,2026-08-19 11:49:00,PENDING,4.3,283.7
8889,2223,ACCOUNT,MEDIUM,2026-08-21 01:03:00,RESOLVED,58.2,333.0
8890,7517,DELIVERY,MEDIUM,2026-08-04 20:43:00,PENDING,47.5,177.9
8891,829,ACCOUNT,MEDIUM,2026-08-20 08:01:00,PENDING,24.8,416.7
8892,4124,DELIVERY,MEDIUM,2026-08-02 05:17:00,RESOLVED,54.1,719.9
8893,3778,REFUND,LOW,2026-08-27 14:57:00,RESOLVED,53.6,210.6
8894,9366,ACCOUNT,HIGH,2026-08-25 17:14:00,RESOLVED,39.0,131.7
8895,1589,ACCOUNT,MEDIUM,2026-08-05 21:20:00,OPEN,11.3,296.1
8896,4544,REFUND,MEDIUM,2026-08-23 20:48:00,RESOLVED,14.0,89.4
8897,4597,ACCOUNT,MEDIUM,2026-08-11 15:24:00,PENDING,35.9,316.4
8898,8184,DELIVERY,LOW,2026-08-26 20:05:00,OPEN,12.4,260.7
8899,5410,REFUND,MEDIUM,2026-08-10 10:59:00,RESOLVED,9.7,394.6
8900,1303,DELIVERY,MEDIUM,2026-09-05 20:11:00,PENDING,29.5,131.3
8901,8705,PAYMENT,HIGH,2026-08-21 11:01:00,RESOLVED,16.6,558.7
8902,1510,ACCOUNT,HIGH,2026-09-09 22:24:00,PENDING,7.4,221.6
8903,6950,PRODUCT,HIGH,2026-08-04 04:46:00,PENDING,7.3,147.7
8904,2733,PAYMENT,HIGH,2026-09-03 13:39:00,RESOLVED,46.9,241.4
8905,1219,DELIVERY,HIGH,2026-08-03 06:09:00,RESOLVED,55.9,387.4
8906,1913,PRODUCT,LOW,2026-08-01 22:13:00,RESOLVED,5.7,320.6
8907,9442,REFUND,MEDIUM,2026-08-07 18:08:00,PENDING,34.1,113.8
8908,9768,PRODUCT,LOW,2026-08-13 06:41:00,RESOLVED,56.1,167.3
8909,6003,DELIVERY,MEDIUM,2026-09-05 21:39:00,RESOLVED,24.4,103.2
8910,8082,PAYMENT,HIGH,2026-09-01 02:29:00,RESOLVED,2.8,240.7
8911,9029,PAYMENT,MEDIUM,2026-08-04 00:04:00,PENDING,19.7,352.1
8912,3485,PRODUCT,MEDIUM,2026-09-06 01:08:00,RESOLVED,29.5,160.7
8913,7576,ACCOUNT,MEDIUM,2026-08-10 10:53:00,RESOLVED,16.8,289.5
8914,5199,ACCOUNT,LOW,2026-09-06 11:25:00,PENDING,80.2,188.9
8915,1732,REFUND,HIGH,2026-08-09 02:21:00,PENDING,22.4,147.2
8916,5333,PRODUCT,LOW,2026-08-27 20:10:00,RESOLVED,47.1,265.9
8917,459,PRODUCT,LOW,2026-08-26 01:45:00,OPEN,21.0,129.2
8918,6073,ACCOUNT,LOW,2026-09-03 21:04:00,PENDING,51.0,95.2
8919,2602,ACCOUNT,HIGH,2026-08-25 19:18:00,RESOLVED,8.6,149.4
8920,1037,DELIVERY,MEDIUM,2026-08-07 09:40:00,RESOLVED,8.2,569.7
8921,7054,ACCOUNT,MEDIUM,2026-09-09 20:12:00,RESOLVED,4.5,255.9
8922,3490,PAYMENT,MEDIUM,2026-08-16 16:51:00,RESOLVED,0.9,456.6
8923,4471,ACCOUNT,LOW,2026-09-07 17:56:00,RESOLVED,23.8,190.7
8924,860,PRODUCT,LOW,2026-08-04 08:11:00,RESOLVED,8.0,110.5
8925,800,REFUND,LOW,2026-09-06 05:38:00,RESOLVED,7.9,196.1
8926,9191,REFUND,MEDIUM,2026-08-12 14:31:00,RESOLVED,24.8,72.1
8927,5999,ACCOUNT,LOW,2026-09-08 14:48:00,OPEN,44.9,223.6
8928,4035,DELIVERY,MEDIUM,2026-09-01 01:13:00,RESOLVED,39.3,94.3
8929,6659,DELIVERY,MEDIUM,2026-09-08 23:08:00,RESOLVED,5.8,198.1
8930,7271,DELIVERY,MEDIUM,2026-08-08 10:50:00,PENDING,19.3,230.1
8931,1138,PAYMENT,HIGH,2026-08-30 12:01:00,PENDING,8.3,106.3
8932,9209,REFUND,LOW,2026-08-30 16:42:00,RESOLVED,22.3,97.8
8933,6556,PAYMENT,MEDIUM,2026-09-06 00:15:00,OPEN,47.3,716.3
8934,3095,ACCOUNT,LOW,2026-08-31 17:37:00,RESOLVED,10.6,268.3
8935,2688,REFUND,HIGH,2026-08-04 15:16:00,RESOLVED,29.0,295.9
8936,879,DELIVERY,HIGH,2026-09-05 04:37:00,OPEN,44.1,746.6
8937,2566,REFUND,LOW,2026-08-11 20:53:00,RESOLVED,28.6,146.7
8938,3363,PRODUCT,LOW,2026-09-08 16:32:00,RESOLVED,42.1,492.2
8939,2131,PRODUCT,LOW,2026-08-31 20:25:00,OPEN,24.0,448.2
8940,6710,DELIVERY,LOW,2026-08-30 21:14:00,RESOLVED,26.5,197.4
8941,2526,ACCOUNT,LOW,2026-08-26 16:08:00,RESOLVED,18.3,308.9
8942,4998,PAYMENT,LOW,2026-08-28 00:27:00,RESOLVED,4.3,413.4
8943,5588,PAYMENT,LOW,2026-08-23 15:08:00,OPEN,12.4,207.7
8944,750,REFUND,LOW,2026-09-01 08:21:00,RESOLVED,65.2,336.9
8945,1688,ACCOUNT,MEDIUM,2026-09-06 21:04:00,RESOLVED,34.7,80.2
8946,702,DELIVERY,LOW,2026-08-08 13:39:00,RESOLVED,13.5,269.8
8947,6909,PAYMENT,MEDIUM,2026-09-03 07:49:00,RESOLVED,47.5,123.3
8948,6996,PAYMENT,HIGH,2026-08-30 13:15:00,RESOLVED,27.2,675.5
8949,1294,PAYMENT,MEDIUM,2026-08-24 08:10:00,RESOLVED,7.0,242.6
8950,7366,REFUND,LOW,2026-09-06 09:01:00,RESOLVED,20.0,562.3
8951,8114,ACCOUNT,HIGH,2026-09-07 10:51:00,RESOLVED,12.2,144.0
8952,1096,REFUND,LOW,2026-08-19 03:05:00,OPEN,16.0,197.5
8953,1170,PRODUCT,LOW,2026-08-03 17:20:00,OPEN,36.5,250.0
8954,7948,PRODUCT,MEDIUM,2026-08-01 21:09:00,RESOLVED,3.1,102.3
8955,3087,REFUND,LOW,2026-08-25 13:42:00,RESOLVED,12.6,220.9
8956,3456,ACCOUNT,MEDIUM,2026-08-14 11:17:00,RESOLVED,9.2,56.0
8957,5885,PAYMENT,HIGH,2026-08-09 23:09:00,OPEN,3.4,184.3
8958,683,PRODUCT,MEDIUM,2026-08-04 20:43:00,RESOLVED,11.6,342.3
8959,4379,PRODUCT,HIGH,2026-08-11 15:24:00,RESOLVED,39.2,264.9
8960,3339,PAYMENT,LOW,2026-08-26 01:19:00,RESOLVED,19.7,120.0
8961,8228,PRODUCT,LOW,2026-09-01 18:52:00,RESOLVED,6.7,186.0
8962,7305,PAYMENT,MEDIUM,2026-09-03 09:23:00,RESOLVED,46.4,370.2
8963,2867,PRODUCT,MEDIUM,2026-08-27 10:15:00,RESOLVED,4.6,280.2
8964,6558,PAYMENT,MEDIUM,2026-08-04 15:43:00,RESOLVED,42.9,281.8
8965,4028,ACCOUNT,MEDIUM,2026-08-29 01:01:00,PENDING,20.7,115.5
8966,4815,PAYMENT,LOW,2026-08-18 02:20:00,RESOLVED,19.6,162.4
8967,7353,ACCOUNT,HIGH,2026-08-06 04:46:00,PENDING,57.6,249.4
8968,2797,PAYMENT,LOW,2026-08-27 21:43:00,RESOLVED,18.9,396.9
8969,5782,PAYMENT,CRITICAL,2026-09-08 06:15:00,PENDING,21.7,272.2
8970,4180,PAYMENT,LOW,2026-09-06 07:09:00,PENDING,24.5,182.9
8971,6501,REFUND,MEDIUM,2026-09-01 06:26:00,RESOLVED,47.4,287.4
8972,3817,PRODUCT,MEDIUM,2026-08-09 19:35:00,RESOLVED,24.3,133.7
8973,9354,PRODUCT,MEDIUM,2026-08-20 20:23:00,RESOLVED,13.3,235.4
8974,3901,REFUND,HIGH,2026-08-22 02:54:00,RESOLVED,17.8,301.6
8975,1096,ACCOUNT,MEDIUM,2026-08-17 11:35:00,RESOLVED,3.3,242.4
8976,4897,DELIVERY,MEDIUM,2026-08-01 16:31:00,RESOLVED,12.5,530.5
8977,2387,DELIVERY,HIGH,2026-08-23 19:41:00,OPEN,39.6,70.4
8978,4553,PRODUCT,LOW,2026-08-16 14:34:00,OPEN,5.6,383.9
8979,9207,PAYMENT,MEDIUM,2026-08-14 18:49:00,PENDING,29.8,181.3
8980,1025,PRODUCT,MEDIUM,2026-08-14 19:17:00,RESOLVED,3.9,798.4
8981,426,PRODUCT,LOW,2026-08-30 17:24:00,RESOLVED,22.6,155.1
8982,2902,PRODUCT,LOW,2026-08-08 02:08:00,RESOLVED,30.6,164.2
8983,4359,REFUND,LOW,2026-08-22 22:13:00,RESOLVED,21.3,211.9
8984,1292,REFUND,LOW,2026-08-06 17:31:00,OPEN,54.3,430.3
8985,6959,REFUND,MEDIUM,2026-09-07 10:00:00,RESOLVED,19.0,158.2
8986,6021,PRODUCT,MEDIUM,2026-08-15 18:24:00,OPEN,17.2,402.2
8987,7018,PRODUCT,LOW,2026-09-06 11:00:00,RESOLVED,22.1,289.2
8988,4229,ACCOUNT,MEDIUM,2026-08-03 10:42:00,RESOLVED,32.3,281.4
8989,9307,REFUND,LOW,2026-08-30 02:26:00,RESOLVED,37.4,298.6
8990,6720,DELIVERY,HIGH,2026-09-06 06:07:00,RESOLVED,32.2,383.6
8991,9207,ACCOUNT,MEDIUM,2026-08-07 03:37:00,OPEN,78.2,325.6
8992,877,PAYMENT,LOW,2026-09-08 03:35:00,RESOLVED,21.8,592.8
8993,6674,REFUND,LOW,2026-09-07 18:25:00,RESOLVED,62.1,126.1
8994,3450,REFUND,HIGH,2026-09-04 12:29:00,OPEN,13.3,413.5
8995,1929,ACCOUNT,MEDIUM,2026-08-29 21:19:00,RESOLVED,18.5,103.8
8996,1804,PRODUCT,MEDIUM,2026-08-01 03:32:00,RESOLVED,31.0,286.9
8997,1966,DELIVERY,MEDIUM,2026-08-05 14:28:00,RESOLVED,11.1,255.6
8998,921,REFUND,MEDIUM,2026-08-14 19:03:00,OPEN,18.2,343.6
8999,4545,ACCOUNT,HIGH,2026-09-01 05:30:00,RESOLVED,53.2,164.3
9000,7735,PRODUCT,HIGH,2026-08-18 11:06:00,RESOLVED,40.7,155.5
9001,4636,ACCOUNT,LOW,2026-08-02 20:12:00,PENDING,7.0,499.1
9002,1310,DELIVERY,MEDIUM,2026-08-14 03:57:00,RESOLVED,33.6,235.2
9003,7072,PAYMENT,HIGH,2026-09-03 11:56:00,RESOLVED,17.3,228.8
9004,1750,DELIVERY,LOW,2026-09-02 00:02:00,RESOLVED,4.7,602.7
9005,8689,PAYMENT,HIGH,2026-09-02 21:54:00,OPEN,26.1,352.3
9006,3668,DELIVERY,MEDIUM,2026-08-28 00:16:00,OPEN,47.8,239.2
9007,14,REFUND,LOW,2026-08-08 06:11:00,OPEN,66.6,300.7
9008,2928,REFUND,CRITICAL,2026-08-08 19:20:00,PENDING,5.8,195.6
9009,8325,DELIVERY,MEDIUM,2026-09-09 13:27:00,RESOLVED,1.0,242.2
9010,9199,ACCOUNT,LOW,2026-08-04 11:10:00,RESOLVED,42.4,448.1
9011,4219,REFUND,MEDIUM,2026-09-01 07:35:00,RESOLVED,41.2,322.6
9012,9887,DELIVERY,MEDIUM,2026-08-24 23:54:00,RESOLVED,18.0,276.2
9013,2318,ACCOUNT,MEDIUM,2026-08-02 17:16:00,RESOLVED,39.3,329.3
9014,4225,DELIVERY,LOW,2026-09-03 17:43:00,PENDING,35.8,358.0
9015,4585,DELIVERY,MEDIUM,2026-09-06 04:29:00,RESOLVED,17.0,205.6
9016,2012,ACCOUNT,HIGH,2026-08-26 08:43:00,RESOLVED,13.0,178.0
9017,3832,PAYMENT,HIGH,2026-09-09 13:21:00,OPEN,18.4,631.6
9018,4982,REFUND,LOW,2026-08-10 19:24:00,RESOLVED,7.2,146.0
9019,6996,REFUND,CRITICAL,2026-09-08 04:41:00,RESOLVED,13.9,301.2
9020,4957,PAYMENT,LOW,2026-08-23 07:05:00,RESOLVED,15.7,177.2
9021,1035,REFUND,HIGH,2026-08-27 13:22:00,RESOLVED,34.3,156.9
9022,4661,DELIVERY,LOW,2026-08-22 05:35:00,RESOLVED,7.5,214.3
9023,8485,ACCOUNT,HIGH,2026-09-05 14:17:00,RESOLVED,12.6,357.7
9024,204,ACCOUNT,HIGH,2026-09-01 11:29:00,OPEN,27.8,343.3
9025,9982,DELIVERY,HIGH,2026-09-02 10:11:00,OPEN,15.4,115.5
9026,1284,PAYMENT,LOW,2026-08-18 00:46:00,OPEN,6.7,350.2
9027,92,PAYMENT,HIGH,2026-09-07 09:58:00,RESOLVED,21.8,339.9
9028,1411,DELIVERY,LOW,2026-08-29 20:14:00,PENDING,21.8,262.4
9029,2503,REFUND,MEDIUM,2026-08-14 21:54:00,RESOLVED,56.5,183.1
9030,3518,PRODUCT,HIGH,2026-08-11 09:18:00,RESOLVED,3.6,445.5
9031,8297,DELIVERY,MEDIUM,2026-09-01 23:42:00,RESOLVED,43.0,315.4
9032,5808,REFUND,MEDIUM,2026-08-01 22:54:00,RESOLVED,9.3,196.1
9033,6387,REFUND,LOW,2026-09-05 16:28:00,RESOLVED,55.2,195.9
9034,8779,REFUND,MEDIUM,2026-08-31 18:58:00,RESOLVED,31.9,135.1
9035,1315,PRODUCT,LOW,2026-08-23 20:37:00,RESOLVED,72.8,189.8
9036,2234,PAYMENT,LOW,2026-09-09 10:56:00,RESOLVED,19.3,139.9
9037,9682,PRODUCT,HIGH,2026-08-11 16:52:00,RESOLVED,1.7,247.2
9038,7713,PAYMENT,MEDIUM,2026-09-09 10:57:00,PENDING,28.9,225.2
9039,593,PRODUCT,LOW,2026-08-06 08:31:00,OPEN,12.5,258.0
9040,2263,PRODUCT,MEDIUM,2026-08-31 01:02:00,OPEN,27.3,419.8
9041,3736,ACCOUNT,LOW,2026-08-09 00:25:00,PENDING,9.8,122.5
9042,327,DELIVERY,LOW,2026-08-27 17:07:00,RESOLVED,20.5,177.6
9043,5830,ACCOUNT,HIGH,2026-08-15 00:59:00,OPEN,23.7,213.5
9044,6499,PRODUCT,LOW,2026-08-15 23:23:00,RESOLVED,31.1,398.3
9045,3359,DELIVERY,LOW,2026-08-11 08:41:00,RESOLVED,20.6,313.3
9046,2147,DELIVERY,LOW,2026-09-06 23:37:00,RESOLVED,6.1,79.3
9047,4255,DELIVERY,MEDIUM,2026-08-23 11:37:00,OPEN,44.3,431.0
9048,9197,PRODUCT,LOW,2026-08-20 05:25:00,RESOLVED,5.9,113.0
9049,7186,PAYMENT,LOW,2026-08-11 18:48:00,OPEN,4.5,290.5
9050,9335,DELIVERY,HIGH,2026-08-30 02:05:00,RESOLVED,14.5,179.4
9051,5530,REFUND,MEDIUM,2026-08-10 20:11:00,OPEN,8.5,343.9
9052,1051,PAYMENT,LOW,2026-08-23 16:16:00,RESOLVED,28.7,218.5
9053,599,DELIVERY,HIGH,2026-08-15 13:50:00,RESOLVED,19.0,660.7
9054,1948,PAYMENT,MEDIUM,2026-09-05 21:03:00,RESOLVED,40.9,375.4
9055,5211,DELIVERY,HIGH,2026-08-13 06:01:00,PENDING,30.4,94.8
9056,2105,PRODUCT,LOW,2026-08-28 13:51:00,RESOLVED,30.6,329.8
9057,3173,DELIVERY,LOW,2026-08-08 05:56:00,OPEN,11.9,154.4
9058,9115,PRODUCT,LOW,2026-08-13 06:31:00,RESOLVED,10.5,355.2
9059,435,REFUND,MEDIUM,2026-08-21 17:43:00,PENDING,1.8,141.9
9060,781,PAYMENT,MEDIUM,2026-09-06 15:15:00,RESOLVED,35.0,157.5
9061,3897,REFUND,MEDIUM,2026-08-17 06:01:00,PENDING,42.0,283.0
9062,7512,ACCOUNT,MEDIUM,2026-08-08 01:51:00,RESOLVED,29.3,429.7
9063,8238,PRODUCT,MEDIUM,2026-09-05 16:11:00,OPEN,4.3,303.4
9064,2878,ACCOUNT,MEDIUM,2026-08-09 12:15:00,RESOLVED,15.2,199.8
9065,2908,PRODUCT,LOW,2026-08-09 20:46:00,PENDING,7.8,253.7
9066,5825,ACCOUNT,MEDIUM,2026-08-15 08:45:00,RESOLVED,22.6,116.2
9067,8660,REFUND,HIGH,2026-09-02 16:57:00,PENDING,4.5,216.6
9068,1773,REFUND,CRITICAL,2026-08-15 17:00:00,RESOLVED,29.4,294.2
9069,8924,ACCOUNT,LOW,2026-09-08 06:51:00,RESOLVED,40.5,438.9
9070,8066,DELIVERY,MEDIUM,2026-09-02 22:26:00,RESOLVED,6.1,152.9
9071,2678,DELIVERY,LOW,2026-09-03 06:24:00,RESOLVED,11.4,146.7
9072,6708,PRODUCT,MEDIUM,2026-08-18 11:50:00,RESOLVED,1.2,213.2
9073,6289,REFUND,MEDIUM,2026-09-03 05:49:00,PENDING,18.0,219.3
9074,212,REFUND,HIGH,2026-09-04 22:10:00,RESOLVED,24.1,536.4
9075,4018,REFUND,HIGH,2026-08-16 22:38:00,RESOLVED,33.8,402.7
9076,2372,PRODUCT,LOW,2026-08-14 06:32:00,RESOLVED,13.5,235.8
9077,681,PAYMENT,MEDIUM,2026-08-05 07:34:00,RESOLVED,23.5,424.9
9078,4664,DELIVERY,MEDIUM,2026-08-16 11:29:00,RESOLVED,12.1,89.4
9079,7027,PAYMENT,MEDIUM,2026-08-20 02:32:00,RESOLVED,24.4,236.9
9080,5312,PRODUCT,HIGH,2026-08-31 12:20:00,PENDING,8.7,373.6
9081,887,DELIVERY,LOW,2026-08-23 05:00:00,RESOLVED,20.8,341.9
9082,8273,DELIVERY,LOW,2026-08-10 21:14:00,RESOLVED,24.5,154.6
9083,705,PRODUCT,MEDIUM,2026-08-12 21:58:00,RESOLVED,25.6,141.8
9084,3870,ACCOUNT,MEDIUM,2026-08-05 22:41:00,PENDING,14.0,204.5
9085,5684,DELIVERY,MEDIUM,2026-08-09 17:46:00,OPEN,44.3,289.5
9086,9269,PRODUCT,LOW,2026-08-06 13:06:00,PENDING,8.7,370.1
9087,7540,PRODUCT,LOW,2026-08-31 21:08:00,RESOLVED,7.4,159.2
9088,1939,DELIVERY,LOW,2026-08-10 07:14:00,RESOLVED,13.4,223.4
9089,4278,REFUND,HIGH,2026-08-03 00:58:00,RESOLVED,13.4,123.5
9090,8578,PAYMENT,MEDIUM,2026-08-25 00:31:00,OPEN,5.0,573.5
9091,2478,PRODUCT,LOW,2026-08-23 04:18:00,RESOLVED,13.6,232.6
9092,9043,PAYMENT,LOW,2026-08-02 14:57:00,PENDING,51.1,410.2
9093,5335,DELIVERY,HIGH,2026-08-28 14:06:00,RESOLVED,2.1,215.2
9094,6267,ACCOUNT,MEDIUM,2026-08-27 12:59:00,RESOLVED,1.9,197.8
9095,6630,PAYMENT,HIGH,2026-09-08 12:17:00,RESOLVED,19.2,497.0
9096,9676,PAYMENT,HIGH,2026-08-31 14:25:00,RESOLVED,7.7,557.2
9097,6878,PAYMENT,LOW,2026-09-01 23:28:00,OPEN,20.6,164.6
9098,4106,PAYMENT,HIGH,2026-08-30 21:30:00,RESOLVED,34.8,190.7
9099,5901,REFUND,MEDIUM,2026-08-26 23:15:00,RESOLVED,36.8,253.8
9100,6993,REFUND,MEDIUM,2026-08-26 06:58:00,RESOLVED,26.3,208.5
9101,5981,DELIVERY,MEDIUM,2026-08-25 22:57:00,RESOLVED,15.6,135.8
9102,101,PRODUCT,MEDIUM,2026-08-18 14:04:00,RESOLVED,15.7,354.0
9103,9019,REFUND,MEDIUM,2026-08-04 19:07:00,RESOLVED,5.0,308.7
9104,2747,DELIVERY,LOW,2026-09-09 06:53:00,PENDING,16.2,135.2
9105,6509,DELIVERY,MEDIUM,2026-09-09 00:38:00,RESOLVED,19.7,164.1
9106,5664,ACCOUNT,LOW,2026-08-04 14:47:00,OPEN,1.0,47.6
9107,1202,PAYMENT,LOW,2026-09-01 07:10:00,RESOLVED,11.0,139.4
9108,8760,PRODUCT,MEDIUM,2026-08-31 06:54:00,RESOLVED,34.3,116.5
9109,833,PAYMENT,MEDIUM,2026-08-10 22:09:00,PENDING,10.3,413.0
9110,9530,ACCOUNT,LOW,2026-08-16 06:33:00,RESOLVED,6.7,430.7
9111,9218,ACCOUNT,LOW,2026-08-31 18:26:00,RESOLVED,67.8,171.4
9112,5795,PRODUCT,CRITICAL,2026-09-03 00:50:00,RESOLVED,31.3,98.4
9113,9544,ACCOUNT,MEDIUM,2026-08-16 23:43:00,RESOLVED,13.5,142.8
9114,8559,REFUND,MEDIUM,2026-08-26 04:01:00,RESOLVED,12.0,151.1
9115,8999,PAYMENT,LOW,2026-08-19 06:15:00,RESOLVED,48.5,132.8
9116,7993,REFUND,MEDIUM,2026-08-06 13:22:00,RESOLVED,54.0,376.1
9117,9292,ACCOUNT,HIGH,2026-08-07 10:44:00,RESOLVED,29.0,403.0
9118,7737,REFUND,LOW,2026-09-03 14:07:00,PENDING,22.7,183.3
9119,8803,PRODUCT,MEDIUM,2026-08-01 16:59:00,RESOLVED,7.8,220.0
9120,1115,REFUND,LOW,2026-08-04 01:17:00,RESOLVED,6.5,272.9
9121,4269,PRODUCT,LOW,2026-08-12 19:49:00,RESOLVED,33.7,119.2
9122,4787,DELIVERY,MEDIUM,2026-09-02 10:18:00,RESOLVED,15.7,284.6
9123,9096,PRODUCT,MEDIUM,2026-08-29 04:15:00,RESOLVED,35.5,231.6
9124,4863,ACCOUNT,MEDIUM,2026-08-23 16:29:00,RESOLVED,22.9,182.8
9125,4399,PAYMENT,MEDIUM,2026-08-25 22:19:00,RESOLVED,28.0,599.2
9126,7875,PAYMENT,MEDIUM,2026-08-07 00:25:00,OPEN,23.4,298.4
9127,6502,PAYMENT,MEDIUM,2026-08-07 08:39:00,RESOLVED,37.2,191.3
9128,5862,PAYMENT,LOW,2026-08-24 19:00:00,RESOLVED,24.5,267.7
9129,9138,PAYMENT,LOW,2026-08-15 05:47:00,RESOLVED,4.4,93.0
9130,8199,PAYMENT,LOW,2026-08-23 04:38:00,PENDING,31.4,252.4
9131,7113,PAYMENT,HIGH,2026-08-26 17:04:00,RESOLVED,11.9,274.4
9132,9565,DELIVERY,LOW,2026-08-13 15:52:00,RESOLVED,46.9,316.2
9133,484,PAYMENT,MEDIUM,2026-09-04 02:38:00,RESOLVED,22.2,122.1
9134,5547,PAYMENT,MEDIUM,2026-09-02 11:57:00,PENDING,47.7,289.5
9135,311,ACCOUNT,MEDIUM,2026-08-05 07:20:00,RESOLVED,42.6,254.9
9136,7918,REFUND,HIGH,2026-08-06 01:00:00,OPEN,30.2,235.6
9137,1272,ACCOUNT,MEDIUM,2026-08-09 08:41:00,RESOLVED,26.3,248.9
9138,5606,ACCOUNT,LOW,2026-08-06 14:09:00,RESOLVED,11.9,158.5
9139,7826,PRODUCT,LOW,2026-08-22 23:47:00,PENDING,36.9,88.3
9140,6258,PRODUCT,HIGH,2026-08-10 16:26:00,RESOLVED,12.0,165.1
9141,587,REFUND,HIGH,2026-08-26 23:22:00,RESOLVED,19.8,397.5
9142,4761,DELIVERY,HIGH,2026-09-04 14:57:00,RESOLVED,20.4,65.7
9143,7797,PRODUCT,HIGH,2026-08-06 13:45:00,RESOLVED,20.7,393.3
9144,9596,PRODUCT,MEDIUM,2026-08-07 15:28:00,RESOLVED,8.3,204.4
9145,8982,ACCOUNT,LOW,2026-08-08 02:41:00,RESOLVED,9.3,22.8
9146,8176,PAYMENT,MEDIUM,2026-09-02 06:15:00,PENDING,3.9,62.5
9147,3070,ACCOUNT,MEDIUM,2026-09-09 02:03:00,PENDING,32.6,459.8
9148,7520,DELIVERY,LOW,2026-08-31 22:40:00,RESOLVED,9.1,124.3
9149,1669,DELIVERY,MEDIUM,2026-08-28 10:04:00,PENDING,10.8,443.4
9150,3296,DELIVERY,CRITICAL,2026-08-25 09:01:00,RESOLVED,15.2,290.5
9151,2835,REFUND,LOW,2026-08-09 01:55:00,PENDING,8.0,239.9
9152,4855,DELIVERY,MEDIUM,2026-08-19 18:49:00,OPEN,39.2,268.6
9153,8753,DELIVERY,MEDIUM,2026-09-06 09:57:00,RESOLVED,69.9,351.8
9154,8630,ACCOUNT,LOW,2026-08-15 06:03:00,RESOLVED,1.8,263.3
9155,8927,DELIVERY,HIGH,2026-08-02 03:33:00,PENDING,27.2,151.0
9156,9364,ACCOUNT,MEDIUM,2026-08-09 15:14:00,OPEN,5.4,500.6
9157,281,PRODUCT,LOW,2026-08-21 04:48:00,RESOLVED,23.2,461.6
9158,9976,PRODUCT,HIGH,2026-08-28 19:13:00,RESOLVED,32.3,188.6
9159,8776,DELIVERY,MEDIUM,2026-08-18 07:36:00,PENDING,2.7,138.9
9160,7345,DELIVERY,MEDIUM,2026-08-19 11:14:00,RESOLVED,31.3,410.0
9161,806,DELIVERY,MEDIUM,2026-08-28 18:44:00,RESOLVED,56.0,215.1
9162,7309,REFUND,HIGH,2026-08-11 22:50:00,RESOLVED,43.2,363.1
9163,6756,ACCOUNT,LOW,2026-09-01 21:06:00,OPEN,3.9,117.4
9164,939,PAYMENT,MEDIUM,2026-08-13 23:35:00,RESOLVED,63.2,602.4
9165,2019,REFUND,MEDIUM,2026-08-05 10:17:00,RESOLVED,68.0,272.9
9166,7516,REFUND,HIGH,2026-08-06 14:00:00,PENDING,15.3,157.7
9167,1671,REFUND,HIGH,2026-08-15 12:33:00,RESOLVED,4.2,132.8
9168,3468,PAYMENT,HIGH,2026-08-02 18:45:00,RESOLVED,32.2,155.9
9169,6082,ACCOUNT,LOW,2026-08-08 13:53:00,PENDING,25.9,138.0
9170,8647,DELIVERY,MEDIUM,2026-08-18 12:46:00,RESOLVED,42.8,369.1
9171,2845,PRODUCT,LOW,2026-09-07 15:50:00,RESOLVED,12.6,304.3
9172,113,DELIVERY,MEDIUM,2026-09-09 01:09:00,PENDING,23.9,204.2
9173,8513,REFUND,HIGH,2026-08-31 13:41:00,RESOLVED,26.4,471.5
9174,9344,PAYMENT,MEDIUM,2026-09-07 17:51:00,RESOLVED,19.7,260.4
9175,8545,DELIVERY,LOW,2026-08-25 14:10:00,OPEN,13.6,101.6
9176,4839,REFUND,MEDIUM,2026-08-06 10:00:00,RESOLVED,37.7,466.2
9177,7202,PRODUCT,LOW,2026-08-27 10:12:00,PENDING,5.7,360.9
9178,1280,PRODUCT,LOW,2026-08-23 01:23:00,PENDING,18.9,346.9
9179,6374,DELIVERY,MEDIUM,2026-09-04 01:38:00,OPEN,14.1,145.8
9180,6010,PRODUCT,HIGH,2026-08-14 22:05:00,PENDING,46.1,259.6
9181,6355,PAYMENT,LOW,2026-09-02 19:21:00,RESOLVED,12.3,41.3
9182,6921,PRODUCT,MEDIUM,2026-08-26 23:47:00,RESOLVED,6.5,422.0
9183,8895,REFUND,MEDIUM,2026-08-30 13:11:00,OPEN,43.7,130.2
9184,7798,ACCOUNT,LOW,2026-08-02 02:02:00,PENDING,25.5,325.3
9185,368,PRODUCT,MEDIUM,2026-09-08 14:56:00,RESOLVED,47.5,129.3
9186,7019,PRODUCT,LOW,2026-08-22 17:47:00,RESOLVED,36.2,205.1
9187,7295,DELIVERY,HIGH,2026-08-26 23:08:00,RESOLVED,15.0,106.0
9188,5534,PRODUCT,MEDIUM,2026-08-19 10:41:00,OPEN,18.2,563.3
9189,6238,REFUND,LOW,2026-08-06 10:25:00,RESOLVED,86.4,153.8
9190,820,PRODUCT,LOW,2026-08-23 10:48:00,RESOLVED,20.6,482.3
9191,2618,PRODUCT,LOW,2026-08-28 15:36:00,RESOLVED,85.7,407.4
9192,8629,ACCOUNT,CRITICAL,2026-08-07 02:11:00,RESOLVED,25.5,192.2
9193,23,ACCOUNT,HIGH,2026-08-15 18:32:00,PENDING,10.4,188.5
9194,9835,REFUND,HIGH,2026-08-25 17:58:00,RESOLVED,15.7,182.6
9195,2227,DELIVERY,MEDIUM,2026-08-12 13:04:00,PENDING,9.4,351.7
9196,7781,PAYMENT,HIGH,2026-08-12 20:28:00,RESOLVED,28.4,138.2
9197,2199,PAYMENT,MEDIUM,2026-08-05 11:54:00,RESOLVED,25.7,124.7
9198,348,REFUND,LOW,2026-08-21 08:00:00,OPEN,16.2,393.9
9199,6047,PAYMENT,MEDIUM,2026-08-05 19:37:00,RESOLVED,10.7,145.6
9200,7557,PAYMENT,MEDIUM,2026-09-04 18:13:00,RESOLVED,18.4,136.1
9201,853,PRODUCT,MEDIUM,2026-08-07 21:57:00,RESOLVED,79.1,316.9
9202,2697,REFUND,LOW,2026-08-04 18:00:00,RESOLVED,3.7,195.5
9203,3045,PRODUCT,MEDIUM,2026-09-07 01:18:00,OPEN,49.0,202.4
9204,9622,ACCOUNT,MEDIUM,2026-08-16 21:40:00,RESOLVED,47.0,159.6
9205,3103,PRODUCT,LOW,2026-08-08 21:20:00,PENDING,16.1,288.6
9206,636,PRODUCT,LOW,2026-08-22 22:24:00,RESOLVED,12.3,158.0
9207,9852,REFUND,MEDIUM,2026-08-05 02:10:00,RESOLVED,22.3,210.0
9208,923,REFUND,MEDIUM,2026-08-17 11:59:00,PENDING,11.3,168.9
9209,4873,DELIVERY,MEDIUM,2026-08-27 08:12:00,RESOLVED,12.8,142.7
9210,1814,PAYMENT,HIGH,2026-08-20 04:26:00,RESOLVED,19.5,153.3
9211,2524,DELIVERY,MEDIUM,2026-09-07 00:47:00,RESOLVED,17.2,170.5
9212,7532,PRODUCT,LOW,2026-08-29 19:43:00,RESOLVED,33.2,221.3
9213,1361,ACCOUNT,LOW,2026-08-26 22:47:00,RESOLVED,12.2,351.9
9214,6515,ACCOUNT,LOW,2026-08-27 19:07:00,OPEN,1.3,233.4
9215,5664,DELIVERY,LOW,2026-08-28 10:53:00,PENDING,36.8,425.7
9216,7273,PRODUCT,HIGH,2026-08-20 02:10:00,PENDING,29.4,335.4
9217,1601,PAYMENT,HIGH,2026-08-05 05:17:00,RESOLVED,11.6,137.4
9218,3539,DELIVERY,MEDIUM,2026-08-11 06:45:00,PENDING,55.8,199.4
9219,36,PRODUCT,LOW,2026-08-13 12:20:00,RESOLVED,49.7,169.3
9220,8796,ACCOUNT,LOW,2026-08-11 07:43:00,RESOLVED,7.1,294.5
9221,9891,PAYMENT,MEDIUM,2026-08-12 05:42:00,RESOLVED,47.9,278.4
9222,4463,ACCOUNT,HIGH,2026-08-31 13:33:00,RESOLVED,6.0,338.2
9223,5299,DELIVERY,MEDIUM,2026-09-07 19:04:00,PENDING,28.2,211.1
9224,1342,ACCOUNT,HIGH,2026-08-19 00:20:00,RESOLVED,33.1,205.1
9225,8762,PRODUCT,LOW,2026-08-20 10:06:00,PENDING,9.4,402.2
9226,7675,PRODUCT,MEDIUM,2026-08-14 04:05:00,RESOLVED,41.7,218.1
9227,1149,PAYMENT,LOW,2026-08-26 05:27:00,RESOLVED,43.3,198.9
9228,5296,DELIVERY,MEDIUM,2026-08-28 09:37:00,OPEN,2.9,73.4
9229,1717,PAYMENT,MEDIUM,2026-08-03 05:51:00,OPEN,16.8,214.5
9230,5935,ACCOUNT,MEDIUM,2026-08-21 02:39:00,RESOLVED,6.3,102.1
9231,6568,PAYMENT,HIGH,2026-08-18 01:23:00,RESOLVED,23.5,294.9
9232,3852,DELIVERY,LOW,2026-08-18 15:38:00,RESOLVED,32.3,176.5
9233,4416,PAYMENT,LOW,2026-08-21 07:20:00,RESOLVED,46.7,442.4
9234,7108,DELIVERY,MEDIUM,2026-08-06 13:07:00,RESOLVED,59.4,389.2
9235,1560,PAYMENT,MEDIUM,2026-09-01 23:48:00,RESOLVED,38.4,285.2
9236,356,PRODUCT,HIGH,2026-09-06 00:35:00,RESOLVED,18.4,112.0
9237,4166,DELIVERY,HIGH,2026-08-05 08:08:00,RESOLVED,29.8,507.9
9238,4912,PAYMENT,MEDIUM,2026-09-03 05:24:00,OPEN,48.3,306.1
9239,2863,PAYMENT,MEDIUM,2026-08-23 10:53:00,RESOLVED,18.0,133.9
9240,4272,PRODUCT,MEDIUM,2026-09-03 11:39:00,RESOLVED,27.4,177.0
9241,1024,DELIVERY,LOW,2026-08-08 08:18:00,RESOLVED,9.9,688.9
9242,7465,PRODUCT,MEDIUM,2026-08-08 11:56:00,OPEN,43.2,593.0
9243,7665,PRODUCT,LOW,2026-08-01 05:01:00,RESOLVED,22.6,59.9
9244,2659,DELIVERY,LOW,2026-08-21 04:06:00,RESOLVED,3.2,209.0
9245,6518,DELIVERY,HIGH,2026-08-17 13:10:00,PENDING,4.8,232.9
9246,2338,PRODUCT,MEDIUM,2026-09-07 21:46:00,RESOLVED,12.6,287.6
9247,3953,ACCOUNT,HIGH,2026-08-23 06:59:00,RESOLVED,12.5,306.0
9248,3199,ACCOUNT,HIGH,2026-09-07 02:39:00,OPEN,3.0,193.5
9249,9709,PRODUCT,HIGH,2026-08-11 11:56:00,RESOLVED,16.7,418.7
9250,4806,ACCOUNT,HIGH,2026-08-02 13:17:00,RESOLVED,44.8,284.3
9251,6330,PRODUCT,LOW,2026-09-03 05:23:00,RESOLVED,6.5,93.7
9252,2099,DELIVERY,LOW,2026-08-01 06:35:00,OPEN,20.2,168.3
9253,9274,PAYMENT,MEDIUM,2026-09-03 23:12:00,RESOLVED,25.1,68.5
9254,6843,REFUND,LOW,2026-08-21 10:47:00,RESOLVED,39.4,245.4
9255,1058,REFUND,MEDIUM,2026-08-24 05:12:00,RESOLVED,14.5,259.8
9256,3317,DELIVERY,HIGH,2026-08-09 11:33:00,PENDING,15.9,310.9
9257,5059,DELIVERY,MEDIUM,2026-08-11 17:55:00,RESOLVED,41.0,402.2
9258,4216,PRODUCT,LOW,2026-08-09 09:56:00,RESOLVED,20.7,101.7
9259,8008,DELIVERY,MEDIUM,2026-08-30 14:19:00,RESOLVED,4.4,193.1
9260,5576,PRODUCT,HIGH,2026-08-19 14:21:00,RESOLVED,18.0,488.2
9261,5572,REFUND,HIGH,2026-08-05 01:22:00,RESOLVED,32.2,285.9
9262,3769,PAYMENT,MEDIUM,2026-08-02 21:13:00,RESOLVED,6.9,158.5
9263,8443,REFUND,LOW,2026-08-29 17:41:00,RESOLVED,3.8,240.4
9264,7013,REFUND,HIGH,2026-08-27 18:42:00,RESOLVED,10.6,158.6
9265,7059,PAYMENT,MEDIUM,2026-08-13 14:59:00,RESOLVED,22.9,276.3
9266,6562,PRODUCT,MEDIUM,2026-08-15 00:49:00,OPEN,36.2,458.2
9267,6650,PAYMENT,HIGH,2026-09-02 00:50:00,RESOLVED,14.1,541.4
9268,7569,PRODUCT,MEDIUM,2026-08-03 22:03:00,RESOLVED,41.0,422.0
9269,2341,ACCOUNT,HIGH,2026-09-08 12:57:00,RESOLVED,19.4,163.5
9270,5231,PAYMENT,HIGH,2026-09-03 23:19:00,RESOLVED,29.9,262.1
9271,1313,ACCOUNT,LOW,2026-08-06 07:41:00,RESOLVED,38.8,172.8
9272,3675,DELIVERY,MEDIUM,2026-08-21 23:28:00,OPEN,11.7,321.7
9273,2914,PAYMENT,LOW,2026-08-23 14:47:00,OPEN,15.6,235.8
9274,2012,PAYMENT,LOW,2026-09-06 14:26:00,RESOLVED,27.9,262.3
9275,5473,DELIVERY,LOW,2026-08-24 21:14:00,RESOLVED,14.6,163.2
9276,4369,ACCOUNT,MEDIUM,2026-08-01 04:12:00,RESOLVED,19.5,349.8
9277,4541,PRODUCT,LOW,2026-08-12 09:18:00,RESOLVED,7.2,105.8
9278,8731,PAYMENT,HIGH,2026-08-24 09:22:00,RESOLVED,30.0,196.9
9279,3619,PRODUCT,LOW,2026-08-15 23:32:00,RESOLVED,23.7,540.2
9280,1211,PRODUCT,LOW,2026-08-19 18:58:00,PENDING,18.6,180.6
9281,7912,PRODUCT,LOW,2026-09-07 15:38:00,RESOLVED,8.7,88.8
9282,2155,REFUND,MEDIUM,2026-09-07 11:55:00,RESOLVED,38.0,130.9
9283,9736,PAYMENT,LOW,2026-08-11 17:53:00,RESOLVED,8.5,282.8
9284,6653,REFUND,HIGH,2026-08-08 01:43:00,RESOLVED,47.9,485.5
9285,2557,ACCOUNT,MEDIUM,2026-09-08 04:50:00,RESOLVED,5.0,89.0
9286,5750,DELIVERY,HIGH,2026-08-22 19:55:00,RESOLVED,3.7,460.8
9287,9325,ACCOUNT,LOW,2026-08-24 16:08:00,PENDING,25.0,239.5
9288,9162,REFUND,LOW,2026-08-07 21:22:00,RESOLVED,6.4,341.7
9289,3969,PRODUCT,HIGH,2026-08-26 17:46:00,OPEN,15.9,318.4
9290,291,DELIVERY,MEDIUM,2026-09-04 08:42:00,RESOLVED,33.8,381.7
9291,797,ACCOUNT,LOW,2026-08-06 10:04:00,RESOLVED,5.9,234.0
9292,8786,PAYMENT,LOW,2026-08-14 09:34:00,RESOLVED,26.5,131.3
9293,6611,ACCOUNT,HIGH,2026-08-17 09:42:00,RESOLVED,28.2,164.5
9294,7255,REFUND,LOW,2026-08-19 00:11:00,RESOLVED,25.5,280.8
9295,7215,ACCOUNT,MEDIUM,2026-08-09 23:18:00,PENDING,9.6,46.6
9296,7756,ACCOUNT,HIGH,2026-08-28 12:08:00,RESOLVED,6.2,324.6
9297,5087,DELIVERY,MEDIUM,2026-08-09 20:05:00,RESOLVED,2.9,122.9
9298,3787,REFUND,HIGH,2026-08-11 19:57:00,RESOLVED,29.3,216.9
9299,2352,PAYMENT,MEDIUM,2026-08-23 01:40:00,RESOLVED,17.8,430.3
9300,3074,REFUND,MEDIUM,2026-08-05 19:54:00,RESOLVED,40.0,191.0
9301,7504,ACCOUNT,MEDIUM,2026-09-03 18:20:00,OPEN,7.7,232.1
9302,144,DELIVERY,LOW,2026-08-18 20:30:00,RESOLVED,9.2,107.1
9303,1455,REFUND,MEDIUM,2026-09-08 13:52:00,RESOLVED,8.6,190.7
9304,7875,REFUND,HIGH,2026-08-15 17:46:00,PENDING,15.2,176.8
9305,6485,PAYMENT,LOW,2026-08-01 14:40:00,RESOLVED,5.9,394.5
9306,1616,PRODUCT,MEDIUM,2026-08-15 04:24:00,RESOLVED,10.5,355.5
9307,364,DELIVERY,MEDIUM,2026-08-26 00:16:00,RESOLVED,17.6,212.2
9308,2262,PRODUCT,MEDIUM,2026-08-01 07:21:00,PENDING,21.1,165.1
9309,1185,PAYMENT,MEDIUM,2026-08-20 06:33:00,RESOLVED,19.2,192.4
9310,2766,PRODUCT,MEDIUM,2026-09-01 04:07:00,OPEN,5.7,347.0
9311,8331,DELIVERY,LOW,2026-09-05 15:36:00,PENDING,19.7,521.4
9312,8697,ACCOUNT,LOW,2026-08-30 14:12:00,RESOLVED,13.7,345.9
9313,2867,PAYMENT,LOW,2026-08-10 21:26:00,RESOLVED,33.6,213.7
9314,2880,REFUND,MEDIUM,2026-08-29 03:53:00,RESOLVED,41.7,226.4
9315,8266,PRODUCT,MEDIUM,2026-09-01 07:52:00,RESOLVED,40.0,263.5
9316,4257,PAYMENT,MEDIUM,2026-08-17 10:44:00,RESOLVED,14.4,433.2
9317,2136,REFUND,MEDIUM,2026-08-27 04:48:00,OPEN,14.3,380.4
9318,7474,DELIVERY,MEDIUM,2026-08-20 19:42:00,OPEN,25.8,227.0
9319,4907,PAYMENT,MEDIUM,2026-08-17 09:39:00,RESOLVED,8.1,278.5
9320,8923,REFUND,MEDIUM,2026-08-27 13:12:00,PENDING,22.6,141.8
9321,8771,PRODUCT,HIGH,2026-09-08 21:44:00,RESOLVED,19.1,433.1
9322,7912,REFUND,LOW,2026-09-08 05:11:00,RESOLVED,41.5,303.5
9323,9723,DELIVERY,MEDIUM,2026-08-01 17:28:00,OPEN,17.2,50.9
9324,5355,PRODUCT,LOW,2026-08-12 07:10:00,OPEN,21.8,508.2
9325,5473,ACCOUNT,LOW,2026-09-03 05:40:00,OPEN,35.4,283.8
9326,22,ACCOUNT,MEDIUM,2026-08-30 21:37:00,RESOLVED,17.4,222.9
9327,1683,PAYMENT,LOW,2026-08-30 09:01:00,RESOLVED,10.0,256.7
9328,1579,REFUND,LOW,2026-08-25 14:21:00,RESOLVED,26.0,267.0
9329,9215,REFUND,LOW,2026-08-18 03:19:00,OPEN,7.2,152.2
9330,2537,REFUND,MEDIUM,2026-08-26 09:23:00,RESOLVED,20.6,165.2
9331,6222,DELIVERY,LOW,2026-09-03 02:44:00,OPEN,10.6,171.3
9332,4138,ACCOUNT,HIGH,2026-08-04 17:53:00,RESOLVED,3.9,198.8
9333,7650,REFUND,MEDIUM,2026-08-01 11:04:00,OPEN,24.8,320.5
9334,3622,PRODUCT,LOW,2026-08-31 13:19:00,RESOLVED,19.4,86.6
9335,9379,REFUND,MEDIUM,2026-08-03 12:27:00,RESOLVED,44.0,125.6
9336,5145,PRODUCT,HIGH,2026-08-17 10:20:00,RESOLVED,4.7,372.4
9337,2439,ACCOUNT,MEDIUM,2026-08-05 22:06:00,PENDING,9.0,319.9
9338,4121,PAYMENT,LOW,2026-08-14 04:20:00,RESOLVED,38.9,286.1
9339,3651,ACCOUNT,HIGH,2026-08-08 10:19:00,RESOLVED,42.3,213.2
9340,7261,REFUND,MEDIUM,2026-08-18 07:09:00,RESOLVED,28.7,148.7
9341,3240,REFUND,CRITICAL,2026-08-01 12:52:00,RESOLVED,16.2,161.7
9342,523,PRODUCT,MEDIUM,2026-09-04 21:02:00,RESOLVED,34.0,410.5
9343,7839,DELIVERY,LOW,2026-08-29 05:07:00,PENDING,13.6,260.4
9344,9948,DELIVERY,HIGH,2026-08-27 02:59:00,RESOLVED,1.1,214.6
9345,2510,REFUND,LOW,2026-09-01 02:23:00,RESOLVED,41.3,137.2
9346,8431,PAYMENT,MEDIUM,2026-08-01 08:58:00,RESOLVED,12.8,286.5
9347,394,PAYMENT,MEDIUM,2026-08-22 16:44:00,PENDING,75.9,266.4
9348,3350,DELIVERY,LOW,2026-08-10 09:07:00,RESOLVED,6.3,248.3
9349,118,PAYMENT,LOW,2026-09-04 10:40:00,RESOLVED,40.0,298.4
9350,3969,PRODUCT,LOW,2026-08-28 18:54:00,PENDING,20.9,210.4
9351,6093,REFUND,LOW,2026-08-04 03:09:00,OPEN,36.2,155.3
9352,9638,PAYMENT,MEDIUM,2026-09-05 00:34:00,RESOLVED,9.8,196.6
9353,8408,REFUND,MEDIUM,2026-08-24 23:46:00,RESOLVED,67.9,586.8
9354,9359,DELIVERY,LOW,2026-08-22 12:33:00,RESOLVED,58.6,297.4
9355,6524,PRODUCT,LOW,2026-08-06 04:09:00,OPEN,13.1,213.8
9356,3932,PAYMENT,HIGH,2026-08-24 16:31:00,OPEN,14.2,113.6
9357,9066,ACCOUNT,LOW,2026-08-16 02:00:00,RESOLVED,21.7,118.3
9358,597,DELIVERY,HIGH,2026-08-12 05:50:00,PENDING,8.3,199.1
9359,8151,DELIVERY,LOW,2026-08-09 14:04:00,OPEN,9.6,159.5
9360,9880,PRODUCT,HIGH,2026-08-06 14:29:00,PENDING,37.3,131.6
9361,222,ACCOUNT,MEDIUM,2026-09-03 08:13:00,RESOLVED,1.2,209.0
9362,6538,ACCOUNT,LOW,2026-08-18 12:03:00,PENDING,8.6,99.7
9363,8759,ACCOUNT,LOW,2026-08-11 15:49:00,RESOLVED,51.2,142.5
9364,6931,REFUND,LOW,2026-08-22 12:43:00,RESOLVED,46.0,292.2
9365,9758,PRODUCT,LOW,2026-08-14 08:19:00,RESOLVED,16.5,423.6
9366,2746,DELIVERY,MEDIUM,2026-08-23 14:01:00,RESOLVED,3.2,62.2
9367,6387,PAYMENT,MEDIUM,2026-08-02 08:33:00,PENDING,43.7,103.4
9368,8188,ACCOUNT,MEDIUM,2026-08-08 14:39:00,RESOLVED,11.8,373.7
9369,696,PRODUCT,LOW,2026-08-27 05:18:00,RESOLVED,32.3,156.2
9370,5575,ACCOUNT,MEDIUM,2026-08-04 02:01:00,RESOLVED,26.3,156.1
9371,9604,ACCOUNT,LOW,2026-09-09 01:15:00,RESOLVED,32.3,147.3
9372,4703,PRODUCT,LOW,2026-08-14 10:13:00,PENDING,28.8,206.3
9373,8160,PRODUCT,LOW,2026-08-23 22:24:00,RESOLVED,30.3,196.0
9374,7413,REFUND,LOW,2026-09-02 02:44:00,RESOLVED,21.4,427.2
9375,2696,PAYMENT,LOW,2026-08-20 09:28:00,RESOLVED,30.0,406.2
9376,3719,DELIVERY,LOW,2026-08-11 21:54:00,RESOLVED,26.6,636.6
9377,4907,PAYMENT,MEDIUM,2026-09-04 10:23:00,RESOLVED,15.1,235.9
9378,4295,ACCOUNT,HIGH,2026-08-28 08:21:00,PENDING,0.7,186.9
9379,5953,DELIVERY,MEDIUM,2026-08-29 14:26:00,PENDING,8.0,840.5
9380,6524,PAYMENT,HIGH,2026-08-11 09:17:00,RESOLVED,2.9,39.8
9381,4132,ACCOUNT,LOW,2026-08-04 10:23:00,RESOLVED,26.9,246.6
9382,6396,REFUND,HIGH,2026-08-10 09:30:00,OPEN,10.9,108.5
9383,6592,PAYMENT,LOW,2026-08-30 08:52:00,PENDING,5.7,150.3
9384,9712,PRODUCT,LOW,2026-08-09 10:40:00,OPEN,11.8,239.0
9385,8163,PRODUCT,LOW,2026-09-01 06:02:00,RESOLVED,12.3,183.2
9386,5629,PRODUCT,MEDIUM,2026-08-18 03:27:00,RESOLVED,15.7,320.8
9387,1769,DELIVERY,LOW,2026-08-13 05:29:00,RESOLVED,22.4,275.6
9388,3210,DELIVERY,MEDIUM,2026-08-11 17:57:00,OPEN,19.1,544.0
9389,3315,PRODUCT,HIGH,2026-08-03 16:29:00,RESOLVED,23.9,206.3
9390,2875,ACCOUNT,LOW,2026-08-15 11:57:00,RESOLVED,26.4,532.1
9391,9463,REFUND,HIGH,2026-09-07 11:26:00,RESOLVED,1.5,163.0
9392,5341,PAYMENT,LOW,2026-08-24 01:34:00,RESOLVED,59.5,300.8
9393,9894,DELIVERY,LOW,2026-09-01 05:10:00,RESOLVED,22.9,269.4
9394,1196,DELIVERY,LOW,2026-09-03 06:32:00,RESOLVED,60.7,263.1
9395,7130,PAYMENT,LOW,2026-08-29 01:40:00,RESOLVED,9.2,221.9
9396,5881,DELIVERY,LOW,2026-08-31 15:28:00,RESOLVED,104.0,751.7
9397,7629,PAYMENT,LOW,2026-08-18 07:18:00,RESOLVED,9.7,49.7
9398,3903,PAYMENT,LOW,2026-08-18 11:48:00,RESOLVED,7.2,164.6
9399,5194,DELIVERY,HIGH,2026-08-17 19:05:00,OPEN,9.7,375.3
9400,3520,PAYMENT,HIGH,2026-08-13 02:19:00,RESOLVED,9.3,281.6
9401,6970,PAYMENT,CRITICAL,2026-08-02 19:19:00,PENDING,8.7,176.7
9402,1925,DELIVERY,LOW,2026-08-27 06:26:00,RESOLVED,11.9,568.0
9403,6601,REFUND,LOW,2026-08-26 22:34:00,RESOLVED,19.5,211.1
9404,4955,PAYMENT,MEDIUM,2026-08-18 07:56:00,PENDING,8.6,648.8
9405,7973,ACCOUNT,MEDIUM,2026-08-27 14:21:00,RESOLVED,19.6,280.9
9406,377,PAYMENT,LOW,2026-08-31 06:59:00,RESOLVED,13.2,387.6
9407,1823,PRODUCT,HIGH,2026-09-06 07:05:00,RESOLVED,3.6,356.6
9408,6072,PAYMENT,CRITICAL,2026-09-04 08:57:00,OPEN,18.1,106.4
9409,3739,ACCOUNT,LOW,2026-08-14 16:23:00,RESOLVED,2.0,221.0
9410,2856,ACCOUNT,HIGH,2026-08-12 11:09:00,RESOLVED,8.2,277.2
9411,9330,PAYMENT,LOW,2026-08-20 00:47:00,RESOLVED,9.6,465.3
9412,9051,REFUND,MEDIUM,2026-08-16 09:35:00,RESOLVED,26.7,372.5
9413,919,PAYMENT,LOW,2026-08-27 22:39:00,RESOLVED,43.1,186.9
9414,5264,ACCOUNT,MEDIUM,2026-08-02 03:44:00,RESOLVED,6.4,227.7
9415,6669,PAYMENT,LOW,2026-08-11 17:18:00,RESOLVED,1.8,88.3
9416,7806,REFUND,MEDIUM,2026-08-18 04:14:00,RESOLVED,13.4,128.8
9417,2027,PRODUCT,LOW,2026-08-04 21:03:00,RESOLVED,13.7,193.7
9418,8512,DELIVERY,MEDIUM,2026-08-18 12:44:00,RESOLVED,30.1,58.4
9419,6554,REFUND,MEDIUM,2026-08-07 05:19:00,PENDING,67.3,222.0
9420,8790,DELIVERY,LOW,2026-09-06 16:00:00,RESOLVED,18.7,133.8
9421,6805,ACCOUNT,MEDIUM,2026-08-05 01:22:00,RESOLVED,64.8,232.8
9422,8707,ACCOUNT,CRITICAL,2026-08-17 05:45:00,PENDING,11.8,266.1
9423,298,ACCOUNT,HIGH,2026-08-11 09:15:00,OPEN,32.2,445.4
9424,2255,DELIVERY,CRITICAL,2026-08-18 00:35:00,RESOLVED,12.9,195.4
9425,5322,ACCOUNT,LOW,2026-08-30 05:16:00,RESOLVED,43.5,233.5
9426,3034,REFUND,MEDIUM,2026-08-14 03:53:00,RESOLVED,6.4,307.4
9427,1980,ACCOUNT,HIGH,2026-08-30 02:04:00,RESOLVED,25.3,297.0
9428,7080,REFUND,HIGH,2026-08-05 03:14:00,RESOLVED,33.0,145.9
9429,9930,REFUND,LOW,2026-09-09 07:37:00,RESOLVED,9.7,202.7
9430,5377,PRODUCT,CRITICAL,2026-08-25 03:20:00,OPEN,27.0,221.6
9431,6085,PRODUCT,MEDIUM,2026-09-06 14:16:00,RESOLVED,5.6,355.5
9432,6094,REFUND,HIGH,2026-08-09 10:48:00,RESOLVED,52.8,173.3
9433,4170,ACCOUNT,MEDIUM,2026-08-28 16:17:00,RESOLVED,18.9,340.2
9434,6778,DELIVERY,LOW,2026-08-21 19:57:00,RESOLVED,15.5,150.5
9435,8066,ACCOUNT,LOW,2026-08-12 06:34:00,RESOLVED,33.7,418.7
9436,1143,PAYMENT,LOW,2026-08-31 17:55:00,RESOLVED,26.5,250.9
9437,2755,PAYMENT,MEDIUM,2026-08-20 21:42:00,RESOLVED,14.6,123.6
9438,1684,ACCOUNT,MEDIUM,2026-08-30 08:22:00,RESOLVED,41.4,218.4
9439,7925,DELIVERY,MEDIUM,2026-08-01 18:37:00,RESOLVED,5.5,108.7
9440,6379,ACCOUNT,MEDIUM,2026-08-05 09:00:00,RESOLVED,28.0,176.9
9441,6717,REFUND,MEDIUM,2026-09-01 19:27:00,PENDING,3.3,157.9
9442,6254,ACCOUNT,LOW,2026-08-17 20:02:00,RESOLVED,7.1,217.1
9443,5324,PRODUCT,LOW,2026-08-08 20:29:00,OPEN,28.1,856.3
9444,8175,REFUND,MEDIUM,2026-09-01 23:44:00,RESOLVED,8.7,148.5
9445,1573,DELIVERY,MEDIUM,2026-08-07 03:12:00,RESOLVED,34.3,149.1
9446,6938,DELIVERY,HIGH,2026-08-01 06:40:00,RESOLVED,42.3,190.9
9447,8345,DELIVERY,HIGH,2026-08-23 02:50:00,RESOLVED,17.8,383.0
9448,2077,DELIVERY,MEDIUM,2026-08-06 21:37:00,RESOLVED,46.2,135.7
9449,7096,PRODUCT,LOW,2026-08-29 06:46:00,RESOLVED,13.2,235.1
9450,701,ACCOUNT,HIGH,2026-08-17 16:52:00,RESOLVED,42.2,502.2
9451,1635,PRODUCT,LOW,2026-09-06 09:22:00,RESOLVED,22.8,357.6
9452,3911,PRODUCT,MEDIUM,2026-08-21 05:58:00,PENDING,26.2,266.6
9453,9999,ACCOUNT,CRITICAL,2026-08-08 23:17:00,RESOLVED,17.6,181.5
9454,3713,PRODUCT,HIGH,2026-08-21 21:20:00,RESOLVED,21.9,182.7
9455,4289,DELIVERY,HIGH,2026-08-26 22:41:00,PENDING,11.6,303.0
9456,7675,PAYMENT,LOW,2026-09-05 15:32:00,RESOLVED,68.1,518.0
9457,7984,PRODUCT,MEDIUM,2026-08-06 01:01:00,RESOLVED,18.1,107.7
9458,6715,PAYMENT,HIGH,2026-08-30 23:09:00,RESOLVED,1.0,122.1
9459,303,REFUND,LOW,2026-08-25 01:07:00,RESOLVED,10.0,286.2
9460,8723,PAYMENT,HIGH,2026-09-08 01:06:00,RESOLVED,27.8,188.7
9461,2610,PRODUCT,LOW,2026-08-24 08:23:00,RESOLVED,19.9,84.3
9462,5043,REFUND,HIGH,2026-09-08 15:00:00,RESOLVED,28.5,307.5
9463,7318,REFUND,MEDIUM,2026-08-23 12:46:00,RESOLVED,33.3,221.9
9464,2887,PAYMENT,LOW,2026-08-03 00:29:00,RESOLVED,89.8,201.8
9465,6856,PAYMENT,HIGH,2026-08-05 16:23:00,RESOLVED,30.4,363.4
9466,5043,REFUND,MEDIUM,2026-08-05 00:22:00,RESOLVED,26.0,202.6
9467,1563,REFUND,MEDIUM,2026-08-22 06:33:00,RESOLVED,28.7,257.5
9468,2156,DELIVERY,CRITICAL,2026-09-02 05:43:00,RESOLVED,46.1,639.1
9469,7629,PRODUCT,MEDIUM,2026-08-23 16:27:00,PENDING,23.8,266.9
9470,606,REFUND,MEDIUM,2026-09-07 09:25:00,RESOLVED,22.4,368.6
9471,3817,ACCOUNT,MEDIUM,2026-08-21 01:31:00,RESOLVED,27.3,417.5
9472,4997,ACCOUNT,HIGH,2026-08-28 07:21:00,RESOLVED,11.4,297.1
9473,3840,PRODUCT,MEDIUM,2026-08-09 00:29:00,RESOLVED,40.5,202.5
9474,4137,ACCOUNT,MEDIUM,2026-08-01 08:59:00,RESOLVED,21.5,375.7
9475,9719,ACCOUNT,HIGH,2026-08-29 16:34:00,RESOLVED,25.4,168.8
9476,323,PRODUCT,LOW,2026-08-04 19:31:00,RESOLVED,3.8,169.0
9477,9816,REFUND,HIGH,2026-09-08 08:07:00,RESOLVED,6.1,322.4
9478,7213,ACCOUNT,HIGH,2026-09-08 15:50:00,RESOLVED,45.6,529.3
9479,9179,REFUND,LOW,2026-08-09 15:08:00,RESOLVED,4.1,245.5
9480,6444,DELIVERY,MEDIUM,2026-08-04 14:09:00,RESOLVED,24.4,303.9
9481,9439,PAYMENT,HIGH,2026-09-05 13:30:00,RESOLVED,20.3,291.3
9482,739,DELIVERY,MEDIUM,2026-09-06 00:45:00,RESOLVED,10.9,102.4
9483,7185,DELIVERY,LOW,2026-08-22 13:19:00,PENDING,21.5,208.9
9484,7101,DELIVERY,LOW,2026-08-15 23:04:00,RESOLVED,9.7,27.7
9485,9318,ACCOUNT,LOW,2026-08-19 01:37:00,RESOLVED,13.4,83.5
9486,829,DELIVERY,MEDIUM,2026-09-07 05:15:00,RESOLVED,17.6,178.1
9487,5082,REFUND,MEDIUM,2026-08-23 01:39:00,RESOLVED,72.8,176.0
9488,5177,PRODUCT,MEDIUM,2026-08-08 21:51:00,RESOLVED,15.0,90.2
9489,944,ACCOUNT,MEDIUM,2026-08-28 10:17:00,RESOLVED,34.7,186.0
9490,6223,DELIVERY,MEDIUM,2026-09-08 21:25:00,RESOLVED,99.7,148.3
9491,4809,ACCOUNT,MEDIUM,2026-08-03 07:03:00,RESOLVED,46.7,220.9
9492,4990,ACCOUNT,HIGH,2026-08-21 20:06:00,RESOLVED,4.9,423.9
9493,6824,ACCOUNT,HIGH,2026-08-22 11:01:00,RESOLVED,8.5,250.3
9494,7475,PRODUCT,MEDIUM,2026-08-31 16:56:00,RESOLVED,46.1,102.4
9495,6624,PAYMENT,LOW,2026-08-23 07:30:00,PENDING,1.6,294.3
9496,3856,DELIVERY,HIGH,2026-08-09 10:04:00,PENDING,4.2,224.7
9497,9636,DELIVERY,HIGH,2026-08-25 09:32:00,RESOLVED,45.9,129.8
9498,2130,ACCOUNT,HIGH,2026-08-06 07:42:00,PENDING,28.7,355.3
9499,3399,ACCOUNT,MEDIUM,2026-08-22 05:44:00,RESOLVED,1.4,515.2
9500,4865,ACCOUNT,LOW,2026-08-10 07:51:00,RESOLVED,11.3,130.5
9501,3126,PRODUCT,MEDIUM,2026-09-09 22:39:00,OPEN,20.3,199.5
9502,3423,PAYMENT,LOW,2026-08-30 21:25:00,RESOLVED,14.0,366.2
9503,9271,DELIVERY,MEDIUM,2026-08-30 20:46:00,RESOLVED,32.4,340.8
9504,1513,DELIVERY,MEDIUM,2026-08-01 00:36:00,RESOLVED,45.3,522.3
9505,5118,REFUND,HIGH,2026-08-18 03:39:00,RESOLVED,14.9,239.9
9506,4711,PAYMENT,MEDIUM,2026-08-28 14:11:00,RESOLVED,6.7,271.1
9507,869,REFUND,MEDIUM,2026-08-20 12:15:00,RESOLVED,9.6,49.5
9508,2015,PAYMENT,MEDIUM,2026-08-05 02:18:00,RESOLVED,27.1,272.5
9509,2727,PRODUCT,LOW,2026-08-22 00:18:00,RESOLVED,43.0,411.4
9510,4703,PRODUCT,LOW,2026-08-27 12:18:00,RESOLVED,18.8,169.0
9511,4164,ACCOUNT,MEDIUM,2026-08-29 22:09:00,RESOLVED,52.3,357.6
9512,5926,REFUND,LOW,2026-08-13 02:03:00,RESOLVED,20.3,140.3
9513,3766,ACCOUNT,LOW,2026-08-24 05:37:00,RESOLVED,4.8,473.6
9514,7822,ACCOUNT,MEDIUM,2026-09-06 00:51:00,OPEN,23.6,317.6
9515,3668,REFUND,LOW,2026-09-08 04:36:00,RESOLVED,71.2,108.1
9516,8532,REFUND,LOW,2026-08-13 13:36:00,OPEN,25.9,151.9
9517,10000,ACCOUNT,MEDIUM,2026-08-28 06:04:00,RESOLVED,34.4,213.6
9518,6682,ACCOUNT,CRITICAL,2026-09-06 10:15:00,RESOLVED,4.2,309.2
9519,1019,PAYMENT,LOW,2026-08-04 01:26:00,OPEN,24.2,362.8
9520,8936,DELIVERY,MEDIUM,2026-08-23 17:09:00,RESOLVED,13.9,79.2
9521,8167,PRODUCT,MEDIUM,2026-08-31 05:22:00,PENDING,28.0,178.3
9522,5578,ACCOUNT,MEDIUM,2026-08-09 17:16:00,RESOLVED,7.1,138.8
9523,3400,PAYMENT,MEDIUM,2026-08-12 20:26:00,RESOLVED,62.9,135.7
9524,7105,DELIVERY,MEDIUM,2026-09-04 01:01:00,OPEN,26.6,129.9
9525,6156,PRODUCT,HIGH,2026-08-07 18:25:00,RESOLVED,27.4,227.4
9526,7704,PRODUCT,LOW,2026-08-13 00:20:00,RESOLVED,49.4,306.5
9527,6454,ACCOUNT,HIGH,2026-09-03 07:46:00,RESOLVED,26.4,480.3
9528,8249,ACCOUNT,LOW,2026-08-25 10:34:00,RESOLVED,4.9,413.9
9529,9674,PAYMENT,HIGH,2026-08-26 18:23:00,RESOLVED,2.7,309.1
9530,7519,REFUND,MEDIUM,2026-08-22 18:23:00,RESOLVED,86.8,217.2
9531,3180,DELIVERY,MEDIUM,2026-08-16 05:25:00,RESOLVED,26.4,50.7
9532,9025,DELIVERY,MEDIUM,2026-09-01 10:37:00,OPEN,18.0,303.7
9533,8268,ACCOUNT,MEDIUM,2026-08-12 14:28:00,RESOLVED,16.4,247.2
9534,4729,ACCOUNT,LOW,2026-08-11 05:35:00,RESOLVED,11.3,110.9
9535,599,PRODUCT,MEDIUM,2026-08-19 05:04:00,RESOLVED,28.4,114.7
9536,9535,ACCOUNT,MEDIUM,2026-08-06 00:23:00,RESOLVED,21.4,315.9
9537,5406,REFUND,MEDIUM,2026-08-26 04:32:00,PENDING,17.8,123.8
9538,4003,PRODUCT,MEDIUM,2026-09-06 12:17:00,RESOLVED,8.8,280.6
9539,6071,REFUND,LOW,2026-08-29 16:11:00,PENDING,22.0,309.6
9540,702,REFUND,HIGH,2026-08-13 11:45:00,PENDING,17.9,162.6
9541,8258,PRODUCT,MEDIUM,2026-08-04 22:07:00,RESOLVED,30.4,213.3
9542,1822,DELIVERY,MEDIUM,2026-08-25 21:02:00,RESOLVED,13.8,428.3
9543,2577,PAYMENT,CRITICAL,2026-08-22 04:25:00,RESOLVED,10.8,575.2
9544,5583,PAYMENT,LOW,2026-09-04 20:06:00,RESOLVED,11.2,115.2
9545,6644,PAYMENT,LOW,2026-08-20 10:03:00,PENDING,8.0,113.3
9546,146,PRODUCT,HIGH,2026-08-04 05:41:00,RESOLVED,4.2,99.8
9547,5811,REFUND,MEDIUM,2026-09-06 01:28:00,OPEN,15.6,200.9
9548,1574,DELIVERY,MEDIUM,2026-08-12 16:17:00,RESOLVED,5.9,500.5
9549,9541,PRODUCT,LOW,2026-08-31 19:49:00,PENDING,48.5,156.6
9550,3741,DELIVERY,MEDIUM,2026-08-04 08:12:00,OPEN,31.7,262.2
9551,4905,ACCOUNT,HIGH,2026-09-08 13:40:00,RESOLVED,11.3,224.5
9552,6243,ACCOUNT,MEDIUM,2026-09-06 20:43:00,RESOLVED,25.5,321.9
9553,1568,REFUND,HIGH,2026-08-03 17:52:00,RESOLVED,32.4,591.6
9554,1656,PRODUCT,LOW,2026-09-07 14:58:00,RESOLVED,14.3,70.3
9555,9591,PAYMENT,MEDIUM,2026-09-01 18:56:00,RESOLVED,10.8,321.2
9556,5749,PRODUCT,LOW,2026-09-06 04:56:00,OPEN,1.4,374.4
9557,2269,REFUND,MEDIUM,2026-08-10 06:15:00,RESOLVED,36.5,422.1
9558,6632,ACCOUNT,HIGH,2026-08-15 14:08:00,OPEN,11.1,281.4
9559,8930,ACCOUNT,LOW,2026-08-21 03:34:00,RESOLVED,35.1,362.7
9560,7637,PAYMENT,MEDIUM,2026-08-20 04:24:00,PENDING,19.2,125.3
9561,4003,ACCOUNT,LOW,2026-08-29 23:11:00,RESOLVED,22.2,189.0
9562,6605,REFUND,MEDIUM,2026-09-06 13:19:00,RESOLVED,11.4,222.1
9563,8957,PRODUCT,LOW,2026-09-04 21:24:00,OPEN,21.3,281.1
9564,2501,ACCOUNT,MEDIUM,2026-09-05 09:40:00,RESOLVED,20.6,177.2
9565,7904,PRODUCT,CRITICAL,2026-08-14 01:24:00,RESOLVED,6.1,117.8
9566,9974,ACCOUNT,LOW,2026-08-01 10:59:00,RESOLVED,8.4,255.7
9567,3452,REFUND,LOW,2026-08-08 01:41:00,RESOLVED,15.2,357.5
9568,8883,DELIVERY,LOW,2026-08-08 03:52:00,RESOLVED,57.6,275.7
9569,222,PAYMENT,MEDIUM,2026-09-01 02:51:00,RESOLVED,5.1,136.9
9570,3736,REFUND,LOW,2026-08-17 07:59:00,OPEN,3.3,294.9
9571,2765,PRODUCT,CRITICAL,2026-08-16 00:36:00,PENDING,7.5,431.2
9572,292,REFUND,MEDIUM,2026-08-31 00:38:00,RESOLVED,48.8,282.0
9573,6028,ACCOUNT,MEDIUM,2026-08-03 21:01:00,RESOLVED,3.0,466.5
9574,5288,DELIVERY,LOW,2026-08-16 07:54:00,OPEN,20.5,125.0
9575,3793,ACCOUNT,MEDIUM,2026-08-17 00:40:00,RESOLVED,5.2,423.5
9576,8652,REFUND,HIGH,2026-08-09 05:55:00,RESOLVED,18.7,230.0
9577,2483,REFUND,MEDIUM,2026-08-13 22:53:00,RESOLVED,44.3,256.4
9578,8220,DELIVERY,MEDIUM,2026-09-03 03:29:00,RESOLVED,17.0,265.2
9579,6358,PRODUCT,MEDIUM,2026-08-28 11:21:00,RESOLVED,35.9,341.6
9580,8976,PRODUCT,HIGH,2026-08-14 15:19:00,RESOLVED,13.3,238.3
9581,70,ACCOUNT,MEDIUM,2026-09-04 22:04:00,RESOLVED,5.1,267.5
9582,9696,DELIVERY,HIGH,2026-08-05 12:50:00,RESOLVED,50.2,322.1
9583,23,PAYMENT,LOW,2026-09-05 05:24:00,RESOLVED,27.6,321.8
9584,7131,ACCOUNT,MEDIUM,2026-08-26 08:13:00,RESOLVED,25.6,339.6
9585,7526,DELIVERY,MEDIUM,2026-08-09 09:53:00,OPEN,16.9,221.5
9586,1624,PAYMENT,MEDIUM,2026-09-04 14:05:00,PENDING,35.6,272.4
9587,353,REFUND,LOW,2026-08-06 15:17:00,RESOLVED,18.4,223.9
9588,365,REFUND,MEDIUM,2026-08-24 01:40:00,RESOLVED,4.3,24.5
9589,1295,PRODUCT,LOW,2026-08-24 15:08:00,RESOLVED,16.4,130.6
9590,1515,ACCOUNT,MEDIUM,2026-09-09 20:30:00,RESOLVED,32.4,433.0
9591,9672,DELIVERY,LOW,2026-08-09 18:39:00,RESOLVED,26.8,232.2
9592,2011,PRODUCT,MEDIUM,2026-09-04 23:05:00,OPEN,4.0,159.1
9593,8053,REFUND,MEDIUM,2026-08-06 16:16:00,RESOLVED,3.5,111.7
9594,614,PRODUCT,LOW,2026-08-10 18:53:00,RESOLVED,21.5,233.0
9595,6544,ACCOUNT,MEDIUM,2026-08-02 11:40:00,RESOLVED,18.0,205.4
9596,4535,ACCOUNT,LOW,2026-08-14 04:05:00,PENDING,12.1,76.1
9597,5404,DELIVERY,MEDIUM,2026-08-30 02:02:00,RESOLVED,41.2,81.2
9598,7839,ACCOUNT,HIGH,2026-08-08 19:55:00,RESOLVED,18.8,323.2
9599,2098,ACCOUNT,HIGH,2026-08-03 21:51:00,RESOLVED,21.9,293.0
9600,43,PRODUCT,MEDIUM,2026-08-23 07:22:00,RESOLVED,6.6,301.2
9601,2209,REFUND,MEDIUM,2026-08-01 05:15:00,OPEN,27.3,317.1
9602,8037,PRODUCT,MEDIUM,2026-08-27 01:57:00,RESOLVED,15.9,278.2
9603,5915,DELIVERY,MEDIUM,2026-08-31 00:27:00,PENDING,9.7,247.0
9604,9254,REFUND,LOW,2026-08-30 23:39:00,OPEN,27.4,448.9
9605,8345,ACCOUNT,LOW,2026-08-04 16:03:00,PENDING,40.1,128.1
9606,1520,PRODUCT,HIGH,2026-08-22 04:28:00,RESOLVED,10.8,366.3
9607,578,REFUND,LOW,2026-08-13 21:02:00,RESOLVED,25.5,167.1
9608,214,PAYMENT,LOW,2026-08-05 21:36:00,RESOLVED,13.3,325.2
9609,1892,DELIVERY,LOW,2026-08-07 11:21:00,RESOLVED,22.6,192.9
9610,4794,ACCOUNT,LOW,2026-08-11 00:21:00,PENDING,4.5,244.0
9611,165,PAYMENT,LOW,2026-08-31 03:34:00,RESOLVED,4.7,468.6
9612,8686,PAYMENT,MEDIUM,2026-08-19 17:35:00,RESOLVED,23.4,90.5
9613,4785,REFUND,MEDIUM,2026-08-04 12:41:00,RESOLVED,9.4,194.3
9614,7369,REFUND,HIGH,2026-08-11 18:35:00,RESOLVED,26.8,396.5
9615,8729,REFUND,MEDIUM,2026-08-08 02:29:00,RESOLVED,18.8,238.9
9616,347,PAYMENT,HIGH,2026-08-03 00:40:00,RESOLVED,7.2,119.5
9617,4339,PAYMENT,MEDIUM,2026-09-05 00:48:00,RESOLVED,17.0,336.6
9618,6733,PAYMENT,LOW,2026-09-05 13:57:00,RESOLVED,15.4,255.4
9619,9968,PAYMENT,HIGH,2026-08-03 07:16:00,RESOLVED,31.4,303.5
9620,8178,PAYMENT,MEDIUM,2026-08-21 20:28:00,PENDING,21.2,167.3
9621,2170,REFUND,HIGH,2026-09-04 09:47:00,RESOLVED,13.9,649.6
9622,2711,PAYMENT,LOW,2026-08-24 19:28:00,RESOLVED,25.6,459.7
9623,7995,REFUND,MEDIUM,2026-08-14 15:40:00,RESOLVED,29.0,280.5
9624,6535,ACCOUNT,LOW,2026-08-05 02:18:00,PENDING,6.5,184.8
9625,2497,PRODUCT,LOW,2026-08-04 17:17:00,RESOLVED,22.9,130.4
9626,4940,REFUND,MEDIUM,2026-09-06 10:07:00,RESOLVED,3.9,296.4
9627,9290,PRODUCT,HIGH,2026-08-26 15:00:00,PENDING,7.5,259.9
9628,2057,ACCOUNT,HIGH,2026-09-04 11:57:00,RESOLVED,13.3,72.1
9629,3298,PRODUCT,HIGH,2026-09-09 00:18:00,RESOLVED,1.2,176.5
9630,9016,PRODUCT,HIGH,2026-08-16 14:57:00,OPEN,39.4,178.5
9631,6729,REFUND,HIGH,2026-08-29 03:04:00,RESOLVED,29.8,386.7
9632,2231,DELIVERY,MEDIUM,2026-08-08 22:17:00,PENDING,22.6,165.4
9633,2871,PAYMENT,HIGH,2026-08-27 23:29:00,RESOLVED,5.6,412.8
9634,8405,REFUND,LOW,2026-09-01 18:39:00,RESOLVED,41.6,189.6
9635,2803,DELIVERY,CRITICAL,2026-08-22 09:51:00,RESOLVED,34.0,251.9
9636,7017,ACCOUNT,MEDIUM,2026-08-23 23:14:00,OPEN,13.6,290.2
9637,4958,REFUND,LOW,2026-08-19 02:42:00,RESOLVED,13.2,165.9
9638,2210,ACCOUNT,MEDIUM,2026-09-03 06:17:00,OPEN,29.6,487.9
9639,3683,PRODUCT,HIGH,2026-08-21 06:50:00,RESOLVED,13.7,91.4
9640,7114,DELIVERY,MEDIUM,2026-08-20 06:37:00,RESOLVED,2.7,552.0
9641,8022,DELIVERY,LOW,2026-08-16 04:48:00,RESOLVED,44.0,299.3
9642,261,PAYMENT,MEDIUM,2026-09-05 15:37:00,RESOLVED,17.1,299.8
9643,9057,PRODUCT,HIGH,2026-08-04 13:52:00,PENDING,19.8,445.8
9644,2363,REFUND,MEDIUM,2026-08-29 15:31:00,RESOLVED,9.6,164.1
9645,6488,DELIVERY,LOW,2026-08-18 00:07:00,RESOLVED,27.0,211.7
9646,2855,PRODUCT,MEDIUM,2026-08-15 02:10:00,RESOLVED,21.5,468.0
9647,2677,REFUND,MEDIUM,2026-08-18 12:01:00,RESOLVED,20.0,455.1
9648,8892,DELIVERY,LOW,2026-08-31 04:39:00,OPEN,13.3,204.6
9649,7010,REFUND,LOW,2026-08-15 02:22:00,RESOLVED,14.3,176.4
9650,9154,REFUND,MEDIUM,2026-08-13 20:44:00,OPEN,17.5,60.0
9651,209,PAYMENT,MEDIUM,2026-09-09 16:44:00,RESOLVED,42.8,127.3
9652,2710,REFUND,CRITICAL,2026-08-18 04:18:00,RESOLVED,43.3,422.1
9653,486,PAYMENT,CRITICAL,2026-09-02 02:22:00,RESOLVED,8.3,130.6
9654,4747,PAYMENT,MEDIUM,2026-08-16 23:38:00,RESOLVED,72.6,301.1
9655,4617,DELIVERY,MEDIUM,2026-09-09 01:37:00,OPEN,26.6,197.6
9656,9817,REFUND,LOW,2026-08-17 17:36:00,RESOLVED,29.4,240.6
9657,2310,PAYMENT,MEDIUM,2026-08-15 13:26:00,RESOLVED,16.1,156.2
9658,6660,PRODUCT,MEDIUM,2026-08-30 00:37:00,OPEN,19.1,188.4
9659,9944,DELIVERY,MEDIUM,2026-09-02 15:07:00,RESOLVED,38.2,84.3
9660,698,ACCOUNT,CRITICAL,2026-08-10 19:50:00,RESOLVED,34.3,251.1
9661,4453,DELIVERY,LOW,2026-09-07 12:44:00,RESOLVED,10.2,173.3
9662,3915,PRODUCT,MEDIUM,2026-08-13 22:17:00,RESOLVED,15.2,93.5
9663,263,REFUND,MEDIUM,2026-09-05 19:37:00,RESOLVED,11.0,226.6
9664,4215,ACCOUNT,MEDIUM,2026-08-21 11:45:00,RESOLVED,4.5,312.6
9665,2536,PRODUCT,LOW,2026-08-23 21:39:00,RESOLVED,26.6,218.9
9666,3064,PRODUCT,MEDIUM,2026-08-12 01:44:00,OPEN,16.0,546.0
9667,2127,ACCOUNT,LOW,2026-08-07 12:33:00,RESOLVED,31.8,274.0
9668,5200,DELIVERY,MEDIUM,2026-08-06 07:38:00,RESOLVED,26.2,250.4
9669,3985,ACCOUNT,CRITICAL,2026-08-05 12:34:00,OPEN,9.5,150.9
9670,7361,DELIVERY,MEDIUM,2026-08-29 03:06:00,OPEN,41.0,302.4
9671,3535,PAYMENT,LOW,2026-08-25 12:57:00,PENDING,12.8,473.7
9672,6916,PRODUCT,HIGH,2026-08-24 21:30:00,PENDING,48.4,217.4
9673,5275,ACCOUNT,LOW,2026-09-07 00:55:00,RESOLVED,15.4,441.7
9674,3516,PRODUCT,LOW,2026-09-07 20:27:00,RESOLVED,11.6,111.2
9675,8236,PRODUCT,CRITICAL,2026-08-20 11:06:00,OPEN,11.8,162.9
9676,7367,ACCOUNT,HIGH,2026-08-30 16:52:00,RESOLVED,27.4,152.1
9677,5260,DELIVERY,LOW,2026-08-04 04:07:00,RESOLVED,21.2,266.5
9678,5341,DELIVERY,MEDIUM,2026-08-23 21:13:00,RESOLVED,14.1,158.2
9679,7638,DELIVERY,MEDIUM,2026-08-18 06:34:00,PENDING,21.3,102.0
9680,7696,REFUND,HIGH,2026-08-11 15:58:00,OPEN,53.7,297.0
9681,7123,PAYMENT,MEDIUM,2026-08-16 03:48:00,PENDING,28.4,457.5
9682,1139,ACCOUNT,MEDIUM,2026-08-08 23:36:00,RESOLVED,6.9,69.8
9683,2301,REFUND,LOW,2026-08-21 11:48:00,RESOLVED,13.4,345.0
9684,4048,ACCOUNT,LOW,2026-08-21 22:27:00,RESOLVED,28.3,260.2
9685,5754,PRODUCT,LOW,2026-08-05 18:18:00,RESOLVED,7.6,128.6
9686,3947,PAYMENT,MEDIUM,2026-08-19 10:16:00,RESOLVED,51.1,432.2
9687,8287,PRODUCT,MEDIUM,2026-08-13 16:28:00,OPEN,40.1,470.1
9688,3519,PAYMENT,LOW,2026-08-17 04:48:00,RESOLVED,15.7,173.2
9689,5442,DELIVERY,LOW,2026-09-05 19:52:00,PENDING,37.1,260.5
9690,6981,ACCOUNT,MEDIUM,2026-08-18 15:53:00,RESOLVED,95.5,260.6
9691,3775,DELIVERY,LOW,2026-08-27 04:02:00,RESOLVED,22.1,57.8
9692,5572,PAYMENT,HIGH,2026-08-09 11:40:00,RESOLVED,23.8,233.4
9693,7268,DELIVERY,HIGH,2026-09-08 11:16:00,RESOLVED,7.2,223.2
9694,3859,PRODUCT,MEDIUM,2026-08-17 19:51:00,RESOLVED,10.6,151.7
9695,9709,PRODUCT,HIGH,2026-08-13 13:20:00,OPEN,11.6,21.8
9696,5364,ACCOUNT,MEDIUM,2026-08-02 13:38:00,RESOLVED,22.7,209.3
9697,7865,ACCOUNT,MEDIUM,2026-09-03 22:02:00,RESOLVED,19.6,398.2
9698,7044,REFUND,MEDIUM,2026-08-23 10:05:00,RESOLVED,45.2,245.5
9699,8143,REFUND,LOW,2026-08-06 18:21:00,RESOLVED,25.1,116.7
9700,6752,REFUND,LOW,2026-08-23 06:37:00,PENDING,26.8,156.6
9701,5388,DELIVERY,MEDIUM,2026-08-11 16:42:00,RESOLVED,35.5,127.4
9702,7607,ACCOUNT,LOW,2026-08-27 16:12:00,PENDING,23.9,61.3
9703,4666,DELIVERY,HIGH,2026-08-08 02:39:00,RESOLVED,5.7,191.2
9704,8515,PAYMENT,LOW,2026-08-29 13:14:00,PENDING,82.2,146.6
9705,5018,REFUND,MEDIUM,2026-08-08 03:23:00,RESOLVED,6.5,332.2
9706,7394,DELIVERY,MEDIUM,2026-08-27 22:59:00,OPEN,11.9,143.9
9707,2067,ACCOUNT,LOW,2026-08-12 15:17:00,RESOLVED,10.5,228.5
9708,1802,PAYMENT,LOW,2026-09-02 03:38:00,RESOLVED,2.1,71.6
9709,5648,ACCOUNT,MEDIUM,2026-08-22 06:24:00,RESOLVED,44.2,166.1
9710,8466,PRODUCT,LOW,2026-08-06 07:44:00,OPEN,6.5,684.3
9711,7340,PAYMENT,LOW,2026-09-04 17:54:00,RESOLVED,6.1,206.2
9712,3321,REFUND,LOW,2026-09-05 10:42:00,RESOLVED,30.3,106.7
9713,8560,PAYMENT,MEDIUM,2026-08-13 22:36:00,RESOLVED,34.6,344.8
9714,6660,PRODUCT,HIGH,2026-08-16 12:53:00,RESOLVED,7.1,164.0
9715,5565,DELIVERY,HIGH,2026-08-01 09:50:00,PENDING,11.7,197.3
9716,9910,REFUND,MEDIUM,2026-08-27 16:02:00,RESOLVED,29.0,334.7
9717,7792,REFUND,MEDIUM,2026-08-19 00:53:00,OPEN,18.9,255.5
9718,2947,DELIVERY,CRITICAL,2026-08-05 19:44:00,RESOLVED,15.4,572.4
9719,651,DELIVERY,MEDIUM,2026-08-27 00:59:00,RESOLVED,5.6,255.5
9720,2703,REFUND,HIGH,2026-08-09 23:22:00,PENDING,27.1,347.1
9721,1767,REFUND,HIGH,2026-08-10 08:47:00,OPEN,44.2,336.1
9722,1822,PAYMENT,LOW,2026-09-07 05:35:00,RESOLVED,57.8,259.4
9723,5227,ACCOUNT,MEDIUM,2026-08-30 21:51:00,RESOLVED,43.6,274.9
9724,9841,ACCOUNT,HIGH,2026-08-06 12:03:00,RESOLVED,9.2,90.0
9725,6491,REFUND,LOW,2026-08-23 19:57:00,RESOLVED,14.6,199.7
9726,4270,PAYMENT,LOW,2026-08-19 14:38:00,PENDING,15.1,72.6
9727,2483,DELIVERY,LOW,2026-08-06 18:34:00,RESOLVED,37.1,432.7
9728,7839,ACCOUNT,LOW,2026-08-04 18:44:00,RESOLVED,47.0,450.3
9729,5487,REFUND,LOW,2026-09-04 17:15:00,PENDING,8.1,198.7
9730,493,DELIVERY,MEDIUM,2026-08-04 17:34:00,RESOLVED,44.1,306.2
9731,4662,PRODUCT,HIGH,2026-08-24 23:42:00,RESOLVED,12.2,74.2
9732,1805,REFUND,LOW,2026-09-09 18:10:00,RESOLVED,20.7,244.9
9733,4981,PAYMENT,HIGH,2026-08-16 11:09:00,RESOLVED,53.9,366.6
9734,632,PAYMENT,CRITICAL,2026-08-26 13:02:00,PENDING,7.0,537.5
9735,2136,PRODUCT,MEDIUM,2026-08-18 18:09:00,PENDING,36.6,444.8
9736,8157,ACCOUNT,CRITICAL,2026-08-26 10:38:00,RESOLVED,13.3,483.2
9737,1691,PAYMENT,MEDIUM,2026-08-12 02:16:00,RESOLVED,25.7,208.7
9738,1066,PRODUCT,LOW,2026-08-11 19:53:00,RESOLVED,15.0,191.9
9739,2209,ACCOUNT,LOW,2026-08-23 13:15:00,RESOLVED,4.6,119.0
9740,9232,PRODUCT,MEDIUM,2026-08-07 02:00:00,RESOLVED,24.8,440.1
9741,9481,DELIVERY,HIGH,2026-08-23 12:57:00,RESOLVED,10.5,118.9
9742,6638,REFUND,LOW,2026-08-25 13:18:00,RESOLVED,4.6,374.7
9743,7805,PAYMENT,MEDIUM,2026-09-09 05:58:00,RESOLVED,2.8,429.2
9744,9096,ACCOUNT,HIGH,2026-08-10 23:16:00,RESOLVED,27.9,215.7
9745,2959,PRODUCT,CRITICAL,2026-08-05 06:51:00,RESOLVED,1.4,150.7
9746,4089,ACCOUNT,HIGH,2026-08-11 20:12:00,RESOLVED,23.4,368.3
9747,279,PRODUCT,LOW,2026-09-02 01:21:00,RESOLVED,8.9,79.8
9748,5257,ACCOUNT,LOW,2026-08-17 19:33:00,PENDING,27.5,219.5
9749,9259,PAYMENT,LOW,2026-08-07 14:57:00,RESOLVED,4.5,83.8
9750,276,REFUND,LOW,2026-08-10 00:02:00,RESOLVED,7.7,193.8
9751,7115,PAYMENT,HIGH,2026-09-02 01:00:00,RESOLVED,19.5,214.9
9752,4660,DELIVERY,MEDIUM,2026-09-07 13:53:00,RESOLVED,20.5,291.5
9753,9651,PRODUCT,HIGH,2026-08-07 00:42:00,PENDING,6.8,159.5
9754,5908,PRODUCT,MEDIUM,2026-08-24 02:54:00,RESOLVED,27.8,388.5
9755,4053,DELIVERY,MEDIUM,2026-09-09 07:12:00,OPEN,13.3,225.7
9756,1006,PAYMENT,LOW,2026-08-03 17:49:00,RESOLVED,21.5,131.1
9757,5609,PRODUCT,MEDIUM,2026-08-07 09:57:00,OPEN,33.0,356.8
9758,9813,PRODUCT,HIGH,2026-08-20 07:15:00,RESOLVED,18.6,178.7
9759,129,PRODUCT,MEDIUM,2026-08-03 18:25:00,PENDING,24.4,202.3
9760,44,DELIVERY,HIGH,2026-08-23 10:38:00,RESOLVED,19.0,102.9
9761,8904,REFUND,HIGH,2026-08-28 12:53:00,OPEN,27.3,272.3
9762,2675,PAYMENT,LOW,2026-08-15 08:17:00,RESOLVED,0.8,89.9
9763,6079,DELIVERY,LOW,2026-09-06 16:26:00,OPEN,18.4,221.1
9764,6157,DELIVERY,MEDIUM,2026-09-04 23:02:00,RESOLVED,39.7,105.1
9765,4801,ACCOUNT,MEDIUM,2026-08-29 20:59:00,RESOLVED,22.2,194.1
9766,4977,PAYMENT,LOW,2026-08-21 20:01:00,OPEN,9.3,226.3
9767,6880,PAYMENT,LOW,2026-08-05 03:28:00,RESOLVED,22.4,375.8
9768,2392,DELIVERY,HIGH,2026-08-10 13:19:00,RESOLVED,28.1,240.7
9769,1798,PRODUCT,HIGH,2026-09-08 18:49:00,PENDING,26.0,378.2
9770,9868,ACCOUNT,LOW,2026-08-22 15:32:00,RESOLVED,9.7,140.4
9771,87,ACCOUNT,MEDIUM,2026-08-18 07:38:00,RESOLVED,16.7,383.7
9772,1889,DELIVERY,LOW,2026-08-29 22:03:00,RESOLVED,27.2,177.0
9773,7295,REFUND,LOW,2026-08-10 14:10:00,RESOLVED,16.9,181.5
9774,5684,PAYMENT,LOW,2026-08-13 08:22:00,RESOLVED,66.2,339.9
9775,3223,ACCOUNT,LOW,2026-08-16 10:41:00,RESOLVED,28.6,378.1
9776,1159,DELIVERY,CRITICAL,2026-09-04 21:39:00,RESOLVED,19.5,299.7
9777,3669,REFUND,LOW,2026-08-19 16:27:00,RESOLVED,17.1,311.6
9778,562,DELIVERY,MEDIUM,2026-08-03 06:40:00,OPEN,7.9,74.5
9779,5537,PRODUCT,HIGH,2026-08-19 19:05:00,OPEN,14.4,287.2
9780,4879,PAYMENT,LOW,2026-08-12 21:45:00,OPEN,35.2,175.5
9781,9198,PRODUCT,MEDIUM,2026-08-19 21:56:00,RESOLVED,26.0,196.7
9782,8048,DELIVERY,MEDIUM,2026-09-07 02:29:00,OPEN,31.9,401.0
9783,4698,DELIVERY,LOW,2026-08-13 21:15:00,RESOLVED,11.2,282.6
9784,5314,PAYMENT,LOW,2026-08-11 16:45:00,RESOLVED,28.4,135.8
9785,6894,PAYMENT,HIGH,2026-08-20 00:04:00,RESOLVED,16.4,444.5
9786,2937,DELIVERY,MEDIUM,2026-08-04 00:48:00,RESOLVED,7.2,429.0
9787,6010,REFUND,LOW,2026-08-09 07:56:00,RESOLVED,43.1,225.7
9788,168,PRODUCT,MEDIUM,2026-08-02 19:13:00,RESOLVED,26.2,57.4
9789,9388,DELIVERY,HIGH,2026-09-06 04:15:00,RESOLVED,30.0,515.4
9790,9406,ACCOUNT,MEDIUM,2026-08-31 03:29:00,RESOLVED,3.8,204.8
9791,8896,DELIVERY,CRITICAL,2026-08-07 10:31:00,RESOLVED,8.8,618.4
9792,2119,PRODUCT,HIGH,2026-08-14 10:43:00,RESOLVED,8.0,372.8
9793,7883,PRODUCT,LOW,2026-08-05 10:18:00,OPEN,10.2,816.0
9794,5746,DELIVERY,LOW,2026-08-31 14:07:00,RESOLVED,41.9,320.6
9795,9834,PRODUCT,MEDIUM,2026-08-06 05:53:00,PENDING,8.6,120.1
9796,156,PAYMENT,MEDIUM,2026-08-27 01:22:00,OPEN,24.9,204.9
9797,3974,REFUND,MEDIUM,2026-08-23 23:11:00,RESOLVED,23.6,273.4
9798,973,DELIVERY,MEDIUM,2026-08-31 00:39:00,RESOLVED,10.2,180.5
9799,9461,DELIVERY,LOW,2026-09-04 02:07:00,PENDING,44.6,105.1
9800,1702,PAYMENT,CRITICAL,2026-09-06 16:41:00,PENDING,17.7,110.7
9801,388,REFUND,MEDIUM,2026-08-14 05:34:00,RESOLVED,36.9,276.6
9802,1124,ACCOUNT,MEDIUM,2026-09-02 13:58:00,OPEN,15.2,231.8
9803,9652,PAYMENT,MEDIUM,2026-08-07 23:05:00,RESOLVED,11.4,426.5
9804,5308,DELIVERY,MEDIUM,2026-08-07 01:17:00,RESOLVED,3.4,199.2
9805,1077,ACCOUNT,CRITICAL,2026-09-05 08:31:00,RESOLVED,21.2,564.8
9806,3971,REFUND,LOW,2026-09-06 06:44:00,RESOLVED,47.7,262.2
9807,4257,PRODUCT,MEDIUM,2026-08-27 22:39:00,RESOLVED,27.8,217.3
9808,8013,ACCOUNT,MEDIUM,2026-08-14 10:15:00,RESOLVED,27.5,374.2
9809,2197,PRODUCT,HIGH,2026-08-17 15:09:00,RESOLVED,38.1,182.4
9810,1163,PAYMENT,MEDIUM,2026-09-02 04:19:00,RESOLVED,26.7,83.5
9811,7498,DELIVERY,LOW,2026-08-10 04:46:00,RESOLVED,8.2,261.8
9812,4311,REFUND,MEDIUM,2026-08-21 20:27:00,PENDING,15.0,263.8
9813,1241,PAYMENT,MEDIUM,2026-08-16 17:14:00,RESOLVED,27.3,135.0
9814,4283,ACCOUNT,LOW,2026-08-08 00:17:00,RESOLVED,43.0,470.2
9815,4262,DELIVERY,MEDIUM,2026-08-24 00:36:00,RESOLVED,19.5,371.9
9816,2309,DELIVERY,MEDIUM,2026-08-28 14:14:00,OPEN,32.6,166.3
9817,2006,REFUND,LOW,2026-08-10 06:58:00,PENDING,10.6,179.0
9818,960,PRODUCT,LOW,2026-08-27 18:14:00,RESOLVED,62.1,414.4
9819,8405,ACCOUNT,HIGH,2026-09-06 16:27:00,RESOLVED,28.2,165.6
9820,107,DELIVERY,LOW,2026-09-06 07:33:00,RESOLVED,24.7,300.2
9821,5081,PAYMENT,LOW,2026-09-06 12:04:00,PENDING,27.1,188.6
9822,189,ACCOUNT,MEDIUM,2026-08-17 09:59:00,PENDING,85.5,334.7
9823,8041,ACCOUNT,LOW,2026-08-28 08:17:00,RESOLVED,8.1,72.3
9824,3987,PRODUCT,LOW,2026-08-30 08:52:00,PENDING,7.3,96.5
9825,9813,PRODUCT,CRITICAL,2026-09-08 22:34:00,OPEN,15.4,128.7
9826,543,REFUND,MEDIUM,2026-08-21 17:15:00,OPEN,6.0,63.7
9827,3321,REFUND,LOW,2026-09-03 18:07:00,RESOLVED,2.2,207.0
9828,3946,ACCOUNT,LOW,2026-08-23 00:17:00,RESOLVED,32.5,299.9
9829,688,PRODUCT,LOW,2026-09-02 20:48:00,RESOLVED,27.2,113.2
9830,4375,DELIVERY,MEDIUM,2026-08-14 17:19:00,PENDING,40.8,240.9
9831,4592,DELIVERY,MEDIUM,2026-08-03 22:46:00,PENDING,3.5,251.5
9832,4454,ACCOUNT,LOW,2026-08-15 10:50:00,PENDING,40.6,190.8
9833,5335,DELIVERY,HIGH,2026-08-14 09:53:00,RESOLVED,17.8,192.3
9834,1917,PRODUCT,MEDIUM,2026-09-02 02:31:00,RESOLVED,28.2,225.1
9835,2388,REFUND,HIGH,2026-08-28 16:14:00,RESOLVED,41.1,424.6
9836,4988,DELIVERY,MEDIUM,2026-08-26 09:09:00,PENDING,36.0,192.6
9837,6441,DELIVERY,HIGH,2026-08-08 13:56:00,RESOLVED,36.8,113.5
9838,3924,PAYMENT,LOW,2026-08-28 10:53:00,RESOLVED,27.7,164.2
9839,4570,ACCOUNT,LOW,2026-08-28 07:01:00,RESOLVED,38.6,513.9
9840,9896,DELIVERY,LOW,2026-09-07 05:49:00,OPEN,8.7,141.4
9841,6460,PRODUCT,LOW,2026-08-11 15:50:00,PENDING,4.9,235.3
9842,454,PAYMENT,HIGH,2026-08-28 14:05:00,RESOLVED,4.2,267.7
9843,3607,PRODUCT,MEDIUM,2026-08-04 01:18:00,RESOLVED,42.3,559.0
9844,539,PAYMENT,LOW,2026-08-30 09:03:00,RESOLVED,3.6,273.7
9845,8753,DELIVERY,LOW,2026-09-02 12:36:00,RESOLVED,28.2,239.0
9846,8246,PAYMENT,MEDIUM,2026-08-31 21:59:00,PENDING,4.6,324.6
9847,4658,ACCOUNT,MEDIUM,2026-08-19 01:55:00,RESOLVED,38.8,275.2
9848,2661,ACCOUNT,HIGH,2026-08-18 03:52:00,RESOLVED,4.8,421.0
9849,7191,REFUND,HIGH,2026-08-02 09:12:00,PENDING,3.2,158.0
9850,1838,ACCOUNT,HIGH,2026-08-19 09:45:00,RESOLVED,5.0,101.8
9851,7702,DELIVERY,LOW,2026-08-29 18:52:00,RESOLVED,4.2,309.7
9852,8745,PAYMENT,MEDIUM,2026-09-09 03:45:00,RESOLVED,10.9,323.8
9853,1798,PRODUCT,MEDIUM,2026-08-05 07:00:00,RESOLVED,28.0,131.9
9854,5328,PRODUCT,HIGH,2026-08-23 09:19:00,PENDING,58.2,124.9
9855,1546,DELIVERY,LOW,2026-08-10 20:59:00,PENDING,8.6,318.1
9856,6158,DELIVERY,MEDIUM,2026-08-16 00:49:00,RESOLVED,11.6,193.6
9857,6749,PRODUCT,MEDIUM,2026-09-01 08:50:00,PENDING,50.8,399.1
9858,80,ACCOUNT,MEDIUM,2026-08-03 07:56:00,RESOLVED,18.8,130.1
9859,9449,PRODUCT,LOW,2026-08-03 04:59:00,RESOLVED,52.5,191.9
9860,2608,ACCOUNT,LOW,2026-08-09 14:40:00,RESOLVED,7.6,279.6
9861,4636,ACCOUNT,HIGH,2026-08-11 03:19:00,OPEN,15.8,400.5
9862,2593,ACCOUNT,LOW,2026-09-01 02:53:00,RESOLVED,5.9,170.2
9863,9053,PRODUCT,MEDIUM,2026-08-11 21:29:00,RESOLVED,15.6,522.7
9864,7609,PRODUCT,MEDIUM,2026-09-07 01:38:00,RESOLVED,17.1,270.2
9865,9898,PRODUCT,LOW,2026-09-09 01:06:00,RESOLVED,20.8,597.1
9866,3856,REFUND,MEDIUM,2026-09-01 09:07:00,RESOLVED,33.8,141.0
9867,5626,PAYMENT,LOW,2026-08-20 02:40:00,RESOLVED,48.6,340.0
9868,5775,REFUND,MEDIUM,2026-09-01 20:02:00,RESOLVED,6.1,186.9
9869,2301,PAYMENT,LOW,2026-08-07 12:20:00,RESOLVED,24.7,280.1
9870,9320,PAYMENT,MEDIUM,2026-09-05 01:04:00,RESOLVED,36.0,157.4
9871,8643,DELIVERY,MEDIUM,2026-08-14 09:17:00,PENDING,15.8,186.4
9872,9847,DELIVERY,HIGH,2026-08-18 19:01:00,RESOLVED,5.7,207.1
9873,4572,ACCOUNT,LOW,2026-09-05 22:15:00,RESOLVED,37.0,344.1
9874,1274,PAYMENT,LOW,2026-08-06 13:45:00,RESOLVED,12.3,184.8
9875,1589,DELIVERY,LOW,2026-08-05 00:35:00,RESOLVED,50.3,328.9
9876,5559,REFUND,LOW,2026-08-25 18:41:00,OPEN,4.2,343.8
9877,8185,ACCOUNT,MEDIUM,2026-09-09 07:27:00,RESOLVED,27.2,231.3
9878,6992,PRODUCT,HIGH,2026-09-06 08:51:00,RESOLVED,55.0,587.0
9879,7326,ACCOUNT,MEDIUM,2026-09-09 12:15:00,RESOLVED,8.2,202.7
9880,7821,PRODUCT,LOW,2026-08-18 19:22:00,RESOLVED,29.9,138.7
9881,8428,PRODUCT,CRITICAL,2026-08-25 14:55:00,RESOLVED,6.0,62.7
9882,9202,REFUND,MEDIUM,2026-09-02 16:03:00,RESOLVED,11.6,269.1
9883,3631,ACCOUNT,MEDIUM,2026-08-08 08:00:00,OPEN,15.9,431.1
9884,7284,PRODUCT,MEDIUM,2026-09-05 00:33:00,RESOLVED,24.0,179.5
9885,2786,REFUND,MEDIUM,2026-09-03 16:48:00,RESOLVED,31.0,184.3
9886,6900,REFUND,HIGH,2026-08-04 04:46:00,RESOLVED,9.2,177.8
9887,555,PRODUCT,LOW,2026-08-20 05:20:00,RESOLVED,4.5,305.2
9888,541,REFUND,MEDIUM,2026-08-18 02:00:00,RESOLVED,34.9,416.1
9889,1998,PRODUCT,MEDIUM,2026-09-01 23:27:00,RESOLVED,9.8,258.6
9890,5449,PAYMENT,CRITICAL,2026-08-19 03:37:00,RESOLVED,53.6,472.3
9891,9106,REFUND,MEDIUM,2026-09-07 06:04:00,PENDING,9.5,228.5
9892,5988,DELIVERY,LOW,2026-08-18 07:32:00,OPEN,3.2,272.9
9893,5613,PRODUCT,CRITICAL,2026-08-20 07:34:00,PENDING,38.1,108.4
9894,6965,REFUND,MEDIUM,2026-08-11 13:08:00,RESOLVED,17.9,375.1
9895,8864,PAYMENT,MEDIUM,2026-09-03 19:49:00,RESOLVED,53.6,104.7
9896,5834,REFUND,LOW,2026-08-20 13:24:00,OPEN,23.1,235.3
9897,7379,DELIVERY,HIGH,2026-08-20 16:36:00,RESOLVED,15.5,359.1
9898,4095,DELIVERY,MEDIUM,2026-08-29 22:15:00,RESOLVED,53.1,238.3
9899,9951,ACCOUNT,CRITICAL,2026-08-31 15:01:00,RESOLVED,23.9,221.3
9900,4875,REFUND,MEDIUM,2026-08-28 04:26:00,PENDING,16.4,204.7
9901,8930,PAYMENT,LOW,2026-08-07 12:00:00,PENDING,16.1,310.2
9902,9674,PAYMENT,HIGH,2026-09-07 04:44:00,RESOLVED,35.1,209.0
9903,8828,REFUND,LOW,2026-09-03 00:52:00,RESOLVED,11.0,159.2
9904,3292,ACCOUNT,LOW,2026-08-30 09:51:00,PENDING,59.5,295.7
9905,3734,ACCOUNT,HIGH,2026-08-23 03:10:00,RESOLVED,13.3,559.8
9906,7845,DELIVERY,CRITICAL,2026-08-31 04:21:00,RESOLVED,7.1,176.9
9907,9288,DELIVERY,HIGH,2026-08-29 06:52:00,RESOLVED,5.6,254.5
9908,6075,REFUND,LOW,2026-08-12 13:54:00,PENDING,33.2,791.6
9909,7774,DELIVERY,MEDIUM,2026-08-19 18:32:00,OPEN,46.5,375.9
9910,4439,DELIVERY,MEDIUM,2026-08-02 06:01:00,RESOLVED,30.4,341.8
9911,8571,ACCOUNT,MEDIUM,2026-08-01 03:34:00,OPEN,33.7,117.2
9912,4144,DELIVERY,MEDIUM,2026-08-21 12:35:00,RESOLVED,31.0,212.1
9913,6220,DELIVERY,MEDIUM,2026-08-31 02:17:00,RESOLVED,21.5,368.2
9914,5373,REFUND,LOW,2026-09-01 03:39:00,RESOLVED,20.9,186.2
9915,8364,PAYMENT,MEDIUM,2026-09-02 22:01:00,OPEN,8.5,142.9
9916,7998,PAYMENT,LOW,2026-08-16 22:25:00,PENDING,42.9,185.4
9917,8393,PRODUCT,HIGH,2026-08-22 15:56:00,RESOLVED,61.0,332.0
9918,1222,PRODUCT,HIGH,2026-09-02 13:46:00,RESOLVED,12.5,284.5
9919,2456,DELIVERY,MEDIUM,2026-08-02 07:55:00,RESOLVED,5.6,244.7
9920,9107,PRODUCT,HIGH,2026-08-25 19:32:00,OPEN,21.2,442.9
9921,1303,DELIVERY,HIGH,2026-08-16 15:36:00,RESOLVED,29.6,293.0
9922,7742,ACCOUNT,HIGH,2026-08-14 06:43:00,RESOLVED,41.3,246.4
9923,6344,REFUND,HIGH,2026-08-23 20:08:00,RESOLVED,66.1,419.7
9924,3491,ACCOUNT,LOW,2026-08-14 16:41:00,RESOLVED,28.2,533.0
9925,380,ACCOUNT,HIGH,2026-08-24 15:27:00,OPEN,22.0,220.1
9926,102,DELIVERY,LOW,2026-08-28 07:25:00,RESOLVED,25.5,269.7
9927,8923,REFUND,CRITICAL,2026-08-21 10:01:00,RESOLVED,2.2,143.8
9928,1053,DELIVERY,MEDIUM,2026-08-24 01:08:00,PENDING,8.2,90.0
9929,7450,ACCOUNT,MEDIUM,2026-08-16 19:45:00,PENDING,24.6,270.7
9930,1444,PAYMENT,LOW,2026-08-03 16:19:00,PENDING,31.7,229.5
9931,3970,ACCOUNT,LOW,2026-08-14 13:06:00,RESOLVED,18.7,141.0
9932,1036,PAYMENT,LOW,2026-08-23 02:16:00,RESOLVED,37.7,468.9
9933,6370,ACCOUNT,LOW,2026-08-15 11:40:00,RESOLVED,25.9,288.9
9934,1028,PAYMENT,MEDIUM,2026-08-02 17:46:00,OPEN,27.8,495.7
9935,6263,DELIVERY,LOW,2026-08-21 09:47:00,PENDING,25.2,220.5
9936,9602,PAYMENT,HIGH,2026-08-22 21:11:00,RESOLVED,41.4,231.9
9937,7420,PRODUCT,HIGH,2026-09-05 01:22:00,PENDING,22.2,670.5
9938,6585,ACCOUNT,MEDIUM,2026-09-07 02:29:00,RESOLVED,20.7,214.8
9939,9062,ACCOUNT,HIGH,2026-08-24 04:59:00,OPEN,20.5,270.4
9940,8207,PAYMENT,MEDIUM,2026-08-04 16:07:00,RESOLVED,19.2,497.1
9941,7330,ACCOUNT,HIGH,2026-09-01 14:00:00,RESOLVED,32.3,469.5
9942,5629,ACCOUNT,MEDIUM,2026-08-20 08:31:00,RESOLVED,19.9,164.7
9943,3901,ACCOUNT,MEDIUM,2026-08-24 21:02:00,RESOLVED,23.0,321.7
9944,6195,ACCOUNT,LOW,2026-08-31 23:45:00,RESOLVED,18.5,209.6
9945,1066,REFUND,HIGH,2026-08-26 10:50:00,RESOLVED,18.2,171.6
9946,8810,PAYMENT,HIGH,2026-08-18 03:40:00,RESOLVED,7.0,145.9
9947,8851,DELIVERY,LOW,2026-09-03 19:44:00,RESOLVED,3.4,55.4
9948,2620,DELIVERY,LOW,2026-08-15 09:26:00,OPEN,11.6,473.8
9949,7571,ACCOUNT,HIGH,2026-08-26 22:43:00,OPEN,32.9,242.5
9950,6946,REFUND,CRITICAL,2026-08-24 02:23:00,OPEN,46.2,204.7
9951,8540,PAYMENT,MEDIUM,2026-09-02 18:13:00,RESOLVED,8.9,203.3
9952,8994,REFUND,LOW,2026-09-04 04:08:00,RESOLVED,10.1,221.3
9953,7437,ACCOUNT,MEDIUM,2026-08-10 08:08:00,PENDING,34.2,120.9
9954,9363,ACCOUNT,LOW,2026-09-04 16:02:00,PENDING,7.1,100.4
9955,3252,PRODUCT,HIGH,2026-08-24 12:52:00,RESOLVED,19.3,573.7
9956,4441,ACCOUNT,LOW,2026-08-11 19:46:00,RESOLVED,6.1,246.5
9957,1491,PAYMENT,LOW,2026-08-25 14:07:00,RESOLVED,46.6,111.1
9958,8568,DELIVERY,MEDIUM,2026-09-08 16:24:00,RESOLVED,32.5,128.3
9959,2775,PRODUCT,MEDIUM,2026-08-25 16:06:00,RESOLVED,15.6,297.4
9960,5039,DELIVERY,HIGH,2026-08-07 12:06:00,OPEN,15.4,223.9
9961,1628,PAYMENT,MEDIUM,2026-08-20 19:28:00,RESOLVED,31.9,174.7
9962,2579,ACCOUNT,LOW,2026-08-09 11:32:00,RESOLVED,33.0,134.0
9963,6751,DELIVERY,LOW,2026-08-11 11:09:00,RESOLVED,8.5,115.2
9964,2510,PAYMENT,MEDIUM,2026-08-29 00:09:00,RESOLVED,13.3,265.9
9965,5156,PRODUCT,LOW,2026-08-05 13:46:00,RESOLVED,2.1,131.4
9966,4518,PRODUCT,MEDIUM,2026-09-04 16:15:00,RESOLVED,42.5,240.2
9967,6148,PAYMENT,MEDIUM,2026-09-06 03:57:00,OPEN,42.3,855.9
9968,2579,REFUND,MEDIUM,2026-08-08 10:01:00,RESOLVED,20.4,313.5
9969,4848,REFUND,LOW,2026-08-13 12:18:00,RESOLVED,26.4,311.3
9970,300,DELIVERY,HIGH,2026-08-14 00:10:00,RESOLVED,13.2,172.1
9971,5183,PRODUCT,MEDIUM,2026-08-03 00:40:00,RESOLVED,9.9,215.8
9972,1056,REFUND,MEDIUM,2026-08-04 02:12:00,RESOLVED,8.6,200.6
9973,7284,PRODUCT,MEDIUM,2026-08-30 17:42:00,PENDING,3.7,328.3
9974,8493,DELIVERY,MEDIUM,2026-08-19 09:37:00,RESOLVED,11.8,560.1
9975,4016,REFUND,MEDIUM,2026-08-10 04:46:00,RESOLVED,10.0,273.5
9976,8826,REFUND,HIGH,2026-08-21 16:05:00,OPEN,26.2,217.0
9977,3924,PRODUCT,MEDIUM,2026-08-10 19:42:00,OPEN,60.5,384.3
9978,8731,DELIVERY,LOW,2026-08-24 14:54:00,RESOLVED,15.5,229.3
9979,5198,PAYMENT,HIGH,2026-08-08 02:10:00,RESOLVED,4.7,321.4
9980,5538,PAYMENT,MEDIUM,2026-08-08 11:48:00,RESOLVED,8.1,460.2
9981,4086,REFUND,LOW,2026-09-03 10:34:00,RESOLVED,8.9,143.2
9982,9353,PRODUCT,LOW,2026-08-12 01:38:00,PENDING,32.0,304.1
9983,7064,ACCOUNT,MEDIUM,2026-08-12 12:53:00,PENDING,36.3,397.6
9984,4991,DELIVERY,MEDIUM,2026-08-31 04:53:00,RESOLVED,25.9,165.2
9985,7957,ACCOUNT,HIGH,2026-08-17 04:50:00,RESOLVED,6.6,281.7
9986,4626,ACCOUNT,LOW,2026-08-05 09:24:00,RESOLVED,37.1,114.4
9987,8764,ACCOUNT,MEDIUM,2026-08-31 18:51:00,RESOLVED,4.6,112.6
9988,4744,DELIVERY,LOW,2026-08-01 03:56:00,PENDING,22.7,340.1
9989,8100,REFUND,MEDIUM,2026-08-18 19:26:00,RESOLVED,31.0,190.0
9990,2542,PRODUCT,HIGH,2026-08-16 13:53:00,RESOLVED,19.2,232.3
9991,5664,REFUND,LOW,2026-08-27 12:04:00,RESOLVED,18.9,63.0
9992,6136,REFUND,HIGH,2026-08-24 04:06:00,RESOLVED,10.9,413.9
9993,5274,PAYMENT,LOW,2026-08-24 06:28:00,RESOLVED,7.0,173.7
9994,4490,ACCOUNT,HIGH,2026-09-05 15:49:00,RESOLVED,47.5,227.9
9995,14,DELIVERY,MEDIUM,2026-08-24 19:29:00,OPEN,18.8,159.0
9996,9747,DELIVERY,MEDIUM,2026-08-02 13:45:00,RESOLVED,16.6,225.7
9997,2159,ACCOUNT,HIGH,2026-08-03 08:45:00,RESOLVED,45.7,213.4
9998,1720,PAYMENT,MEDIUM,2026-08-14 08:49:00,RESOLVED,3.6,111.1
9999,8113,DELIVERY,HIGH,2026-08-01 12:55:00,RESOLVED,58.5,142.8
10000,768,ACCOUNT,MEDIUM,2026-09-04 06:16:00,OPEN,18.0,139.6
10001,7635,REFUND,MEDIUM,2026-08-31 16:03:00,RESOLVED,19.9,134.0
10002,3512,DELIVERY,LOW,2026-08-29 12:24:00,OPEN,11.1,329.4
10003,7202,PRODUCT,MEDIUM,2026-08-28 10:28:00,OPEN,16.0,228.8
10004,2156,PRODUCT,HIGH,2026-08-26 07:44:00,RESOLVED,5.1,253.3
10005,7029,DELIVERY,MEDIUM,2026-08-14 20:55:00,RESOLVED,22.5,122.9
10006,9920,PRODUCT,HIGH,2026-08-01 09:27:00,RESOLVED,42.8,156.8
10007,5043,REFUND,CRITICAL,2026-08-05 21:13:00,RESOLVED,16.3,138.1
10008,5586,REFUND,LOW,2026-08-19 14:10:00,RESOLVED,22.8,264.2
10009,6130,PRODUCT,MEDIUM,2026-08-11 01:55:00,RESOLVED,19.1,450.4
10010,3598,DELIVERY,HIGH,2026-09-09 03:00:00,OPEN,37.1,132.9
10011,5510,DELIVERY,LOW,2026-09-02 20:17:00,RESOLVED,11.9,132.8
10012,6428,ACCOUNT,LOW,2026-08-27 19:26:00,OPEN,37.2,75.6
10013,247,ACCOUNT,LOW,2026-08-17 07:57:00,RESOLVED,12.2,210.6
10014,4532,ACCOUNT,HIGH,2026-09-02 14:44:00,RESOLVED,22.8,192.6
10015,5270,PRODUCT,CRITICAL,2026-08-17 05:57:00,RESOLVED,22.4,342.7
10016,2089,DELIVERY,HIGH,2026-08-21 13:00:00,OPEN,41.7,492.1
10017,4708,REFUND,MEDIUM,2026-08-29 13:06:00,RESOLVED,50.9,203.9
10018,3946,ACCOUNT,MEDIUM,2026-08-15 11:03:00,RESOLVED,11.7,305.0
10019,5542,PRODUCT,LOW,2026-08-21 08:29:00,RESOLVED,16.6,73.7
10020,2864,ACCOUNT,CRITICAL,2026-08-13 20:02:00,RESOLVED,48.3,245.9
10021,8981,PAYMENT,HIGH,2026-08-07 17:03:00,RESOLVED,15.4,448.6
10022,6376,PAYMENT,MEDIUM,2026-09-01 20:49:00,RESOLVED,6.0,387.7
10023,6268,PRODUCT,LOW,2026-09-09 04:01:00,RESOLVED,57.3,305.9
10024,8166,PRODUCT,HIGH,2026-08-19 10:51:00,PENDING,34.3,767.7
10025,213,PRODUCT,HIGH,2026-08-02 18:03:00,RESOLVED,18.6,269.6
10026,2626,DELIVERY,CRITICAL,2026-08-13 21:27:00,RESOLVED,11.1,197.8
10027,1808,REFUND,MEDIUM,2026-09-05 10:39:00,RESOLVED,9.1,265.0
10028,6214,PAYMENT,LOW,2026-08-27 05:26:00,RESOLVED,9.4,185.0
10029,3423,PRODUCT,MEDIUM,2026-08-11 13:03:00,RESOLVED,31.4,473.7
10030,7085,ACCOUNT,MEDIUM,2026-09-09 22:29:00,RESOLVED,42.9,272.5
10031,9422,REFUND,HIGH,2026-08-06 02:54:00,RESOLVED,6.4,304.8
10032,3701,PRODUCT,LOW,2026-08-18 05:08:00,PENDING,12.9,364.7
10033,3307,PRODUCT,MEDIUM,2026-08-20 23:25:00,RESOLVED,4.8,293.0
10034,4876,REFUND,HIGH,2026-08-07 13:28:00,RESOLVED,15.4,187.3
10035,4892,DELIVERY,LOW,2026-08-08 11:44:00,RESOLVED,14.9,56.4
10036,3589,PRODUCT,MEDIUM,2026-08-26 16:20:00,RESOLVED,21.9,271.2
10037,3462,REFUND,HIGH,2026-08-02 22:14:00,PENDING,2.3,334.4
10038,3730,REFUND,MEDIUM,2026-08-17 00:36:00,RESOLVED,16.8,604.6
10039,4874,REFUND,MEDIUM,2026-08-29 02:37:00,PENDING,25.8,561.3
10040,4463,REFUND,HIGH,2026-08-24 14:07:00,PENDING,21.9,328.7
10041,4566,DELIVERY,LOW,2026-08-16 08:56:00,RESOLVED,30.2,319.6
10042,2955,DELIVERY,MEDIUM,2026-09-09 21:09:00,PENDING,23.9,181.7
10043,6337,ACCOUNT,HIGH,2026-08-20 13:17:00,OPEN,3.0,174.4
10044,4884,DELIVERY,LOW,2026-08-19 07:42:00,RESOLVED,45.2,233.7
10045,2293,PAYMENT,LOW,2026-08-26 18:33:00,RESOLVED,40.2,127.7
10046,7523,PAYMENT,LOW,2026-08-13 02:42:00,OPEN,10.6,31.3
10047,8807,PRODUCT,MEDIUM,2026-08-16 09:13:00,RESOLVED,16.6,118.3
10048,3943,REFUND,MEDIUM,2026-09-09 05:30:00,RESOLVED,8.2,298.6
10049,5226,ACCOUNT,MEDIUM,2026-08-09 21:03:00,RESOLVED,26.3,84.4
10050,9455,PRODUCT,MEDIUM,2026-08-27 16:37:00,RESOLVED,27.4,87.7
10051,3158,PAYMENT,MEDIUM,2026-09-01 08:45:00,PENDING,38.6,295.2
10052,2180,ACCOUNT,MEDIUM,2026-08-13 05:18:00,RESOLVED,17.2,144.3
10053,3462,REFUND,HIGH,2026-08-13 14:05:00,RESOLVED,23.0,234.5
10054,4496,PAYMENT,MEDIUM,2026-08-13 16:24:00,RESOLVED,8.5,264.1
10055,4439,PAYMENT,HIGH,2026-08-18 10:44:00,PENDING,31.9,375.2
10056,6017,DELIVERY,MEDIUM,2026-08-25 04:35:00,RESOLVED,44.3,209.3
10057,2765,DELIVERY,MEDIUM,2026-08-31 03:01:00,PENDING,35.7,271.5
10058,5433,ACCOUNT,LOW,2026-08-15 12:37:00,RESOLVED,51.2,797.4
10059,1076,DELIVERY,MEDIUM,2026-08-20 19:35:00,RESOLVED,16.8,108.6
10060,9470,DELIVERY,MEDIUM,2026-08-31 22:00:00,OPEN,6.0,821.2
10061,2948,DELIVERY,HIGH,2026-08-01 09:38:00,RESOLVED,1.3,462.6
10062,3244,PAYMENT,MEDIUM,2026-08-08 17:19:00,RESOLVED,14.2,257.8
10063,1613,REFUND,HIGH,2026-08-05 11:54:00,RESOLVED,16.8,188.4
10064,3777,REFUND,LOW,2026-08-08 15:05:00,RESOLVED,31.3,406.1
10065,9745,ACCOUNT,MEDIUM,2026-09-04 08:15:00,RESOLVED,15.4,202.7
10066,5957,ACCOUNT,MEDIUM,2026-08-10 07:23:00,RESOLVED,8.0,180.3
10067,6672,ACCOUNT,LOW,2026-09-08 11:06:00,OPEN,28.3,608.1
10068,5964,REFUND,MEDIUM,2026-09-04 22:54:00,PENDING,24.0,276.4
10069,3342,DELIVERY,LOW,2026-08-16 00:23:00,RESOLVED,36.4,324.4
10070,7875,ACCOUNT,LOW,2026-08-04 15:37:00,RESOLVED,43.6,216.7
10071,3429,PAYMENT,MEDIUM,2026-08-10 09:11:00,RESOLVED,41.6,335.8
10072,7946,ACCOUNT,CRITICAL,2026-08-25 01:02:00,RESOLVED,24.5,134.7
10073,9860,DELIVERY,HIGH,2026-08-19 11:53:00,OPEN,18.7,308.8
10074,109,ACCOUNT,CRITICAL,2026-09-04 13:07:00,RESOLVED,3.3,230.9
10075,1674,REFUND,LOW,2026-08-15 05:08:00,RESOLVED,30.3,187.3
10076,7642,PRODUCT,LOW,2026-08-08 01:51:00,RESOLVED,35.4,261.1
10077,1212,DELIVERY,LOW,2026-08-27 21:51:00,RESOLVED,8.2,342.1
10078,7179,PRODUCT,MEDIUM,2026-09-06 18:11:00,RESOLVED,3.3,165.0
10079,2462,PAYMENT,CRITICAL,2026-08-23 07:05:00,RESOLVED,14.5,154.1
10080,5858,ACCOUNT,MEDIUM,2026-08-29 10:44:00,RESOLVED,44.4,200.7
10081,6523,DELIVERY,MEDIUM,2026-08-24 08:10:00,OPEN,17.3,284.2
10082,3170,REFUND,LOW,2026-08-10 04:46:00,RESOLVED,5.0,221.5
10083,8577,PRODUCT,MEDIUM,2026-08-23 00:32:00,RESOLVED,25.1,246.7
10084,9071,ACCOUNT,HIGH,2026-09-09 05:13:00,PENDING,9.7,349.3
10085,2186,ACCOUNT,MEDIUM,2026-09-09 20:17:00,RESOLVED,47.1,78.2
10086,7383,DELIVERY,MEDIUM,2026-09-03 07:02:00,RESOLVED,8.1,274.6
10087,6731,DELIVERY,MEDIUM,2026-08-21 11:47:00,RESOLVED,19.1,423.9
10088,2573,REFUND,MEDIUM,2026-08-03 06:36:00,RESOLVED,7.8,225.7
10089,8160,DELIVERY,MEDIUM,2026-08-18 10:22:00,RESOLVED,26.5,442.0
10090,3053,PAYMENT,HIGH,2026-09-03 00:16:00,RESOLVED,19.7,97.0
10091,2560,PAYMENT,MEDIUM,2026-09-07 14:51:00,RESOLVED,42.1,249.1
10092,7105,ACCOUNT,LOW,2026-08-24 01:39:00,RESOLVED,36.0,408.9
10093,1193,DELIVERY,MEDIUM,2026-08-02 03:21:00,RESOLVED,16.5,261.3
10094,9177,REFUND,LOW,2026-09-05 14:07:00,RESOLVED,16.8,239.2
10095,3846,REFUND,LOW,2026-09-03 11:52:00,PENDING,19.4,186.8
10096,4906,PAYMENT,LOW,2026-08-24 14:11:00,PENDING,25.0,574.3
10097,6795,REFUND,HIGH,2026-08-17 09:22:00,RESOLVED,90.2,267.9
10098,8792,PRODUCT,LOW,2026-09-01 20:08:00,RESOLVED,32.3,245.5
10099,7701,ACCOUNT,CRITICAL,2026-08-13 00:48:00,OPEN,17.7,304.6
10100,3822,PRODUCT,LOW,2026-09-03 07:23:00,OPEN,4.4,171.0
10101,7500,PRODUCT,MEDIUM,2026-08-14 07:16:00,RESOLVED,3.7,761.9
10102,3952,DELIVERY,HIGH,2026-09-01 20:37:00,RESOLVED,3.3,98.8
10103,5167,ACCOUNT,LOW,2026-08-28 06:18:00,RESOLVED,43.3,165.2
10104,6860,PAYMENT,HIGH,2026-08-03 08:23:00,RESOLVED,12.8,97.5
10105,5506,DELIVERY,MEDIUM,2026-08-02 11:29:00,RESOLVED,46.5,257.3
10106,506,PRODUCT,LOW,2026-08-27 14:54:00,RESOLVED,15.4,203.7
10107,447,PAYMENT,CRITICAL,2026-08-19 01:01:00,RESOLVED,12.0,119.5
10108,1390,ACCOUNT,LOW,2026-09-05 20:55:00,RESOLVED,33.3,88.9
10109,838,PRODUCT,LOW,2026-09-01 03:50:00,RESOLVED,3.0,82.4
10110,7285,ACCOUNT,HIGH,2026-09-07 10:40:00,RESOLVED,58.7,526.8
10111,1923,ACCOUNT,LOW,2026-08-08 20:47:00,RESOLVED,7.9,129.8
10112,2421,REFUND,MEDIUM,2026-08-31 16:24:00,RESOLVED,19.6,83.5
10113,3143,REFUND,LOW,2026-08-18 14:56:00,RESOLVED,14.5,291.6
10114,1751,REFUND,HIGH,2026-08-13 09:43:00,RESOLVED,33.5,240.0
10115,8678,REFUND,MEDIUM,2026-08-16 00:52:00,RESOLVED,14.0,151.8
10116,891,PRODUCT,LOW,2026-09-04 08:06:00,RESOLVED,46.8,588.9
10117,1917,ACCOUNT,CRITICAL,2026-08-22 08:03:00,RESOLVED,41.3,190.2
10118,2249,PAYMENT,MEDIUM,2026-08-02 00:32:00,OPEN,30.5,185.2
10119,843,ACCOUNT,HIGH,2026-08-20 03:18:00,RESOLVED,7.1,267.0
10120,2505,PRODUCT,MEDIUM,2026-08-31 20:04:00,OPEN,3.0,195.2
10121,1863,REFUND,MEDIUM,2026-08-31 00:20:00,OPEN,25.0,148.5
10122,3412,ACCOUNT,LOW,2026-08-20 10:04:00,PENDING,30.1,274.4
10123,1532,PAYMENT,MEDIUM,2026-09-01 18:28:00,RESOLVED,19.9,74.3
10124,9384,DELIVERY,MEDIUM,2026-09-05 04:47:00,RESOLVED,20.0,447.5
10125,7864,PRODUCT,MEDIUM,2026-08-03 05:44:00,OPEN,54.9,294.8
10126,6447,ACCOUNT,LOW,2026-08-21 01:40:00,RESOLVED,7.1,572.5
10127,5929,REFUND,HIGH,2026-09-05 02:13:00,RESOLVED,22.6,219.9
10128,6934,REFUND,LOW,2026-08-17 21:52:00,RESOLVED,34.4,247.5
10129,9413,PRODUCT,MEDIUM,2026-09-09 21:20:00,RESOLVED,59.2,251.8
10130,1328,ACCOUNT,MEDIUM,2026-09-03 18:49:00,RESOLVED,11.1,407.3
10131,5313,REFUND,LOW,2026-08-08 15:40:00,RESOLVED,22.1,301.1
10132,1927,PAYMENT,LOW,2026-08-14 04:08:00,OPEN,17.3,20.6
10133,4525,PRODUCT,LOW,2026-08-16 16:00:00,PENDING,26.2,247.2
10134,8987,ACCOUNT,LOW,2026-08-20 12:15:00,RESOLVED,36.0,118.7
10135,6313,DELIVERY,HIGH,2026-08-28 16:01:00,OPEN,26.3,181.2
10136,6344,DELIVERY,MEDIUM,2026-09-03 17:55:00,RESOLVED,11.3,490.8
10137,960,ACCOUNT,MEDIUM,2026-08-23 08:42:00,RESOLVED,22.1,139.1
10138,8097,PAYMENT,LOW,2026-08-01 12:25:00,RESOLVED,21.7,402.9
10139,7148,PRODUCT,MEDIUM,2026-09-04 04:31:00,RESOLVED,6.4,390.2
10140,3575,DELIVERY,LOW,2026-08-14 23:56:00,PENDING,119.5,419.6
10141,3336,DELIVERY,LOW,2026-08-15 00:38:00,RESOLVED,13.9,114.8
10142,5773,PRODUCT,MEDIUM,2026-09-03 07:28:00,RESOLVED,34.7,178.7
10143,7586,REFUND,MEDIUM,2026-09-02 13:59:00,PENDING,2.4,393.9
10144,5023,ACCOUNT,LOW,2026-09-05 04:21:00,RESOLVED,15.1,215.1
10145,8565,PAYMENT,LOW,2026-09-06 13:50:00,RESOLVED,8.0,164.6
10146,2055,ACCOUNT,MEDIUM,2026-08-07 09:40:00,RESOLVED,13.0,281.8
10147,6901,PAYMENT,LOW,2026-08-08 02:57:00,RESOLVED,6.8,279.9
10148,8248,PRODUCT,LOW,2026-08-18 18:48:00,RESOLVED,30.1,238.3
10149,7071,PRODUCT,CRITICAL,2026-09-09 07:46:00,PENDING,9.6,540.3
10150,3338,DELIVERY,LOW,2026-08-14 18:03:00,RESOLVED,29.0,258.1
10151,4639,PRODUCT,MEDIUM,2026-08-14 16:17:00,RESOLVED,11.3,143.4
10152,4669,ACCOUNT,HIGH,2026-09-09 00:51:00,RESOLVED,12.2,171.7
10153,3088,REFUND,LOW,2026-09-08 19:03:00,RESOLVED,28.3,331.5
10154,1330,REFUND,MEDIUM,2026-08-23 13:43:00,OPEN,7.5,125.9
10155,1868,PAYMENT,MEDIUM,2026-08-24 23:34:00,RESOLVED,21.4,304.5
10156,6384,PRODUCT,LOW,2026-08-16 23:23:00,RESOLVED,10.6,40.3
10157,2249,REFUND,LOW,2026-09-02 21:04:00,OPEN,23.0,263.5
10158,7912,REFUND,CRITICAL,2026-09-04 21:19:00,RESOLVED,40.7,102.9
10159,7926,ACCOUNT,LOW,2026-08-11 13:19:00,RESOLVED,37.1,384.1
10160,4104,ACCOUNT,HIGH,2026-08-29 07:56:00,RESOLVED,7.0,347.0
10161,3648,PAYMENT,MEDIUM,2026-08-21 20:39:00,PENDING,2.1,173.9
10162,9782,REFUND,MEDIUM,2026-08-29 12:11:00,OPEN,40.5,320.5
10163,128,REFUND,MEDIUM,2026-08-18 00:04:00,RESOLVED,40.4,371.2
10164,2576,REFUND,MEDIUM,2026-08-25 11:23:00,PENDING,25.0,155.9
10165,6908,PAYMENT,MEDIUM,2026-08-26 12:11:00,RESOLVED,23.1,177.6
10166,8731,DELIVERY,MEDIUM,2026-08-17 16:18:00,OPEN,1.7,218.4
10167,4591,PRODUCT,HIGH,2026-08-09 13:18:00,RESOLVED,14.8,284.6
10168,7213,PAYMENT,HIGH,2026-08-04 22:38:00,RESOLVED,33.4,104.4
10169,2178,DELIVERY,LOW,2026-09-08 21:21:00,RESOLVED,5.1,167.7
10170,9273,REFUND,LOW,2026-08-26 08:41:00,RESOLVED,13.6,545.5
10171,5825,REFUND,HIGH,2026-08-18 21:33:00,RESOLVED,16.0,120.7
10172,7407,ACCOUNT,LOW,2026-08-17 14:04:00,RESOLVED,39.0,508.9
10173,1764,ACCOUNT,HIGH,2026-08-17 09:15:00,RESOLVED,13.9,1040.1
10174,4949,PRODUCT,LOW,2026-08-19 02:26:00,OPEN,35.0,201.5
10175,7281,PRODUCT,LOW,2026-08-18 20:21:00,RESOLVED,38.1,360.4
10176,4135,ACCOUNT,LOW,2026-09-06 23:00:00,RESOLVED,19.5,145.9
10177,9605,PRODUCT,LOW,2026-08-19 02:58:00,PENDING,52.6,290.1
10178,8294,REFUND,MEDIUM,2026-08-29 20:12:00,RESOLVED,16.3,383.9
10179,1290,REFUND,MEDIUM,2026-08-20 13:49:00,RESOLVED,32.0,302.0
10180,8404,PRODUCT,HIGH,2026-09-01 06:26:00,RESOLVED,28.4,75.7
10181,3830,PAYMENT,MEDIUM,2026-08-01 11:17:00,RESOLVED,16.1,146.9
10182,5890,PAYMENT,MEDIUM,2026-08-31 09:47:00,RESOLVED,37.5,151.8
10183,4086,ACCOUNT,MEDIUM,2026-08-09 19:07:00,RESOLVED,55.1,557.3
10184,7022,ACCOUNT,LOW,2026-08-18 07:13:00,RESOLVED,12.8,263.9
10185,4295,PRODUCT,HIGH,2026-08-26 04:55:00,OPEN,63.0,140.3
10186,4629,REFUND,MEDIUM,2026-08-23 08:34:00,PENDING,12.9,231.6
10187,5827,PAYMENT,MEDIUM,2026-08-03 02:03:00,OPEN,28.7,222.3
10188,2184,REFUND,MEDIUM,2026-08-22 17:49:00,RESOLVED,21.1,149.3
10189,4267,PAYMENT,MEDIUM,2026-08-06 05:21:00,RESOLVED,6.3,239.4
10190,500,REFUND,LOW,2026-08-10 15:10:00,OPEN,22.0,98.3
10191,586,PAYMENT,LOW,2026-08-19 13:01:00,RESOLVED,23.1,345.7
10192,6538,PAYMENT,HIGH,2026-08-26 07:23:00,RESOLVED,38.5,119.0
10193,2782,PRODUCT,HIGH,2026-08-21 22:44:00,RESOLVED,17.9,280.3
10194,6693,ACCOUNT,HIGH,2026-08-15 23:39:00,RESOLVED,29.3,176.0
10195,7600,PAYMENT,MEDIUM,2026-08-04 13:28:00,OPEN,12.2,195.8
10196,6653,REFUND,MEDIUM,2026-08-03 04:03:00,RESOLVED,11.0,258.1
10197,4210,DELIVERY,HIGH,2026-08-18 21:04:00,OPEN,19.3,511.4
10198,5625,PRODUCT,MEDIUM,2026-09-08 19:20:00,RESOLVED,15.7,641.2
10199,7829,ACCOUNT,HIGH,2026-09-02 16:46:00,RESOLVED,16.0,517.4
10200,3425,REFUND,MEDIUM,2026-08-17 15:29:00,PENDING,18.4,345.1
10201,4175,DELIVERY,MEDIUM,2026-08-09 09:27:00,OPEN,9.4,261.6
10202,2421,DELIVERY,MEDIUM,2026-08-14 23:53:00,RESOLVED,39.4,351.6
10203,2011,REFUND,LOW,2026-08-20 14:23:00,OPEN,55.9,352.8
10204,658,ACCOUNT,LOW,2026-08-26 02:15:00,RESOLVED,25.9,313.2
10205,708,PRODUCT,HIGH,2026-08-23 03:01:00,OPEN,1.5,578.6
10206,1481,PRODUCT,MEDIUM,2026-08-19 03:26:00,RESOLVED,44.2,381.3
10207,7690,REFUND,LOW,2026-08-26 08:25:00,RESOLVED,5.3,307.7
10208,6283,ACCOUNT,CRITICAL,2026-09-09 02:15:00,PENDING,7.9,142.6
10209,882,PAYMENT,HIGH,2026-08-17 14:40:00,RESOLVED,31.1,302.7
10210,7681,PAYMENT,MEDIUM,2026-08-03 00:04:00,RESOLVED,24.2,149.4
10211,7502,ACCOUNT,LOW,2026-09-04 00:50:00,OPEN,47.1,287.1
10212,9077,PRODUCT,LOW,2026-09-02 15:57:00,RESOLVED,8.5,99.5
10213,9686,REFUND,HIGH,2026-08-24 12:47:00,RESOLVED,50.0,268.2
10214,840,PRODUCT,LOW,2026-08-01 20:18:00,PENDING,6.9,176.8
10215,5234,REFUND,LOW,2026-09-05 15:06:00,RESOLVED,14.0,442.8
10216,8141,PRODUCT,LOW,2026-08-08 07:33:00,PENDING,21.0,304.5
10217,2395,DELIVERY,MEDIUM,2026-09-08 14:49:00,RESOLVED,26.8,211.9
10218,5975,DELIVERY,MEDIUM,2026-08-07 23:02:00,RESOLVED,42.5,238.8
10219,909,ACCOUNT,HIGH,2026-08-01 02:56:00,OPEN,31.9,266.2
10220,3014,DELIVERY,HIGH,2026-08-14 15:01:00,OPEN,9.8,223.6
10221,9798,PAYMENT,CRITICAL,2026-08-20 17:13:00,RESOLVED,36.5,195.1
10222,7258,DELIVERY,LOW,2026-09-05 00:37:00,RESOLVED,16.1,275.6
10223,2612,DELIVERY,MEDIUM,2026-08-02 17:01:00,RESOLVED,2.6,64.0
10224,9894,PRODUCT,MEDIUM,2026-08-10 18:06:00,RESOLVED,22.9,99.5
10225,2027,REFUND,CRITICAL,2026-08-27 07:04:00,RESOLVED,28.2,123.1
10226,3795,PRODUCT,LOW,2026-08-21 14:25:00,PENDING,26.8,237.8
10227,4443,PAYMENT,LOW,2026-09-04 02:48:00,RESOLVED,27.5,181.5
10228,6275,PRODUCT,MEDIUM,2026-08-20 03:19:00,RESOLVED,20.5,240.8
10229,2623,PRODUCT,MEDIUM,2026-08-25 22:17:00,OPEN,8.8,163.8
10230,2609,DELIVERY,LOW,2026-08-10 10:56:00,RESOLVED,40.9,199.3
10231,6708,PAYMENT,MEDIUM,2026-08-16 18:04:00,RESOLVED,22.7,358.0
10232,2051,PRODUCT,MEDIUM,2026-08-19 12:46:00,RESOLVED,20.0,309.6
10233,1425,REFUND,MEDIUM,2026-08-25 02:38:00,PENDING,27.1,275.9
10234,1492,DELIVERY,LOW,2026-09-03 18:09:00,RESOLVED,17.9,471.1
10235,3282,PAYMENT,MEDIUM,2026-08-14 06:04:00,RESOLVED,35.1,244.1
10236,322,ACCOUNT,LOW,2026-08-28 22:26:00,RESOLVED,50.4,407.2
10237,352,REFUND,LOW,2026-08-09 05:03:00,PENDING,5.8,109.4
10238,7239,REFUND,MEDIUM,2026-08-16 15:35:00,RESOLVED,3.9,540.0
10239,5413,DELIVERY,LOW,2026-08-04 07:02:00,RESOLVED,11.7,197.3
10240,1460,PRODUCT,MEDIUM,2026-08-11 18:33:00,RESOLVED,7.6,99.6
10241,2553,REFUND,MEDIUM,2026-09-01 17:31:00,RESOLVED,23.6,727.0
10242,6763,DELIVERY,MEDIUM,2026-08-21 14:57:00,OPEN,59.2,247.2
10243,8021,DELIVERY,LOW,2026-09-06 06:41:00,RESOLVED,60.9,328.6
10244,8697,REFUND,LOW,2026-08-09 23:45:00,RESOLVED,13.4,237.2
10245,2175,REFUND,MEDIUM,2026-08-18 05:13:00,RESOLVED,8.6,151.5
10246,8466,PAYMENT,LOW,2026-08-07 05:27:00,RESOLVED,13.9,298.9
10247,4267,PAYMENT,LOW,2026-08-12 12:55:00,PENDING,30.6,194.9
10248,2990,PAYMENT,HIGH,2026-08-02 17:39:00,RESOLVED,8.8,131.1
10249,5770,REFUND,LOW,2026-08-09 11:57:00,RESOLVED,4.7,142.7
10250,1245,DELIVERY,MEDIUM,2026-08-01 10:10:00,OPEN,13.7,67.3
10251,4635,PRODUCT,LOW,2026-08-27 20:46:00,RESOLVED,19.7,117.7
10252,4431,PAYMENT,LOW,2026-09-08 21:52:00,RESOLVED,20.1,143.1
10253,5959,DELIVERY,HIGH,2026-08-02 19:47:00,RESOLVED,10.2,94.3
10254,1813,DELIVERY,HIGH,2026-08-15 10:51:00,RESOLVED,5.5,152.2
10255,620,ACCOUNT,LOW,2026-09-05 13:17:00,PENDING,23.2,260.4
10256,3736,ACCOUNT,LOW,2026-08-02 11:44:00,RESOLVED,22.2,213.5
10257,9835,DELIVERY,MEDIUM,2026-08-29 11:48:00,RESOLVED,9.5,316.3
10258,5689,PAYMENT,MEDIUM,2026-08-24 06:00:00,RESOLVED,24.9,153.0
10259,5478,PAYMENT,MEDIUM,2026-09-03 03:27:00,RESOLVED,21.2,107.4
10260,6444,PAYMENT,LOW,2026-08-19 19:13:00,OPEN,23.6,217.6
10261,5081,ACCOUNT,HIGH,2026-08-04 05:46:00,RESOLVED,20.3,247.2
10262,2184,PAYMENT,HIGH,2026-08-23 23:29:00,RESOLVED,10.0,138.8
10263,9850,REFUND,MEDIUM,2026-09-08 17:55:00,RESOLVED,50.6,275.1
10264,2273,PRODUCT,HIGH,2026-08-22 15:58:00,RESOLVED,26.3,110.7
10265,6401,ACCOUNT,LOW,2026-08-03 00:10:00,OPEN,8.5,271.8
10266,8660,DELIVERY,LOW,2026-08-05 00:01:00,RESOLVED,31.7,100.1
10267,6583,ACCOUNT,LOW,2026-08-20 13:57:00,RESOLVED,39.0,160.1
10268,9449,PRODUCT,LOW,2026-08-30 22:34:00,RESOLVED,35.5,148.4
10269,1780,ACCOUNT,LOW,2026-08-09 10:30:00,RESOLVED,20.7,247.8
10270,6425,ACCOUNT,HIGH,2026-08-16 01:13:00,RESOLVED,17.2,344.4
10271,923,DELIVERY,HIGH,2026-09-08 15:42:00,RESOLVED,16.3,447.0
10272,5569,PAYMENT,MEDIUM,2026-09-09 20:17:00,OPEN,26.5,128.7
10273,1836,DELIVERY,MEDIUM,2026-09-05 15:41:00,OPEN,43.9,328.8
10274,6581,DELIVERY,LOW,2026-08-24 15:17:00,RESOLVED,44.9,488.0
10275,3264,ACCOUNT,LOW,2026-09-05 18:03:00,PENDING,5.7,311.0
10276,1287,REFUND,MEDIUM,2026-08-20 14:41:00,RESOLVED,11.5,367.4
10277,8661,DELIVERY,MEDIUM,2026-09-09 16:09:00,RESOLVED,4.2,221.7
10278,8971,ACCOUNT,MEDIUM,2026-08-15 10:56:00,PENDING,25.7,132.1
10279,1706,PAYMENT,MEDIUM,2026-09-06 14:44:00,RESOLVED,50.6,141.3
10280,2086,DELIVERY,HIGH,2026-08-22 13:11:00,RESOLVED,15.3,261.5
10281,379,REFUND,LOW,2026-09-07 05:46:00,RESOLVED,34.0,305.2
10282,6697,DELIVERY,LOW,2026-08-19 22:17:00,RESOLVED,2.9,606.5
10283,8935,PRODUCT,LOW,2026-09-05 11:06:00,PENDING,23.5,515.7
10284,2220,ACCOUNT,HIGH,2026-08-22 00:42:00,RESOLVED,19.6,232.7
10285,4515,REFUND,MEDIUM,2026-09-02 15:26:00,OPEN,35.7,320.7
10286,7058,ACCOUNT,MEDIUM,2026-09-08 19:30:00,RESOLVED,5.4,375.4
10287,4425,REFUND,CRITICAL,2026-08-04 04:28:00,RESOLVED,21.2,344.0
10288,7535,PAYMENT,MEDIUM,2026-08-17 05:13:00,RESOLVED,59.9,362.9
10289,7541,REFUND,LOW,2026-08-01 04:24:00,PENDING,9.1,303.7
10290,7411,DELIVERY,LOW,2026-08-12 05:41:00,OPEN,7.9,52.3
10291,7147,DELIVERY,MEDIUM,2026-08-02 23:41:00,OPEN,38.0,165.3
10292,4287,PAYMENT,MEDIUM,2026-08-18 00:18:00,RESOLVED,41.4,114.9
10293,3936,DELIVERY,HIGH,2026-08-14 17:40:00,RESOLVED,29.9,196.2
10294,6071,ACCOUNT,LOW,2026-08-03 02:02:00,OPEN,83.7,221.2
10295,1073,ACCOUNT,MEDIUM,2026-08-16 05:52:00,RESOLVED,20.1,173.7
10296,5980,REFUND,LOW,2026-08-19 06:01:00,OPEN,30.5,227.7
10297,325,REFUND,HIGH,2026-08-01 21:28:00,RESOLVED,29.0,131.9
10298,7204,DELIVERY,LOW,2026-09-06 19:54:00,RESOLVED,14.6,304.6
10299,6054,PAYMENT,LOW,2026-08-13 10:35:00,RESOLVED,11.9,56.7
10300,4991,ACCOUNT,MEDIUM,2026-08-09 01:00:00,RESOLVED,18.5,200.8
10301,3030,REFUND,HIGH,2026-08-03 04:34:00,RESOLVED,12.5,531.4
10302,5073,PRODUCT,LOW,2026-08-04 13:38:00,OPEN,20.6,367.3
10303,6355,REFUND,LOW,2026-08-28 14:59:00,RESOLVED,34.7,124.6
10304,6845,PAYMENT,LOW,2026-08-01 15:20:00,RESOLVED,6.2,105.8
10305,9230,PAYMENT,CRITICAL,2026-08-04 17:27:00,PENDING,7.2,393.4
10306,1702,ACCOUNT,MEDIUM,2026-08-26 18:25:00,RESOLVED,15.4,256.6
10307,441,PAYMENT,HIGH,2026-08-14 18:23:00,RESOLVED,17.8,109.9
10308,6525,PRODUCT,LOW,2026-08-31 14:29:00,RESOLVED,9.3,144.6
10309,1630,ACCOUNT,MEDIUM,2026-08-28 23:43:00,OPEN,30.1,211.8
10310,1483,ACCOUNT,MEDIUM,2026-08-27 20:28:00,RESOLVED,8.3,150.0
10311,2748,ACCOUNT,LOW,2026-08-03 16:42:00,RESOLVED,4.4,285.3
10312,7249,DELIVERY,MEDIUM,2026-08-26 15:08:00,RESOLVED,24.2,216.2
10313,626,DELIVERY,MEDIUM,2026-09-06 00:28:00,RESOLVED,27.5,130.0
10314,3890,PAYMENT,LOW,2026-09-02 16:09:00,RESOLVED,24.4,200.3
10315,1056,REFUND,MEDIUM,2026-09-07 12:21:00,RESOLVED,6.7,269.4
10316,8396,PRODUCT,MEDIUM,2026-09-04 03:18:00,RESOLVED,3.8,219.5
10317,7622,PAYMENT,MEDIUM,2026-09-06 17:41:00,RESOLVED,63.2,268.3
10318,885,PAYMENT,MEDIUM,2026-08-14 10:44:00,RESOLVED,25.4,366.4
10319,2739,DELIVERY,HIGH,2026-08-11 05:11:00,RESOLVED,55.3,221.2
10320,4606,REFUND,MEDIUM,2026-08-24 04:25:00,RESOLVED,11.0,217.9
10321,4571,PAYMENT,MEDIUM,2026-08-08 14:15:00,RESOLVED,48.4,220.2
10322,1673,PRODUCT,LOW,2026-08-27 07:43:00,PENDING,49.3,624.7
10323,4667,DELIVERY,HIGH,2026-09-09 14:29:00,RESOLVED,33.8,90.4
10324,8689,PRODUCT,LOW,2026-08-14 15:46:00,RESOLVED,16.5,194.3
10325,2209,PAYMENT,LOW,2026-08-14 17:26:00,RESOLVED,9.3,744.1
10326,1253,REFUND,MEDIUM,2026-08-26 10:50:00,RESOLVED,27.8,361.4
10327,3858,ACCOUNT,HIGH,2026-08-25 09:14:00,RESOLVED,7.5,150.9
10328,4852,PAYMENT,LOW,2026-08-27 09:02:00,PENDING,12.9,198.5
10329,2850,REFUND,MEDIUM,2026-08-17 01:58:00,OPEN,24.3,262.4
10330,1053,PRODUCT,LOW,2026-08-01 00:09:00,PENDING,51.6,374.7
10331,853,DELIVERY,LOW,2026-08-10 12:53:00,RESOLVED,51.6,105.0
10332,7978,PRODUCT,MEDIUM,2026-08-04 09:31:00,PENDING,48.7,503.8
10333,1317,PRODUCT,LOW,2026-08-07 14:31:00,PENDING,53.1,153.2
10334,2821,PAYMENT,HIGH,2026-08-30 09:26:00,OPEN,15.2,421.7
10335,7623,REFUND,LOW,2026-08-05 04:04:00,RESOLVED,12.1,103.7
10336,5941,REFUND,MEDIUM,2026-08-04 00:26:00,RESOLVED,3.5,116.4
10337,250,REFUND,LOW,2026-08-09 01:23:00,RESOLVED,30.9,343.1
10338,1702,DELIVERY,LOW,2026-08-21 07:24:00,RESOLVED,13.8,297.8
10339,4712,ACCOUNT,MEDIUM,2026-08-02 08:12:00,OPEN,15.4,671.1
10340,3517,ACCOUNT,LOW,2026-08-02 18:42:00,RESOLVED,14.7,188.6
10341,9890,PAYMENT,LOW,2026-09-05 22:05:00,RESOLVED,18.5,162.2
10342,1137,ACCOUNT,LOW,2026-09-03 03:08:00,PENDING,22.1,122.0
10343,264,PRODUCT,LOW,2026-08-09 17:25:00,PENDING,24.0,233.0
10344,5509,PRODUCT,HIGH,2026-08-23 04:21:00,RESOLVED,12.8,257.2
10345,9590,PRODUCT,HIGH,2026-08-31 13:45:00,OPEN,3.9,53.5
10346,35,PAYMENT,LOW,2026-08-09 03:36:00,RESOLVED,20.3,193.7
10347,8289,PAYMENT,LOW,2026-08-22 15:51:00,RESOLVED,50.8,553.6
10348,9931,DELIVERY,LOW,2026-09-04 12:07:00,RESOLVED,22.6,287.0
10349,4163,PRODUCT,MEDIUM,2026-08-03 05:19:00,RESOLVED,32.2,690.7
10350,4163,PAYMENT,LOW,2026-08-05 19:07:00,PENDING,13.2,112.5
10351,9926,REFUND,LOW,2026-09-03 13:30:00,OPEN,46.7,353.0
10352,6295,PAYMENT,MEDIUM,2026-09-06 07:12:00,RESOLVED,14.7,197.9
10353,5468,ACCOUNT,MEDIUM,2026-08-27 17:26:00,RESOLVED,13.9,176.6
10354,2868,PAYMENT,MEDIUM,2026-09-08 21:11:00,PENDING,26.7,160.0
10355,9317,PAYMENT,MEDIUM,2026-08-30 17:28:00,RESOLVED,35.3,80.9
10356,2533,REFUND,LOW,2026-08-27 07:32:00,RESOLVED,15.4,221.9
10357,3928,ACCOUNT,LOW,2026-08-01 22:40:00,OPEN,25.5,300.6
10358,8462,DELIVERY,MEDIUM,2026-09-03 12:46:00,PENDING,88.1,220.5
10359,5106,ACCOUNT,MEDIUM,2026-08-13 19:45:00,PENDING,21.5,317.0
10360,7582,ACCOUNT,LOW,2026-09-02 22:48:00,RESOLVED,8.0,306.9
10361,9949,DELIVERY,LOW,2026-08-01 03:43:00,OPEN,7.6,325.8
10362,6433,PAYMENT,LOW,2026-08-19 03:27:00,PENDING,39.1,197.3
10363,1627,PAYMENT,HIGH,2026-08-25 20:38:00,RESOLVED,8.4,134.3
10364,7524,ACCOUNT,LOW,2026-08-05 21:13:00,OPEN,18.4,171.7
10365,5998,REFUND,HIGH,2026-08-15 17:30:00,PENDING,9.5,256.4
10366,1754,PRODUCT,HIGH,2026-08-04 07:50:00,RESOLVED,7.7,108.5
10367,1107,DELIVERY,MEDIUM,2026-08-19 16:24:00,RESOLVED,43.5,171.2
10368,9341,ACCOUNT,HIGH,2026-08-05 03:38:00,OPEN,2.8,78.0
10369,1059,PRODUCT,LOW,2026-08-10 18:30:00,PENDING,45.5,252.3
10370,4548,REFUND,LOW,2026-08-21 12:31:00,RESOLVED,17.2,154.7
10371,9852,DELIVERY,MEDIUM,2026-08-19 02:30:00,RESOLVED,21.4,69.3
10372,8688,DELIVERY,MEDIUM,2026-08-02 10:02:00,RESOLVED,28.1,94.6
10373,8392,ACCOUNT,CRITICAL,2026-09-02 09:42:00,PENDING,13.4,162.8
10374,7361,PRODUCT,MEDIUM,2026-08-20 04:54:00,RESOLVED,17.0,131.7
10375,4773,REFUND,LOW,2026-08-12 21:12:00,OPEN,26.3,277.6
10376,2860,PAYMENT,LOW,2026-08-12 11:21:00,RESOLVED,61.5,314.4
10377,8973,PAYMENT,MEDIUM,2026-08-05 00:27:00,RESOLVED,24.8,93.7
10378,5694,DELIVERY,MEDIUM,2026-09-04 20:59:00,RESOLVED,52.3,137.2
10379,3959,PAYMENT,MEDIUM,2026-08-31 09:48:00,RESOLVED,28.5,174.3
10380,9667,PRODUCT,HIGH,2026-08-04 14:54:00,RESOLVED,52.1,147.0
10381,3700,PRODUCT,LOW,2026-09-05 04:17:00,RESOLVED,5.2,58.8
10382,371,DELIVERY,MEDIUM,2026-08-28 04:52:00,RESOLVED,9.6,199.7
10383,6010,ACCOUNT,LOW,2026-08-28 12:38:00,RESOLVED,17.5,416.3
10384,4265,DELIVERY,MEDIUM,2026-08-04 05:57:00,RESOLVED,16.0,148.3
10385,6228,ACCOUNT,HIGH,2026-08-12 07:17:00,RESOLVED,24.8,233.2
10386,6206,ACCOUNT,MEDIUM,2026-08-22 02:40:00,RESOLVED,12.7,136.2
10387,6299,PRODUCT,MEDIUM,2026-08-27 22:12:00,RESOLVED,20.8,225.2
10388,3399,PAYMENT,LOW,2026-08-14 08:47:00,RESOLVED,15.8,328.2
10389,2521,DELIVERY,HIGH,2026-09-02 01:10:00,OPEN,21.8,503.5
10390,3180,REFUND,MEDIUM,2026-08-22 23:22:00,OPEN,11.9,454.7
10391,9651,PAYMENT,HIGH,2026-09-03 14:50:00,PENDING,20.9,356.4
10392,7487,DELIVERY,LOW,2026-08-03 22:21:00,PENDING,21.2,155.5
10393,3926,PRODUCT,LOW,2026-08-12 12:58:00,RESOLVED,9.3,826.8
10394,9164,ACCOUNT,MEDIUM,2026-08-21 00:08:00,RESOLVED,3.8,434.5
10395,7648,PRODUCT,MEDIUM,2026-09-01 10:15:00,RESOLVED,33.7,174.5
10396,5377,ACCOUNT,MEDIUM,2026-08-21 08:23:00,RESOLVED,54.3,236.3
10397,8001,PAYMENT,LOW,2026-08-12 15:08:00,RESOLVED,14.3,249.6
10398,9483,REFUND,MEDIUM,2026-09-03 17:51:00,RESOLVED,36.4,198.7
10399,5680,DELIVERY,MEDIUM,2026-08-02 10:06:00,RESOLVED,19.8,132.4
10400,1013,PAYMENT,LOW,2026-08-03 05:50:00,PENDING,30.2,289.5
10401,4309,DELIVERY,MEDIUM,2026-08-15 06:33:00,RESOLVED,35.0,337.7
10402,2275,PRODUCT,HIGH,2026-08-05 22:19:00,RESOLVED,41.0,182.2
10403,6994,ACCOUNT,LOW,2026-08-13 08:23:00,RESOLVED,20.8,177.7
10404,878,DELIVERY,CRITICAL,2026-09-09 04:59:00,RESOLVED,6.9,187.9
10405,4679,PAYMENT,CRITICAL,2026-08-17 22:27:00,RESOLVED,16.3,251.3
10406,4356,PAYMENT,MEDIUM,2026-08-20 11:46:00,RESOLVED,35.4,239.7
10407,3859,REFUND,HIGH,2026-08-16 22:59:00,RESOLVED,20.5,139.2
10408,6268,REFUND,MEDIUM,2026-08-29 09:59:00,RESOLVED,3.1,215.8
10409,5455,PRODUCT,LOW,2026-08-16 11:18:00,OPEN,44.3,374.9
10410,2005,REFUND,LOW,2026-08-12 16:00:00,RESOLVED,13.2,126.5
10411,8003,DELIVERY,LOW,2026-08-01 14:47:00,PENDING,8.0,250.0
10412,4486,PRODUCT,LOW,2026-08-26 04:54:00,RESOLVED,4.6,527.1
10413,1570,DELIVERY,HIGH,2026-09-01 20:52:00,PENDING,58.7,517.8
10414,6844,REFUND,CRITICAL,2026-08-17 22:20:00,RESOLVED,20.8,566.1
10415,3928,DELIVERY,MEDIUM,2026-08-13 14:00:00,RESOLVED,17.7,237.4
10416,6395,PAYMENT,MEDIUM,2026-09-03 06:29:00,RESOLVED,23.1,363.1
10417,7548,REFUND,HIGH,2026-09-07 23:11:00,RESOLVED,13.1,194.9
10418,6293,REFUND,MEDIUM,2026-08-18 08:46:00,RESOLVED,2.0,466.6
10419,9411,REFUND,LOW,2026-08-09 04:21:00,OPEN,46.9,294.7
10420,6061,PAYMENT,CRITICAL,2026-08-28 01:36:00,PENDING,8.1,326.7
10421,3811,PRODUCT,MEDIUM,2026-08-25 21:30:00,PENDING,33.5,138.5
10422,9867,ACCOUNT,LOW,2026-08-14 06:58:00,PENDING,6.9,335.7
10423,5148,PRODUCT,LOW,2026-09-02 08:54:00,RESOLVED,33.6,289.2
10424,7140,PAYMENT,HIGH,2026-08-09 04:29:00,RESOLVED,1.3,338.4
10425,3311,PAYMENT,LOW,2026-08-02 21:37:00,RESOLVED,22.5,294.7
10426,9077,PAYMENT,HIGH,2026-08-09 17:02:00,RESOLVED,53.3,152.6
10427,9400,DELIVERY,HIGH,2026-08-30 17:50:00,RESOLVED,25.1,327.2
10428,9518,PAYMENT,LOW,2026-08-23 15:14:00,RESOLVED,5.8,113.2
10429,3882,PRODUCT,LOW,2026-08-28 10:40:00,RESOLVED,19.8,300.1
10430,8597,ACCOUNT,MEDIUM,2026-08-20 15:15:00,OPEN,1.6,280.4
10431,6722,DELIVERY,LOW,2026-08-05 15:11:00,RESOLVED,11.3,284.2
10432,952,PRODUCT,MEDIUM,2026-08-29 02:17:00,RESOLVED,50.5,188.1
10433,9173,DELIVERY,CRITICAL,2026-08-27 16:56:00,RESOLVED,24.0,488.9
10434,5293,DELIVERY,MEDIUM,2026-09-03 22:18:00,RESOLVED,22.7,237.4
10435,5326,DELIVERY,MEDIUM,2026-08-06 00:10:00,RESOLVED,46.8,531.2
10436,3816,DELIVERY,HIGH,2026-08-02 11:21:00,RESOLVED,13.0,115.1
10437,8531,DELIVERY,CRITICAL,2026-08-13 02:17:00,OPEN,15.9,197.0
10438,971,PAYMENT,HIGH,2026-09-01 23:09:00,RESOLVED,12.5,353.6
10439,3845,ACCOUNT,LOW,2026-08-05 02:00:00,RESOLVED,9.6,154.6
10440,5643,PRODUCT,LOW,2026-09-04 09:39:00,RESOLVED,11.4,417.4
10441,1961,PRODUCT,MEDIUM,2026-09-07 20:54:00,PENDING,29.3,173.6
10442,2129,DELIVERY,LOW,2026-08-29 10:29:00,RESOLVED,31.8,328.3
10443,6159,ACCOUNT,MEDIUM,2026-09-08 09:18:00,PENDING,4.7,79.1
10444,5818,PAYMENT,HIGH,2026-08-28 04:26:00,RESOLVED,49.8,191.3
10445,8179,DELIVERY,HIGH,2026-08-04 12:17:00,RESOLVED,41.8,140.9
10446,8174,PRODUCT,LOW,2026-09-07 13:07:00,RESOLVED,18.1,252.0
10447,181,PRODUCT,HIGH,2026-09-01 19:29:00,RESOLVED,13.5,101.9
10448,3939,PAYMENT,MEDIUM,2026-09-05 14:07:00,RESOLVED,17.6,201.9
10449,8470,PRODUCT,MEDIUM,2026-08-05 19:08:00,RESOLVED,20.2,598.9
10450,9499,PRODUCT,LOW,2026-08-15 16:34:00,RESOLVED,10.7,23.5
10451,948,PAYMENT,LOW,2026-08-08 23:56:00,RESOLVED,11.1,96.0
10452,7665,REFUND,HIGH,2026-08-26 17:42:00,RESOLVED,8.3,121.2
10453,2324,ACCOUNT,MEDIUM,2026-08-25 13:20:00,RESOLVED,94.5,262.5
10454,8043,PRODUCT,HIGH,2026-08-22 09:49:00,RESOLVED,15.1,69.0
10455,4462,PAYMENT,LOW,2026-08-07 15:26:00,PENDING,69.0,162.8
10456,1123,PRODUCT,LOW,2026-08-05 06:31:00,RESOLVED,13.7,617.6
10457,2042,REFUND,LOW,2026-09-09 07:00:00,RESOLVED,13.5,222.7
10458,9419,ACCOUNT,MEDIUM,2026-08-10 04:52:00,OPEN,14.5,68.0
10459,7678,PRODUCT,MEDIUM,2026-09-08 07:56:00,OPEN,26.2,189.8
10460,346,PRODUCT,MEDIUM,2026-08-21 04:41:00,RESOLVED,31.9,73.2
10461,9481,REFUND,LOW,2026-08-01 19:09:00,RESOLVED,46.1,386.5
10462,8439,REFUND,LOW,2026-08-19 02:04:00,PENDING,14.9,80.2
10463,5453,ACCOUNT,LOW,2026-09-05 01:59:00,RESOLVED,33.3,189.4
10464,297,PRODUCT,LOW,2026-08-23 22:39:00,RESOLVED,9.3,94.4
10465,4349,DELIVERY,HIGH,2026-09-07 19:53:00,OPEN,51.4,474.6
10466,1625,ACCOUNT,LOW,2026-09-01 21:16:00,OPEN,6.7,423.4
10467,3656,DELIVERY,LOW,2026-09-05 11:34:00,RESOLVED,7.5,192.1
10468,3154,PAYMENT,HIGH,2026-09-02 03:25:00,RESOLVED,19.1,237.3
10469,7129,PAYMENT,CRITICAL,2026-08-28 15:41:00,RESOLVED,24.6,380.3
10470,7378,REFUND,MEDIUM,2026-08-11 21:02:00,RESOLVED,14.5,230.0
10471,1728,PAYMENT,LOW,2026-08-25 22:43:00,OPEN,21.6,315.0
10472,8995,DELIVERY,MEDIUM,2026-08-11 14:48:00,PENDING,20.6,41.3
10473,6704,PRODUCT,LOW,2026-08-26 13:34:00,RESOLVED,11.7,169.7
10474,6665,PRODUCT,LOW,2026-08-25 14:54:00,RESOLVED,28.0,452.4
10475,7762,ACCOUNT,MEDIUM,2026-09-01 20:11:00,RESOLVED,25.6,284.3
10476,7278,PAYMENT,HIGH,2026-08-16 03:41:00,RESOLVED,31.1,125.3
10477,7889,PAYMENT,LOW,2026-08-12 19:36:00,OPEN,51.7,147.9
10478,2898,DELIVERY,MEDIUM,2026-09-08 09:34:00,RESOLVED,62.6,276.7
10479,6868,REFUND,MEDIUM,2026-08-14 06:29:00,RESOLVED,29.1,242.5
10480,9754,PAYMENT,MEDIUM,2026-08-26 09:02:00,RESOLVED,21.3,481.9
10481,7544,PAYMENT,LOW,2026-09-05 09:57:00,RESOLVED,31.3,170.1
10482,4078,ACCOUNT,CRITICAL,2026-08-11 07:39:00,RESOLVED,27.3,181.9
10483,6322,REFUND,LOW,2026-08-16 07:37:00,OPEN,5.2,162.6
10484,9130,DELIVERY,LOW,2026-08-05 05:19:00,PENDING,4.7,156.2
10485,6556,ACCOUNT,LOW,2026-08-08 01:09:00,OPEN,33.6,217.5
10486,7793,PAYMENT,MEDIUM,2026-08-29 22:51:00,RESOLVED,37.2,111.5
10487,8900,DELIVERY,HIGH,2026-08-05 16:10:00,RESOLVED,4.7,305.4
10488,3673,ACCOUNT,LOW,2026-08-13 19:51:00,OPEN,9.5,390.4
10489,3353,REFUND,LOW,2026-08-06 12:29:00,RESOLVED,38.4,349.6
10490,3432,ACCOUNT,HIGH,2026-08-08 15:40:00,RESOLVED,19.0,367.8
10491,3690,REFUND,MEDIUM,2026-09-02 00:41:00,OPEN,22.9,718.1
10492,6795,REFUND,CRITICAL,2026-08-11 02:22:00,PENDING,4.1,212.0
10493,4859,REFUND,MEDIUM,2026-08-20 21:57:00,RESOLVED,32.9,522.5
10494,9405,DELIVERY,HIGH,2026-08-28 18:47:00,PENDING,4.2,322.4
10495,6866,ACCOUNT,MEDIUM,2026-09-07 02:36:00,RESOLVED,32.7,159.8
10496,6724,PAYMENT,LOW,2026-08-27 07:46:00,PENDING,58.3,627.3
10497,9501,PAYMENT,MEDIUM,2026-08-17 00:15:00,RESOLVED,63.9,258.7
10498,8575,REFUND,MEDIUM,2026-08-05 00:46:00,PENDING,34.5,282.3
10499,326,PAYMENT,MEDIUM,2026-08-18 15:59:00,RESOLVED,4.4,278.3
10500,9663,PAYMENT,MEDIUM,2026-08-27 14:14:00,RESOLVED,31.8,246.3
10501,8819,REFUND,LOW,2026-08-01 13:04:00,RESOLVED,16.0,517.9
10502,3301,PAYMENT,MEDIUM,2026-08-25 15:54:00,RESOLVED,4.5,235.7
10503,2357,PAYMENT,MEDIUM,2026-08-01 11:27:00,RESOLVED,23.4,128.2
10504,5385,PRODUCT,HIGH,2026-09-02 00:14:00,RESOLVED,46.0,393.9
10505,9993,PRODUCT,LOW,2026-09-08 09:59:00,RESOLVED,11.1,322.7
10506,6092,PRODUCT,MEDIUM,2026-08-04 11:34:00,RESOLVED,54.5,254.4
10507,5790,DELIVERY,MEDIUM,2026-09-07 08:52:00,PENDING,14.7,505.0
10508,2172,ACCOUNT,LOW,2026-08-11 21:25:00,RESOLVED,15.5,327.0
10509,8978,PRODUCT,MEDIUM,2026-08-04 01:14:00,RESOLVED,11.0,78.5
10510,7976,PRODUCT,MEDIUM,2026-09-02 03:24:00,RESOLVED,2.0,112.4
10511,570,PRODUCT,HIGH,2026-08-13 16:52:00,RESOLVED,4.5,210.7
10512,2618,PAYMENT,LOW,2026-08-18 14:05:00,PENDING,41.5,429.6
10513,8814,PAYMENT,HIGH,2026-09-09 08:59:00,PENDING,10.7,143.7
10514,7069,DELIVERY,LOW,2026-09-06 08:34:00,RESOLVED,15.5,244.1
10515,4036,ACCOUNT,MEDIUM,2026-08-22 11:08:00,RESOLVED,10.7,331.5
10516,5239,ACCOUNT,MEDIUM,2026-08-28 16:22:00,RESOLVED,13.3,453.6
10517,1261,ACCOUNT,LOW,2026-08-12 02:01:00,RESOLVED,31.9,332.5
10518,8367,PRODUCT,LOW,2026-08-03 04:03:00,RESOLVED,67.3,404.1
10519,6312,REFUND,LOW,2026-08-29 03:58:00,RESOLVED,56.1,140.4
10520,5116,REFUND,MEDIUM,2026-08-19 01:13:00,RESOLVED,22.3,453.3
10521,6119,ACCOUNT,LOW,2026-09-07 01:07:00,RESOLVED,39.3,149.0
10522,5867,REFUND,CRITICAL,2026-08-12 21:04:00,RESOLVED,47.5,270.7
10523,4342,PRODUCT,LOW,2026-08-09 20:06:00,RESOLVED,41.7,319.9
10524,1811,PRODUCT,HIGH,2026-08-31 10:28:00,RESOLVED,6.5,117.6
10525,4808,DELIVERY,HIGH,2026-08-22 06:46:00,PENDING,22.7,137.5
10526,8082,DELIVERY,LOW,2026-08-06 23:54:00,RESOLVED,32.1,239.2
10527,536,DELIVERY,HIGH,2026-08-26 15:39:00,RESOLVED,9.3,353.3
10528,4022,PRODUCT,CRITICAL,2026-09-05 07:18:00,RESOLVED,7.9,194.1
10529,8209,REFUND,LOW,2026-08-26 02:28:00,RESOLVED,26.2,203.3
10530,5798,REFUND,MEDIUM,2026-08-30 04:30:00,RESOLVED,23.9,290.9
10531,247,ACCOUNT,HIGH,2026-08-07 15:11:00,RESOLVED,46.8,282.8
10532,8461,PAYMENT,MEDIUM,2026-08-24 10:26:00,RESOLVED,3.4,289.3
10533,536,DELIVERY,HIGH,2026-08-28 16:28:00,RESOLVED,52.4,216.6
10534,4794,REFUND,LOW,2026-08-23 10:46:00,RESOLVED,13.8,307.5
10535,1142,PAYMENT,LOW,2026-09-07 13:28:00,RESOLVED,5.6,177.4
10536,2745,PAYMENT,MEDIUM,2026-09-08 01:49:00,RESOLVED,30.8,259.8
10537,3935,PRODUCT,LOW,2026-08-22 14:27:00,RESOLVED,16.7,159.8
10538,2655,ACCOUNT,MEDIUM,2026-09-04 13:08:00,PENDING,39.9,110.5
10539,8757,DELIVERY,MEDIUM,2026-08-04 01:48:00,RESOLVED,19.4,271.2
10540,5664,REFUND,MEDIUM,2026-09-06 21:04:00,RESOLVED,7.2,183.4
10541,3613,PRODUCT,HIGH,2026-08-06 23:23:00,OPEN,6.0,159.4
10542,2913,DELIVERY,MEDIUM,2026-09-02 21:20:00,RESOLVED,2.5,162.9
10543,4977,PAYMENT,MEDIUM,2026-08-18 20:09:00,OPEN,26.4,168.2
10544,3386,DELIVERY,CRITICAL,2026-08-15 00:40:00,RESOLVED,4.6,268.1
10545,8064,PAYMENT,LOW,2026-09-03 16:26:00,PENDING,16.4,132.7
10546,2349,DELIVERY,MEDIUM,2026-08-07 18:58:00,RESOLVED,18.2,121.4
10547,6899,PRODUCT,MEDIUM,2026-08-24 01:50:00,RESOLVED,25.6,186.6
10548,4463,PAYMENT,MEDIUM,2026-08-12 22:10:00,RESOLVED,13.7,303.5
10549,2639,ACCOUNT,HIGH,2026-08-11 14:12:00,RESOLVED,6.7,187.6
10550,4661,DELIVERY,HIGH,2026-09-08 11:10:00,OPEN,13.6,142.1
10551,1197,ACCOUNT,MEDIUM,2026-08-07 12:21:00,RESOLVED,19.8,228.5
10552,5260,PAYMENT,HIGH,2026-09-08 13:03:00,PENDING,44.6,462.4
10553,7172,PAYMENT,LOW,2026-08-02 02:00:00,RESOLVED,53.0,273.6
10554,5929,PRODUCT,MEDIUM,2026-08-09 03:35:00,OPEN,42.1,296.6
10555,153,PRODUCT,HIGH,2026-08-15 23:59:00,RESOLVED,24.2,191.8
10556,5880,ACCOUNT,MEDIUM,2026-08-10 01:15:00,RESOLVED,13.4,247.9
10557,256,ACCOUNT,MEDIUM,2026-08-11 09:35:00,OPEN,21.5,244.6
10558,3673,REFUND,HIGH,2026-08-27 07:37:00,RESOLVED,33.0,292.6
10559,6349,REFUND,LOW,2026-08-03 10:02:00,OPEN,19.1,316.3
10560,9007,ACCOUNT,MEDIUM,2026-08-23 03:21:00,OPEN,26.9,347.5
10561,9766,ACCOUNT,MEDIUM,2026-08-17 06:09:00,PENDING,20.4,565.4
10562,5117,ACCOUNT,MEDIUM,2026-08-23 13:49:00,PENDING,12.8,142.1
10563,2133,ACCOUNT,CRITICAL,2026-08-14 21:05:00,RESOLVED,18.5,244.9
10564,8322,PRODUCT,MEDIUM,2026-09-06 06:45:00,RESOLVED,7.2,153.4
10565,3559,ACCOUNT,LOW,2026-08-14 05:13:00,PENDING,17.2,334.2
10566,5574,PRODUCT,HIGH,2026-08-23 06:45:00,RESOLVED,29.4,360.5
10567,1982,ACCOUNT,LOW,2026-08-18 12:28:00,RESOLVED,30.5,547.9
10568,3707,PAYMENT,MEDIUM,2026-08-24 05:06:00,RESOLVED,64.4,282.1
10569,4797,ACCOUNT,HIGH,2026-08-16 20:36:00,RESOLVED,16.3,370.0
10570,7387,DELIVERY,HIGH,2026-08-27 10:52:00,OPEN,15.2,239.4
10571,8998,ACCOUNT,MEDIUM,2026-08-09 04:42:00,OPEN,20.6,142.3
10572,1770,ACCOUNT,HIGH,2026-08-21 10:06:00,RESOLVED,36.4,309.7
10573,5593,PRODUCT,MEDIUM,2026-09-04 01:50:00,RESOLVED,54.5,259.0
10574,9697,ACCOUNT,LOW,2026-08-24 06:20:00,OPEN,52.1,510.3
10575,166,PAYMENT,MEDIUM,2026-08-09 02:06:00,RESOLVED,8.8,347.4
10576,5724,REFUND,MEDIUM,2026-08-30 20:53:00,OPEN,26.0,164.2
10577,7678,DELIVERY,HIGH,2026-08-13 18:18:00,RESOLVED,35.3,316.4
10578,1042,DELIVERY,MEDIUM,2026-09-06 14:40:00,OPEN,85.8,313.6
10579,6682,ACCOUNT,LOW,2026-09-03 00:18:00,RESOLVED,44.7,196.7
10580,4214,DELIVERY,LOW,2026-09-07 06:48:00,RESOLVED,10.4,125.6
10581,6012,REFUND,LOW,2026-09-03 10:15:00,OPEN,61.8,247.1
10582,7126,PAYMENT,HIGH,2026-08-27 17:10:00,RESOLVED,17.9,91.7
10583,1444,REFUND,MEDIUM,2026-08-27 10:37:00,RESOLVED,47.5,118.9
10584,682,ACCOUNT,LOW,2026-08-11 17:57:00,RESOLVED,52.6,390.8
10585,3164,DELIVERY,LOW,2026-08-15 19:42:00,RESOLVED,29.8,141.5
10586,2614,DELIVERY,LOW,2026-09-04 16:23:00,PENDING,10.7,186.3
10587,2888,REFUND,MEDIUM,2026-08-25 17:33:00,RESOLVED,23.0,253.3
10588,9244,PRODUCT,HIGH,2026-08-28 18:13:00,PENDING,31.9,85.0
10589,6875,REFUND,CRITICAL,2026-08-09 13:26:00,RESOLVED,56.2,240.0
10590,3563,ACCOUNT,MEDIUM,2026-08-15 16:57:00,RESOLVED,30.1,197.5
10591,6055,DELIVERY,MEDIUM,2026-08-11 00:57:00,RESOLVED,38.5,218.6
10592,1592,REFUND,LOW,2026-08-26 02:19:00,RESOLVED,24.0,507.9
10593,1831,PRODUCT,MEDIUM,2026-08-21 18:53:00,RESOLVED,41.5,320.3
10594,984,PRODUCT,MEDIUM,2026-08-17 21:45:00,RESOLVED,11.1,258.8
10595,4264,PAYMENT,LOW,2026-08-31 17:49:00,OPEN,40.7,54.2
10596,6191,PAYMENT,LOW,2026-09-03 08:07:00,RESOLVED,7.7,386.0
10597,5086,DELIVERY,HIGH,2026-09-07 04:34:00,OPEN,14.5,122.8
10598,5582,DELIVERY,MEDIUM,2026-08-14 11:10:00,RESOLVED,23.5,277.5
10599,1631,DELIVERY,MEDIUM,2026-08-20 07:20:00,RESOLVED,31.4,406.0
10600,6478,PAYMENT,MEDIUM,2026-08-18 14:04:00,RESOLVED,42.5,394.2
10601,5528,ACCOUNT,MEDIUM,2026-09-07 08:31:00,RESOLVED,15.9,224.7
10602,9581,DELIVERY,LOW,2026-09-01 17:13:00,RESOLVED,28.1,264.8
10603,2471,DELIVERY,HIGH,2026-09-06 23:23:00,PENDING,15.5,376.9
10604,602,PRODUCT,LOW,2026-08-09 00:24:00,RESOLVED,15.6,285.9
10605,4552,PAYMENT,LOW,2026-08-22 19:22:00,RESOLVED,17.7,91.5
10606,1977,REFUND,MEDIUM,2026-08-23 13:26:00,RESOLVED,45.4,305.3
10607,1749,DELIVERY,MEDIUM,2026-08-18 02:38:00,RESOLVED,35.5,283.9
10608,2339,ACCOUNT,MEDIUM,2026-08-18 22:54:00,PENDING,21.5,151.8
10609,6800,PRODUCT,HIGH,2026-09-03 19:08:00,RESOLVED,3.7,336.3
10610,4271,PAYMENT,LOW,2026-08-15 16:40:00,PENDING,45.3,344.5
10611,8742,REFUND,LOW,2026-08-18 18:19:00,RESOLVED,22.6,309.4
10612,1211,ACCOUNT,LOW,2026-08-05 09:35:00,RESOLVED,46.8,247.3
10613,9320,DELIVERY,LOW,2026-08-26 09:58:00,RESOLVED,36.2,573.0
10614,4099,PRODUCT,HIGH,2026-08-01 11:10:00,RESOLVED,10.0,215.4
10615,5338,PRODUCT,MEDIUM,2026-08-30 21:51:00,RESOLVED,26.6,552.2
10616,8162,PRODUCT,LOW,2026-08-25 13:08:00,OPEN,6.0,271.3
10617,4917,PRODUCT,MEDIUM,2026-09-08 09:28:00,RESOLVED,17.6,213.7
10618,1637,REFUND,HIGH,2026-08-23 09:44:00,OPEN,25.4,238.6
10619,2406,PAYMENT,HIGH,2026-08-29 19:43:00,RESOLVED,10.5,232.5
10620,9166,PAYMENT,MEDIUM,2026-09-07 10:42:00,OPEN,82.8,130.0
10621,698,ACCOUNT,MEDIUM,2026-08-10 03:18:00,OPEN,52.2,268.2
10622,9113,PRODUCT,LOW,2026-08-13 01:11:00,RESOLVED,27.8,758.0
10623,6751,PAYMENT,HIGH,2026-08-21 19:50:00,RESOLVED,4.7,267.8
10624,5130,PRODUCT,HIGH,2026-08-02 14:57:00,RESOLVED,13.8,267.5
10625,3161,ACCOUNT,MEDIUM,2026-08-10 14:05:00,OPEN,11.5,227.6
10626,8602,PRODUCT,MEDIUM,2026-08-19 12:47:00,RESOLVED,31.8,192.0
10627,326,REFUND,MEDIUM,2026-08-10 18:44:00,RESOLVED,19.2,138.1
10628,7116,DELIVERY,MEDIUM,2026-08-02 16:17:00,RESOLVED,37.7,366.5
10629,2099,ACCOUNT,MEDIUM,2026-08-30 20:33:00,OPEN,35.2,132.1
10630,3568,DELIVERY,MEDIUM,2026-08-11 08:28:00,RESOLVED,13.8,180.1
10631,639,PAYMENT,CRITICAL,2026-08-01 16:35:00,RESOLVED,17.1,129.7
10632,5618,DELIVERY,MEDIUM,2026-08-27 17:31:00,RESOLVED,29.1,137.3
10633,1476,ACCOUNT,LOW,2026-08-10 01:35:00,RESOLVED,26.2,183.6
10634,1167,DELIVERY,MEDIUM,2026-08-19 06:48:00,RESOLVED,16.3,361.6
10635,3288,PRODUCT,MEDIUM,2026-08-31 10:10:00,RESOLVED,61.6,216.7
10636,4958,PRODUCT,LOW,2026-08-14 02:04:00,RESOLVED,2.6,380.7
10637,9449,PRODUCT,MEDIUM,2026-08-24 09:46:00,RESOLVED,3.5,44.7
10638,8300,PAYMENT,LOW,2026-09-01 23:22:00,RESOLVED,27.1,280.0
10639,4005,PAYMENT,MEDIUM,2026-08-30 10:17:00,OPEN,44.3,131.2
10640,5853,PAYMENT,LOW,2026-08-14 11:02:00,PENDING,14.9,321.9
10641,7701,PRODUCT,MEDIUM,2026-08-16 21:37:00,RESOLVED,6.3,444.7
10642,3821,DELIVERY,CRITICAL,2026-08-07 09:40:00,RESOLVED,4.3,360.3
10643,7680,ACCOUNT,LOW,2026-08-07 03:46:00,RESOLVED,6.5,126.1
10644,6636,PRODUCT,LOW,2026-08-12 04:09:00,RESOLVED,9.7,412.8
10645,7031,ACCOUNT,MEDIUM,2026-09-07 16:47:00,OPEN,6.0,109.3
10646,9769,DELIVERY,MEDIUM,2026-09-08 02:16:00,OPEN,70.0,189.9
10647,3766,REFUND,CRITICAL,2026-09-04 01:11:00,RESOLVED,2.1,315.9
10648,675,REFUND,MEDIUM,2026-08-11 00:06:00,RESOLVED,20.1,91.6
10649,5364,PAYMENT,HIGH,2026-08-24 15:34:00,RESOLVED,14.2,181.0
10650,3304,ACCOUNT,LOW,2026-08-15 11:56:00,RESOLVED,23.6,208.9
10651,590,PRODUCT,LOW,2026-08-12 00:25:00,PENDING,9.4,433.6
10652,1560,PRODUCT,HIGH,2026-08-07 23:58:00,OPEN,20.5,415.0
10653,5337,REFUND,LOW,2026-09-08 07:43:00,PENDING,5.3,377.5
10654,9570,DELIVERY,MEDIUM,2026-08-26 21:46:00,OPEN,18.1,277.2
10655,3385,PRODUCT,MEDIUM,2026-08-29 01:44:00,RESOLVED,36.7,496.2
10656,5460,DELIVERY,HIGH,2026-08-12 01:48:00,RESOLVED,41.5,129.5
10657,1773,REFUND,MEDIUM,2026-09-09 03:02:00,RESOLVED,41.1,432.0
10658,1297,PAYMENT,HIGH,2026-08-09 09:11:00,OPEN,44.3,213.1
10659,7824,PRODUCT,MEDIUM,2026-08-08 06:54:00,RESOLVED,4.7,100.9
10660,6122,PRODUCT,LOW,2026-08-24 11:31:00,PENDING,9.4,343.0
10661,1896,DELIVERY,LOW,2026-09-07 08:02:00,OPEN,18.1,161.2
10662,5005,REFUND,MEDIUM,2026-08-31 13:58:00,OPEN,57.9,252.0
10663,5802,ACCOUNT,LOW,2026-09-08 00:39:00,RESOLVED,35.0,243.2
10664,594,PAYMENT,LOW,2026-08-24 15:55:00,RESOLVED,2.3,328.1
10665,3002,PRODUCT,MEDIUM,2026-08-10 22:15:00,RESOLVED,46.2,363.7
10666,8646,REFUND,MEDIUM,2026-08-20 22:32:00,RESOLVED,30.1,380.6
10667,3629,ACCOUNT,MEDIUM,2026-08-20 23:02:00,RESOLVED,32.5,111.7
10668,7092,PAYMENT,CRITICAL,2026-09-08 22:28:00,OPEN,31.8,177.8
10669,6054,DELIVERY,LOW,2026-08-12 18:51:00,RESOLVED,15.6,351.0
10670,53,PRODUCT,CRITICAL,2026-08-12 09:36:00,RESOLVED,3.8,410.4
10671,9477,REFUND,MEDIUM,2026-08-17 12:02:00,PENDING,43.2,271.5
10672,9597,ACCOUNT,HIGH,2026-08-19 21:54:00,RESOLVED,7.6,132.0
10673,6684,PRODUCT,MEDIUM,2026-08-24 11:25:00,RESOLVED,14.8,376.2
10674,1593,DELIVERY,LOW,2026-08-08 15:30:00,RESOLVED,25.4,310.0
10675,8445,DELIVERY,HIGH,2026-09-02 09:13:00,RESOLVED,10.2,137.4
10676,3,DELIVERY,HIGH,2026-08-21 02:51:00,PENDING,9.5,84.2
10677,5100,REFUND,HIGH,2026-08-19 17:08:00,RESOLVED,10.0,293.2
10678,4273,DELIVERY,HIGH,2026-08-20 10:09:00,RESOLVED,33.1,307.1
10679,6977,PRODUCT,LOW,2026-09-06 18:23:00,RESOLVED,12.1,150.0
10680,1408,DELIVERY,CRITICAL,2026-08-31 20:46:00,RESOLVED,7.6,179.5
10681,8754,PAYMENT,HIGH,2026-08-23 15:21:00,OPEN,17.6,169.6
10682,5702,REFUND,HIGH,2026-08-19 06:45:00,OPEN,29.2,290.4
10683,2604,PRODUCT,MEDIUM,2026-08-10 03:31:00,RESOLVED,27.6,376.8
10684,3115,DELIVERY,HIGH,2026-08-06 17:18:00,PENDING,3.5,285.7
10685,6865,PAYMENT,MEDIUM,2026-09-07 17:31:00,RESOLVED,35.9,261.2
10686,1852,ACCOUNT,MEDIUM,2026-09-07 23:40:00,RESOLVED,6.5,347.2
10687,2968,REFUND,HIGH,2026-08-12 02:52:00,RESOLVED,13.8,312.8
10688,9854,ACCOUNT,LOW,2026-08-11 17:04:00,RESOLVED,25.6,385.6
10689,8800,DELIVERY,HIGH,2026-09-04 05:21:00,RESOLVED,12.2,151.2
10690,3328,PRODUCT,MEDIUM,2026-08-10 19:04:00,RESOLVED,72.6,322.3
10691,5557,REFUND,LOW,2026-08-28 07:56:00,PENDING,10.3,246.1
10692,4148,REFUND,MEDIUM,2026-09-06 01:40:00,OPEN,16.1,75.1
10693,2008,PAYMENT,MEDIUM,2026-09-07 01:25:00,PENDING,44.8,295.7
10694,2943,PRODUCT,LOW,2026-08-27 12:02:00,PENDING,18.3,83.9
10695,1082,PAYMENT,HIGH,2026-08-05 14:46:00,RESOLVED,61.2,659.2
10696,8370,PAYMENT,MEDIUM,2026-09-05 10:27:00,RESOLVED,22.3,217.4
10697,2463,REFUND,MEDIUM,2026-08-08 23:38:00,RESOLVED,7.7,364.0
10698,1968,PRODUCT,LOW,2026-08-12 12:15:00,RESOLVED,62.0,517.2
10699,6380,DELIVERY,LOW,2026-08-08 02:10:00,RESOLVED,27.1,355.1
10700,1277,DELIVERY,LOW,2026-08-03 02:20:00,RESOLVED,25.9,163.7
10701,9563,DELIVERY,LOW,2026-08-08 17:19:00,RESOLVED,28.1,324.1
10702,8815,ACCOUNT,HIGH,2026-08-18 07:56:00,PENDING,115.9,217.2
10703,4128,PRODUCT,MEDIUM,2026-08-01 13:25:00,RESOLVED,13.7,216.8
10704,1834,REFUND,HIGH,2026-08-10 19:18:00,RESOLVED,33.4,398.4
10705,1402,PRODUCT,MEDIUM,2026-08-07 00:21:00,RESOLVED,11.9,309.7
10706,8580,REFUND,LOW,2026-08-30 04:52:00,RESOLVED,19.1,326.6
10707,4410,PRODUCT,HIGH,2026-08-28 08:23:00,RESOLVED,19.2,259.0
10708,5782,REFUND,HIGH,2026-08-09 14:30:00,PENDING,31.3,160.1
10709,1241,PRODUCT,LOW,2026-09-04 15:10:00,PENDING,8.5,219.4
10710,8234,REFUND,MEDIUM,2026-08-04 02:59:00,RESOLVED,35.8,239.9
10711,5177,DELIVERY,MEDIUM,2026-08-07 08:11:00,RESOLVED,4.3,62.6
10712,702,ACCOUNT,MEDIUM,2026-08-19 21:58:00,PENDING,38.3,412.8
10713,762,PRODUCT,MEDIUM,2026-09-06 08:24:00,OPEN,3.9,432.3
10714,9637,PRODUCT,MEDIUM,2026-08-12 06:45:00,RESOLVED,13.2,263.5
10715,569,PRODUCT,MEDIUM,2026-09-08 13:04:00,RESOLVED,28.2,363.4
10716,2998,ACCOUNT,MEDIUM,2026-08-11 04:25:00,RESOLVED,31.0,61.8
10717,129,DELIVERY,MEDIUM,2026-08-26 07:29:00,PENDING,25.6,223.7
10718,587,ACCOUNT,MEDIUM,2026-08-13 13:58:00,RESOLVED,39.2,164.1
10719,8128,PAYMENT,LOW,2026-08-24 21:14:00,RESOLVED,19.5,257.8
10720,7649,PAYMENT,LOW,2026-08-13 05:56:00,PENDING,14.2,195.0
10721,3311,ACCOUNT,MEDIUM,2026-08-10 19:12:00,RESOLVED,21.5,112.4
10722,1785,ACCOUNT,MEDIUM,2026-08-18 16:19:00,OPEN,10.5,342.2
10723,2488,REFUND,MEDIUM,2026-08-14 05:19:00,RESOLVED,31.0,88.1
10724,3512,ACCOUNT,MEDIUM,2026-08-24 01:50:00,RESOLVED,24.5,99.4
10725,7767,DELIVERY,LOW,2026-08-20 14:33:00,RESOLVED,37.8,636.8
10726,5947,DELIVERY,MEDIUM,2026-08-22 12:59:00,RESOLVED,10.8,124.3
10727,4442,REFUND,MEDIUM,2026-08-06 22:41:00,PENDING,20.4,449.5
10728,687,REFUND,MEDIUM,2026-08-24 19:24:00,RESOLVED,15.9,115.8
10729,1156,PRODUCT,MEDIUM,2026-08-30 02:12:00,RESOLVED,4.9,286.9
10730,2020,PAYMENT,MEDIUM,2026-08-06 03:35:00,RESOLVED,11.1,41.8
10731,2122,ACCOUNT,MEDIUM,2026-08-09 00:34:00,OPEN,21.1,302.7
10732,4891,PRODUCT,HIGH,2026-08-03 09:33:00,RESOLVED,9.6,101.0
10733,8629,PRODUCT,MEDIUM,2026-08-10 01:09:00,RESOLVED,0.7,406.2
10734,4220,PRODUCT,HIGH,2026-09-07 06:29:00,RESOLVED,11.1,187.1
10735,3290,PAYMENT,HIGH,2026-08-04 19:36:00,RESOLVED,24.8,352.6
10736,5576,REFUND,LOW,2026-08-09 22:03:00,RESOLVED,21.2,246.4
10737,760,DELIVERY,HIGH,2026-08-06 13:04:00,RESOLVED,100.2,300.6
10738,7287,ACCOUNT,MEDIUM,2026-09-03 05:08:00,RESOLVED,22.8,47.5
10739,556,REFUND,CRITICAL,2026-08-24 04:50:00,RESOLVED,10.1,457.9
10740,3530,PRODUCT,HIGH,2026-08-03 15:24:00,RESOLVED,34.0,198.3
10741,9530,PRODUCT,MEDIUM,2026-08-10 10:42:00,RESOLVED,32.3,435.1
10742,4045,REFUND,LOW,2026-08-28 00:51:00,RESOLVED,20.8,378.7
10743,7478,DELIVERY,MEDIUM,2026-08-31 02:11:00,RESOLVED,3.3,69.4
10744,2724,PRODUCT,MEDIUM,2026-08-25 03:02:00,RESOLVED,21.5,175.4
10745,8522,REFUND,MEDIUM,2026-08-23 15:07:00,RESOLVED,31.1,295.4
10746,3397,ACCOUNT,MEDIUM,2026-08-19 12:08:00,PENDING,38.0,128.1
10747,2274,PAYMENT,MEDIUM,2026-09-03 11:46:00,RESOLVED,17.6,413.5
10748,511,REFUND,MEDIUM,2026-08-15 22:48:00,OPEN,22.5,215.0
10749,3066,PRODUCT,HIGH,2026-09-08 14:26:00,PENDING,5.0,217.6
10750,5802,REFUND,MEDIUM,2026-09-04 13:48:00,PENDING,42.1,276.2
10751,635,PRODUCT,MEDIUM,2026-09-07 03:45:00,RESOLVED,17.7,355.4
10752,1728,PRODUCT,HIGH,2026-08-29 02:58:00,OPEN,19.6,80.1
10753,3470,ACCOUNT,HIGH,2026-08-14 18:58:00,RESOLVED,46.7,150.2
10754,7163,PAYMENT,MEDIUM,2026-08-26 20:56:00,RESOLVED,17.5,196.1
10755,5970,DELIVERY,LOW,2026-08-19 10:13:00,RESOLVED,23.4,103.1
10756,422,DELIVERY,MEDIUM,2026-09-07 02:27:00,RESOLVED,12.3,214.8
10757,366,DELIVERY,MEDIUM,2026-09-06 06:53:00,RESOLVED,39.8,200.5
10758,599,ACCOUNT,LOW,2026-08-03 16:28:00,RESOLVED,45.1,195.4
10759,3307,REFUND,HIGH,2026-08-31 03:26:00,RESOLVED,5.4,221.5
10760,2847,REFUND,LOW,2026-08-30 23:07:00,RESOLVED,30.1,266.9
10761,1170,PRODUCT,LOW,2026-08-25 10:54:00,RESOLVED,8.5,240.6
10762,4385,REFUND,MEDIUM,2026-09-08 17:11:00,RESOLVED,42.9,155.9
10763,5914,ACCOUNT,MEDIUM,2026-08-04 03:27:00,PENDING,22.8,175.2
10764,6937,ACCOUNT,MEDIUM,2026-09-08 20:27:00,RESOLVED,26.9,133.3
10765,9954,PAYMENT,HIGH,2026-08-01 04:06:00,OPEN,40.1,303.6
10766,6922,PRODUCT,HIGH,2026-08-07 22:31:00,RESOLVED,8.3,232.7
10767,9859,REFUND,LOW,2026-08-26 19:53:00,OPEN,19.4,214.5
10768,9734,PAYMENT,HIGH,2026-09-02 09:26:00,RESOLVED,7.2,796.4
10769,8469,PAYMENT,MEDIUM,2026-09-06 05:04:00,RESOLVED,36.4,137.0
10770,3517,REFUND,MEDIUM,2026-08-03 08:30:00,RESOLVED,6.6,90.1
10771,435,PAYMENT,HIGH,2026-09-02 22:39:00,RESOLVED,15.5,236.7
10772,594,DELIVERY,HIGH,2026-08-28 16:22:00,RESOLVED,13.1,296.6
10773,8707,PRODUCT,MEDIUM,2026-08-17 01:32:00,RESOLVED,47.3,395.3
10774,8613,DELIVERY,MEDIUM,2026-08-26 15:38:00,OPEN,54.1,79.5
10775,3095,ACCOUNT,LOW,2026-08-16 20:02:00,PENDING,31.3,200.9
10776,7307,ACCOUNT,MEDIUM,2026-08-19 05:29:00,RESOLVED,25.1,306.0
10777,4544,REFUND,MEDIUM,2026-08-09 07:28:00,RESOLVED,6.3,239.3
10778,682,DELIVERY,MEDIUM,2026-08-14 18:42:00,RESOLVED,17.6,187.9
10779,6542,PAYMENT,HIGH,2026-08-27 12:44:00,RESOLVED,35.3,702.7
10780,834,DELIVERY,MEDIUM,2026-08-10 13:34:00,RESOLVED,17.5,281.7
10781,1308,PAYMENT,MEDIUM,2026-09-01 18:03:00,RESOLVED,25.9,421.8
10782,4767,PRODUCT,MEDIUM,2026-08-14 23:25:00,RESOLVED,1.4,58.7
10783,702,REFUND,MEDIUM,2026-09-06 22:13:00,RESOLVED,9.4,251.6
10784,3417,ACCOUNT,CRITICAL,2026-08-04 23:24:00,RESOLVED,32.1,156.6
10785,7530,DELIVERY,HIGH,2026-08-15 00:35:00,RESOLVED,6.0,142.5
10786,5964,PRODUCT,LOW,2026-08-13 02:12:00,RESOLVED,10.1,140.9
10787,555,PAYMENT,HIGH,2026-08-23 19:48:00,RESOLVED,2.6,172.5
10788,2192,REFUND,CRITICAL,2026-08-21 07:26:00,RESOLVED,20.2,272.9
10789,9937,PAYMENT,LOW,2026-08-03 14:08:00,RESOLVED,9.9,221.9
10790,9594,REFUND,MEDIUM,2026-08-21 14:07:00,OPEN,50.9,397.9
10791,9192,PRODUCT,MEDIUM,2026-08-22 07:30:00,PENDING,27.7,317.6
10792,5122,ACCOUNT,MEDIUM,2026-08-24 01:51:00,RESOLVED,27.8,468.6
10793,4305,PAYMENT,HIGH,2026-08-22 08:58:00,RESOLVED,7.9,201.1
10794,7508,PRODUCT,HIGH,2026-08-30 02:03:00,RESOLVED,22.2,203.9
10795,9569,PRODUCT,LOW,2026-08-29 19:27:00,RESOLVED,5.4,338.8
10796,1258,ACCOUNT,LOW,2026-08-05 15:56:00,RESOLVED,10.3,166.1
10797,8953,PAYMENT,LOW,2026-08-26 12:05:00,RESOLVED,61.4,475.4
10798,6170,PAYMENT,HIGH,2026-09-04 00:04:00,RESOLVED,7.5,301.0
10799,1410,DELIVERY,LOW,2026-08-19 15:28:00,OPEN,16.3,129.1
10800,8652,PRODUCT,MEDIUM,2026-08-15 15:13:00,RESOLVED,13.9,279.1
10801,322,ACCOUNT,MEDIUM,2026-08-21 20:31:00,RESOLVED,42.7,193.4
10802,230,ACCOUNT,LOW,2026-08-08 15:36:00,RESOLVED,6.6,185.9
10803,3678,PRODUCT,LOW,2026-08-19 03:38:00,RESOLVED,22.7,355.2
10804,5400,REFUND,HIGH,2026-08-08 04:12:00,RESOLVED,2.3,536.4
10805,4277,PRODUCT,MEDIUM,2026-08-15 08:37:00,RESOLVED,25.3,185.6
10806,2468,REFUND,MEDIUM,2026-09-02 05:41:00,PENDING,40.0,380.7
10807,6574,ACCOUNT,MEDIUM,2026-09-06 19:21:00,RESOLVED,17.7,364.0
10808,4784,DELIVERY,LOW,2026-08-20 02:53:00,RESOLVED,21.6,336.9
10809,1198,ACCOUNT,MEDIUM,2026-09-07 08:25:00,RESOLVED,23.8,282.8
10810,8160,PRODUCT,LOW,2026-08-11 07:16:00,PENDING,8.9,179.1
10811,3091,ACCOUNT,LOW,2026-08-11 02:29:00,RESOLVED,15.5,356.7
10812,6901,REFUND,LOW,2026-09-07 06:08:00,PENDING,8.3,89.6
10813,3511,PAYMENT,MEDIUM,2026-08-25 20:32:00,PENDING,24.9,232.5
10814,7545,REFUND,LOW,2026-08-24 10:43:00,RESOLVED,7.9,497.1
10815,2822,PRODUCT,LOW,2026-08-15 10:47:00,PENDING,15.4,196.4
10816,2117,PRODUCT,HIGH,2026-08-26 08:54:00,RESOLVED,6.8,233.4
10817,742,PRODUCT,MEDIUM,2026-09-07 14:58:00,RESOLVED,14.2,548.8
10818,8326,PRODUCT,HIGH,2026-08-10 21:59:00,RESOLVED,7.8,378.7
10819,7215,DELIVERY,HIGH,2026-08-31 11:00:00,RESOLVED,5.8,86.5
10820,6140,PAYMENT,MEDIUM,2026-08-16 23:48:00,RESOLVED,22.2,271.7
10821,6077,REFUND,MEDIUM,2026-08-15 00:55:00,RESOLVED,31.4,194.5
10822,694,ACCOUNT,CRITICAL,2026-08-13 06:42:00,RESOLVED,47.2,132.0
10823,4121,PAYMENT,MEDIUM,2026-09-04 11:07:00,RESOLVED,8.9,258.2
10824,8628,DELIVERY,LOW,2026-08-10 20:05:00,RESOLVED,13.8,512.0
10825,2894,REFUND,LOW,2026-08-18 01:23:00,RESOLVED,29.6,163.9
10826,558,PAYMENT,HIGH,2026-09-05 22:51:00,RESOLVED,17.7,111.1
10827,8394,REFUND,LOW,2026-08-20 12:08:00,RESOLVED,34.7,163.1
10828,288,PRODUCT,HIGH,2026-08-06 03:24:00,OPEN,22.2,188.8
10829,6889,PRODUCT,MEDIUM,2026-09-09 01:08:00,RESOLVED,10.8,280.1
10830,8338,PRODUCT,MEDIUM,2026-08-04 13:44:00,RESOLVED,13.3,766.3
10831,7453,PAYMENT,MEDIUM,2026-09-05 20:30:00,RESOLVED,18.0,256.2
10832,131,PRODUCT,MEDIUM,2026-08-16 04:58:00,RESOLVED,10.7,285.5
10833,8963,REFUND,LOW,2026-08-27 01:18:00,RESOLVED,9.4,328.5
10834,885,PRODUCT,MEDIUM,2026-08-27 07:24:00,OPEN,29.2,236.9
10835,8517,DELIVERY,MEDIUM,2026-08-11 17:16:00,OPEN,24.2,137.4
10836,170,PRODUCT,MEDIUM,2026-08-13 15:06:00,PENDING,1.0,113.2
10837,4910,REFUND,MEDIUM,2026-08-06 08:01:00,RESOLVED,49.8,143.5
10838,8803,ACCOUNT,MEDIUM,2026-08-09 02:14:00,RESOLVED,9.4,119.7
10839,2632,REFUND,MEDIUM,2026-08-03 04:34:00,RESOLVED,31.2,140.4
10840,447,ACCOUNT,HIGH,2026-08-03 04:20:00,RESOLVED,18.1,706.9
10841,886,PAYMENT,LOW,2026-08-17 15:54:00,RESOLVED,27.2,176.0
10842,3727,ACCOUNT,HIGH,2026-09-03 07:22:00,RESOLVED,23.5,108.9
10843,3605,REFUND,MEDIUM,2026-08-16 17:32:00,RESOLVED,10.9,107.7
10844,2170,PAYMENT,MEDIUM,2026-08-30 10:55:00,RESOLVED,9.5,237.3
10845,4573,PRODUCT,MEDIUM,2026-08-14 01:39:00,RESOLVED,6.0,280.3
10846,3417,PRODUCT,MEDIUM,2026-08-26 19:00:00,RESOLVED,25.0,246.2
10847,5905,REFUND,LOW,2026-08-21 20:32:00,RESOLVED,34.1,148.9
10848,2906,PAYMENT,MEDIUM,2026-08-30 07:47:00,RESOLVED,10.9,139.8
10849,3145,REFUND,MEDIUM,2026-08-28 03:53:00,RESOLVED,23.4,573.4
10850,8879,PRODUCT,LOW,2026-09-03 15:50:00,RESOLVED,5.9,559.0
10851,7848,PAYMENT,LOW,2026-08-23 03:37:00,RESOLVED,25.8,228.5
10852,7688,DELIVERY,HIGH,2026-08-11 15:16:00,PENDING,5.8,198.2
10853,3796,REFUND,HIGH,2026-08-04 08:18:00,RESOLVED,42.4,543.5
10854,8851,REFUND,MEDIUM,2026-09-01 15:07:00,PENDING,25.5,401.8
10855,3411,PAYMENT,LOW,2026-08-09 01:17:00,RESOLVED,16.8,221.3
10856,7201,ACCOUNT,MEDIUM,2026-08-05 02:56:00,RESOLVED,20.9,189.4
10857,7514,ACCOUNT,HIGH,2026-08-18 00:41:00,RESOLVED,24.5,172.1
10858,3304,PRODUCT,HIGH,2026-09-07 07:58:00,RESOLVED,3.2,113.0
10859,6156,ACCOUNT,HIGH,2026-08-13 20:19:00,RESOLVED,24.1,139.6
10860,1859,DELIVERY,MEDIUM,2026-08-23 14:12:00,RESOLVED,10.1,188.7
10861,3841,ACCOUNT,MEDIUM,2026-08-19 14:37:00,RESOLVED,23.8,152.1
10862,5298,PAYMENT,LOW,2026-08-31 13:03:00,RESOLVED,35.5,267.0
10863,6659,REFUND,LOW,2026-09-02 15:43:00,RESOLVED,13.9,175.4
10864,3567,REFUND,HIGH,2026-08-20 11:34:00,RESOLVED,31.8,161.6
10865,7119,REFUND,LOW,2026-08-18 09:02:00,RESOLVED,41.3,170.5
10866,6435,ACCOUNT,LOW,2026-08-17 00:17:00,RESOLVED,23.0,364.4
10867,8640,PAYMENT,HIGH,2026-08-29 06:21:00,RESOLVED,18.2,237.7
10868,390,DELIVERY,HIGH,2026-08-29 05:45:00,RESOLVED,19.9,158.0
10869,5135,ACCOUNT,LOW,2026-08-11 09:47:00,RESOLVED,9.5,154.1
10870,7130,PRODUCT,MEDIUM,2026-08-14 04:18:00,RESOLVED,46.3,105.8
10871,4223,REFUND,LOW,2026-08-29 16:58:00,RESOLVED,25.2,220.3
10872,2996,PRODUCT,LOW,2026-08-24 23:55:00,RESOLVED,25.9,105.5
10873,5817,REFUND,LOW,2026-08-30 06:33:00,RESOLVED,43.6,197.0
10874,4623,PAYMENT,MEDIUM,2026-08-01 01:16:00,RESOLVED,13.4,335.6
10875,4298,DELIVERY,LOW,2026-09-05 09:34:00,PENDING,5.9,180.4
10876,9787,REFUND,HIGH,2026-09-03 12:33:00,OPEN,17.4,228.5
10877,4229,REFUND,LOW,2026-09-05 16:19:00,RESOLVED,56.8,243.4
10878,2156,PRODUCT,LOW,2026-08-07 16:13:00,RESOLVED,45.6,268.2
10879,168,PRODUCT,LOW,2026-08-23 12:51:00,RESOLVED,5.4,229.7
10880,1177,PRODUCT,MEDIUM,2026-08-25 13:04:00,RESOLVED,10.8,499.5
10881,5370,PAYMENT,CRITICAL,2026-08-12 13:36:00,RESOLVED,38.1,343.2
10882,2099,REFUND,LOW,2026-09-04 05:01:00,RESOLVED,23.8,353.0
10883,1096,PAYMENT,MEDIUM,2026-08-03 09:00:00,RESOLVED,21.7,186.2
10884,3516,REFUND,LOW,2026-08-28 05:13:00,OPEN,15.6,139.6
10885,2405,PAYMENT,LOW,2026-08-23 20:35:00,RESOLVED,11.3,349.3
10886,5363,PRODUCT,LOW,2026-08-19 22:46:00,RESOLVED,13.5,162.0
10887,564,ACCOUNT,LOW,2026-08-31 20:17:00,OPEN,5.1,143.6
10888,9803,REFUND,HIGH,2026-08-21 04:19:00,PENDING,28.0,136.8
10889,9113,DELIVERY,MEDIUM,2026-08-03 16:32:00,RESOLVED,12.4,101.6
10890,8699,REFUND,HIGH,2026-08-18 13:37:00,RESOLVED,26.9,71.7
10891,1715,ACCOUNT,HIGH,2026-09-07 08:22:00,RESOLVED,4.6,267.7
10892,7150,PAYMENT,HIGH,2026-08-02 09:12:00,OPEN,18.9,291.8
10893,137,PAYMENT,MEDIUM,2026-08-03 09:27:00,RESOLVED,35.9,198.5
10894,7206,PAYMENT,LOW,2026-08-31 23:07:00,OPEN,24.8,452.3
10895,7978,REFUND,LOW,2026-08-05 08:26:00,RESOLVED,14.2,108.0
10896,2838,ACCOUNT,LOW,2026-09-08 06:03:00,RESOLVED,7.1,123.2
10897,4638,PRODUCT,LOW,2026-08-22 16:09:00,OPEN,22.2,290.0
10898,9280,ACCOUNT,LOW,2026-08-29 19:41:00,RESOLVED,38.8,315.1
10899,1983,DELIVERY,MEDIUM,2026-08-28 23:35:00,OPEN,50.5,312.2
10900,5396,PRODUCT,MEDIUM,2026-09-05 22:46:00,PENDING,26.8,326.8
10901,3039,DELIVERY,MEDIUM,2026-09-09 22:54:00,OPEN,12.0,80.3
10902,1626,DELIVERY,MEDIUM,2026-09-04 20:37:00,RESOLVED,15.9,343.6
10903,6818,ACCOUNT,LOW,2026-08-28 02:21:00,PENDING,24.1,411.8
10904,9504,REFUND,LOW,2026-08-15 05:05:00,RESOLVED,21.7,198.9
10905,5654,REFUND,MEDIUM,2026-08-13 21:52:00,RESOLVED,4.0,125.6
10906,5066,DELIVERY,HIGH,2026-08-15 12:27:00,RESOLVED,57.8,367.7
10907,5338,DELIVERY,MEDIUM,2026-09-08 19:15:00,PENDING,18.5,227.1
10908,1556,PRODUCT,HIGH,2026-08-19 09:05:00,PENDING,18.4,246.4
10909,2013,PAYMENT,MEDIUM,2026-08-02 15:51:00,RESOLVED,5.4,458.1
10910,7353,PAYMENT,HIGH,2026-08-04 15:52:00,RESOLVED,14.1,106.5
10911,5860,DELIVERY,MEDIUM,2026-08-23 06:26:00,RESOLVED,31.4,127.4
10912,2338,ACCOUNT,HIGH,2026-08-02 18:54:00,RESOLVED,34.3,431.9
10913,195,DELIVERY,LOW,2026-08-28 06:48:00,OPEN,26.8,253.1
10914,1877,PAYMENT,HIGH,2026-08-01 02:19:00,RESOLVED,9.1,112.9
10915,5051,PAYMENT,MEDIUM,2026-08-27 16:34:00,RESOLVED,39.6,215.6
10916,2676,DELIVERY,MEDIUM,2026-08-22 03:37:00,OPEN,10.5,28.4
10917,7310,PAYMENT,MEDIUM,2026-08-27 17:12:00,RESOLVED,9.8,225.7
10918,5783,PAYMENT,MEDIUM,2026-08-22 13:06:00,RESOLVED,12.5,221.7
10919,1475,PAYMENT,HIGH,2026-08-16 21:05:00,PENDING,42.4,349.7
10920,2926,REFUND,HIGH,2026-08-04 02:37:00,PENDING,13.2,192.0
10921,357,ACCOUNT,MEDIUM,2026-08-24 20:00:00,RESOLVED,24.7,171.4
10922,409,DELIVERY,LOW,2026-08-08 02:18:00,RESOLVED,14.7,151.7
10923,7523,PRODUCT,MEDIUM,2026-09-05 11:00:00,RESOLVED,51.3,170.0
10924,3875,REFUND,MEDIUM,2026-08-30 15:50:00,OPEN,22.2,722.3
10925,8818,REFUND,MEDIUM,2026-09-07 21:20:00,RESOLVED,12.4,302.0
10926,2344,REFUND,LOW,2026-08-22 06:34:00,RESOLVED,4.2,225.4
10927,3216,PRODUCT,MEDIUM,2026-09-06 21:15:00,RESOLVED,26.7,132.1
10928,5115,DELIVERY,MEDIUM,2026-09-01 03:32:00,PENDING,18.8,137.1
10929,2810,REFUND,LOW,2026-09-03 06:17:00,RESOLVED,13.6,354.2
10930,4596,PAYMENT,LOW,2026-08-09 00:31:00,PENDING,6.7,123.3
10931,1225,DELIVERY,LOW,2026-09-01 04:02:00,RESOLVED,55.4,360.9
10932,781,ACCOUNT,HIGH,2026-08-23 20:54:00,OPEN,29.9,334.8
10933,8608,REFUND,MEDIUM,2026-09-01 10:52:00,PENDING,36.8,150.1
10934,2454,ACCOUNT,MEDIUM,2026-08-10 14:01:00,OPEN,15.4,194.8
10935,1022,PRODUCT,LOW,2026-08-11 05:51:00,RESOLVED,16.5,303.9
10936,2815,REFUND,HIGH,2026-09-08 09:50:00,RESOLVED,60.4,306.4
10937,4196,PRODUCT,LOW,2026-08-17 07:55:00,RESOLVED,8.0,178.7
10938,4848,PAYMENT,MEDIUM,2026-09-06 23:19:00,RESOLVED,50.5,340.9
10939,7659,PAYMENT,MEDIUM,2026-08-09 21:27:00,PENDING,47.1,455.6
10940,8223,ACCOUNT,LOW,2026-08-14 00:55:00,RESOLVED,5.5,422.0
10941,2920,PRODUCT,HIGH,2026-08-17 13:55:00,OPEN,6.8,75.7
10942,2187,ACCOUNT,HIGH,2026-08-07 04:44:00,RESOLVED,66.5,172.0
10943,1238,ACCOUNT,MEDIUM,2026-08-17 19:26:00,OPEN,18.4,62.1
10944,1582,ACCOUNT,MEDIUM,2026-08-06 21:36:00,PENDING,18.9,539.0
10945,285,PAYMENT,LOW,2026-08-06 19:11:00,PENDING,23.1,428.6
10946,11,PAYMENT,MEDIUM,2026-08-08 01:19:00,RESOLVED,13.1,100.1
10947,4183,ACCOUNT,LOW,2026-08-15 06:50:00,PENDING,38.6,157.3
10948,6066,ACCOUNT,HIGH,2026-08-26 06:17:00,OPEN,5.7,167.2
10949,8193,REFUND,MEDIUM,2026-08-16 03:39:00,RESOLVED,37.1,412.3
10950,3257,PRODUCT,MEDIUM,2026-08-08 04:05:00,PENDING,12.4,298.5
10951,2891,PAYMENT,LOW,2026-09-08 03:34:00,PENDING,10.1,142.1
10952,6702,DELIVERY,MEDIUM,2026-08-08 08:35:00,RESOLVED,13.8,115.0
10953,6368,DELIVERY,LOW,2026-08-26 11:02:00,RESOLVED,33.2,292.5
10954,6902,DELIVERY,CRITICAL,2026-08-17 02:36:00,RESOLVED,14.4,481.4
10955,1701,REFUND,MEDIUM,2026-08-03 05:27:00,RESOLVED,2.3,209.6
10956,448,ACCOUNT,MEDIUM,2026-09-01 18:03:00,RESOLVED,8.3,432.0
10957,5450,REFUND,LOW,2026-08-05 04:39:00,PENDING,28.1,527.4
10958,4185,ACCOUNT,MEDIUM,2026-08-06 08:12:00,RESOLVED,8.5,450.5
10959,2583,PAYMENT,MEDIUM,2026-08-02 21:03:00,RESOLVED,9.3,804.7
10960,9680,PAYMENT,CRITICAL,2026-08-07 06:36:00,PENDING,10.4,594.3
10961,1592,REFUND,MEDIUM,2026-08-13 13:50:00,RESOLVED,34.6,146.9
10962,2752,PRODUCT,LOW,2026-08-04 00:26:00,RESOLVED,23.0,253.8
10963,7499,PAYMENT,CRITICAL,2026-08-08 05:37:00,RESOLVED,42.3,258.3
10964,5296,REFUND,LOW,2026-08-03 13:10:00,RESOLVED,14.8,352.1
10965,2314,PRODUCT,MEDIUM,2026-08-09 20:19:00,RESOLVED,44.2,240.1
10966,5379,PRODUCT,HIGH,2026-08-07 13:36:00,RESOLVED,1.9,247.3
10967,4193,PRODUCT,MEDIUM,2026-08-12 07:14:00,PENDING,20.6,466.8
10968,2606,PAYMENT,HIGH,2026-09-01 19:55:00,OPEN,16.1,403.6
10969,6711,PRODUCT,HIGH,2026-08-05 17:35:00,RESOLVED,14.5,368.2
10970,7793,REFUND,LOW,2026-09-09 09:49:00,RESOLVED,45.9,156.6
10971,685,ACCOUNT,MEDIUM,2026-08-21 10:50:00,PENDING,15.6,222.2
10972,37,PAYMENT,MEDIUM,2026-08-09 04:45:00,RESOLVED,29.3,155.7
10973,9033,REFUND,MEDIUM,2026-08-07 11:17:00,RESOLVED,48.0,551.6
10974,2268,PAYMENT,HIGH,2026-08-08 06:45:00,PENDING,22.0,140.2
10975,863,ACCOUNT,HIGH,2026-08-31 15:21:00,RESOLVED,12.0,254.1
10976,5926,ACCOUNT,MEDIUM,2026-08-07 14:45:00,RESOLVED,4.2,132.0
10977,3226,REFUND,LOW,2026-08-23 01:58:00,PENDING,16.2,204.9
10978,9173,ACCOUNT,LOW,2026-08-02 18:02:00,OPEN,25.9,151.1
10979,9605,REFUND,LOW,2026-08-18 17:08:00,PENDING,35.6,136.5
10980,96,DELIVERY,MEDIUM,2026-09-03 15:08:00,OPEN,29.3,280.4
10981,1916,REFUND,MEDIUM,2026-09-02 01:44:00,OPEN,9.8,94.4
10982,6009,REFUND,LOW,2026-08-21 09:40:00,RESOLVED,23.5,228.3
10983,3361,REFUND,MEDIUM,2026-08-11 08:58:00,RESOLVED,13.7,321.9
10984,34,REFUND,LOW,2026-08-14 04:59:00,RESOLVED,6.2,146.7
10985,4625,REFUND,HIGH,2026-08-14 02:44:00,RESOLVED,36.0,172.8
10986,6229,DELIVERY,HIGH,2026-08-09 09:00:00,RESOLVED,6.2,122.0
10987,9899,REFUND,LOW,2026-08-27 12:16:00,RESOLVED,22.8,81.0
10988,4116,PAYMENT,LOW,2026-08-07 23:36:00,RESOLVED,7.2,200.7
10989,7895,PAYMENT,HIGH,2026-09-08 14:35:00,RESOLVED,24.5,104.4
10990,4345,PAYMENT,LOW,2026-08-05 09:38:00,RESOLVED,20.7,163.9
10991,6715,REFUND,HIGH,2026-08-25 23:16:00,RESOLVED,11.2,160.8
10992,9676,DELIVERY,LOW,2026-08-27 15:33:00,RESOLVED,18.6,165.8
10993,8125,ACCOUNT,MEDIUM,2026-08-27 05:56:00,RESOLVED,5.2,340.4
10994,6823,ACCOUNT,MEDIUM,2026-08-27 09:08:00,RESOLVED,67.2,311.8
10995,8275,PAYMENT,MEDIUM,2026-08-18 23:44:00,PENDING,8.5,236.3
10996,1965,PRODUCT,HIGH,2026-08-06 02:21:00,OPEN,31.4,165.1
10997,7961,DELIVERY,CRITICAL,2026-08-25 18:15:00,RESOLVED,58.8,380.8
10998,9974,DELIVERY,MEDIUM,2026-08-09 10:57:00,RESOLVED,20.4,589.5
10999,9732,PAYMENT,MEDIUM,2026-08-09 03:17:00,OPEN,34.2,150.3
11000,2567,PRODUCT,MEDIUM,2026-09-02 17:33:00,PENDING,55.5,301.0
11001,4275,PRODUCT,HIGH,2026-08-06 13:37:00,RESOLVED,25.4,140.8
11002,6860,REFUND,LOW,2026-08-22 09:08:00,RESOLVED,14.5,301.2
11003,737,ACCOUNT,MEDIUM,2026-08-15 14:10:00,OPEN,38.0,159.9
11004,6803,PRODUCT,MEDIUM,2026-08-08 02:39:00,OPEN,19.7,305.2
11005,2756,REFUND,LOW,2026-09-08 03:58:00,OPEN,3.0,246.5
11006,8498,PAYMENT,HIGH,2026-08-27 01:35:00,RESOLVED,9.5,222.9
11007,6139,REFUND,HIGH,2026-08-20 06:35:00,RESOLVED,17.4,211.0
11008,3989,DELIVERY,HIGH,2026-09-03 16:18:00,RESOLVED,42.4,253.1
11009,501,DELIVERY,MEDIUM,2026-08-14 17:34:00,RESOLVED,24.4,302.6
11010,6960,PAYMENT,HIGH,2026-08-14 03:33:00,RESOLVED,12.6,338.6
11011,5363,DELIVERY,LOW,2026-08-02 08:38:00,RESOLVED,25.4,207.7
11012,6260,ACCOUNT,LOW,2026-08-31 11:13:00,RESOLVED,2.0,83.5
11013,179,ACCOUNT,MEDIUM,2026-09-08 16:15:00,RESOLVED,6.7,202.5
11014,4365,PRODUCT,MEDIUM,2026-09-03 14:59:00,RESOLVED,57.7,210.0
11015,7562,PRODUCT,HIGH,2026-08-01 18:06:00,RESOLVED,3.7,339.9
11016,9160,PRODUCT,HIGH,2026-08-14 21:42:00,PENDING,58.5,267.3
11017,3511,PRODUCT,MEDIUM,2026-09-08 08:30:00,RESOLVED,69.8,299.5
11018,2520,ACCOUNT,LOW,2026-09-06 23:14:00,RESOLVED,19.6,147.0
11019,7061,PAYMENT,LOW,2026-08-09 10:11:00,PENDING,34.2,352.3
11020,2243,ACCOUNT,MEDIUM,2026-08-17 02:39:00,RESOLVED,9.4,405.7
11021,8883,REFUND,MEDIUM,2026-08-23 02:31:00,RESOLVED,13.8,141.5
11022,6304,ACCOUNT,HIGH,2026-08-05 06:28:00,RESOLVED,62.4,229.4
11023,9255,PRODUCT,LOW,2026-08-16 14:58:00,RESOLVED,49.0,414.9
11024,1903,DELIVERY,HIGH,2026-08-31 06:58:00,RESOLVED,46.2,227.7
11025,840,DELIVERY,MEDIUM,2026-08-31 01:01:00,RESOLVED,35.6,372.3
11026,8300,DELIVERY,MEDIUM,2026-08-07 22:54:00,RESOLVED,5.2,210.5
11027,2890,REFUND,LOW,2026-08-21 21:10:00,PENDING,13.8,121.3
11028,3397,PRODUCT,LOW,2026-08-09 05:58:00,OPEN,15.0,267.1
11029,2682,ACCOUNT,MEDIUM,2026-08-30 18:19:00,PENDING,44.1,266.4
11030,4211,ACCOUNT,HIGH,2026-08-27 05:18:00,RESOLVED,19.1,286.7
11031,8989,DELIVERY,MEDIUM,2026-08-28 14:56:00,RESOLVED,32.6,276.7
11032,6824,PAYMENT,HIGH,2026-08-21 06:35:00,PENDING,8.7,342.2
11033,722,ACCOUNT,MEDIUM,2026-08-15 20:07:00,PENDING,7.4,397.8
11034,8852,ACCOUNT,LOW,2026-08-04 04:14:00,RESOLVED,18.8,225.8
11035,4413,DELIVERY,LOW,2026-08-31 01:33:00,RESOLVED,11.5,360.0
11036,6900,PRODUCT,HIGH,2026-09-02 00:21:00,OPEN,32.7,217.0
11037,3654,DELIVERY,MEDIUM,2026-08-17 23:54:00,OPEN,35.4,365.3
11038,943,DELIVERY,HIGH,2026-08-01 19:30:00,RESOLVED,11.4,272.4
11039,4198,ACCOUNT,MEDIUM,2026-08-23 03:56:00,RESOLVED,11.7,412.0
11040,3381,ACCOUNT,LOW,2026-08-08 15:21:00,RESOLVED,18.9,456.9
11041,179,DELIVERY,MEDIUM,2026-09-07 01:54:00,RESOLVED,51.5,218.3
11042,7501,ACCOUNT,MEDIUM,2026-08-26 00:53:00,RESOLVED,28.5,298.4
11043,8617,ACCOUNT,MEDIUM,2026-09-09 10:42:00,RESOLVED,21.9,267.7
11044,9078,PAYMENT,LOW,2026-08-31 18:37:00,PENDING,13.3,302.0
11045,2443,DELIVERY,LOW,2026-09-05 05:12:00,OPEN,17.1,730.5
11046,6339,PRODUCT,MEDIUM,2026-08-19 05:24:00,RESOLVED,33.5,442.2
11047,5321,PAYMENT,MEDIUM,2026-09-07 18:37:00,RESOLVED,36.5,383.5
11048,5962,REFUND,LOW,2026-08-19 02:06:00,PENDING,5.1,543.1
11049,7980,ACCOUNT,MEDIUM,2026-08-16 17:02:00,RESOLVED,7.1,286.9
11050,3793,PRODUCT,MEDIUM,2026-09-07 14:15:00,RESOLVED,32.7,314.3
11051,2749,REFUND,MEDIUM,2026-08-15 06:33:00,RESOLVED,51.6,237.6
11052,4781,PAYMENT,LOW,2026-08-13 02:31:00,RESOLVED,16.8,539.6
11053,6657,REFUND,HIGH,2026-08-21 19:07:00,RESOLVED,25.7,180.3
11054,4323,PAYMENT,LOW,2026-08-22 22:22:00,RESOLVED,2.2,379.3
11055,3035,REFUND,LOW,2026-08-22 16:15:00,RESOLVED,42.4,182.3
11056,552,PRODUCT,LOW,2026-08-26 18:56:00,RESOLVED,21.5,187.5
11057,5731,PAYMENT,LOW,2026-08-19 08:34:00,RESOLVED,38.0,245.7
11058,219,DELIVERY,MEDIUM,2026-09-07 02:29:00,OPEN,16.8,175.6
11059,4708,DELIVERY,LOW,2026-09-05 19:23:00,RESOLVED,46.0,254.0
11060,6175,DELIVERY,LOW,2026-08-31 13:54:00,PENDING,55.2,126.0
11061,4612,DELIVERY,LOW,2026-08-15 07:25:00,PENDING,16.7,225.1
11062,5099,DELIVERY,LOW,2026-08-05 17:39:00,RESOLVED,39.4,139.1
11063,2775,PRODUCT,MEDIUM,2026-08-01 03:01:00,RESOLVED,48.0,186.7
11064,2449,PAYMENT,LOW,2026-08-31 14:45:00,RESOLVED,22.8,170.7
11065,8450,DELIVERY,LOW,2026-08-07 07:55:00,RESOLVED,21.1,302.4
11066,8928,PAYMENT,HIGH,2026-08-25 20:53:00,RESOLVED,71.8,259.7
11067,1604,REFUND,MEDIUM,2026-08-18 16:09:00,RESOLVED,25.4,116.3
11068,2066,PAYMENT,LOW,2026-08-31 23:30:00,PENDING,20.2,362.1
11069,3572,PAYMENT,MEDIUM,2026-09-04 04:12:00,PENDING,9.7,323.4
11070,7005,PAYMENT,LOW,2026-08-04 22:01:00,RESOLVED,20.7,159.2
11071,619,REFUND,LOW,2026-08-20 07:41:00,RESOLVED,29.4,197.1
11072,7884,DELIVERY,LOW,2026-09-06 19:48:00,OPEN,31.9,251.6
11073,70,PRODUCT,LOW,2026-08-16 06:35:00,RESOLVED,10.6,173.4
11074,8403,PRODUCT,LOW,2026-09-01 17:51:00,RESOLVED,18.5,270.5
11075,410,ACCOUNT,LOW,2026-08-30 15:49:00,RESOLVED,24.1,116.7
11076,8396,PRODUCT,MEDIUM,2026-09-03 21:46:00,RESOLVED,5.2,459.4
11077,9438,REFUND,LOW,2026-08-03 22:09:00,RESOLVED,31.4,395.6
11078,7942,PRODUCT,LOW,2026-09-05 05:40:00,RESOLVED,28.7,237.8
11079,9842,ACCOUNT,HIGH,2026-08-01 14:04:00,RESOLVED,24.3,269.9
11080,4579,DELIVERY,MEDIUM,2026-08-04 20:02:00,RESOLVED,22.4,546.1
11081,6417,PAYMENT,MEDIUM,2026-08-08 05:12:00,PENDING,10.9,65.6
11082,6240,PRODUCT,MEDIUM,2026-09-01 22:10:00,OPEN,34.3,281.2
11083,118,ACCOUNT,MEDIUM,2026-08-06 21:38:00,OPEN,16.6,56.1
11084,8578,PAYMENT,MEDIUM,2026-08-29 00:07:00,PENDING,14.1,258.4
11085,7051,ACCOUNT,MEDIUM,2026-08-12 16:04:00,RESOLVED,8.3,367.0
11086,4203,PRODUCT,HIGH,2026-08-28 05:17:00,OPEN,17.1,337.3
11087,2148,PRODUCT,HIGH,2026-08-28 20:38:00,RESOLVED,35.8,432.1
11088,6709,DELIVERY,LOW,2026-08-16 07:09:00,RESOLVED,14.2,288.3
11089,9816,PAYMENT,LOW,2026-09-08 12:50:00,RESOLVED,20.3,165.4
11090,1596,PRODUCT,LOW,2026-08-11 13:12:00,RESOLVED,2.7,416.3
11091,9201,DELIVERY,MEDIUM,2026-08-04 05:48:00,RESOLVED,7.9,114.1
11092,5647,ACCOUNT,HIGH,2026-08-25 08:33:00,OPEN,4.9,469.4
11093,7888,PRODUCT,MEDIUM,2026-08-03 04:34:00,RESOLVED,19.4,213.8
11094,1411,ACCOUNT,MEDIUM,2026-08-12 10:22:00,RESOLVED,23.2,227.2
11095,1046,PRODUCT,MEDIUM,2026-08-21 12:31:00,OPEN,10.4,220.2
11096,6603,ACCOUNT,MEDIUM,2026-09-06 16:28:00,RESOLVED,23.5,167.5
11097,2836,ACCOUNT,MEDIUM,2026-08-29 06:03:00,RESOLVED,24.9,481.3
11098,3769,DELIVERY,MEDIUM,2026-08-25 08:00:00,RESOLVED,19.5,152.7
11099,6223,ACCOUNT,MEDIUM,2026-08-22 05:49:00,RESOLVED,8.4,132.6
11100,2279,PAYMENT,MEDIUM,2026-08-15 08:31:00,RESOLVED,43.5,240.5
11101,3416,PAYMENT,MEDIUM,2026-09-03 03:00:00,OPEN,57.0,342.7
11102,3608,REFUND,MEDIUM,2026-08-01 20:23:00,RESOLVED,37.0,111.7
11103,3528,PAYMENT,MEDIUM,2026-08-07 08:55:00,PENDING,7.0,632.7
11104,7015,PAYMENT,HIGH,2026-08-07 09:49:00,RESOLVED,4.7,410.4
11105,1518,PAYMENT,MEDIUM,2026-08-25 21:25:00,PENDING,58.5,404.3
11106,9081,PRODUCT,MEDIUM,2026-08-12 15:11:00,RESOLVED,19.5,143.3
11107,7162,PRODUCT,HIGH,2026-08-03 15:15:00,RESOLVED,88.8,436.7
11108,113,PRODUCT,HIGH,2026-08-07 11:34:00,RESOLVED,8.9,250.4
11109,5652,PAYMENT,MEDIUM,2026-08-27 09:32:00,RESOLVED,18.7,277.2
11110,1679,ACCOUNT,HIGH,2026-08-22 19:35:00,PENDING,69.2,242.6
11111,1528,ACCOUNT,CRITICAL,2026-08-22 11:39:00,RESOLVED,38.2,297.8
11112,7058,ACCOUNT,LOW,2026-08-29 20:22:00,RESOLVED,41.0,625.1
11113,2493,PRODUCT,MEDIUM,2026-08-21 18:21:00,RESOLVED,8.1,160.7
11114,5688,REFUND,MEDIUM,2026-09-05 08:38:00,RESOLVED,39.1,361.5
11115,2843,ACCOUNT,MEDIUM,2026-08-23 18:43:00,RESOLVED,48.8,259.5
11116,3192,ACCOUNT,CRITICAL,2026-08-26 19:03:00,RESOLVED,6.7,98.2
11117,6708,REFUND,LOW,2026-08-13 17:03:00,OPEN,5.8,219.9
11118,6518,ACCOUNT,HIGH,2026-08-24 03:09:00,RESOLVED,44.0,506.4
11119,216,PAYMENT,HIGH,2026-08-08 06:56:00,RESOLVED,19.9,158.1
11120,8672,PRODUCT,MEDIUM,2026-08-10 14:07:00,OPEN,36.9,181.9
11121,5870,REFUND,MEDIUM,2026-09-08 09:02:00,PENDING,27.5,196.2
11122,2580,REFUND,MEDIUM,2026-09-04 22:48:00,RESOLVED,4.3,396.3
11123,1128,PAYMENT,LOW,2026-08-17 06:02:00,PENDING,25.3,175.2
11124,4857,DELIVERY,LOW,2026-08-13 15:18:00,RESOLVED,10.4,301.4
11125,6958,DELIVERY,LOW,2026-08-25 16:51:00,PENDING,4.9,437.6
11126,208,PAYMENT,LOW,2026-08-29 02:57:00,RESOLVED,8.7,158.2
11127,2899,ACCOUNT,MEDIUM,2026-08-02 07:30:00,RESOLVED,48.3,163.0
11128,9460,DELIVERY,HIGH,2026-08-30 21:38:00,RESOLVED,8.9,160.8
11129,1003,REFUND,LOW,2026-08-02 11:19:00,OPEN,8.9,331.2
11130,8017,REFUND,MEDIUM,2026-08-02 18:58:00,RESOLVED,32.1,264.9
11131,2384,REFUND,LOW,2026-08-19 22:12:00,RESOLVED,19.7,225.9
11132,5051,DELIVERY,MEDIUM,2026-08-27 00:44:00,PENDING,19.7,129.5
11133,7634,DELIVERY,LOW,2026-08-14 18:01:00,OPEN,21.3,586.6
11134,9920,PAYMENT,LOW,2026-09-07 05:56:00,RESOLVED,2.2,92.7
11135,6035,PAYMENT,HIGH,2026-08-17 12:04:00,RESOLVED,16.9,288.8
11136,2203,PRODUCT,MEDIUM,2026-08-28 17:54:00,RESOLVED,32.7,101.0
11137,818,ACCOUNT,LOW,2026-08-21 11:35:00,RESOLVED,13.7,540.3
11138,7440,DELIVERY,LOW,2026-08-20 01:39:00,RESOLVED,17.9,366.6
11139,5785,REFUND,HIGH,2026-08-12 16:19:00,PENDING,21.4,220.7
11140,7696,ACCOUNT,MEDIUM,2026-08-17 02:26:00,PENDING,46.2,205.1
11141,9873,REFUND,HIGH,2026-08-15 21:06:00,RESOLVED,5.2,190.1
11142,8309,DELIVERY,MEDIUM,2026-08-06 23:53:00,RESOLVED,3.1,356.3
11143,5017,REFUND,MEDIUM,2026-08-30 22:02:00,RESOLVED,16.5,181.4
11144,6851,REFUND,MEDIUM,2026-08-09 23:52:00,RESOLVED,16.2,186.1
11145,6251,REFUND,HIGH,2026-08-01 02:23:00,OPEN,13.6,503.4
11146,1906,PAYMENT,HIGH,2026-09-05 13:28:00,OPEN,33.9,130.1
11147,3090,REFUND,LOW,2026-08-28 22:46:00,RESOLVED,32.9,232.8
11148,914,PAYMENT,MEDIUM,2026-08-16 14:38:00,RESOLVED,41.9,213.5
11149,3685,ACCOUNT,LOW,2026-08-30 14:09:00,OPEN,6.7,235.9
11150,1804,REFUND,HIGH,2026-08-07 11:52:00,RESOLVED,17.8,343.0
11151,8969,PAYMENT,MEDIUM,2026-08-15 09:42:00,RESOLVED,29.0,169.2
11152,8584,PRODUCT,LOW,2026-08-16 22:30:00,RESOLVED,6.5,235.9
11153,7278,DELIVERY,MEDIUM,2026-08-19 19:17:00,RESOLVED,4.0,345.7
11154,4020,REFUND,MEDIUM,2026-08-18 12:34:00,PENDING,23.0,134.3
11155,76,PRODUCT,HIGH,2026-08-18 00:18:00,RESOLVED,31.7,104.2
11156,5462,REFUND,MEDIUM,2026-08-14 13:47:00,RESOLVED,30.2,193.4
11157,248,PAYMENT,LOW,2026-08-16 23:55:00,RESOLVED,10.4,176.7
11158,254,PAYMENT,MEDIUM,2026-08-01 16:14:00,RESOLVED,14.5,514.4
11159,1548,ACCOUNT,LOW,2026-08-01 12:56:00,RESOLVED,18.2,121.0
11160,4915,DELIVERY,MEDIUM,2026-08-15 16:35:00,RESOLVED,17.3,273.9
11161,7492,PRODUCT,MEDIUM,2026-08-27 23:36:00,RESOLVED,31.4,349.5
11162,4093,ACCOUNT,HIGH,2026-09-05 20:55:00,RESOLVED,12.3,235.6
11163,7751,ACCOUNT,MEDIUM,2026-09-06 04:23:00,RESOLVED,25.4,210.0
11164,5346,PAYMENT,LOW,2026-08-11 23:49:00,RESOLVED,12.4,376.7
11165,8937,REFUND,HIGH,2026-08-22 19:53:00,RESOLVED,55.8,799.7
11166,3753,DELIVERY,HIGH,2026-08-15 11:50:00,RESOLVED,6.5,265.8
11167,3004,REFUND,MEDIUM,2026-08-03 13:18:00,PENDING,3.1,193.5
11168,755,PRODUCT,MEDIUM,2026-08-29 15:00:00,RESOLVED,2.3,146.1
11169,2191,DELIVERY,MEDIUM,2026-08-02 19:25:00,RESOLVED,20.7,345.3
11170,440,PRODUCT,MEDIUM,2026-08-07 05:34:00,RESOLVED,15.1,86.4
11171,1737,ACCOUNT,LOW,2026-09-04 11:54:00,RESOLVED,18.7,557.3
11172,9498,PAYMENT,MEDIUM,2026-09-03 15:34:00,RESOLVED,23.3,240.9
11173,5445,ACCOUNT,LOW,2026-08-24 17:46:00,RESOLVED,7.7,200.7
11174,6039,ACCOUNT,HIGH,2026-08-22 19:30:00,OPEN,11.2,197.0
11175,3848,PRODUCT,HIGH,2026-08-30 11:55:00,RESOLVED,25.5,124.4
11176,6434,PAYMENT,LOW,2026-08-22 08:12:00,RESOLVED,27.8,208.2
11177,5623,PAYMENT,MEDIUM,2026-08-30 15:09:00,RESOLVED,30.6,267.0
11178,9155,REFUND,LOW,2026-08-06 02:34:00,RESOLVED,30.7,311.9
11179,7956,DELIVERY,LOW,2026-09-09 06:03:00,RESOLVED,5.6,181.7
11180,5509,PRODUCT,LOW,2026-08-03 16:50:00,RESOLVED,60.3,283.6
11181,7817,PAYMENT,MEDIUM,2026-08-30 10:56:00,RESOLVED,24.6,289.4
11182,6156,ACCOUNT,HIGH,2026-09-03 22:12:00,RESOLVED,11.8,217.4
11183,9948,PRODUCT,LOW,2026-08-02 05:13:00,RESOLVED,39.0,162.1
11184,5231,REFUND,HIGH,2026-08-09 20:21:00,PENDING,14.9,55.1
11185,8511,ACCOUNT,MEDIUM,2026-08-12 01:31:00,RESOLVED,46.5,362.0
11186,1760,DELIVERY,LOW,2026-08-18 10:25:00,OPEN,11.9,165.0
11187,1683,DELIVERY,MEDIUM,2026-08-07 17:45:00,OPEN,16.9,442.5
11188,3116,PRODUCT,MEDIUM,2026-08-21 07:16:00,RESOLVED,8.1,82.1
11189,8235,PRODUCT,MEDIUM,2026-09-08 06:44:00,RESOLVED,17.0,457.2
11190,8844,PRODUCT,MEDIUM,2026-08-01 22:52:00,PENDING,10.1,199.0
11191,4012,PRODUCT,LOW,2026-09-05 08:57:00,RESOLVED,14.1,224.9
11192,4439,REFUND,MEDIUM,2026-08-29 03:37:00,PENDING,49.2,342.5
11193,4893,DELIVERY,MEDIUM,2026-08-18 14:17:00,OPEN,18.4,184.8
11194,2042,ACCOUNT,CRITICAL,2026-08-22 16:55:00,RESOLVED,50.3,160.3
11195,5371,REFUND,MEDIUM,2026-08-07 04:08:00,PENDING,15.0,168.7
11196,8281,DELIVERY,LOW,2026-09-06 08:37:00,OPEN,63.2,169.7
11197,7511,DELIVERY,HIGH,2026-08-02 20:36:00,RESOLVED,24.8,438.5
11198,874,ACCOUNT,LOW,2026-08-06 05:38:00,RESOLVED,6.6,251.5
11199,3537,ACCOUNT,LOW,2026-08-29 06:07:00,OPEN,14.8,190.1
11200,6396,ACCOUNT,MEDIUM,2026-08-07 17:30:00,RESOLVED,21.7,217.7
11201,5932,ACCOUNT,LOW,2026-08-04 04:26:00,PENDING,15.9,334.7
11202,7002,DELIVERY,MEDIUM,2026-08-11 08:11:00,OPEN,11.5,175.6
11203,7474,DELIVERY,MEDIUM,2026-08-23 18:23:00,RESOLVED,22.0,252.2
11204,3038,PAYMENT,HIGH,2026-08-13 04:43:00,RESOLVED,23.5,251.9
11205,4698,PAYMENT,MEDIUM,2026-09-03 16:05:00,RESOLVED,31.9,265.4
11206,1669,DELIVERY,MEDIUM,2026-09-07 17:00:00,OPEN,39.4,457.4
11207,7171,ACCOUNT,CRITICAL,2026-08-17 16:44:00,RESOLVED,30.9,195.9
11208,4483,PRODUCT,MEDIUM,2026-08-23 17:02:00,RESOLVED,12.5,105.9
11209,3488,PRODUCT,LOW,2026-08-24 23:55:00,RESOLVED,42.7,132.0
11210,7551,PAYMENT,HIGH,2026-08-11 19:35:00,RESOLVED,10.3,115.6
11211,9379,ACCOUNT,HIGH,2026-08-20 06:04:00,PENDING,34.6,202.7
11212,8867,PRODUCT,MEDIUM,2026-08-09 14:18:00,RESOLVED,19.2,508.2
11213,1350,PAYMENT,MEDIUM,2026-09-08 15:39:00,RESOLVED,9.6,564.7
11214,8154,PAYMENT,MEDIUM,2026-08-21 21:12:00,RESOLVED,8.2,139.1
11215,5671,ACCOUNT,LOW,2026-08-17 21:05:00,OPEN,22.8,134.5
11216,1096,REFUND,MEDIUM,2026-08-09 01:06:00,RESOLVED,6.5,47.2
11217,3879,ACCOUNT,MEDIUM,2026-08-06 19:39:00,PENDING,22.1,216.0
11218,2228,DELIVERY,LOW,2026-08-04 05:08:00,OPEN,26.7,290.7
11219,2582,DELIVERY,MEDIUM,2026-08-13 00:36:00,RESOLVED,51.8,151.8
11220,6170,DELIVERY,MEDIUM,2026-08-25 22:59:00,RESOLVED,8.9,573.8
11221,4036,REFUND,HIGH,2026-09-07 09:38:00,RESOLVED,20.2,118.7
11222,7100,PAYMENT,HIGH,2026-08-27 17:36:00,RESOLVED,38.7,345.5
11223,8062,ACCOUNT,MEDIUM,2026-08-07 11:26:00,OPEN,9.7,167.7
11224,88,ACCOUNT,CRITICAL,2026-08-03 23:12:00,OPEN,26.8,269.5
11225,8246,DELIVERY,LOW,2026-08-21 15:03:00,RESOLVED,34.3,384.8
11226,1426,PRODUCT,LOW,2026-08-21 05:17:00,RESOLVED,18.3,88.1
11227,60,REFUND,HIGH,2026-08-03 22:55:00,OPEN,22.2,108.7
11228,941,REFUND,MEDIUM,2026-08-23 20:54:00,RESOLVED,17.0,342.1
11229,509,ACCOUNT,HIGH,2026-08-05 06:12:00,RESOLVED,41.2,140.7
11230,3412,ACCOUNT,MEDIUM,2026-08-26 09:53:00,RESOLVED,53.5,443.4
11231,8396,PRODUCT,LOW,2026-09-09 08:56:00,RESOLVED,16.2,131.9
11232,6809,DELIVERY,MEDIUM,2026-08-01 07:51:00,RESOLVED,10.4,235.9
11233,4422,DELIVERY,LOW,2026-08-12 00:26:00,RESOLVED,25.3,247.0
11234,9432,ACCOUNT,MEDIUM,2026-09-01 18:15:00,RESOLVED,13.2,327.6
11235,4873,REFUND,MEDIUM,2026-08-30 06:57:00,PENDING,18.7,247.0
11236,896,REFUND,MEDIUM,2026-08-22 03:23:00,RESOLVED,54.4,268.8
11237,198,PAYMENT,MEDIUM,2026-09-07 08:09:00,OPEN,13.4,210.5
11238,5061,DELIVERY,MEDIUM,2026-08-17 12:02:00,RESOLVED,5.3,214.0
11239,2250,PRODUCT,HIGH,2026-08-27 14:37:00,OPEN,18.3,218.8
11240,3725,ACCOUNT,LOW,2026-08-18 13:48:00,PENDING,7.1,539.1
11241,3096,REFUND,LOW,2026-09-08 17:57:00,OPEN,13.0,141.4
11242,3984,PAYMENT,LOW,2026-08-19 02:55:00,RESOLVED,4.7,116.5
11243,9623,ACCOUNT,MEDIUM,2026-08-05 13:06:00,RESOLVED,54.2,226.9
11244,681,ACCOUNT,LOW,2026-09-04 01:00:00,RESOLVED,45.1,277.2
11245,1092,DELIVERY,MEDIUM,2026-08-17 08:27:00,RESOLVED,45.4,230.1
11246,2884,PRODUCT,LOW,2026-08-28 12:13:00,PENDING,31.1,287.5
11247,7428,DELIVERY,LOW,2026-08-17 05:10:00,RESOLVED,33.8,182.3
11248,2525,DELIVERY,LOW,2026-08-12 10:34:00,RESOLVED,9.1,206.1
11249,2491,PRODUCT,HIGH,2026-08-10 22:38:00,RESOLVED,7.5,110.9
11250,7183,DELIVERY,LOW,2026-08-01 12:02:00,RESOLVED,18.5,299.8
11251,6018,DELIVERY,LOW,2026-08-04 15:08:00,OPEN,9.0,192.9
11252,6419,PAYMENT,LOW,2026-08-16 01:35:00,RESOLVED,17.3,312.1
11253,6595,PAYMENT,HIGH,2026-09-01 00:17:00,OPEN,13.8,133.3
11254,6364,PAYMENT,MEDIUM,2026-08-08 14:03:00,RESOLVED,3.0,191.8
11255,5556,ACCOUNT,HIGH,2026-08-28 21:05:00,RESOLVED,47.2,447.6
11256,5193,PAYMENT,LOW,2026-08-25 06:36:00,PENDING,12.7,205.3
11257,7671,REFUND,LOW,2026-08-28 13:17:00,RESOLVED,17.2,310.2
11258,3421,REFUND,MEDIUM,2026-08-26 15:11:00,RESOLVED,12.1,149.9
11259,3221,ACCOUNT,MEDIUM,2026-09-04 01:58:00,PENDING,32.9,171.8
11260,2438,REFUND,HIGH,2026-08-13 21:43:00,RESOLVED,3.5,392.1
11261,8304,DELIVERY,LOW,2026-08-27 18:36:00,RESOLVED,25.3,739.5
11262,113,PAYMENT,CRITICAL,2026-09-04 12:29:00,RESOLVED,1.1,173.5
11263,2093,PRODUCT,MEDIUM,2026-08-27 10:07:00,PENDING,90.9,313.7
11264,1480,DELIVERY,MEDIUM,2026-09-09 06:53:00,RESOLVED,53.8,320.1
11265,3736,PRODUCT,HIGH,2026-09-02 21:23:00,RESOLVED,9.7,205.5
11266,2199,PAYMENT,MEDIUM,2026-08-19 19:07:00,RESOLVED,6.3,135.6
11267,5053,PRODUCT,HIGH,2026-08-31 21:45:00,PENDING,60.7,225.2
11268,9756,DELIVERY,MEDIUM,2026-08-19 21:34:00,RESOLVED,34.3,236.3
11269,4274,ACCOUNT,LOW,2026-09-06 08:18:00,PENDING,12.7,214.7
11270,9705,ACCOUNT,LOW,2026-08-04 03:15:00,RESOLVED,16.8,650.8
11271,3090,PRODUCT,HIGH,2026-09-09 16:13:00,OPEN,5.1,531.4
11272,7677,PRODUCT,HIGH,2026-09-05 03:15:00,RESOLVED,9.9,161.6
11273,1381,PRODUCT,CRITICAL,2026-08-12 23:15:00,RESOLVED,20.2,329.2
11274,6104,DELIVERY,MEDIUM,2026-08-06 17:33:00,PENDING,4.4,36.1
11275,7515,ACCOUNT,MEDIUM,2026-08-24 04:38:00,RESOLVED,6.8,213.3
11276,6689,PRODUCT,LOW,2026-08-26 03:20:00,PENDING,10.6,316.7
11277,9377,PRODUCT,MEDIUM,2026-08-15 20:44:00,PENDING,4.0,287.4
11278,6006,PAYMENT,MEDIUM,2026-08-26 19:28:00,RESOLVED,56.6,237.9
11279,5864,DELIVERY,MEDIUM,2026-08-22 09:03:00,RESOLVED,38.1,344.4
11280,6469,PAYMENT,MEDIUM,2026-08-14 19:36:00,RESOLVED,6.1,269.4
11281,3537,PAYMENT,LOW,2026-08-20 04:35:00,RESOLVED,11.5,348.6
11282,2193,REFUND,MEDIUM,2026-08-04 23:17:00,RESOLVED,47.9,241.0
11283,9055,ACCOUNT,HIGH,2026-08-22 18:06:00,RESOLVED,5.3,346.2
11284,9768,REFUND,HIGH,2026-08-27 04:14:00,RESOLVED,26.9,302.1
11285,9315,ACCOUNT,MEDIUM,2026-09-08 14:05:00,RESOLVED,42.0,426.8
11286,7567,ACCOUNT,MEDIUM,2026-08-14 16:16:00,RESOLVED,9.6,175.8
11287,2236,DELIVERY,MEDIUM,2026-08-04 12:24:00,RESOLVED,38.5,292.1
11288,2343,DELIVERY,LOW,2026-08-07 02:47:00,RESOLVED,14.1,513.9
11289,3096,REFUND,LOW,2026-09-05 03:54:00,RESOLVED,26.3,90.3
11290,5137,PRODUCT,HIGH,2026-09-06 13:23:00,RESOLVED,16.1,198.9
11291,2360,DELIVERY,LOW,2026-09-01 09:50:00,OPEN,3.2,237.7
11292,7893,REFUND,MEDIUM,2026-08-20 11:07:00,PENDING,15.7,212.3
11293,845,ACCOUNT,MEDIUM,2026-09-09 07:07:00,OPEN,3.3,329.0
11294,9112,PAYMENT,CRITICAL,2026-08-29 00:25:00,PENDING,52.2,108.1
11295,4526,PAYMENT,MEDIUM,2026-08-09 23:35:00,RESOLVED,6.1,580.4
11296,3839,PAYMENT,HIGH,2026-08-13 00:34:00,PENDING,18.8,74.9
11297,4502,ACCOUNT,MEDIUM,2026-09-07 19:22:00,RESOLVED,32.7,677.9
11298,4838,DELIVERY,LOW,2026-08-06 22:13:00,RESOLVED,29.1,73.0
11299,5516,PAYMENT,MEDIUM,2026-08-29 18:15:00,OPEN,9.8,662.3
11300,3099,DELIVERY,LOW,2026-08-02 09:05:00,RESOLVED,10.7,499.6
11301,3041,DELIVERY,MEDIUM,2026-08-28 22:40:00,RESOLVED,31.8,744.6
11302,3766,PAYMENT,LOW,2026-08-14 18:48:00,OPEN,16.0,201.9
11303,1561,ACCOUNT,HIGH,2026-08-01 15:33:00,RESOLVED,47.0,188.0
11304,2278,PAYMENT,LOW,2026-08-03 00:10:00,RESOLVED,16.5,212.8
11305,4188,PRODUCT,LOW,2026-08-08 10:53:00,RESOLVED,10.7,61.2
11306,300,ACCOUNT,MEDIUM,2026-09-09 14:29:00,PENDING,45.8,544.5
11307,4199,DELIVERY,LOW,2026-09-08 23:03:00,PENDING,5.6,106.7
11308,4164,PRODUCT,LOW,2026-08-10 07:58:00,OPEN,14.1,216.4
11309,27,ACCOUNT,CRITICAL,2026-08-13 00:02:00,RESOLVED,19.5,132.0
11310,4706,ACCOUNT,LOW,2026-08-06 00:51:00,RESOLVED,19.8,54.3
11311,6617,PRODUCT,MEDIUM,2026-08-21 00:01:00,RESOLVED,24.8,401.0
11312,7799,ACCOUNT,MEDIUM,2026-09-02 20:22:00,RESOLVED,20.9,181.8
11313,3873,PRODUCT,LOW,2026-08-22 07:46:00,RESOLVED,20.0,169.3
11314,5227,DELIVERY,LOW,2026-09-01 23:11:00,RESOLVED,9.9,279.7
11315,784,ACCOUNT,MEDIUM,2026-09-08 20:47:00,PENDING,28.5,355.2
11316,3264,ACCOUNT,HIGH,2026-09-09 20:50:00,RESOLVED,15.9,348.0
11317,6637,DELIVERY,MEDIUM,2026-08-14 06:37:00,PENDING,32.7,184.1
11318,4633,ACCOUNT,LOW,2026-08-10 18:11:00,OPEN,28.0,228.2
11319,9542,PRODUCT,LOW,2026-08-20 13:11:00,RESOLVED,57.2,165.8
11320,7962,PAYMENT,MEDIUM,2026-08-02 22:13:00,RESOLVED,78.9,182.6
11321,9071,ACCOUNT,MEDIUM,2026-08-19 00:20:00,RESOLVED,32.8,163.6
11322,4810,PRODUCT,LOW,2026-08-29 22:18:00,RESOLVED,16.1,186.6
11323,767,PRODUCT,MEDIUM,2026-08-08 17:41:00,RESOLVED,5.1,89.1
11324,5552,REFUND,CRITICAL,2026-09-02 07:39:00,PENDING,15.9,388.4
11325,9459,REFUND,HIGH,2026-09-04 04:05:00,PENDING,10.3,208.5
11326,1730,DELIVERY,MEDIUM,2026-08-15 00:00:00,RESOLVED,11.1,196.9
11327,9604,ACCOUNT,CRITICAL,2026-08-13 07:35:00,RESOLVED,21.2,618.2
11328,77,REFUND,MEDIUM,2026-09-07 10:27:00,PENDING,13.3,101.1
11329,6142,DELIVERY,LOW,2026-09-02 16:22:00,OPEN,9.8,334.7
11330,9297,DELIVERY,MEDIUM,2026-08-31 20:55:00,PENDING,7.2,374.6
11331,2112,REFUND,MEDIUM,2026-08-14 11:41:00,RESOLVED,5.5,241.9
11332,2680,PAYMENT,HIGH,2026-08-17 09:28:00,RESOLVED,29.0,242.1
11333,8074,ACCOUNT,HIGH,2026-08-28 18:49:00,RESOLVED,6.9,188.7
11334,3476,PRODUCT,MEDIUM,2026-08-29 18:59:00,OPEN,27.9,288.1
11335,6553,ACCOUNT,MEDIUM,2026-08-10 18:08:00,RESOLVED,18.1,471.9
11336,1149,DELIVERY,LOW,2026-08-01 00:55:00,RESOLVED,30.7,99.6
11337,6721,DELIVERY,MEDIUM,2026-08-03 05:56:00,PENDING,3.4,529.0
11338,5130,REFUND,MEDIUM,2026-08-14 13:57:00,PENDING,33.5,570.1
11339,5008,REFUND,MEDIUM,2026-08-19 15:47:00,PENDING,40.1,488.9
11340,7371,DELIVERY,LOW,2026-08-07 19:11:00,RESOLVED,26.1,452.9
11341,4478,ACCOUNT,MEDIUM,2026-08-02 05:35:00,PENDING,1.3,390.2
11342,6861,ACCOUNT,LOW,2026-08-13 05:03:00,RESOLVED,26.8,107.3
11343,4261,PAYMENT,MEDIUM,2026-09-04 20:54:00,PENDING,81.7,478.3
11344,8557,ACCOUNT,LOW,2026-08-09 08:39:00,OPEN,26.2,301.6
11345,5560,DELIVERY,HIGH,2026-08-27 12:05:00,OPEN,23.8,101.1
11346,2866,DELIVERY,HIGH,2026-08-29 14:25:00,RESOLVED,24.8,334.5
11347,8789,ACCOUNT,MEDIUM,2026-08-25 20:34:00,RESOLVED,20.1,454.2
11348,3147,ACCOUNT,LOW,2026-09-03 03:52:00,RESOLVED,31.2,448.2
11349,9424,PRODUCT,MEDIUM,2026-08-12 11:48:00,RESOLVED,7.4,289.5
11350,9656,ACCOUNT,LOW,2026-08-08 05:01:00,RESOLVED,34.3,406.1
11351,5579,PRODUCT,LOW,2026-08-07 13:16:00,PENDING,9.0,285.1
11352,4566,ACCOUNT,MEDIUM,2026-08-17 16:36:00,RESOLVED,6.9,303.0
11353,2658,ACCOUNT,LOW,2026-08-21 22:28:00,RESOLVED,3.1,33.1
11354,8346,ACCOUNT,HIGH,2026-08-24 22:41:00,OPEN,35.2,96.5
11355,2688,ACCOUNT,HIGH,2026-09-05 08:03:00,RESOLVED,27.2,160.2
11356,6116,PAYMENT,HIGH,2026-08-06 18:40:00,RESOLVED,28.6,486.1
11357,8041,ACCOUNT,LOW,2026-08-25 09:40:00,RESOLVED,31.5,231.4
11358,1809,REFUND,MEDIUM,2026-08-15 10:19:00,RESOLVED,4.0,223.2
11359,1727,REFUND,LOW,2026-08-28 14:49:00,RESOLVED,16.8,652.8
11360,9575,ACCOUNT,MEDIUM,2026-08-08 19:39:00,RESOLVED,2.5,198.2
11361,9875,REFUND,MEDIUM,2026-08-01 16:18:00,PENDING,13.2,98.2
11362,3245,ACCOUNT,MEDIUM,2026-08-23 11:36:00,RESOLVED,39.7,469.1
11363,2323,PAYMENT,LOW,2026-08-13 04:03:00,RESOLVED,53.5,218.4
11364,6418,REFUND,LOW,2026-09-06 01:58:00,PENDING,32.0,228.5
11365,5836,PAYMENT,LOW,2026-08-30 05:08:00,RESOLVED,9.7,348.6
11366,2546,PAYMENT,LOW,2026-08-19 12:19:00,OPEN,6.9,369.3
11367,2156,DELIVERY,LOW,2026-08-16 06:38:00,RESOLVED,20.1,415.8
11368,5757,PAYMENT,HIGH,2026-08-27 20:12:00,PENDING,30.9,333.4
11369,2749,DELIVERY,LOW,2026-08-19 09:41:00,RESOLVED,5.1,636.8
11370,5412,PAYMENT,LOW,2026-08-29 19:30:00,RESOLVED,8.2,243.3
11371,6875,REFUND,HIGH,2026-08-30 06:09:00,OPEN,25.0,244.7
11372,2611,PRODUCT,HIGH,2026-09-09 15:01:00,RESOLVED,17.6,148.1
11373,5717,ACCOUNT,MEDIUM,2026-08-13 11:16:00,PENDING,11.2,88.1
11374,9888,DELIVERY,HIGH,2026-08-26 02:47:00,RESOLVED,22.3,711.2
11375,5378,DELIVERY,LOW,2026-08-20 18:24:00,RESOLVED,34.4,174.8
11376,1407,PAYMENT,MEDIUM,2026-08-08 09:38:00,RESOLVED,8.2,103.9
11377,7350,PRODUCT,HIGH,2026-08-10 05:27:00,OPEN,3.9,224.4
11378,4431,REFUND,MEDIUM,2026-08-01 09:59:00,OPEN,5.7,197.2
11379,7166,PRODUCT,LOW,2026-08-12 23:40:00,RESOLVED,10.2,166.5
11380,314,DELIVERY,MEDIUM,2026-08-06 13:23:00,RESOLVED,16.3,116.1
11381,7117,REFUND,MEDIUM,2026-08-08 09:04:00,OPEN,27.0,75.2
11382,6828,PAYMENT,HIGH,2026-08-05 23:41:00,PENDING,4.0,62.0
11383,38,PRODUCT,MEDIUM,2026-08-01 01:54:00,RESOLVED,42.7,372.9
11384,4622,REFUND,LOW,2026-08-21 22:05:00,RESOLVED,8.7,180.4
11385,4700,ACCOUNT,MEDIUM,2026-09-07 05:36:00,RESOLVED,20.1,380.7
11386,5601,PAYMENT,LOW,2026-08-18 13:41:00,RESOLVED,75.2,224.7
11387,6164,PRODUCT,LOW,2026-08-21 05:32:00,RESOLVED,8.8,333.0
11388,6986,DELIVERY,LOW,2026-08-25 14:00:00,RESOLVED,8.6,300.8
11389,9136,ACCOUNT,MEDIUM,2026-08-24 05:47:00,RESOLVED,36.5,200.4
11390,7641,PAYMENT,MEDIUM,2026-08-04 02:35:00,PENDING,41.4,424.7
11391,3107,PAYMENT,MEDIUM,2026-08-18 19:23:00,RESOLVED,10.6,250.9
11392,9659,REFUND,LOW,2026-09-02 19:31:00,RESOLVED,7.2,96.3
11393,4783,PRODUCT,MEDIUM,2026-08-09 15:34:00,OPEN,3.2,253.8
11394,8640,DELIVERY,MEDIUM,2026-08-05 08:34:00,OPEN,2.5,268.6
11395,4854,PAYMENT,MEDIUM,2026-08-26 17:40:00,RESOLVED,12.7,92.0
11396,3239,PRODUCT,HIGH,2026-08-28 08:08:00,OPEN,0.6,271.3
11397,7229,PRODUCT,HIGH,2026-08-29 23:19:00,RESOLVED,20.2,197.6
11398,7273,PRODUCT,LOW,2026-08-28 17:10:00,PENDING,29.2,408.6
11399,1207,REFUND,HIGH,2026-08-12 20:54:00,RESOLVED,5.4,362.2
11400,760,PAYMENT,HIGH,2026-08-23 17:12:00,RESOLVED,33.6,330.4
11401,7579,DELIVERY,MEDIUM,2026-09-04 00:38:00,RESOLVED,23.3,248.5
11402,1363,PRODUCT,HIGH,2026-08-07 23:51:00,RESOLVED,22.8,214.0
11403,4591,REFUND,MEDIUM,2026-08-28 16:41:00,RESOLVED,5.4,167.6
11404,4597,REFUND,HIGH,2026-08-25 12:24:00,PENDING,14.4,171.7
11405,4395,PRODUCT,MEDIUM,2026-08-11 22:25:00,RESOLVED,30.7,275.5
11406,4597,DELIVERY,CRITICAL,2026-09-06 23:49:00,RESOLVED,9.7,368.1
11407,9508,REFUND,LOW,2026-08-07 14:40:00,RESOLVED,43.8,221.1
11408,5058,REFUND,MEDIUM,2026-09-02 04:58:00,RESOLVED,20.2,641.2
11409,8678,ACCOUNT,LOW,2026-08-23 17:25:00,RESOLVED,31.6,119.1
11410,4752,PRODUCT,HIGH,2026-08-06 04:44:00,RESOLVED,5.9,145.2
11411,4718,REFUND,LOW,2026-08-18 14:58:00,PENDING,22.8,433.7
11412,6414,PRODUCT,MEDIUM,2026-08-14 05:50:00,RESOLVED,4.9,445.7
11413,2339,REFUND,HIGH,2026-08-17 16:18:00,RESOLVED,10.2,329.3
11414,9544,PRODUCT,MEDIUM,2026-09-01 14:16:00,RESOLVED,2.5,143.6
11415,9319,REFUND,MEDIUM,2026-08-26 16:39:00,RESOLVED,34.7,411.9
11416,1727,ACCOUNT,MEDIUM,2026-08-08 20:55:00,OPEN,23.6,418.5
11417,1468,ACCOUNT,MEDIUM,2026-08-30 17:20:00,OPEN,57.4,495.3
11418,3575,REFUND,HIGH,2026-08-29 14:19:00,RESOLVED,16.5,375.2
11419,1903,PAYMENT,HIGH,2026-08-04 17:57:00,OPEN,8.3,159.8
11420,743,ACCOUNT,MEDIUM,2026-09-06 17:36:00,RESOLVED,51.4,398.0
11421,8083,DELIVERY,MEDIUM,2026-08-01 06:19:00,RESOLVED,131.8,228.6
11422,2000,PRODUCT,MEDIUM,2026-08-12 08:56:00,OPEN,39.7,142.0
11423,3686,PAYMENT,HIGH,2026-08-12 14:30:00,RESOLVED,44.2,243.5
11424,9874,PAYMENT,MEDIUM,2026-08-04 18:25:00,RESOLVED,8.1,252.8
11425,3990,PAYMENT,MEDIUM,2026-08-27 12:24:00,OPEN,13.7,81.7
11426,396,PAYMENT,MEDIUM,2026-08-19 09:48:00,PENDING,39.7,368.1
11427,2435,REFUND,LOW,2026-09-02 15:13:00,RESOLVED,18.7,230.0
11428,2137,PAYMENT,HIGH,2026-08-13 12:49:00,PENDING,22.6,297.3
11429,5561,ACCOUNT,LOW,2026-09-04 04:33:00,OPEN,7.7,312.5
11430,4266,DELIVERY,LOW,2026-08-21 08:37:00,RESOLVED,20.0,228.0
11431,769,DELIVERY,MEDIUM,2026-08-01 05:18:00,PENDING,25.0,98.8
11432,2927,DELIVERY,MEDIUM,2026-08-13 02:38:00,RESOLVED,11.9,114.7
11433,4683,PRODUCT,MEDIUM,2026-08-15 11:29:00,RESOLVED,68.0,290.9
11434,5453,REFUND,LOW,2026-08-21 03:39:00,RESOLVED,19.7,308.0
11435,4175,DELIVERY,LOW,2026-08-29 04:04:00,RESOLVED,29.3,288.8
11436,9905,REFUND,LOW,2026-08-07 07:30:00,RESOLVED,35.5,493.0
11437,4915,REFUND,MEDIUM,2026-09-02 06:31:00,RESOLVED,14.6,175.9
11438,7040,DELIVERY,CRITICAL,2026-08-07 21:49:00,PENDING,10.4,290.0
11439,5717,PRODUCT,HIGH,2026-09-09 19:05:00,OPEN,11.3,287.0
11440,4059,DELIVERY,MEDIUM,2026-08-16 09:21:00,RESOLVED,37.8,269.1
11441,284,ACCOUNT,MEDIUM,2026-09-07 11:56:00,RESOLVED,10.6,420.6
11442,6830,ACCOUNT,MEDIUM,2026-08-04 14:05:00,RESOLVED,66.2,211.1
11443,8594,ACCOUNT,HIGH,2026-08-09 03:03:00,RESOLVED,3.6,264.5
11444,8723,REFUND,MEDIUM,2026-09-09 08:37:00,PENDING,65.4,268.6
11445,7933,REFUND,LOW,2026-08-07 16:50:00,OPEN,28.4,278.8
11446,2291,ACCOUNT,LOW,2026-08-13 21:43:00,PENDING,19.0,529.8
11447,4516,PRODUCT,MEDIUM,2026-08-23 10:35:00,PENDING,6.2,528.2
11448,7170,PAYMENT,MEDIUM,2026-08-08 23:57:00,RESOLVED,8.7,196.1
11449,7317,ACCOUNT,CRITICAL,2026-08-14 22:04:00,RESOLVED,20.5,227.7
11450,6140,DELIVERY,LOW,2026-08-29 03:09:00,PENDING,11.1,161.0
11451,493,PAYMENT,HIGH,2026-08-20 03:54:00,OPEN,8.1,120.4
11452,7339,DELIVERY,HIGH,2026-08-17 20:12:00,RESOLVED,17.7,234.0
11453,5656,PRODUCT,MEDIUM,2026-08-27 19:42:00,RESOLVED,12.8,462.9
11454,842,REFUND,LOW,2026-09-08 07:34:00,RESOLVED,47.7,114.6
11455,5389,DELIVERY,LOW,2026-09-03 16:31:00,PENDING,33.1,472.6
11456,7330,REFUND,MEDIUM,2026-08-03 02:50:00,RESOLVED,33.0,450.5
11457,9356,PAYMENT,LOW,2026-08-26 03:43:00,RESOLVED,20.8,168.1
11458,7881,REFUND,HIGH,2026-08-20 03:57:00,RESOLVED,6.6,296.2
11459,2619,ACCOUNT,HIGH,2026-08-18 05:13:00,RESOLVED,21.2,198.5
11460,6873,ACCOUNT,HIGH,2026-08-10 09:10:00,PENDING,24.1,466.3
11461,6751,ACCOUNT,MEDIUM,2026-08-11 16:42:00,PENDING,27.2,487.0
11462,1973,REFUND,LOW,2026-08-29 03:02:00,RESOLVED,21.4,124.1
11463,8300,REFUND,MEDIUM,2026-09-08 23:12:00,RESOLVED,40.1,188.3
11464,1614,PAYMENT,MEDIUM,2026-08-22 19:44:00,OPEN,5.7,254.7
11465,7502,ACCOUNT,LOW,2026-08-09 07:59:00,RESOLVED,11.6,234.9
11466,7384,PAYMENT,LOW,2026-08-10 12:34:00,PENDING,21.2,521.4
11467,9614,REFUND,MEDIUM,2026-08-08 14:00:00,RESOLVED,19.8,251.9
11468,6478,PRODUCT,MEDIUM,2026-08-22 00:04:00,RESOLVED,8.3,142.4
11469,721,DELIVERY,LOW,2026-08-29 08:08:00,RESOLVED,11.1,269.3
11470,9837,ACCOUNT,MEDIUM,2026-09-01 03:26:00,RESOLVED,11.5,289.5
11471,3836,PRODUCT,CRITICAL,2026-08-26 19:10:00,RESOLVED,3.5,138.8
11472,4548,PAYMENT,MEDIUM,2026-09-08 23:46:00,PENDING,7.0,146.2
11473,8677,DELIVERY,LOW,2026-09-05 17:47:00,RESOLVED,37.1,331.1
11474,2294,REFUND,MEDIUM,2026-08-10 01:40:00,OPEN,27.2,62.7
11475,6623,PAYMENT,MEDIUM,2026-09-06 11:56:00,RESOLVED,34.2,406.4
11476,7698,ACCOUNT,HIGH,2026-08-03 04:08:00,OPEN,67.0,557.3
11477,5298,PAYMENT,MEDIUM,2026-08-30 18:41:00,RESOLVED,25.1,180.8
11478,7486,ACCOUNT,LOW,2026-08-23 15:10:00,OPEN,2.4,182.9
11479,7132,PAYMENT,LOW,2026-08-02 03:02:00,RESOLVED,19.8,260.7
11480,5228,PRODUCT,LOW,2026-08-13 08:02:00,RESOLVED,27.8,159.5
11481,916,DELIVERY,MEDIUM,2026-09-04 16:56:00,RESOLVED,19.2,235.2
11482,7461,PRODUCT,LOW,2026-08-30 19:05:00,OPEN,7.7,167.4
11483,7898,REFUND,HIGH,2026-08-23 15:58:00,RESOLVED,24.5,396.1
11484,3106,PAYMENT,MEDIUM,2026-08-31 17:28:00,PENDING,35.2,220.8
11485,8186,REFUND,MEDIUM,2026-08-08 19:14:00,PENDING,22.4,414.2
11486,2158,PAYMENT,LOW,2026-08-08 13:38:00,RESOLVED,37.6,254.2
11487,1711,PRODUCT,LOW,2026-08-25 17:08:00,OPEN,18.3,123.6
11488,1261,REFUND,MEDIUM,2026-08-18 21:20:00,RESOLVED,19.8,113.6
11489,5523,DELIVERY,MEDIUM,2026-08-10 02:14:00,RESOLVED,11.0,581.6
11490,2905,PRODUCT,MEDIUM,2026-08-01 22:44:00,RESOLVED,28.2,301.5
11491,6946,PAYMENT,MEDIUM,2026-08-18 14:11:00,RESOLVED,23.3,151.9
11492,6546,ACCOUNT,HIGH,2026-08-30 00:31:00,RESOLVED,16.7,244.8
11493,4268,PRODUCT,MEDIUM,2026-08-16 05:21:00,RESOLVED,58.7,398.7
11494,2585,REFUND,LOW,2026-08-22 21:04:00,OPEN,65.6,217.8
11495,9153,DELIVERY,LOW,2026-08-08 18:12:00,RESOLVED,18.2,148.8
11496,8835,PAYMENT,HIGH,2026-09-09 03:53:00,RESOLVED,50.2,203.6
11497,3471,PRODUCT,LOW,2026-09-02 08:31:00,RESOLVED,29.9,249.5
11498,2498,PRODUCT,LOW,2026-08-14 12:35:00,RESOLVED,40.9,241.1
11499,8040,REFUND,HIGH,2026-08-20 12:00:00,RESOLVED,3.4,134.7
11500,6845,REFUND,LOW,2026-08-27 06:38:00,OPEN,19.8,622.9
11501,4568,DELIVERY,MEDIUM,2026-08-06 19:47:00,RESOLVED,15.6,189.8
11502,5276,PRODUCT,LOW,2026-08-23 21:49:00,RESOLVED,34.6,364.7
11503,7252,REFUND,MEDIUM,2026-08-10 12:10:00,RESOLVED,15.3,433.9
11504,2116,PRODUCT,LOW,2026-08-23 04:40:00,RESOLVED,29.4,295.8
11505,9966,PAYMENT,HIGH,2026-08-20 22:08:00,RESOLVED,49.5,264.4
11506,5562,DELIVERY,LOW,2026-08-17 23:18:00,RESOLVED,15.8,132.1
11507,1271,PRODUCT,LOW,2026-08-26 11:11:00,RESOLVED,8.1,85.3
11508,9548,REFUND,HIGH,2026-08-15 22:02:00,PENDING,30.0,224.9
11509,9966,ACCOUNT,MEDIUM,2026-08-31 19:26:00,PENDING,23.9,295.3
11510,9442,DELIVERY,MEDIUM,2026-08-10 04:49:00,RESOLVED,8.9,332.8
11511,6986,REFUND,MEDIUM,2026-08-02 20:01:00,RESOLVED,24.4,255.8
11512,2916,DELIVERY,MEDIUM,2026-08-28 15:35:00,RESOLVED,28.3,441.1
11513,5306,PRODUCT,CRITICAL,2026-08-24 22:39:00,OPEN,39.3,351.2
11514,5365,PAYMENT,MEDIUM,2026-08-29 03:33:00,RESOLVED,3.7,313.2
11515,5092,PAYMENT,MEDIUM,2026-08-16 13:22:00,RESOLVED,15.9,332.5
11516,1509,PRODUCT,LOW,2026-08-27 16:15:00,RESOLVED,13.4,163.5
11517,3111,ACCOUNT,MEDIUM,2026-08-02 21:06:00,PENDING,14.2,391.8
11518,4691,REFUND,HIGH,2026-09-09 02:47:00,RESOLVED,34.7,288.3
11519,5285,PAYMENT,LOW,2026-09-05 08:37:00,RESOLVED,18.1,147.7
11520,3215,PRODUCT,LOW,2026-08-14 00:45:00,RESOLVED,33.0,128.2
11521,7305,ACCOUNT,LOW,2026-08-13 03:30:00,RESOLVED,13.2,435.0
11522,9295,DELIVERY,MEDIUM,2026-08-07 10:40:00,RESOLVED,30.6,335.8
11523,4668,PAYMENT,HIGH,2026-09-08 16:52:00,RESOLVED,31.2,145.8
11524,6327,ACCOUNT,MEDIUM,2026-08-03 08:46:00,OPEN,4.5,272.9
11525,1925,REFUND,HIGH,2026-09-02 23:08:00,OPEN,50.6,476.9
11526,1850,REFUND,HIGH,2026-08-06 07:39:00,RESOLVED,15.0,139.9
11527,730,PAYMENT,CRITICAL,2026-09-08 17:49:00,RESOLVED,6.7,69.9
11528,9924,PRODUCT,MEDIUM,2026-08-11 14:24:00,RESOLVED,22.4,115.6
11529,3017,PRODUCT,LOW,2026-08-18 13:29:00,RESOLVED,10.0,553.0
11530,6942,DELIVERY,MEDIUM,2026-08-03 09:29:00,RESOLVED,27.1,86.4
11531,6239,REFUND,HIGH,2026-08-12 18:28:00,RESOLVED,21.1,112.8
11532,1347,ACCOUNT,MEDIUM,2026-09-07 18:00:00,RESOLVED,37.8,326.5
11533,1666,PRODUCT,MEDIUM,2026-08-24 14:59:00,RESOLVED,22.6,167.9
11534,7996,PAYMENT,MEDIUM,2026-08-14 00:09:00,OPEN,14.3,325.8
11535,7957,PAYMENT,LOW,2026-09-05 14:59:00,RESOLVED,21.5,277.4
11536,5576,ACCOUNT,MEDIUM,2026-09-07 05:30:00,RESOLVED,10.3,336.5
11537,3444,ACCOUNT,MEDIUM,2026-08-17 10:10:00,OPEN,4.5,266.6
11538,4003,PAYMENT,CRITICAL,2026-08-16 01:04:00,RESOLVED,16.9,263.8
11539,7909,REFUND,MEDIUM,2026-09-03 09:38:00,PENDING,7.1,78.5
11540,1964,ACCOUNT,LOW,2026-08-22 14:26:00,RESOLVED,22.0,41.8
11541,880,REFUND,MEDIUM,2026-08-12 09:43:00,RESOLVED,17.2,636.4
11542,2780,PAYMENT,MEDIUM,2026-08-24 18:54:00,PENDING,21.9,181.4
11543,1897,ACCOUNT,MEDIUM,2026-08-15 12:48:00,RESOLVED,10.4,417.1
11544,1673,DELIVERY,HIGH,2026-08-16 22:45:00,PENDING,11.0,198.6
11545,4639,PRODUCT,MEDIUM,2026-08-27 12:07:00,RESOLVED,35.7,534.2
11546,8034,PRODUCT,MEDIUM,2026-08-15 07:14:00,PENDING,13.2,314.6
11547,6917,REFUND,MEDIUM,2026-08-22 01:30:00,RESOLVED,21.9,397.7
11548,2730,DELIVERY,MEDIUM,2026-08-27 12:32:00,RESOLVED,12.9,154.0
11549,4242,ACCOUNT,HIGH,2026-09-06 08:36:00,RESOLVED,27.7,507.8
11550,4700,PRODUCT,LOW,2026-09-06 00:59:00,RESOLVED,18.8,152.5
11551,3894,ACCOUNT,LOW,2026-09-05 10:51:00,RESOLVED,45.3,202.3
11552,9680,REFUND,LOW,2026-08-30 21:55:00,RESOLVED,38.0,566.1
11553,9500,ACCOUNT,HIGH,2026-08-19 07:04:00,OPEN,16.0,188.1
11554,9946,PRODUCT,CRITICAL,2026-08-18 15:09:00,RESOLVED,39.0,81.2
11555,4192,REFUND,HIGH,2026-08-03 16:48:00,RESOLVED,9.7,48.1
11556,7913,PAYMENT,LOW,2026-09-01 09:55:00,OPEN,35.5,127.0
11557,7358,REFUND,CRITICAL,2026-09-07 08:08:00,RESOLVED,31.4,292.4
11558,7990,PAYMENT,HIGH,2026-08-26 07:28:00,OPEN,17.4,95.7
11559,1616,DELIVERY,LOW,2026-09-07 06:07:00,RESOLVED,40.8,259.4
11560,9449,PRODUCT,MEDIUM,2026-08-21 10:49:00,RESOLVED,2.1,165.9
11561,9386,PAYMENT,CRITICAL,2026-08-05 13:10:00,OPEN,4.2,135.5
11562,7969,PRODUCT,MEDIUM,2026-09-05 09:27:00,RESOLVED,36.5,258.7
11563,5727,PRODUCT,CRITICAL,2026-08-17 07:15:00,PENDING,19.3,316.3
11564,4510,PRODUCT,MEDIUM,2026-08-21 04:29:00,RESOLVED,21.5,219.1
11565,2482,PRODUCT,LOW,2026-08-25 11:52:00,RESOLVED,75.0,184.8
11566,604,PRODUCT,LOW,2026-08-18 13:39:00,PENDING,60.8,406.5
11567,9614,PAYMENT,LOW,2026-08-18 12:40:00,RESOLVED,19.8,188.2
11568,2084,PAYMENT,MEDIUM,2026-08-27 16:25:00,OPEN,13.3,273.1
11569,3416,PRODUCT,LOW,2026-08-13 19:11:00,RESOLVED,26.3,624.4
11570,4446,ACCOUNT,MEDIUM,2026-08-18 08:11:00,RESOLVED,17.1,198.8
11571,6764,PAYMENT,HIGH,2026-08-06 22:56:00,OPEN,23.1,315.3
11572,2655,REFUND,LOW,2026-08-12 11:23:00,PENDING,20.5,149.2
11573,2156,REFUND,MEDIUM,2026-08-29 21:23:00,RESOLVED,23.3,197.7
11574,3292,DELIVERY,HIGH,2026-08-21 14:26:00,RESOLVED,13.5,304.7
11575,3300,PRODUCT,HIGH,2026-08-15 15:46:00,PENDING,22.5,100.7
11576,590,PRODUCT,HIGH,2026-09-07 12:26:00,PENDING,25.2,509.2
11577,3913,REFUND,MEDIUM,2026-08-09 00:29:00,OPEN,55.4,307.7
11578,5522,PAYMENT,LOW,2026-08-21 01:42:00,OPEN,22.0,367.6
11579,4472,REFUND,HIGH,2026-08-03 16:33:00,RESOLVED,9.2,118.8
11580,3516,ACCOUNT,HIGH,2026-09-09 14:14:00,OPEN,15.7,119.1
11581,9173,ACCOUNT,MEDIUM,2026-09-03 14:25:00,PENDING,39.6,222.8
11582,2589,ACCOUNT,LOW,2026-09-02 19:19:00,RESOLVED,32.2,271.5
11583,8432,ACCOUNT,MEDIUM,2026-08-11 18:35:00,OPEN,3.6,519.7
11584,6104,ACCOUNT,MEDIUM,2026-08-20 09:51:00,RESOLVED,10.5,363.1
11585,6522,PAYMENT,HIGH,2026-08-19 02:32:00,RESOLVED,6.2,428.8
11586,2768,PAYMENT,LOW,2026-08-14 12:00:00,RESOLVED,11.8,189.9
11587,9662,REFUND,LOW,2026-08-01 22:18:00,RESOLVED,17.7,162.7
11588,4763,PRODUCT,MEDIUM,2026-08-26 19:45:00,RESOLVED,16.7,255.1
11589,5070,REFUND,HIGH,2026-08-01 18:02:00,OPEN,46.4,106.8
11590,2465,REFUND,HIGH,2026-09-08 04:31:00,RESOLVED,66.4,195.8
11591,4786,ACCOUNT,LOW,2026-08-06 19:55:00,RESOLVED,18.8,767.7
11592,6806,DELIVERY,MEDIUM,2026-08-17 13:27:00,RESOLVED,11.6,382.0
11593,9370,DELIVERY,MEDIUM,2026-08-13 01:36:00,PENDING,13.2,267.0
11594,8542,PRODUCT,LOW,2026-08-09 13:02:00,PENDING,30.9,84.3
11595,1566,PRODUCT,HIGH,2026-09-09 09:18:00,RESOLVED,2.6,411.9
11596,818,PRODUCT,MEDIUM,2026-08-06 05:41:00,RESOLVED,27.5,250.1
11597,9526,PAYMENT,HIGH,2026-09-02 02:42:00,RESOLVED,17.6,449.6
11598,8199,DELIVERY,MEDIUM,2026-08-21 16:13:00,RESOLVED,26.6,236.4
11599,1514,REFUND,HIGH,2026-08-28 02:33:00,RESOLVED,6.1,193.7
11600,8517,ACCOUNT,LOW,2026-08-18 18:22:00,RESOLVED,19.4,181.1
11601,7618,PRODUCT,MEDIUM,2026-08-01 06:49:00,PENDING,14.4,165.6
11602,9650,ACCOUNT,MEDIUM,2026-08-21 13:37:00,RESOLVED,36.7,216.9
11603,1608,DELIVERY,LOW,2026-08-02 01:33:00,OPEN,3.6,262.3
11604,8279,REFUND,MEDIUM,2026-08-20 10:40:00,RESOLVED,10.0,633.7
11605,3651,PRODUCT,HIGH,2026-08-24 02:59:00,RESOLVED,10.7,48.1
11606,5524,DELIVERY,MEDIUM,2026-08-23 23:13:00,RESOLVED,13.3,187.1
11607,2587,PAYMENT,HIGH,2026-08-29 08:48:00,RESOLVED,9.9,366.6
11608,703,ACCOUNT,LOW,2026-08-13 13:21:00,RESOLVED,63.2,350.6
11609,6969,DELIVERY,LOW,2026-09-09 09:50:00,OPEN,18.0,186.8
11610,745,DELIVERY,LOW,2026-08-20 00:32:00,RESOLVED,29.6,286.7
11611,4654,PRODUCT,HIGH,2026-08-28 17:10:00,RESOLVED,60.6,177.2
11612,1968,REFUND,LOW,2026-08-18 02:18:00,RESOLVED,25.9,391.2
11613,9197,DELIVERY,LOW,2026-08-15 14:18:00,RESOLVED,24.4,308.6
11614,4471,PAYMENT,LOW,2026-08-22 01:45:00,RESOLVED,28.9,233.1
11615,1859,PRODUCT,MEDIUM,2026-09-03 08:58:00,RESOLVED,32.1,393.9
11616,9555,ACCOUNT,MEDIUM,2026-08-18 23:43:00,RESOLVED,14.6,352.2
11617,6881,DELIVERY,MEDIUM,2026-08-03 16:14:00,RESOLVED,3.9,14.0
11618,1754,PRODUCT,HIGH,2026-08-27 00:06:00,OPEN,14.1,439.6
11619,3547,PRODUCT,MEDIUM,2026-08-14 22:37:00,RESOLVED,38.4,322.1
11620,5388,PRODUCT,LOW,2026-08-29 10:02:00,RESOLVED,74.0,521.3
11621,7776,REFUND,MEDIUM,2026-09-03 07:28:00,RESOLVED,41.7,401.4
11622,9981,ACCOUNT,LOW,2026-08-17 00:23:00,PENDING,25.5,53.6
11623,8409,DELIVERY,LOW,2026-09-07 02:43:00,RESOLVED,34.4,131.2
11624,138,PRODUCT,HIGH,2026-08-30 06:31:00,RESOLVED,25.5,315.7
11625,4762,DELIVERY,LOW,2026-08-27 21:23:00,OPEN,5.0,281.0
11626,470,PRODUCT,HIGH,2026-09-06 11:52:00,RESOLVED,8.1,482.3
11627,3022,PAYMENT,MEDIUM,2026-09-05 03:58:00,RESOLVED,46.6,324.1
11628,2700,DELIVERY,HIGH,2026-08-31 17:45:00,RESOLVED,19.1,134.5
11629,2662,DELIVERY,MEDIUM,2026-09-09 12:37:00,RESOLVED,20.4,145.3
11630,2252,PAYMENT,MEDIUM,2026-09-01 00:01:00,RESOLVED,14.0,429.7
11631,4001,REFUND,MEDIUM,2026-09-04 03:38:00,RESOLVED,20.3,311.7
11632,4987,PAYMENT,HIGH,2026-08-30 07:40:00,RESOLVED,30.3,300.5
11633,9547,PAYMENT,LOW,2026-08-19 08:32:00,PENDING,28.8,171.1
11634,4205,DELIVERY,MEDIUM,2026-08-16 17:49:00,RESOLVED,24.8,292.2
11635,236,PAYMENT,MEDIUM,2026-09-02 06:15:00,RESOLVED,20.6,305.2
11636,5837,PAYMENT,LOW,2026-09-08 04:40:00,PENDING,14.9,147.5
11637,3006,REFUND,LOW,2026-08-24 07:54:00,RESOLVED,11.0,116.3
11638,1471,REFUND,HIGH,2026-08-08 16:20:00,OPEN,30.9,466.5
11639,6706,DELIVERY,MEDIUM,2026-09-02 09:43:00,RESOLVED,12.2,385.7
11640,6859,DELIVERY,MEDIUM,2026-08-12 17:26:00,PENDING,40.8,277.2
11641,3490,PRODUCT,MEDIUM,2026-08-30 08:37:00,RESOLVED,20.3,202.8
11642,2147,PAYMENT,LOW,2026-08-09 07:14:00,RESOLVED,31.3,414.4
11643,4901,ACCOUNT,LOW,2026-09-04 08:16:00,RESOLVED,30.9,423.3
11644,4520,REFUND,MEDIUM,2026-08-20 08:58:00,PENDING,25.5,504.7
11645,9694,PAYMENT,MEDIUM,2026-08-15 20:23:00,RESOLVED,28.5,188.5
11646,334,DELIVERY,MEDIUM,2026-08-30 21:49:00,PENDING,7.4,85.1
11647,1795,ACCOUNT,MEDIUM,2026-08-29 06:17:00,RESOLVED,50.1,207.8
11648,7979,PRODUCT,MEDIUM,2026-08-11 08:03:00,PENDING,69.0,207.7
11649,9484,DELIVERY,MEDIUM,2026-08-03 16:25:00,RESOLVED,18.5,247.0
11650,6272,ACCOUNT,MEDIUM,2026-09-08 10:13:00,OPEN,19.9,270.0
11651,3162,ACCOUNT,MEDIUM,2026-09-08 19:54:00,RESOLVED,27.7,129.6
11652,2088,PRODUCT,LOW,2026-08-27 10:23:00,RESOLVED,19.3,242.4
11653,8442,ACCOUNT,LOW,2026-08-05 10:00:00,RESOLVED,22.2,462.7
11654,6018,DELIVERY,HIGH,2026-09-07 10:37:00,OPEN,18.0,367.5
11655,4081,REFUND,MEDIUM,2026-08-19 11:25:00,RESOLVED,9.9,168.8
11656,4371,PRODUCT,HIGH,2026-08-25 05:41:00,OPEN,23.3,215.2
11657,1487,PAYMENT,MEDIUM,2026-08-28 00:15:00,RESOLVED,12.2,322.0
11658,8263,PRODUCT,MEDIUM,2026-08-24 11:44:00,RESOLVED,23.4,319.5
11659,487,ACCOUNT,HIGH,2026-08-10 05:17:00,OPEN,8.6,104.6
11660,9838,REFUND,LOW,2026-09-08 14:08:00,RESOLVED,5.5,49.8
11661,1677,ACCOUNT,LOW,2026-08-22 04:11:00,RESOLVED,42.9,450.0
11662,1246,DELIVERY,MEDIUM,2026-09-07 19:48:00,PENDING,53.3,405.7
11663,725,PAYMENT,MEDIUM,2026-08-06 08:46:00,OPEN,8.5,741.6
11664,4902,PAYMENT,LOW,2026-08-28 18:01:00,RESOLVED,5.8,154.7
11665,564,ACCOUNT,LOW,2026-08-08 05:40:00,OPEN,45.0,197.3
11666,2581,PAYMENT,HIGH,2026-08-05 14:01:00,RESOLVED,55.7,276.4
11667,7990,ACCOUNT,HIGH,2026-09-05 03:16:00,RESOLVED,110.1,364.1
11668,7497,DELIVERY,HIGH,2026-08-05 17:24:00,RESOLVED,12.1,112.3
11669,3427,ACCOUNT,LOW,2026-08-02 14:49:00,RESOLVED,9.3,156.3
11670,345,DELIVERY,HIGH,2026-08-02 08:22:00,PENDING,14.0,392.1
11671,1583,PAYMENT,HIGH,2026-08-15 15:41:00,RESOLVED,68.1,304.2
11672,5446,PAYMENT,LOW,2026-08-06 21:32:00,RESOLVED,1.1,155.9
11673,4667,DELIVERY,LOW,2026-08-03 22:58:00,RESOLVED,26.1,211.3
11674,8571,PAYMENT,LOW,2026-08-22 21:24:00,RESOLVED,34.8,158.1
11675,4833,ACCOUNT,HIGH,2026-08-09 07:36:00,RESOLVED,40.3,492.6
11676,3893,PAYMENT,MEDIUM,2026-08-18 19:41:00,OPEN,21.9,213.0
11677,6256,PRODUCT,LOW,2026-08-05 00:09:00,RESOLVED,32.9,86.2
11678,8379,ACCOUNT,LOW,2026-08-28 18:08:00,RESOLVED,10.6,394.9
11679,8173,REFUND,HIGH,2026-08-17 18:13:00,RESOLVED,10.2,218.0
11680,1469,DELIVERY,MEDIUM,2026-09-05 16:27:00,RESOLVED,2.5,290.0
11681,4187,PRODUCT,HIGH,2026-09-02 07:11:00,RESOLVED,13.2,276.5
11682,9184,PRODUCT,LOW,2026-08-16 01:28:00,RESOLVED,9.7,201.0
11683,8081,DELIVERY,CRITICAL,2026-08-14 06:56:00,RESOLVED,12.2,179.4
11684,7915,REFUND,LOW,2026-09-04 18:31:00,RESOLVED,18.9,175.3
11685,1153,REFUND,LOW,2026-08-15 14:04:00,PENDING,45.2,263.3
11686,3911,PRODUCT,HIGH,2026-09-05 20:19:00,RESOLVED,28.9,146.0
11687,8321,ACCOUNT,LOW,2026-08-04 21:27:00,RESOLVED,8.3,266.5
11688,1307,PRODUCT,MEDIUM,2026-08-28 02:53:00,RESOLVED,11.9,162.8
11689,7178,REFUND,LOW,2026-08-18 20:09:00,PENDING,15.5,351.7
11690,5205,PRODUCT,MEDIUM,2026-09-03 10:01:00,RESOLVED,16.2,167.9
11691,7286,REFUND,LOW,2026-08-04 11:50:00,PENDING,66.2,439.5
11692,6705,PRODUCT,MEDIUM,2026-09-07 00:49:00,RESOLVED,30.3,312.3
11693,948,ACCOUNT,LOW,2026-09-09 22:41:00,RESOLVED,9.8,347.3
11694,1290,PRODUCT,HIGH,2026-08-19 06:32:00,RESOLVED,7.4,259.2
11695,3368,PRODUCT,HIGH,2026-08-27 05:58:00,OPEN,38.1,284.9
11696,9332,PRODUCT,HIGH,2026-08-21 02:56:00,RESOLVED,61.9,152.0
11697,9369,PAYMENT,HIGH,2026-08-25 10:01:00,OPEN,36.8,227.1
11698,7628,DELIVERY,MEDIUM,2026-08-21 15:34:00,RESOLVED,27.8,229.5
11699,2398,ACCOUNT,LOW,2026-08-27 12:58:00,RESOLVED,13.3,471.3
11700,9517,REFUND,LOW,2026-08-19 09:49:00,RESOLVED,36.3,59.2
11701,7174,ACCOUNT,HIGH,2026-09-09 13:58:00,OPEN,49.5,339.2
11702,2993,ACCOUNT,MEDIUM,2026-09-07 22:10:00,PENDING,8.8,270.7
11703,7112,PRODUCT,LOW,2026-09-01 23:15:00,PENDING,4.5,246.0
11704,4335,PAYMENT,LOW,2026-08-04 15:50:00,PENDING,19.9,96.4
11705,4783,REFUND,CRITICAL,2026-08-10 06:16:00,OPEN,22.0,177.9
11706,2402,DELIVERY,LOW,2026-08-15 12:43:00,RESOLVED,77.0,362.9
11707,6434,ACCOUNT,MEDIUM,2026-08-06 00:14:00,OPEN,26.1,272.8
11708,2738,ACCOUNT,MEDIUM,2026-09-06 06:10:00,RESOLVED,17.1,299.9
11709,9232,PRODUCT,MEDIUM,2026-08-11 23:06:00,RESOLVED,48.0,287.6
11710,1453,ACCOUNT,LOW,2026-08-31 23:23:00,OPEN,20.9,290.1
11711,2517,REFUND,MEDIUM,2026-09-06 03:50:00,RESOLVED,4.7,248.3
11712,1253,PAYMENT,LOW,2026-08-12 12:48:00,RESOLVED,34.6,394.3
11713,2409,DELIVERY,LOW,2026-08-29 23:50:00,RESOLVED,49.4,290.1
11714,6708,PAYMENT,MEDIUM,2026-08-27 13:00:00,OPEN,6.7,66.8
11715,9458,ACCOUNT,HIGH,2026-08-26 13:38:00,OPEN,18.3,185.4
11716,1570,REFUND,HIGH,2026-08-01 01:50:00,OPEN,12.7,260.1
11717,2229,PAYMENT,LOW,2026-08-22 23:48:00,RESOLVED,15.8,435.0
11718,1335,PAYMENT,LOW,2026-08-22 07:22:00,OPEN,20.7,414.9
11719,8081,PAYMENT,MEDIUM,2026-08-01 04:21:00,RESOLVED,7.9,414.3
11720,5346,ACCOUNT,LOW,2026-09-06 17:42:00,RESOLVED,23.8,158.4
11721,3638,PAYMENT,LOW,2026-08-31 08:47:00,RESOLVED,22.8,386.0
11722,7040,REFUND,LOW,2026-08-25 17:34:00,RESOLVED,35.2,95.1
11723,848,REFUND,LOW,2026-08-15 13:04:00,RESOLVED,22.5,251.8
11724,7781,REFUND,MEDIUM,2026-09-06 08:43:00,PENDING,29.8,140.1
11725,950,REFUND,LOW,2026-08-18 00:17:00,RESOLVED,9.6,360.3
11726,5803,ACCOUNT,LOW,2026-08-04 00:31:00,RESOLVED,67.1,182.4
11727,314,PAYMENT,LOW,2026-09-09 23:23:00,RESOLVED,43.0,427.1
11728,2016,REFUND,MEDIUM,2026-08-22 08:21:00,RESOLVED,17.4,168.9
11729,6248,DELIVERY,MEDIUM,2026-08-24 13:42:00,PENDING,15.2,412.8
11730,5733,ACCOUNT,LOW,2026-08-28 08:52:00,RESOLVED,25.7,216.0
11731,4478,DELIVERY,MEDIUM,2026-08-07 13:53:00,RESOLVED,8.9,415.9
11732,6258,REFUND,LOW,2026-08-02 07:55:00,RESOLVED,23.1,210.3
11733,8367,PRODUCT,HIGH,2026-08-19 07:32:00,RESOLVED,12.0,296.3
11734,2581,DELIVERY,MEDIUM,2026-09-04 15:44:00,RESOLVED,5.7,185.0
11735,9724,REFUND,MEDIUM,2026-09-09 17:50:00,RESOLVED,14.4,220.3
11736,1445,ACCOUNT,MEDIUM,2026-08-11 06:13:00,RESOLVED,28.3,153.1
11737,9783,DELIVERY,MEDIUM,2026-09-09 11:35:00,RESOLVED,20.0,262.6
11738,9257,REFUND,MEDIUM,2026-09-04 14:12:00,RESOLVED,26.8,344.5
11739,4280,DELIVERY,MEDIUM,2026-09-02 16:43:00,PENDING,25.2,292.2
11740,960,PRODUCT,MEDIUM,2026-08-12 04:31:00,RESOLVED,17.4,179.6
11741,4069,DELIVERY,LOW,2026-08-30 07:52:00,RESOLVED,12.3,299.3
11742,2772,DELIVERY,LOW,2026-09-09 06:14:00,RESOLVED,37.3,405.8
11743,5795,PAYMENT,LOW,2026-08-24 05:52:00,OPEN,17.6,495.0
11744,2315,PRODUCT,MEDIUM,2026-09-05 11:56:00,RESOLVED,15.7,327.6
11745,677,ACCOUNT,LOW,2026-08-12 01:34:00,RESOLVED,6.3,263.8
11746,8920,REFUND,HIGH,2026-09-04 06:03:00,RESOLVED,17.7,295.4
11747,8663,PAYMENT,LOW,2026-08-08 02:39:00,RESOLVED,1.7,159.5
11748,5020,ACCOUNT,LOW,2026-08-28 11:57:00,RESOLVED,44.3,441.7
11749,8513,PRODUCT,MEDIUM,2026-08-15 11:57:00,OPEN,24.6,452.0
11750,9566,ACCOUNT,HIGH,2026-08-17 01:24:00,RESOLVED,43.5,394.0
11751,9202,DELIVERY,MEDIUM,2026-08-30 08:49:00,RESOLVED,25.1,228.4
11752,8283,DELIVERY,MEDIUM,2026-08-19 07:44:00,OPEN,16.3,78.0
11753,439,PRODUCT,LOW,2026-09-03 17:47:00,RESOLVED,42.6,237.7
11754,7549,REFUND,CRITICAL,2026-08-24 11:39:00,RESOLVED,11.0,112.0
11755,9188,PRODUCT,MEDIUM,2026-08-21 11:59:00,OPEN,30.6,163.7
11756,1768,PRODUCT,LOW,2026-08-11 16:39:00,RESOLVED,29.6,252.6
11757,664,PAYMENT,MEDIUM,2026-08-26 18:57:00,PENDING,15.6,403.5
11758,3444,ACCOUNT,LOW,2026-08-11 06:05:00,OPEN,23.9,312.4
11759,8235,ACCOUNT,MEDIUM,2026-08-30 22:25:00,OPEN,15.4,196.6
11760,8203,REFUND,MEDIUM,2026-08-20 09:56:00,RESOLVED,15.4,232.1
11761,5842,DELIVERY,MEDIUM,2026-08-22 06:10:00,PENDING,11.7,268.5
11762,9836,ACCOUNT,CRITICAL,2026-08-22 03:43:00,RESOLVED,16.5,369.7
11763,1636,ACCOUNT,MEDIUM,2026-08-02 17:16:00,RESOLVED,17.5,354.4
11764,8780,ACCOUNT,MEDIUM,2026-09-01 21:31:00,PENDING,16.1,239.6
11765,8708,DELIVERY,MEDIUM,2026-09-09 17:07:00,RESOLVED,27.3,358.3
11766,9485,PRODUCT,LOW,2026-08-30 19:06:00,RESOLVED,19.9,209.8
11767,2921,ACCOUNT,MEDIUM,2026-08-08 06:39:00,RESOLVED,14.8,127.0
11768,6419,REFUND,HIGH,2026-08-26 00:09:00,OPEN,14.1,608.6
11769,2759,PRODUCT,MEDIUM,2026-08-07 10:27:00,RESOLVED,31.8,364.7
11770,4829,PAYMENT,MEDIUM,2026-08-27 04:04:00,RESOLVED,25.3,167.9
11771,9605,PAYMENT,MEDIUM,2026-08-18 17:14:00,RESOLVED,26.4,289.2
11772,5148,PRODUCT,HIGH,2026-09-04 20:47:00,RESOLVED,22.2,396.7
11773,7690,PAYMENT,LOW,2026-08-24 06:40:00,RESOLVED,23.5,435.3
11774,4585,PRODUCT,LOW,2026-08-03 07:46:00,RESOLVED,47.0,266.3
11775,5,REFUND,MEDIUM,2026-09-04 20:02:00,RESOLVED,23.9,396.5
11776,1549,REFUND,LOW,2026-08-23 19:47:00,PENDING,6.9,244.8
11777,6723,PRODUCT,HIGH,2026-09-05 12:38:00,PENDING,35.5,105.2
11778,3058,PAYMENT,LOW,2026-08-03 10:04:00,RESOLVED,16.6,321.2
11779,3121,REFUND,LOW,2026-08-10 11:58:00,RESOLVED,13.1,324.1
11780,904,ACCOUNT,HIGH,2026-08-05 09:36:00,RESOLVED,53.2,186.0
11781,8211,REFUND,LOW,2026-08-12 20:38:00,OPEN,54.9,180.4
11782,886,PAYMENT,MEDIUM,2026-08-20 00:37:00,OPEN,3.2,323.6
11783,5375,REFUND,MEDIUM,2026-08-27 04:29:00,OPEN,18.5,477.1
11784,3119,PAYMENT,HIGH,2026-08-16 16:03:00,RESOLVED,7.2,92.1
11785,9064,PAYMENT,LOW,2026-08-20 04:04:00,OPEN,48.9,320.3
11786,6662,REFUND,MEDIUM,2026-08-30 08:34:00,RESOLVED,53.3,154.2
11787,684,PRODUCT,CRITICAL,2026-08-17 13:01:00,PENDING,83.4,423.1
11788,6138,DELIVERY,MEDIUM,2026-09-02 17:53:00,OPEN,34.1,488.5
11789,1656,PRODUCT,LOW,2026-08-05 15:06:00,RESOLVED,27.5,282.3
11790,5595,DELIVERY,LOW,2026-09-01 14:26:00,RESOLVED,24.2,274.6
11791,2435,REFUND,MEDIUM,2026-09-02 00:38:00,RESOLVED,7.9,259.7
11792,7490,PAYMENT,LOW,2026-08-24 04:31:00,RESOLVED,15.8,108.7
11793,4732,PAYMENT,MEDIUM,2026-08-12 22:52:00,RESOLVED,17.7,88.0
11794,4227,PRODUCT,MEDIUM,2026-08-01 05:46:00,OPEN,18.9,95.8
11795,8784,ACCOUNT,MEDIUM,2026-09-09 08:46:00,RESOLVED,13.1,285.6
11796,4422,PRODUCT,MEDIUM,2026-08-01 22:25:00,RESOLVED,59.6,107.6
11797,2352,PAYMENT,MEDIUM,2026-08-04 11:53:00,PENDING,3.1,317.6
11798,5181,DELIVERY,LOW,2026-08-08 14:34:00,RESOLVED,17.2,183.0
11799,8099,ACCOUNT,MEDIUM,2026-08-08 16:31:00,RESOLVED,20.1,206.6
11800,666,REFUND,HIGH,2026-08-11 17:32:00,PENDING,28.2,94.6
11801,2825,PRODUCT,HIGH,2026-08-09 14:04:00,RESOLVED,1.8,309.7
11802,5817,ACCOUNT,LOW,2026-08-19 10:27:00,OPEN,37.1,294.8
11803,2414,PRODUCT,LOW,2026-09-05 22:22:00,RESOLVED,33.5,115.3
11804,7503,DELIVERY,MEDIUM,2026-08-16 04:51:00,OPEN,44.4,195.9
11805,568,REFUND,MEDIUM,2026-08-06 14:38:00,RESOLVED,8.7,234.6
11806,2637,ACCOUNT,MEDIUM,2026-08-07 01:06:00,RESOLVED,25.0,66.2
11807,5882,PRODUCT,LOW,2026-09-03 22:53:00,PENDING,3.1,228.3
11808,8549,PRODUCT,MEDIUM,2026-08-04 20:34:00,OPEN,8.0,149.3
11809,3533,PAYMENT,LOW,2026-09-08 01:10:00,RESOLVED,5.1,290.1
11810,2663,ACCOUNT,LOW,2026-08-01 20:45:00,RESOLVED,16.8,228.2
11811,9275,PRODUCT,MEDIUM,2026-08-02 16:07:00,RESOLVED,16.1,210.5
11812,5133,PRODUCT,HIGH,2026-08-03 18:21:00,RESOLVED,16.3,260.1
11813,2026,ACCOUNT,HIGH,2026-09-06 22:24:00,RESOLVED,23.4,332.3
11814,8745,ACCOUNT,LOW,2026-08-01 00:34:00,OPEN,7.0,139.6
11815,286,ACCOUNT,LOW,2026-09-05 10:20:00,RESOLVED,3.0,104.1
11816,7382,PRODUCT,LOW,2026-08-02 06:59:00,RESOLVED,1.1,214.7
11817,9059,REFUND,HIGH,2026-08-29 16:27:00,PENDING,9.9,227.8
11818,5762,REFUND,LOW,2026-08-18 21:24:00,PENDING,17.4,239.7
11819,9151,DELIVERY,HIGH,2026-08-10 19:27:00,RESOLVED,12.4,105.0
11820,6228,ACCOUNT,MEDIUM,2026-08-28 00:32:00,RESOLVED,20.0,417.3
11821,5976,REFUND,HIGH,2026-08-29 12:04:00,RESOLVED,59.5,193.5
11822,1089,REFUND,LOW,2026-08-17 17:54:00,RESOLVED,17.1,100.2
11823,1785,PRODUCT,MEDIUM,2026-08-05 06:16:00,RESOLVED,24.6,224.8
11824,6994,PAYMENT,LOW,2026-08-11 12:05:00,RESOLVED,21.1,114.2
11825,6818,REFUND,MEDIUM,2026-08-01 18:32:00,RESOLVED,40.0,378.3
11826,6120,REFUND,MEDIUM,2026-08-25 14:52:00,RESOLVED,17.5,214.9
11827,2092,PAYMENT,HIGH,2026-08-15 06:07:00,OPEN,5.6,359.7
11828,846,PRODUCT,MEDIUM,2026-08-26 07:02:00,OPEN,8.0,463.3
11829,853,DELIVERY,CRITICAL,2026-08-22 14:17:00,RESOLVED,40.5,163.9
11830,1244,PRODUCT,MEDIUM,2026-08-29 10:34:00,RESOLVED,12.9,292.9
11831,2182,DELIVERY,MEDIUM,2026-08-19 04:57:00,RESOLVED,8.7,294.7
11832,9711,ACCOUNT,LOW,2026-08-12 08:55:00,OPEN,19.4,248.4
11833,7799,DELIVERY,LOW,2026-08-25 22:09:00,RESOLVED,38.4,160.5
11834,1782,REFUND,LOW,2026-09-08 06:08:00,RESOLVED,15.7,109.1
11835,3072,REFUND,LOW,2026-08-28 16:51:00,RESOLVED,23.3,145.5
11836,8958,ACCOUNT,LOW,2026-08-07 21:08:00,RESOLVED,76.2,474.9
11837,4496,REFUND,LOW,2026-08-11 06:11:00,RESOLVED,41.5,352.2
11838,2759,ACCOUNT,LOW,2026-09-08 12:56:00,OPEN,23.6,240.8
11839,3284,REFUND,MEDIUM,2026-08-29 16:32:00,RESOLVED,18.0,277.6
11840,3962,REFUND,MEDIUM,2026-08-26 07:47:00,RESOLVED,48.5,491.6
11841,5430,PAYMENT,HIGH,2026-08-29 22:32:00,PENDING,94.1,277.2
11842,5555,DELIVERY,LOW,2026-08-11 21:23:00,RESOLVED,53.0,241.1
11843,5325,DELIVERY,LOW,2026-09-06 19:34:00,PENDING,23.2,230.8
11844,6259,REFUND,HIGH,2026-08-08 23:11:00,RESOLVED,10.2,216.9
11845,2971,PRODUCT,HIGH,2026-09-07 17:16:00,RESOLVED,8.5,381.1
11846,4978,DELIVERY,MEDIUM,2026-08-10 06:25:00,RESOLVED,37.8,93.4
11847,8295,ACCOUNT,LOW,2026-08-13 12:58:00,RESOLVED,10.1,97.7
11848,3485,PRODUCT,HIGH,2026-08-26 20:14:00,RESOLVED,13.9,223.8
11849,9825,REFUND,HIGH,2026-08-20 21:36:00,RESOLVED,20.1,315.3
11850,4987,DELIVERY,CRITICAL,2026-09-08 07:40:00,RESOLVED,8.7,365.4
11851,3759,PAYMENT,MEDIUM,2026-09-04 03:05:00,RESOLVED,9.3,127.5
11852,7007,PAYMENT,LOW,2026-09-04 17:03:00,RESOLVED,6.4,485.1
11853,3914,DELIVERY,MEDIUM,2026-08-23 18:25:00,RESOLVED,29.0,237.8
11854,3965,PRODUCT,MEDIUM,2026-09-09 06:07:00,PENDING,26.6,194.0
11855,3746,ACCOUNT,LOW,2026-08-30 02:29:00,RESOLVED,32.8,162.6
11856,5453,PAYMENT,LOW,2026-08-13 21:10:00,PENDING,50.6,351.2
11857,418,PAYMENT,HIGH,2026-08-24 21:57:00,OPEN,9.5,294.2
11858,3792,ACCOUNT,LOW,2026-08-16 12:16:00,RESOLVED,5.2,170.4
11859,7682,REFUND,LOW,2026-08-11 23:42:00,RESOLVED,16.2,454.3
11860,3300,REFUND,MEDIUM,2026-08-30 21:06:00,RESOLVED,23.4,73.7
11861,5391,ACCOUNT,CRITICAL,2026-08-17 08:53:00,RESOLVED,1.1,217.1
11862,2989,PAYMENT,HIGH,2026-08-11 00:16:00,PENDING,44.1,304.9
11863,9415,ACCOUNT,LOW,2026-09-04 06:52:00,RESOLVED,18.1,215.2
11864,2240,ACCOUNT,MEDIUM,2026-08-14 11:37:00,OPEN,46.1,601.4
11865,7773,ACCOUNT,CRITICAL,2026-08-30 16:18:00,RESOLVED,19.4,144.6
11866,7608,REFUND,MEDIUM,2026-08-12 11:01:00,RESOLVED,1.5,328.6
11867,4059,PRODUCT,LOW,2026-08-16 07:13:00,RESOLVED,21.6,151.2
11868,9839,PAYMENT,MEDIUM,2026-08-17 07:38:00,OPEN,19.5,162.2
11869,9866,PRODUCT,MEDIUM,2026-08-20 08:15:00,RESOLVED,3.5,457.1
11870,290,ACCOUNT,MEDIUM,2026-08-31 21:03:00,RESOLVED,81.1,333.3
11871,5687,PRODUCT,MEDIUM,2026-08-15 02:25:00,RESOLVED,49.2,270.9
11872,1961,PAYMENT,LOW,2026-08-01 08:31:00,RESOLVED,40.6,180.2
11873,9985,ACCOUNT,HIGH,2026-08-07 04:20:00,RESOLVED,75.5,109.2
11874,9643,ACCOUNT,LOW,2026-08-02 00:58:00,RESOLVED,7.8,243.4
11875,4231,REFUND,LOW,2026-09-06 11:39:00,RESOLVED,25.1,112.6
11876,3418,ACCOUNT,MEDIUM,2026-08-01 03:32:00,PENDING,27.1,372.7
11877,8188,PAYMENT,MEDIUM,2026-09-06 20:16:00,RESOLVED,52.8,123.6
11878,3890,REFUND,MEDIUM,2026-08-26 13:49:00,RESOLVED,7.3,576.7
11879,7308,REFUND,HIGH,2026-08-01 09:09:00,RESOLVED,19.3,322.1
11880,6630,PRODUCT,HIGH,2026-08-15 15:54:00,RESOLVED,39.2,304.2
11881,2842,REFUND,MEDIUM,2026-08-31 23:12:00,RESOLVED,54.5,271.5
11882,3527,PRODUCT,MEDIUM,2026-08-19 20:13:00,RESOLVED,11.3,347.4
11883,9328,PAYMENT,MEDIUM,2026-09-02 07:31:00,OPEN,30.2,173.3
11884,4928,ACCOUNT,MEDIUM,2026-08-19 15:38:00,OPEN,23.8,251.7
11885,4176,DELIVERY,MEDIUM,2026-08-15 10:01:00,OPEN,13.7,278.4
11886,9008,PAYMENT,MEDIUM,2026-08-09 03:00:00,OPEN,7.6,154.8
11887,5723,REFUND,HIGH,2026-08-27 13:51:00,RESOLVED,47.0,180.8
11888,5648,PRODUCT,MEDIUM,2026-09-01 14:54:00,PENDING,49.6,455.9
11889,3888,ACCOUNT,LOW,2026-08-28 12:00:00,OPEN,38.7,557.2
11890,6669,REFUND,CRITICAL,2026-08-08 11:12:00,RESOLVED,12.6,368.1
11891,442,ACCOUNT,CRITICAL,2026-08-15 03:55:00,RESOLVED,20.4,136.1
11892,2171,PRODUCT,LOW,2026-08-28 08:54:00,OPEN,36.9,47.7
11893,8201,DELIVERY,CRITICAL,2026-08-09 11:56:00,RESOLVED,12.6,495.5
11894,2615,PRODUCT,MEDIUM,2026-08-30 13:49:00,PENDING,4.8,267.3
11895,9843,PAYMENT,LOW,2026-09-06 19:39:00,RESOLVED,36.7,148.2
11896,8916,ACCOUNT,MEDIUM,2026-08-11 05:16:00,RESOLVED,8.0,189.0
11897,3817,PAYMENT,LOW,2026-08-15 16:36:00,RESOLVED,33.3,192.2
11898,9176,REFUND,MEDIUM,2026-08-29 08:49:00,RESOLVED,3.8,467.7
11899,7151,DELIVERY,HIGH,2026-08-30 17:49:00,RESOLVED,25.4,653.1
11900,8070,DELIVERY,MEDIUM,2026-08-09 16:18:00,RESOLVED,82.9,313.2
11901,4701,PRODUCT,LOW,2026-08-20 09:45:00,RESOLVED,50.3,399.8
11902,1221,ACCOUNT,LOW,2026-08-22 00:51:00,RESOLVED,26.3,383.7
11903,5467,PRODUCT,MEDIUM,2026-09-03 07:43:00,RESOLVED,44.0,689.1
11904,8186,PRODUCT,MEDIUM,2026-08-29 16:18:00,OPEN,12.5,195.4
11905,905,DELIVERY,HIGH,2026-08-06 19:07:00,PENDING,25.4,266.3
11906,193,DELIVERY,HIGH,2026-08-06 19:49:00,RESOLVED,1.9,159.1
11907,8209,PAYMENT,MEDIUM,2026-09-06 03:34:00,PENDING,38.3,199.8
11908,5966,PAYMENT,MEDIUM,2026-08-28 02:03:00,OPEN,36.4,305.3
11909,5220,PAYMENT,MEDIUM,2026-09-04 13:10:00,PENDING,41.7,177.4
11910,6753,ACCOUNT,MEDIUM,2026-08-06 07:56:00,PENDING,29.7,140.8
11911,6844,REFUND,LOW,2026-08-22 03:01:00,RESOLVED,61.7,320.4
11912,4265,ACCOUNT,MEDIUM,2026-08-03 20:19:00,PENDING,34.9,170.7
11913,6107,REFUND,MEDIUM,2026-08-20 02:27:00,RESOLVED,15.0,490.7
11914,4793,REFUND,MEDIUM,2026-08-14 23:12:00,PENDING,34.9,148.0
11915,2070,REFUND,LOW,2026-08-13 15:13:00,RESOLVED,32.6,198.5
11916,7419,PRODUCT,MEDIUM,2026-08-09 17:34:00,RESOLVED,13.6,144.1
11917,3760,REFUND,HIGH,2026-08-06 04:20:00,RESOLVED,30.5,237.4
11918,8949,PAYMENT,HIGH,2026-08-06 23:11:00,RESOLVED,9.4,151.4
11919,3972,DELIVERY,MEDIUM,2026-08-22 08:57:00,PENDING,11.4,300.7
11920,1894,REFUND,HIGH,2026-08-11 08:07:00,RESOLVED,13.8,101.8
11921,8284,DELIVERY,HIGH,2026-08-13 01:05:00,PENDING,33.4,341.8
11922,1385,PRODUCT,HIGH,2026-08-31 11:33:00,RESOLVED,4.4,422.6
11923,9871,ACCOUNT,HIGH,2026-08-17 07:27:00,RESOLVED,95.0,278.4
11924,6300,REFUND,MEDIUM,2026-09-04 10:08:00,RESOLVED,77.6,177.2
11925,4817,ACCOUNT,HIGH,2026-08-26 02:54:00,RESOLVED,15.3,74.7
11926,2308,PAYMENT,LOW,2026-09-07 11:32:00,RESOLVED,21.0,79.4
11927,2018,ACCOUNT,MEDIUM,2026-08-29 01:35:00,PENDING,29.9,47.8
11928,1943,REFUND,HIGH,2026-09-08 01:07:00,OPEN,11.9,253.4
11929,8331,ACCOUNT,LOW,2026-08-30 02:08:00,RESOLVED,18.2,119.5
11930,2035,DELIVERY,LOW,2026-08-26 03:31:00,RESOLVED,34.8,294.8
11931,357,REFUND,MEDIUM,2026-08-16 01:38:00,RESOLVED,26.8,210.9
11932,1969,REFUND,MEDIUM,2026-08-28 17:45:00,RESOLVED,5.3,58.9
11933,6102,DELIVERY,MEDIUM,2026-08-17 06:13:00,OPEN,44.3,253.2
11934,4772,ACCOUNT,MEDIUM,2026-08-13 04:59:00,RESOLVED,75.3,209.2
11935,3731,REFUND,LOW,2026-08-02 03:24:00,RESOLVED,39.1,77.5
11936,9644,PAYMENT,HIGH,2026-09-05 19:12:00,OPEN,14.0,71.2
11937,3435,DELIVERY,LOW,2026-08-12 21:24:00,OPEN,14.0,505.8
11938,8281,PRODUCT,HIGH,2026-08-14 22:37:00,RESOLVED,14.8,302.2
11939,1242,DELIVERY,MEDIUM,2026-09-01 14:42:00,RESOLVED,34.0,223.1
11940,5434,REFUND,LOW,2026-08-30 09:25:00,PENDING,30.7,336.7
11941,1310,ACCOUNT,MEDIUM,2026-08-27 19:02:00,PENDING,34.2,753.9
11942,812,ACCOUNT,MEDIUM,2026-09-01 09:25:00,RESOLVED,32.0,309.5
11943,6800,DELIVERY,HIGH,2026-09-08 23:45:00,RESOLVED,102.3,255.5
11944,6730,PRODUCT,MEDIUM,2026-09-09 02:46:00,RESOLVED,39.2,227.6
11945,5745,PRODUCT,CRITICAL,2026-08-19 21:28:00,RESOLVED,4.1,385.3
11946,4512,ACCOUNT,MEDIUM,2026-08-02 06:44:00,RESOLVED,3.0,341.6
11947,2707,REFUND,LOW,2026-08-05 21:37:00,RESOLVED,4.3,267.9
11948,7784,REFUND,MEDIUM,2026-08-11 01:04:00,RESOLVED,23.5,479.6
11949,1894,REFUND,MEDIUM,2026-08-22 12:01:00,RESOLVED,17.1,238.0
11950,4940,PAYMENT,LOW,2026-08-19 20:39:00,PENDING,9.8,236.6
11951,9427,PRODUCT,LOW,2026-08-25 09:58:00,RESOLVED,1.7,590.8
11952,6683,DELIVERY,MEDIUM,2026-09-01 21:33:00,RESOLVED,49.5,426.9
11953,8450,DELIVERY,MEDIUM,2026-08-29 15:47:00,PENDING,17.2,222.4
11954,2001,DELIVERY,HIGH,2026-08-30 00:30:00,PENDING,60.9,307.6
11955,257,REFUND,LOW,2026-09-03 22:35:00,PENDING,22.0,289.2
11956,8333,PAYMENT,MEDIUM,2026-08-04 00:27:00,RESOLVED,13.2,275.1
11957,5629,REFUND,MEDIUM,2026-08-16 14:46:00,RESOLVED,11.2,390.6
11958,7795,ACCOUNT,HIGH,2026-09-04 06:47:00,RESOLVED,9.1,538.7
11959,8426,PRODUCT,LOW,2026-08-06 00:53:00,RESOLVED,27.9,128.0
11960,3741,DELIVERY,LOW,2026-08-17 11:56:00,PENDING,10.4,148.3
11961,1107,ACCOUNT,LOW,2026-09-01 10:19:00,RESOLVED,23.3,43.0
11962,9637,PRODUCT,CRITICAL,2026-09-04 05:02:00,RESOLVED,69.4,122.0
11963,3049,ACCOUNT,LOW,2026-09-02 21:59:00,RESOLVED,4.5,100.9
11964,1604,PRODUCT,HIGH,2026-09-05 08:26:00,RESOLVED,11.6,498.5
11965,5709,PRODUCT,MEDIUM,2026-08-03 07:02:00,RESOLVED,13.1,396.3
11966,201,PAYMENT,HIGH,2026-09-06 17:16:00,RESOLVED,25.8,379.7
11967,598,PRODUCT,LOW,2026-08-20 16:09:00,OPEN,20.3,481.2
11968,7632,PRODUCT,MEDIUM,2026-09-01 10:18:00,RESOLVED,20.8,323.8
11969,884,ACCOUNT,CRITICAL,2026-08-11 18:38:00,RESOLVED,52.3,178.2
11970,6006,PAYMENT,LOW,2026-08-31 03:14:00,OPEN,13.7,689.9
11971,4535,PRODUCT,MEDIUM,2026-08-06 12:43:00,RESOLVED,7.4,224.8
11972,1110,ACCOUNT,CRITICAL,2026-08-21 10:03:00,PENDING,17.6,169.8
11973,9430,PRODUCT,LOW,2026-08-02 11:02:00,RESOLVED,33.7,334.3
11974,1596,PRODUCT,HIGH,2026-08-23 06:02:00,RESOLVED,9.5,554.4
11975,6507,DELIVERY,LOW,2026-09-09 15:33:00,PENDING,1.9,36.4
11976,1309,ACCOUNT,LOW,2026-08-21 15:52:00,OPEN,104.5,339.4
11977,5904,ACCOUNT,LOW,2026-08-02 15:04:00,PENDING,14.7,190.0
11978,1669,REFUND,MEDIUM,2026-08-21 15:03:00,RESOLVED,23.9,86.0
11979,8885,ACCOUNT,LOW,2026-08-09 02:40:00,PENDING,24.6,77.7
11980,4615,ACCOUNT,MEDIUM,2026-08-09 10:15:00,RESOLVED,19.2,370.9
11981,90,REFUND,MEDIUM,2026-08-24 06:15:00,RESOLVED,6.6,64.2
11982,510,ACCOUNT,LOW,2026-08-14 02:52:00,RESOLVED,12.6,29.7
11983,5430,PAYMENT,LOW,2026-08-16 08:04:00,PENDING,31.3,456.7
11984,5194,DELIVERY,LOW,2026-08-08 02:12:00,RESOLVED,9.4,267.0
11985,3307,DELIVERY,LOW,2026-08-26 10:12:00,RESOLVED,55.6,198.1
11986,6054,PAYMENT,MEDIUM,2026-08-29 16:59:00,RESOLVED,13.9,120.0
11987,7971,PAYMENT,MEDIUM,2026-09-05 17:24:00,RESOLVED,24.7,154.0
11988,7274,ACCOUNT,HIGH,2026-08-17 19:36:00,OPEN,62.8,170.3
11989,7494,PAYMENT,MEDIUM,2026-08-01 23:29:00,RESOLVED,5.2,510.2
11990,9461,REFUND,CRITICAL,2026-08-10 17:30:00,RESOLVED,12.3,257.5
11991,2065,REFUND,HIGH,2026-09-09 10:02:00,OPEN,15.8,147.1
11992,825,PAYMENT,CRITICAL,2026-09-01 23:18:00,RESOLVED,16.8,421.8
11993,1211,REFUND,LOW,2026-08-22 08:05:00,PENDING,4.4,145.0
11994,352,PRODUCT,LOW,2026-09-05 19:36:00,PENDING,26.7,330.3
11995,2933,DELIVERY,MEDIUM,2026-08-11 02:15:00,RESOLVED,27.9,308.1
11996,1392,ACCOUNT,MEDIUM,2026-08-01 04:27:00,PENDING,26.7,49.4
11997,9213,REFUND,HIGH,2026-08-27 05:13:00,RESOLVED,39.2,373.3
11998,3374,DELIVERY,MEDIUM,2026-09-05 03:01:00,RESOLVED,3.8,164.8
11999,2183,ACCOUNT,CRITICAL,2026-08-06 06:53:00,RESOLVED,21.6,237.7
12000,5254,REFUND,LOW,2026-08-02 01:39:00,OPEN,18.0,162.4
12001,4306,PRODUCT,MEDIUM,2026-08-30 12:35:00,OPEN,6.4,257.6
12002,43,REFUND,MEDIUM,2026-08-29 09:24:00,RESOLVED,11.0,186.0
12003,9597,ACCOUNT,LOW,2026-08-02 15:01:00,RESOLVED,10.8,42.4
12004,6924,DELIVERY,HIGH,2026-09-05 01:51:00,RESOLVED,7.2,204.0
12005,8251,PAYMENT,MEDIUM,2026-09-09 02:55:00,RESOLVED,26.1,290.9
12006,9569,DELIVERY,LOW,2026-08-10 10:20:00,RESOLVED,12.8,167.6
12007,8856,PAYMENT,MEDIUM,2026-09-03 18:21:00,RESOLVED,34.1,505.5
12008,2498,PRODUCT,MEDIUM,2026-09-07 17:46:00,RESOLVED,39.9,187.7
12009,7634,PAYMENT,MEDIUM,2026-08-18 21:51:00,RESOLVED,47.4,746.9
12010,88,ACCOUNT,MEDIUM,2026-08-29 19:21:00,RESOLVED,3.8,272.7
12011,3615,PRODUCT,MEDIUM,2026-08-19 23:20:00,OPEN,1.2,101.5
12012,7533,ACCOUNT,LOW,2026-09-09 08:26:00,OPEN,8.3,166.5
12013,6998,ACCOUNT,LOW,2026-08-04 15:37:00,RESOLVED,19.7,238.7
12014,7701,ACCOUNT,LOW,2026-08-08 23:34:00,RESOLVED,13.2,396.8
12015,7572,PAYMENT,MEDIUM,2026-08-10 10:15:00,RESOLVED,32.2,334.0
12016,436,ACCOUNT,LOW,2026-08-06 03:09:00,OPEN,16.8,128.9
12017,5833,PRODUCT,MEDIUM,2026-08-03 20:45:00,PENDING,32.6,161.7
12018,6174,DELIVERY,CRITICAL,2026-08-27 11:10:00,OPEN,7.5,156.3
12019,1554,DELIVERY,CRITICAL,2026-08-24 20:06:00,RESOLVED,23.7,349.8
12020,2429,REFUND,MEDIUM,2026-08-21 14:20:00,PENDING,7.3,107.1
12021,4875,PAYMENT,MEDIUM,2026-08-30 17:25:00,RESOLVED,13.3,38.5
12022,6329,DELIVERY,CRITICAL,2026-09-02 14:11:00,RESOLVED,13.7,327.5
12023,8501,PAYMENT,MEDIUM,2026-08-11 18:58:00,OPEN,8.7,607.5
12024,7264,PRODUCT,LOW,2026-08-18 03:53:00,PENDING,38.6,263.9
12025,9756,PRODUCT,LOW,2026-08-27 01:10:00,RESOLVED,7.1,151.9
12026,2228,ACCOUNT,LOW,2026-08-01 01:54:00,RESOLVED,3.5,546.5
12027,3925,REFUND,HIGH,2026-08-21 08:13:00,RESOLVED,6.2,101.4
12028,2608,DELIVERY,LOW,2026-08-20 09:38:00,RESOLVED,23.2,230.8
12029,8908,ACCOUNT,LOW,2026-08-11 22:43:00,RESOLVED,18.3,259.3
12030,6116,PAYMENT,MEDIUM,2026-08-27 15:15:00,RESOLVED,8.9,193.0
12031,5079,PRODUCT,HIGH,2026-08-14 05:06:00,RESOLVED,9.6,115.6
12032,5823,PAYMENT,LOW,2026-08-13 11:44:00,OPEN,23.4,169.2
12033,3269,PAYMENT,MEDIUM,2026-08-30 00:19:00,OPEN,52.6,578.3
12034,8862,DELIVERY,MEDIUM,2026-08-21 02:02:00,RESOLVED,1.3,202.3
12035,6149,PAYMENT,LOW,2026-08-08 22:55:00,OPEN,26.6,292.5
12036,5104,ACCOUNT,MEDIUM,2026-08-25 03:16:00,RESOLVED,29.6,248.7
12037,7047,DELIVERY,HIGH,2026-08-14 02:27:00,RESOLVED,12.6,127.2
12038,7998,REFUND,LOW,2026-08-29 17:21:00,RESOLVED,25.2,132.9
12039,3954,ACCOUNT,LOW,2026-08-20 06:16:00,RESOLVED,46.5,194.3
12040,7321,PAYMENT,HIGH,2026-08-10 10:13:00,RESOLVED,27.3,176.5
12041,7984,DELIVERY,CRITICAL,2026-08-04 07:08:00,RESOLVED,72.8,440.4
12042,6657,ACCOUNT,MEDIUM,2026-08-11 18:05:00,RESOLVED,11.6,292.7
12043,1167,DELIVERY,LOW,2026-08-27 07:59:00,PENDING,7.0,219.5
12044,1918,REFUND,LOW,2026-08-28 11:18:00,OPEN,57.6,368.6
12045,312,PAYMENT,LOW,2026-09-03 02:20:00,OPEN,38.1,101.2
12046,2764,REFUND,LOW,2026-08-15 04:10:00,RESOLVED,32.9,441.0
12047,1647,PAYMENT,MEDIUM,2026-09-06 16:11:00,RESOLVED,10.9,67.4
12048,5668,PRODUCT,LOW,2026-08-31 00:23:00,RESOLVED,5.3,167.4
12049,9095,PAYMENT,LOW,2026-08-14 05:11:00,RESOLVED,30.0,107.8
12050,660,PAYMENT,MEDIUM,2026-08-11 16:52:00,PENDING,13.9,208.8
12051,2846,PRODUCT,LOW,2026-08-23 20:50:00,RESOLVED,26.0,59.8
12052,451,PRODUCT,LOW,2026-08-31 04:42:00,OPEN,43.9,145.3
12053,837,PRODUCT,MEDIUM,2026-08-19 19:53:00,OPEN,17.5,300.8
12054,499,PAYMENT,LOW,2026-08-07 07:14:00,RESOLVED,29.5,210.4
12055,6067,PAYMENT,MEDIUM,2026-08-31 16:46:00,RESOLVED,27.0,123.6
12056,9214,REFUND,LOW,2026-08-19 02:14:00,RESOLVED,37.9,57.9
12057,7248,PAYMENT,LOW,2026-08-02 04:33:00,RESOLVED,12.8,304.9
12058,6889,DELIVERY,MEDIUM,2026-08-08 15:51:00,PENDING,9.3,346.3
12059,1568,DELIVERY,MEDIUM,2026-08-24 02:13:00,RESOLVED,20.5,242.2
12060,8368,ACCOUNT,LOW,2026-08-21 15:13:00,RESOLVED,6.3,91.2
12061,5794,ACCOUNT,HIGH,2026-08-07 15:53:00,RESOLVED,32.1,179.9
12062,9635,REFUND,HIGH,2026-08-29 00:09:00,PENDING,93.6,209.6
12063,3906,PAYMENT,MEDIUM,2026-08-26 10:21:00,RESOLVED,12.3,606.9
12064,7010,ACCOUNT,LOW,2026-08-22 02:19:00,PENDING,25.6,132.0
12065,4806,PAYMENT,LOW,2026-08-03 23:40:00,RESOLVED,51.4,203.1
12066,5154,DELIVERY,HIGH,2026-08-07 09:37:00,RESOLVED,12.2,194.5
12067,1062,PAYMENT,LOW,2026-08-08 06:01:00,RESOLVED,9.9,628.9
12068,4791,ACCOUNT,LOW,2026-09-06 20:29:00,RESOLVED,52.8,307.3
12069,1671,REFUND,LOW,2026-08-09 23:49:00,RESOLVED,11.6,119.9
12070,7461,ACCOUNT,LOW,2026-08-01 04:34:00,RESOLVED,25.7,247.8
12071,7088,PRODUCT,LOW,2026-08-12 09:39:00,RESOLVED,28.3,161.0
12072,8679,DELIVERY,LOW,2026-08-30 05:19:00,RESOLVED,19.8,93.0
12073,4610,ACCOUNT,MEDIUM,2026-08-09 11:24:00,PENDING,7.8,263.2
12074,8297,PRODUCT,LOW,2026-08-29 21:41:00,RESOLVED,54.9,279.6
12075,8903,REFUND,HIGH,2026-08-02 02:52:00,OPEN,5.7,59.0
12076,4930,PRODUCT,MEDIUM,2026-09-05 20:12:00,RESOLVED,40.4,237.2
12077,9469,ACCOUNT,LOW,2026-08-22 21:15:00,RESOLVED,8.4,190.2
12078,7736,PRODUCT,HIGH,2026-09-04 10:44:00,RESOLVED,22.7,295.4
12079,2903,ACCOUNT,MEDIUM,2026-08-29 18:51:00,PENDING,45.1,353.3
12080,4766,ACCOUNT,MEDIUM,2026-08-07 00:15:00,OPEN,7.9,144.9
12081,1010,REFUND,LOW,2026-08-27 13:02:00,OPEN,23.2,195.6
12082,3844,DELIVERY,MEDIUM,2026-09-07 20:16:00,RESOLVED,69.1,146.8
12083,3606,ACCOUNT,HIGH,2026-08-20 01:59:00,RESOLVED,15.3,132.3
12084,2977,ACCOUNT,CRITICAL,2026-08-07 00:56:00,PENDING,21.4,356.1
12085,3555,REFUND,MEDIUM,2026-08-23 01:45:00,PENDING,2.4,104.5
12086,546,PAYMENT,MEDIUM,2026-08-23 13:15:00,PENDING,7.5,152.6
12087,4535,PAYMENT,HIGH,2026-09-01 06:24:00,RESOLVED,5.3,62.5
12088,2012,REFUND,LOW,2026-08-07 06:11:00,PENDING,13.8,250.3
12089,2292,PAYMENT,MEDIUM,2026-08-27 05:29:00,PENDING,32.0,224.3
12090,7301,PAYMENT,MEDIUM,2026-08-16 03:57:00,RESOLVED,31.9,395.8
12091,8883,ACCOUNT,MEDIUM,2026-08-10 15:23:00,RESOLVED,13.4,133.6
12092,1718,REFUND,LOW,2026-09-01 16:55:00,OPEN,24.1,151.1
12093,5613,DELIVERY,LOW,2026-08-22 23:15:00,RESOLVED,46.5,275.3
12094,9012,PAYMENT,LOW,2026-09-07 10:37:00,OPEN,21.0,159.3
12095,6079,DELIVERY,HIGH,2026-08-10 09:45:00,RESOLVED,6.4,277.1
12096,786,DELIVERY,MEDIUM,2026-08-13 20:02:00,RESOLVED,10.5,232.6
12097,7750,PRODUCT,HIGH,2026-09-06 15:52:00,RESOLVED,108.0,317.7
12098,512,ACCOUNT,HIGH,2026-08-18 10:32:00,OPEN,17.5,233.0
12099,6170,DELIVERY,LOW,2026-08-16 16:40:00,RESOLVED,23.2,100.7
12100,4811,REFUND,MEDIUM,2026-09-02 02:16:00,RESOLVED,3.8,35.6
12101,5278,DELIVERY,MEDIUM,2026-08-05 07:44:00,RESOLVED,6.7,142.7
12102,2227,PAYMENT,HIGH,2026-08-24 20:19:00,RESOLVED,27.4,220.2
12103,8864,PAYMENT,MEDIUM,2026-08-15 02:03:00,RESOLVED,3.8,339.5
12104,1030,ACCOUNT,CRITICAL,2026-09-05 21:37:00,RESOLVED,23.6,253.3
12105,9376,ACCOUNT,HIGH,2026-08-06 03:29:00,RESOLVED,32.5,144.9
12106,599,ACCOUNT,LOW,2026-08-14 03:35:00,PENDING,15.7,305.7
12107,3036,PAYMENT,MEDIUM,2026-08-08 14:05:00,RESOLVED,34.9,168.5
12108,5273,PRODUCT,LOW,2026-08-08 12:03:00,RESOLVED,33.0,235.0
12109,5163,REFUND,MEDIUM,2026-08-11 02:38:00,OPEN,19.3,455.9
12110,2595,DELIVERY,LOW,2026-08-22 22:19:00,OPEN,11.0,512.8
12111,2882,ACCOUNT,MEDIUM,2026-08-20 18:23:00,RESOLVED,5.9,554.9
12112,5558,ACCOUNT,HIGH,2026-08-19 16:03:00,PENDING,12.3,147.2
12113,218,DELIVERY,LOW,2026-09-05 03:26:00,RESOLVED,15.7,190.4
12114,1483,DELIVERY,LOW,2026-09-05 05:45:00,PENDING,17.1,175.7
12115,3956,ACCOUNT,LOW,2026-08-09 09:55:00,RESOLVED,37.7,200.2
12116,245,PAYMENT,LOW,2026-08-04 13:23:00,RESOLVED,14.5,205.2
12117,866,PRODUCT,LOW,2026-08-28 00:51:00,RESOLVED,15.4,105.6
12118,273,ACCOUNT,MEDIUM,2026-08-02 19:38:00,OPEN,43.6,272.1
12119,8175,PAYMENT,MEDIUM,2026-08-25 04:41:00,RESOLVED,32.3,255.7
12120,1127,DELIVERY,MEDIUM,2026-08-07 23:01:00,RESOLVED,23.7,157.4
12121,1843,PRODUCT,LOW,2026-08-07 20:06:00,RESOLVED,25.8,528.6
12122,7961,DELIVERY,MEDIUM,2026-08-27 20:57:00,PENDING,23.2,412.2
12123,4327,PRODUCT,HIGH,2026-08-31 21:05:00,OPEN,42.6,195.5
12124,4486,PAYMENT,MEDIUM,2026-08-14 00:26:00,RESOLVED,2.5,93.6
12125,6566,PAYMENT,MEDIUM,2026-08-15 07:36:00,RESOLVED,21.3,178.3
12126,6239,PAYMENT,MEDIUM,2026-08-04 21:32:00,OPEN,25.9,249.7
12127,4134,ACCOUNT,LOW,2026-09-05 19:09:00,RESOLVED,34.4,311.7
12128,8750,REFUND,LOW,2026-09-05 10:59:00,RESOLVED,14.4,66.5
12129,2279,ACCOUNT,MEDIUM,2026-08-07 07:38:00,OPEN,3.2,341.8
12130,2127,ACCOUNT,LOW,2026-08-31 11:48:00,RESOLVED,9.7,498.0
12131,5147,ACCOUNT,MEDIUM,2026-09-06 19:32:00,OPEN,19.4,125.7
12132,8714,ACCOUNT,MEDIUM,2026-09-05 09:00:00,RESOLVED,22.9,287.0
12133,8969,PRODUCT,LOW,2026-08-18 00:25:00,OPEN,20.3,301.1
12134,7457,ACCOUNT,MEDIUM,2026-08-05 11:24:00,RESOLVED,3.1,249.3
12135,35,PRODUCT,LOW,2026-08-21 18:28:00,RESOLVED,50.4,267.7
12136,7291,DELIVERY,LOW,2026-08-13 14:34:00,OPEN,10.7,201.7
12137,1640,DELIVERY,MEDIUM,2026-08-14 22:16:00,RESOLVED,6.9,194.3
12138,8708,PRODUCT,MEDIUM,2026-08-26 00:07:00,RESOLVED,8.4,328.1
12139,1136,PAYMENT,HIGH,2026-08-23 22:41:00,RESOLVED,7.7,589.4
12140,1259,ACCOUNT,HIGH,2026-08-04 03:45:00,RESOLVED,44.1,213.5
12141,5154,PAYMENT,MEDIUM,2026-08-25 23:41:00,RESOLVED,22.1,226.2
12142,5406,REFUND,LOW,2026-09-09 15:53:00,RESOLVED,17.5,324.8
12143,3396,ACCOUNT,LOW,2026-08-08 19:15:00,RESOLVED,4.0,102.1
12144,4836,PAYMENT,LOW,2026-09-09 17:05:00,RESOLVED,35.6,184.4
12145,7147,ACCOUNT,LOW,2026-08-05 04:30:00,RESOLVED,53.3,330.4
12146,6640,DELIVERY,LOW,2026-08-21 17:51:00,RESOLVED,54.7,234.1
12147,7123,DELIVERY,MEDIUM,2026-08-04 19:41:00,PENDING,22.4,214.1
12148,2380,DELIVERY,MEDIUM,2026-09-09 17:57:00,RESOLVED,52.2,452.6
12149,5594,ACCOUNT,LOW,2026-09-01 14:45:00,PENDING,63.2,197.0
12150,1274,DELIVERY,MEDIUM,2026-09-07 11:26:00,OPEN,5.3,191.7
12151,2427,PRODUCT,HIGH,2026-08-02 14:58:00,RESOLVED,17.5,112.0
12152,9735,PRODUCT,LOW,2026-08-25 08:40:00,RESOLVED,35.0,226.4
12153,428,ACCOUNT,LOW,2026-09-03 01:40:00,RESOLVED,19.5,159.8
12154,4657,PRODUCT,MEDIUM,2026-08-04 09:14:00,RESOLVED,20.4,145.2
12155,4929,DELIVERY,LOW,2026-09-07 06:26:00,OPEN,31.1,293.2
12156,2321,DELIVERY,LOW,2026-08-06 01:24:00,RESOLVED,2.5,145.3
12157,504,DELIVERY,MEDIUM,2026-08-05 10:16:00,RESOLVED,11.7,323.3
12158,1287,PAYMENT,MEDIUM,2026-08-12 21:31:00,RESOLVED,46.0,219.9
12159,7307,PAYMENT,HIGH,2026-09-06 17:13:00,RESOLVED,34.5,141.3
12160,5936,DELIVERY,LOW,2026-09-02 22:44:00,RESOLVED,53.6,520.9
12161,5576,DELIVERY,HIGH,2026-08-18 06:51:00,RESOLVED,30.2,194.2
12162,1478,REFUND,LOW,2026-08-22 14:04:00,RESOLVED,7.2,245.8
12163,5445,PAYMENT,LOW,2026-08-02 12:58:00,RESOLVED,16.7,80.1
12164,1831,ACCOUNT,LOW,2026-09-03 05:36:00,RESOLVED,12.2,277.1
12165,3123,ACCOUNT,LOW,2026-08-03 01:39:00,RESOLVED,11.0,257.2
12166,9522,PAYMENT,HIGH,2026-08-29 11:30:00,RESOLVED,13.4,235.3
12167,4475,REFUND,LOW,2026-08-15 19:49:00,RESOLVED,24.3,537.6
12168,292,PRODUCT,LOW,2026-09-02 14:23:00,PENDING,14.7,73.2
12169,5944,ACCOUNT,MEDIUM,2026-08-02 01:15:00,OPEN,12.0,254.8
12170,1869,REFUND,LOW,2026-08-11 15:02:00,PENDING,46.0,282.0
12171,51,PAYMENT,MEDIUM,2026-08-27 01:39:00,RESOLVED,15.6,544.3
12172,6713,DELIVERY,HIGH,2026-08-29 00:30:00,RESOLVED,47.7,234.9
12173,6335,DELIVERY,LOW,2026-08-01 05:21:00,RESOLVED,11.6,209.9
12174,2169,ACCOUNT,LOW,2026-08-04 02:21:00,RESOLVED,34.2,318.6
12175,7411,REFUND,MEDIUM,2026-08-15 13:47:00,RESOLVED,40.5,212.6
12176,1820,DELIVERY,HIGH,2026-08-28 14:03:00,OPEN,16.7,226.0
12177,5019,REFUND,HIGH,2026-08-26 06:07:00,RESOLVED,21.3,155.7
12178,5566,REFUND,HIGH,2026-08-20 11:43:00,RESOLVED,36.8,135.7
12179,1126,REFUND,MEDIUM,2026-08-24 12:20:00,RESOLVED,25.4,159.2
12180,6960,PRODUCT,MEDIUM,2026-08-14 10:00:00,RESOLVED,52.6,285.0
12181,5037,PAYMENT,HIGH,2026-08-23 20:25:00,RESOLVED,20.2,233.3
12182,4307,PAYMENT,HIGH,2026-08-28 20:22:00,RESOLVED,4.0,83.6
12183,7375,ACCOUNT,LOW,2026-08-09 10:50:00,OPEN,18.0,106.4
12184,7813,ACCOUNT,MEDIUM,2026-08-01 06:28:00,RESOLVED,24.0,277.7
12185,4935,REFUND,HIGH,2026-08-12 11:40:00,RESOLVED,4.3,294.6
12186,8153,ACCOUNT,HIGH,2026-08-31 20:50:00,RESOLVED,3.4,52.8
12187,527,PRODUCT,MEDIUM,2026-09-03 13:43:00,RESOLVED,20.3,145.6
12188,6231,DELIVERY,MEDIUM,2026-08-22 10:20:00,RESOLVED,11.9,136.6
12189,2785,REFUND,HIGH,2026-09-04 05:19:00,RESOLVED,25.0,449.4
12190,5779,REFUND,LOW,2026-08-18 05:22:00,RESOLVED,8.3,352.0
12191,6249,PRODUCT,MEDIUM,2026-08-29 23:40:00,RESOLVED,12.7,486.5
12192,8164,PRODUCT,HIGH,2026-08-22 04:30:00,RESOLVED,5.9,150.4
12193,5580,PRODUCT,MEDIUM,2026-08-01 00:11:00,RESOLVED,4.3,378.4
12194,151,DELIVERY,HIGH,2026-08-11 20:44:00,RESOLVED,10.9,109.7
12195,9782,PAYMENT,LOW,2026-08-27 20:20:00,RESOLVED,11.3,231.2
12196,5107,PAYMENT,LOW,2026-08-25 16:19:00,RESOLVED,8.9,82.5
12197,1224,PRODUCT,LOW,2026-08-30 11:54:00,RESOLVED,9.4,308.7
12198,1288,REFUND,LOW,2026-08-10 03:27:00,RESOLVED,20.2,206.2
12199,318,DELIVERY,MEDIUM,2026-08-08 08:33:00,OPEN,9.1,118.8
12200,2216,ACCOUNT,MEDIUM,2026-09-07 02:19:00,PENDING,6.8,434.8
12201,2674,PAYMENT,LOW,2026-08-15 16:00:00,RESOLVED,10.3,241.0
12202,9490,ACCOUNT,MEDIUM,2026-09-01 04:38:00,RESOLVED,9.1,76.5
12203,8129,PAYMENT,MEDIUM,2026-08-03 06:22:00,PENDING,21.3,223.7
12204,38,REFUND,LOW,2026-09-05 08:28:00,RESOLVED,9.8,23.0
12205,3372,PAYMENT,MEDIUM,2026-09-04 13:22:00,OPEN,26.6,391.9
12206,3071,DELIVERY,MEDIUM,2026-08-29 14:35:00,RESOLVED,22.8,281.4
12207,4501,PAYMENT,LOW,2026-08-12 14:46:00,RESOLVED,36.1,448.6
12208,1544,ACCOUNT,HIGH,2026-08-04 05:41:00,RESOLVED,2.9,240.7
12209,2680,REFUND,MEDIUM,2026-08-09 08:50:00,OPEN,65.6,388.2
12210,5705,DELIVERY,MEDIUM,2026-08-21 20:17:00,OPEN,11.9,200.7
12211,5196,DELIVERY,LOW,2026-09-08 03:05:00,RESOLVED,48.7,153.8
12212,8443,DELIVERY,MEDIUM,2026-08-29 03:42:00,RESOLVED,13.7,228.9
12213,9252,REFUND,LOW,2026-08-20 03:06:00,PENDING,16.3,205.1
12214,3909,REFUND,HIGH,2026-08-25 16:27:00,OPEN,27.6,299.6
12215,8152,PRODUCT,LOW,2026-08-30 12:44:00,RESOLVED,18.9,301.6
12216,8372,REFUND,LOW,2026-08-28 09:13:00,RESOLVED,49.8,299.9
12217,3460,REFUND,MEDIUM,2026-08-05 05:52:00,RESOLVED,61.0,260.5
12218,4403,DELIVERY,LOW,2026-08-22 10:15:00,RESOLVED,11.8,242.6
12219,6274,PAYMENT,LOW,2026-09-05 23:22:00,RESOLVED,52.2,127.9
12220,9091,REFUND,LOW,2026-08-26 07:42:00,RESOLVED,3.7,598.7
12221,7744,PRODUCT,HIGH,2026-08-16 03:00:00,RESOLVED,20.0,162.2
12222,8470,DELIVERY,MEDIUM,2026-08-23 10:22:00,RESOLVED,25.6,293.9
12223,7934,PRODUCT,MEDIUM,2026-08-29 18:44:00,OPEN,11.6,160.2
12224,1789,ACCOUNT,LOW,2026-08-04 03:08:00,RESOLVED,6.7,179.5
12225,2140,PRODUCT,MEDIUM,2026-08-08 08:37:00,RESOLVED,7.8,65.2
12226,8851,REFUND,MEDIUM,2026-08-24 09:50:00,OPEN,24.5,120.3
12227,4485,PRODUCT,LOW,2026-08-04 16:27:00,RESOLVED,18.9,249.9
12228,1926,ACCOUNT,LOW,2026-08-19 15:20:00,RESOLVED,10.3,415.2
12229,2985,PAYMENT,MEDIUM,2026-08-31 10:16:00,RESOLVED,5.8,553.7
12230,4904,PRODUCT,LOW,2026-08-21 04:30:00,RESOLVED,26.5,237.4
12231,5558,ACCOUNT,CRITICAL,2026-09-02 04:26:00,RESOLVED,38.9,399.1
12232,1961,PAYMENT,LOW,2026-08-03 23:40:00,RESOLVED,22.5,437.0
12233,2517,DELIVERY,LOW,2026-08-19 11:32:00,RESOLVED,35.6,157.2
12234,3865,ACCOUNT,LOW,2026-09-06 03:47:00,OPEN,19.5,92.2
12235,2138,REFUND,MEDIUM,2026-08-25 00:26:00,RESOLVED,7.6,277.5
12236,9857,REFUND,LOW,2026-09-03 13:20:00,RESOLVED,13.1,60.9
12237,203,PRODUCT,LOW,2026-08-17 01:57:00,OPEN,17.7,230.5
12238,7652,DELIVERY,LOW,2026-08-03 00:01:00,RESOLVED,34.5,286.1
12239,2931,REFUND,LOW,2026-08-13 04:41:00,OPEN,7.6,492.7
12240,5541,PAYMENT,LOW,2026-09-05 23:30:00,RESOLVED,1.9,95.3
12241,3079,PRODUCT,MEDIUM,2026-08-09 19:42:00,PENDING,15.7,94.5
12242,9355,DELIVERY,MEDIUM,2026-09-03 17:54:00,RESOLVED,15.8,340.4
12243,9728,ACCOUNT,LOW,2026-08-26 10:11:00,RESOLVED,37.1,351.5
12244,3598,REFUND,MEDIUM,2026-09-01 01:48:00,RESOLVED,4.9,318.6
12245,286,ACCOUNT,CRITICAL,2026-09-07 22:00:00,PENDING,17.4,306.6
12246,1733,ACCOUNT,MEDIUM,2026-09-07 05:02:00,PENDING,1.4,146.4
12247,7163,PRODUCT,CRITICAL,2026-08-21 06:36:00,RESOLVED,8.1,146.8
12248,8290,ACCOUNT,LOW,2026-08-27 09:18:00,PENDING,6.4,283.0
12249,402,DELIVERY,MEDIUM,2026-08-05 11:33:00,RESOLVED,34.0,453.4
12250,122,PAYMENT,LOW,2026-08-05 21:38:00,RESOLVED,7.9,336.1
12251,4914,DELIVERY,HIGH,2026-09-07 00:03:00,RESOLVED,30.4,301.1
12252,8046,PAYMENT,HIGH,2026-08-07 09:29:00,RESOLVED,98.6,220.5
12253,7669,PAYMENT,MEDIUM,2026-08-03 01:30:00,RESOLVED,41.4,145.4
12254,219,PAYMENT,LOW,2026-08-03 21:03:00,RESOLVED,32.7,193.0
12255,9884,DELIVERY,MEDIUM,2026-08-01 14:52:00,RESOLVED,59.3,420.0
12256,2844,DELIVERY,HIGH,2026-08-17 18:29:00,RESOLVED,42.9,806.2
12257,2292,ACCOUNT,MEDIUM,2026-08-04 08:48:00,PENDING,39.8,189.0
12258,3555,REFUND,HIGH,2026-08-07 13:11:00,OPEN,13.3,301.1
12259,7564,PAYMENT,MEDIUM,2026-09-05 05:35:00,PENDING,21.2,183.9
12260,3186,PAYMENT,LOW,2026-08-02 09:11:00,RESOLVED,13.8,265.6
12261,6470,DELIVERY,HIGH,2026-08-05 16:05:00,RESOLVED,31.6,439.5
12262,2435,REFUND,LOW,2026-08-21 16:08:00,RESOLVED,1.9,358.0
12263,1179,PRODUCT,HIGH,2026-08-09 06:38:00,OPEN,24.3,378.5
12264,1082,REFUND,LOW,2026-08-13 06:43:00,RESOLVED,42.1,266.2
12265,4392,PRODUCT,MEDIUM,2026-08-19 14:22:00,RESOLVED,11.4,51.1
12266,32,PRODUCT,LOW,2026-08-08 22:40:00,PENDING,9.2,211.4
12267,5592,ACCOUNT,LOW,2026-08-30 04:01:00,RESOLVED,22.7,247.5
12268,7748,PAYMENT,HIGH,2026-08-29 01:03:00,RESOLVED,29.2,189.6
12269,5632,ACCOUNT,MEDIUM,2026-08-01 16:56:00,PENDING,7.9,247.0
12270,4570,REFUND,HIGH,2026-08-23 22:16:00,RESOLVED,20.9,308.5
12271,1703,PRODUCT,MEDIUM,2026-08-14 07:55:00,PENDING,32.1,106.1
12272,1620,ACCOUNT,LOW,2026-08-23 01:27:00,RESOLVED,31.3,201.9
12273,1163,ACCOUNT,LOW,2026-08-27 05:14:00,RESOLVED,5.8,139.2
12274,822,PRODUCT,MEDIUM,2026-08-15 02:52:00,RESOLVED,3.8,370.1
12275,5630,PAYMENT,LOW,2026-08-25 08:31:00,RESOLVED,13.2,284.8
12276,2785,PAYMENT,MEDIUM,2026-08-31 05:16:00,RESOLVED,43.4,194.9
12277,6621,PAYMENT,LOW,2026-09-02 03:37:00,PENDING,15.9,47.1
12278,3544,REFUND,CRITICAL,2026-08-07 02:16:00,OPEN,19.1,260.5
12279,3222,REFUND,LOW,2026-08-23 04:04:00,RESOLVED,19.6,169.1
12280,4615,PRODUCT,MEDIUM,2026-08-18 18:40:00,RESOLVED,3.5,390.6
12281,3630,PRODUCT,MEDIUM,2026-09-06 00:33:00,OPEN,25.6,212.1
12282,1011,PRODUCT,MEDIUM,2026-08-16 11:36:00,RESOLVED,54.6,285.7
12283,256,PRODUCT,MEDIUM,2026-08-10 10:21:00,RESOLVED,4.7,511.3
12284,9800,PAYMENT,HIGH,2026-09-01 20:32:00,RESOLVED,30.9,197.5
12285,1076,PAYMENT,MEDIUM,2026-08-16 16:43:00,RESOLVED,78.5,196.5
12286,2688,PRODUCT,LOW,2026-08-08 10:53:00,RESOLVED,66.6,632.9
12287,4058,REFUND,LOW,2026-08-22 12:15:00,RESOLVED,11.1,286.9
12288,4413,DELIVERY,HIGH,2026-09-09 11:33:00,RESOLVED,24.5,142.1
12289,7497,PRODUCT,MEDIUM,2026-08-12 22:04:00,RESOLVED,18.3,368.2
12290,7091,REFUND,MEDIUM,2026-08-07 08:36:00,RESOLVED,32.8,330.1
12291,6064,PRODUCT,MEDIUM,2026-08-19 20:52:00,PENDING,33.2,388.2
12292,3102,ACCOUNT,MEDIUM,2026-08-18 14:25:00,PENDING,19.6,383.2
12293,9530,REFUND,MEDIUM,2026-08-12 23:04:00,RESOLVED,8.3,552.3
12294,825,DELIVERY,MEDIUM,2026-08-25 06:18:00,RESOLVED,34.8,607.5
12295,3105,DELIVERY,HIGH,2026-08-01 19:57:00,OPEN,7.9,105.1
12296,3766,PAYMENT,MEDIUM,2026-08-17 21:38:00,RESOLVED,14.2,90.1
12297,3498,ACCOUNT,LOW,2026-08-06 08:00:00,RESOLVED,14.7,457.9
12298,5529,ACCOUNT,MEDIUM,2026-09-05 00:53:00,RESOLVED,56.6,160.5
12299,512,ACCOUNT,LOW,2026-08-23 00:26:00,RESOLVED,5.6,215.1
12300,8418,DELIVERY,LOW,2026-08-26 18:28:00,RESOLVED,18.8,248.0
12301,1602,DELIVERY,MEDIUM,2026-08-25 00:49:00,RESOLVED,7.2,605.2
12302,3680,ACCOUNT,LOW,2026-08-28 06:03:00,PENDING,10.9,397.7
12303,5811,PRODUCT,MEDIUM,2026-08-28 05:59:00,RESOLVED,2.6,294.0
12304,8896,ACCOUNT,MEDIUM,2026-09-05 06:11:00,OPEN,10.7,115.3
12305,5577,ACCOUNT,LOW,2026-08-25 11:56:00,OPEN,4.0,169.9
12306,5461,PRODUCT,LOW,2026-08-06 03:54:00,RESOLVED,14.1,255.3
12307,2470,PAYMENT,MEDIUM,2026-08-15 21:03:00,RESOLVED,15.7,493.1
12308,7175,PRODUCT,CRITICAL,2026-08-18 21:10:00,RESOLVED,14.4,34.6
12309,5602,PRODUCT,LOW,2026-09-06 05:04:00,RESOLVED,44.2,554.1
12310,302,ACCOUNT,LOW,2026-08-17 01:45:00,RESOLVED,17.3,226.7
12311,4196,ACCOUNT,CRITICAL,2026-09-04 16:42:00,RESOLVED,20.4,591.4
12312,8958,DELIVERY,HIGH,2026-08-31 00:52:00,RESOLVED,24.4,116.6
12313,8581,ACCOUNT,HIGH,2026-08-16 16:03:00,RESOLVED,29.3,373.7
12314,2135,PRODUCT,LOW,2026-09-03 16:35:00,RESOLVED,20.7,365.1
12315,7406,PRODUCT,HIGH,2026-08-19 22:48:00,RESOLVED,56.3,319.3
12316,3259,REFUND,HIGH,2026-08-18 23:54:00,RESOLVED,10.1,187.0
12317,7613,PAYMENT,LOW,2026-08-06 05:08:00,PENDING,26.3,726.3
12318,5237,ACCOUNT,MEDIUM,2026-08-05 16:25:00,OPEN,7.3,336.4
12319,3209,DELIVERY,LOW,2026-08-23 01:15:00,RESOLVED,6.1,365.5
12320,9599,PAYMENT,MEDIUM,2026-08-31 10:49:00,RESOLVED,24.4,666.0
12321,2418,ACCOUNT,MEDIUM,2026-09-03 22:25:00,RESOLVED,25.6,208.8
12322,3457,PRODUCT,LOW,2026-09-01 07:52:00,RESOLVED,19.3,313.2
12323,9332,DELIVERY,CRITICAL,2026-08-19 00:25:00,PENDING,21.2,247.1
12324,2206,DELIVERY,HIGH,2026-08-12 00:25:00,RESOLVED,4.5,55.6
12325,1976,PAYMENT,HIGH,2026-08-17 07:14:00,RESOLVED,12.3,192.2
12326,9608,REFUND,LOW,2026-08-07 20:37:00,RESOLVED,60.3,344.1
12327,4835,ACCOUNT,MEDIUM,2026-08-21 21:50:00,RESOLVED,29.5,246.1
12328,8085,ACCOUNT,HIGH,2026-08-06 15:43:00,RESOLVED,38.7,378.3
12329,889,ACCOUNT,LOW,2026-08-31 07:17:00,RESOLVED,32.1,396.6
12330,6635,REFUND,MEDIUM,2026-08-05 01:03:00,RESOLVED,42.7,205.8
12331,1039,REFUND,LOW,2026-08-17 07:53:00,RESOLVED,13.5,231.8
12332,4097,PAYMENT,MEDIUM,2026-08-12 14:50:00,RESOLVED,26.4,130.6
12333,2031,DELIVERY,MEDIUM,2026-08-25 23:25:00,RESOLVED,29.4,149.5
12334,4205,PRODUCT,HIGH,2026-08-29 15:29:00,PENDING,52.2,186.6
12335,3918,ACCOUNT,MEDIUM,2026-08-16 14:28:00,RESOLVED,24.4,212.4
12336,9507,DELIVERY,HIGH,2026-08-12 10:24:00,OPEN,5.5,326.1
12337,6625,DELIVERY,LOW,2026-09-06 18:34:00,OPEN,15.5,406.5
12338,690,REFUND,MEDIUM,2026-09-03 12:08:00,RESOLVED,40.5,286.1
12339,4872,ACCOUNT,HIGH,2026-09-03 17:57:00,OPEN,20.2,88.4
12340,7576,REFUND,MEDIUM,2026-08-14 08:52:00,RESOLVED,51.8,235.4
12341,4926,PRODUCT,HIGH,2026-08-02 17:12:00,RESOLVED,31.8,114.8
12342,6012,ACCOUNT,MEDIUM,2026-08-29 04:58:00,RESOLVED,54.7,227.2
12343,5129,PAYMENT,MEDIUM,2026-08-09 08:15:00,RESOLVED,7.8,293.4
12344,9685,DELIVERY,HIGH,2026-08-09 11:10:00,RESOLVED,22.6,159.8
12345,6569,ACCOUNT,LOW,2026-09-01 20:49:00,RESOLVED,16.8,170.5
12346,5585,REFUND,MEDIUM,2026-08-05 13:46:00,RESOLVED,54.0,149.2
12347,9424,PAYMENT,MEDIUM,2026-09-03 10:11:00,RESOLVED,16.7,559.6
12348,2806,ACCOUNT,HIGH,2026-08-10 15:48:00,RESOLVED,20.9,425.3
12349,7545,ACCOUNT,MEDIUM,2026-08-14 05:19:00,RESOLVED,14.0,160.7
12350,7800,ACCOUNT,MEDIUM,2026-08-26 01:13:00,PENDING,24.2,92.9
12351,3701,REFUND,LOW,2026-08-28 15:05:00,RESOLVED,16.0,206.3
12352,9857,PRODUCT,HIGH,2026-08-27 13:37:00,RESOLVED,18.2,236.4
12353,2954,REFUND,MEDIUM,2026-08-21 06:57:00,PENDING,10.3,132.5
12354,9075,PAYMENT,MEDIUM,2026-08-25 19:28:00,RESOLVED,31.3,59.0
12355,188,REFUND,LOW,2026-08-16 04:09:00,RESOLVED,19.2,679.5
12356,2948,ACCOUNT,MEDIUM,2026-08-17 21:16:00,RESOLVED,31.1,494.4
12357,3055,PRODUCT,LOW,2026-08-05 21:43:00,PENDING,5.8,334.0
12358,3464,ACCOUNT,MEDIUM,2026-08-23 09:11:00,RESOLVED,11.6,91.0
12359,4365,REFUND,MEDIUM,2026-08-14 19:47:00,PENDING,6.0,248.7
12360,7549,ACCOUNT,MEDIUM,2026-09-07 15:48:00,RESOLVED,18.3,406.9
12361,4301,REFUND,LOW,2026-09-08 12:28:00,OPEN,58.6,490.2
12362,5982,PRODUCT,HIGH,2026-08-03 23:47:00,PENDING,30.8,239.6
12363,1145,DELIVERY,MEDIUM,2026-08-26 13:43:00,RESOLVED,28.9,189.0
12364,117,PRODUCT,LOW,2026-08-04 07:17:00,RESOLVED,42.3,272.3
12365,3944,PRODUCT,LOW,2026-08-15 07:35:00,RESOLVED,35.2,473.0
12366,1419,PRODUCT,HIGH,2026-08-20 17:42:00,RESOLVED,7.6,257.9
12367,1092,REFUND,HIGH,2026-08-12 12:45:00,OPEN,20.1,347.6
12368,855,ACCOUNT,HIGH,2026-09-02 01:51:00,RESOLVED,12.1,110.3
12369,2728,DELIVERY,HIGH,2026-08-01 07:52:00,RESOLVED,50.0,97.2
12370,1788,PRODUCT,MEDIUM,2026-09-05 03:24:00,PENDING,15.6,180.0
12371,1449,PAYMENT,MEDIUM,2026-09-09 05:35:00,PENDING,15.4,129.4
12372,3050,DELIVERY,HIGH,2026-08-30 05:15:00,RESOLVED,19.2,175.6
12373,2547,ACCOUNT,MEDIUM,2026-09-09 15:13:00,RESOLVED,33.1,258.1
12374,9672,PRODUCT,MEDIUM,2026-08-09 20:02:00,RESOLVED,14.5,64.8
12375,6392,DELIVERY,MEDIUM,2026-08-25 17:52:00,RESOLVED,32.4,335.7
12376,6765,REFUND,LOW,2026-08-31 08:31:00,OPEN,22.3,211.5
12377,6863,PRODUCT,LOW,2026-08-14 20:28:00,RESOLVED,2.8,22.4
12378,548,DELIVERY,LOW,2026-08-09 16:50:00,RESOLVED,21.1,211.2
12379,4938,PAYMENT,LOW,2026-08-16 09:45:00,RESOLVED,36.7,414.2
12380,6074,DELIVERY,MEDIUM,2026-08-01 14:21:00,RESOLVED,24.9,64.5
12381,9391,DELIVERY,LOW,2026-08-22 00:47:00,OPEN,16.2,187.5
12382,4367,REFUND,LOW,2026-08-07 02:20:00,RESOLVED,68.7,330.5
12383,2739,PRODUCT,LOW,2026-08-13 14:17:00,RESOLVED,22.1,393.5
12384,7541,PAYMENT,MEDIUM,2026-09-08 17:27:00,OPEN,9.2,741.5
12385,1847,REFUND,HIGH,2026-08-03 18:21:00,RESOLVED,44.5,137.2
12386,8840,REFUND,MEDIUM,2026-08-29 13:46:00,RESOLVED,8.2,115.7
12387,3568,ACCOUNT,MEDIUM,2026-08-10 18:53:00,PENDING,29.5,352.5
12388,653,PRODUCT,MEDIUM,2026-08-06 20:59:00,RESOLVED,12.0,180.5
12389,3524,ACCOUNT,MEDIUM,2026-08-22 23:56:00,RESOLVED,7.0,95.9
12390,9800,ACCOUNT,CRITICAL,2026-08-13 10:05:00,RESOLVED,23.5,173.5
12391,4327,PRODUCT,MEDIUM,2026-08-28 07:41:00,RESOLVED,14.4,253.0
12392,580,DELIVERY,MEDIUM,2026-09-05 07:43:00,RESOLVED,30.7,128.9
12393,3728,ACCOUNT,HIGH,2026-08-29 17:36:00,RESOLVED,41.7,326.9
12394,7324,DELIVERY,MEDIUM,2026-08-29 13:03:00,RESOLVED,40.2,423.2
12395,543,PRODUCT,MEDIUM,2026-08-26 07:27:00,RESOLVED,24.0,189.7
12396,9032,REFUND,MEDIUM,2026-08-10 17:59:00,PENDING,22.8,106.4
12397,7530,PRODUCT,LOW,2026-08-19 00:35:00,PENDING,24.0,168.3
12398,7518,ACCOUNT,MEDIUM,2026-09-09 01:56:00,RESOLVED,57.5,375.5
12399,7530,PRODUCT,HIGH,2026-08-22 03:53:00,RESOLVED,12.1,168.1
12400,1508,REFUND,MEDIUM,2026-08-24 06:47:00,OPEN,59.2,150.8
12401,8017,PRODUCT,LOW,2026-08-26 01:25:00,RESOLVED,52.6,250.9
12402,2080,DELIVERY,MEDIUM,2026-08-22 23:24:00,OPEN,24.9,509.1
12403,1537,ACCOUNT,HIGH,2026-08-05 13:37:00,PENDING,56.7,316.2
12404,412,DELIVERY,MEDIUM,2026-08-24 11:05:00,RESOLVED,12.5,200.4
12405,1435,ACCOUNT,HIGH,2026-08-07 09:23:00,RESOLVED,32.2,178.0
12406,1311,DELIVERY,LOW,2026-08-30 07:32:00,PENDING,37.1,221.5
12407,8842,REFUND,MEDIUM,2026-09-05 21:35:00,RESOLVED,63.0,355.3
12408,611,PRODUCT,LOW,2026-08-11 12:49:00,RESOLVED,62.6,269.0
12409,6473,ACCOUNT,MEDIUM,2026-08-12 17:47:00,OPEN,20.6,99.2
12410,537,PRODUCT,HIGH,2026-08-01 22:59:00,OPEN,15.5,277.6
12411,9613,REFUND,MEDIUM,2026-08-13 20:17:00,OPEN,19.6,326.7
12412,5622,REFUND,MEDIUM,2026-08-27 00:32:00,RESOLVED,45.2,161.4
12413,5147,PRODUCT,HIGH,2026-08-08 00:25:00,OPEN,27.7,98.6
12414,768,PAYMENT,MEDIUM,2026-08-19 22:56:00,RESOLVED,70.2,160.5
12415,8682,REFUND,MEDIUM,2026-09-02 06:09:00,OPEN,61.2,177.0
12416,4251,PRODUCT,LOW,2026-09-02 10:55:00,RESOLVED,30.8,433.1
12417,1401,PAYMENT,MEDIUM,2026-08-02 08:44:00,RESOLVED,46.0,283.6
12418,7097,ACCOUNT,MEDIUM,2026-09-07 02:16:00,RESOLVED,17.3,303.9
12419,9441,DELIVERY,MEDIUM,2026-09-03 19:28:00,RESOLVED,39.5,306.5
12420,152,PRODUCT,LOW,2026-08-25 10:17:00,RESOLVED,32.1,111.7
12421,2019,PRODUCT,LOW,2026-09-02 03:27:00,OPEN,37.5,454.2
12422,6389,ACCOUNT,LOW,2026-08-24 19:20:00,RESOLVED,8.0,249.2
12423,623,PRODUCT,HIGH,2026-08-17 13:17:00,RESOLVED,49.0,134.6
12424,7572,ACCOUNT,CRITICAL,2026-08-26 10:38:00,OPEN,36.5,135.1
12425,6102,REFUND,MEDIUM,2026-09-05 12:53:00,PENDING,17.7,289.5
12426,5367,REFUND,HIGH,2026-08-04 03:12:00,RESOLVED,10.8,167.2
12427,3280,ACCOUNT,LOW,2026-08-30 07:14:00,RESOLVED,20.0,289.9
12428,4756,DELIVERY,HIGH,2026-08-15 12:30:00,RESOLVED,51.5,457.2
12429,827,ACCOUNT,LOW,2026-09-04 00:45:00,RESOLVED,20.1,429.2
12430,7309,PRODUCT,LOW,2026-08-27 07:10:00,PENDING,18.4,498.9
12431,6142,PAYMENT,LOW,2026-08-04 22:29:00,RESOLVED,9.1,291.1
12432,5298,DELIVERY,MEDIUM,2026-08-22 01:54:00,OPEN,33.2,295.5
12433,7835,PRODUCT,MEDIUM,2026-09-03 10:47:00,RESOLVED,9.2,275.7
12434,5093,PAYMENT,LOW,2026-09-01 09:17:00,RESOLVED,21.6,276.0
12435,4031,DELIVERY,LOW,2026-08-28 10:57:00,RESOLVED,2.4,430.6
12436,8019,PRODUCT,MEDIUM,2026-08-05 17:40:00,RESOLVED,25.5,351.4
12437,9349,ACCOUNT,HIGH,2026-09-09 19:52:00,RESOLVED,27.6,296.2
12438,8376,PAYMENT,LOW,2026-08-26 11:18:00,RESOLVED,8.1,304.8
12439,5111,DELIVERY,LOW,2026-09-02 13:17:00,RESOLVED,6.2,169.2
12440,3685,REFUND,MEDIUM,2026-09-03 13:43:00,OPEN,36.6,158.4
12441,1308,PAYMENT,MEDIUM,2026-09-09 14:35:00,RESOLVED,13.9,388.0
12442,4155,PAYMENT,MEDIUM,2026-08-27 12:48:00,RESOLVED,26.7,341.4
12443,8317,PAYMENT,MEDIUM,2026-08-22 23:22:00,RESOLVED,60.0,535.4
12444,8008,REFUND,MEDIUM,2026-08-04 02:01:00,RESOLVED,5.4,338.0
12445,1283,PRODUCT,MEDIUM,2026-08-06 09:53:00,PENDING,14.2,150.9
12446,5449,DELIVERY,HIGH,2026-08-27 12:31:00,OPEN,8.5,149.5
12447,6692,ACCOUNT,HIGH,2026-09-07 01:14:00,PENDING,23.3,392.1
12448,6869,PAYMENT,MEDIUM,2026-09-04 00:27:00,RESOLVED,60.7,178.0
12449,8754,ACCOUNT,LOW,2026-09-04 01:15:00,RESOLVED,17.8,375.2
12450,752,DELIVERY,CRITICAL,2026-08-06 22:33:00,RESOLVED,12.4,151.0
12451,4648,PRODUCT,LOW,2026-08-18 22:38:00,OPEN,53.7,278.2
12452,954,ACCOUNT,CRITICAL,2026-08-25 17:57:00,RESOLVED,14.7,228.0
12453,7250,ACCOUNT,MEDIUM,2026-08-25 18:02:00,PENDING,8.4,291.1
12454,5319,PAYMENT,MEDIUM,2026-08-20 10:49:00,PENDING,44.4,400.1
12455,4326,REFUND,MEDIUM,2026-09-07 14:09:00,RESOLVED,13.1,380.3
12456,8193,ACCOUNT,MEDIUM,2026-08-09 23:30:00,RESOLVED,15.9,108.7
12457,8463,PRODUCT,LOW,2026-09-03 10:49:00,RESOLVED,23.8,196.7
12458,3166,ACCOUNT,LOW,2026-08-18 16:12:00,OPEN,81.1,292.7
12459,8157,REFUND,LOW,2026-08-26 17:08:00,RESOLVED,32.8,85.3
12460,9607,PAYMENT,LOW,2026-08-17 21:57:00,RESOLVED,21.7,249.9
12461,520,REFUND,MEDIUM,2026-08-15 09:27:00,RESOLVED,32.2,106.6
12462,7604,PAYMENT,HIGH,2026-08-23 20:38:00,RESOLVED,32.7,197.7
12463,1156,ACCOUNT,LOW,2026-08-22 10:29:00,RESOLVED,15.1,355.6
12464,7818,ACCOUNT,MEDIUM,2026-08-30 22:19:00,RESOLVED,23.4,357.2
12465,6798,PAYMENT,LOW,2026-08-03 21:43:00,RESOLVED,49.6,206.0
12466,8341,DELIVERY,MEDIUM,2026-08-04 20:58:00,RESOLVED,12.8,165.3
12467,5742,PAYMENT,MEDIUM,2026-08-16 05:14:00,RESOLVED,5.4,139.3
12468,2545,PAYMENT,MEDIUM,2026-08-09 01:12:00,RESOLVED,11.8,234.6
12469,6956,PRODUCT,LOW,2026-08-29 16:07:00,RESOLVED,22.1,371.5
12470,3304,REFUND,LOW,2026-08-26 16:23:00,RESOLVED,30.3,273.4
12471,312,PAYMENT,LOW,2026-08-06 16:03:00,RESOLVED,12.1,82.1
12472,1185,PRODUCT,CRITICAL,2026-08-05 22:05:00,RESOLVED,29.0,811.9
12473,8704,PAYMENT,LOW,2026-09-03 17:10:00,OPEN,30.7,388.4
12474,3804,ACCOUNT,MEDIUM,2026-08-27 06:58:00,OPEN,13.9,315.0
12475,1440,REFUND,LOW,2026-09-05 18:30:00,OPEN,57.7,364.0
12476,359,PRODUCT,MEDIUM,2026-08-27 06:42:00,RESOLVED,6.3,226.2
12477,412,PAYMENT,MEDIUM,2026-08-17 03:41:00,RESOLVED,4.4,250.3
12478,7515,PAYMENT,LOW,2026-08-14 11:09:00,OPEN,12.5,209.7
12479,1306,PAYMENT,MEDIUM,2026-09-03 06:39:00,RESOLVED,8.9,440.3
12480,8026,PAYMENT,LOW,2026-09-09 13:07:00,RESOLVED,23.9,305.0
12481,5592,PAYMENT,LOW,2026-08-18 09:21:00,RESOLVED,10.5,315.4
12482,2137,PAYMENT,MEDIUM,2026-08-19 22:55:00,PENDING,15.6,213.6
12483,9009,ACCOUNT,HIGH,2026-08-16 21:50:00,PENDING,11.2,83.4
12484,4899,PRODUCT,LOW,2026-09-08 11:22:00,OPEN,18.1,284.4
12485,3943,PAYMENT,LOW,2026-08-05 19:48:00,PENDING,18.9,319.7
12486,6720,ACCOUNT,LOW,2026-08-08 03:35:00,OPEN,5.0,57.1
12487,6579,REFUND,HIGH,2026-09-02 21:03:00,RESOLVED,12.8,103.7
12488,7426,REFUND,LOW,2026-09-07 09:57:00,RESOLVED,20.7,64.8
12489,6146,DELIVERY,HIGH,2026-08-12 00:22:00,RESOLVED,11.8,156.4
12490,9695,REFUND,LOW,2026-08-24 01:20:00,RESOLVED,35.2,265.8
12491,4160,DELIVERY,LOW,2026-08-12 09:36:00,OPEN,31.4,337.1
12492,2007,DELIVERY,MEDIUM,2026-09-09 14:11:00,RESOLVED,90.4,295.8
12493,1270,PRODUCT,MEDIUM,2026-08-03 18:08:00,PENDING,28.5,123.6
12494,2468,PRODUCT,MEDIUM,2026-08-24 21:56:00,RESOLVED,3.8,128.4
12495,7733,PRODUCT,MEDIUM,2026-08-24 15:40:00,RESOLVED,45.9,639.8
12496,8539,ACCOUNT,CRITICAL,2026-09-07 06:02:00,RESOLVED,7.0,104.0
12497,2918,ACCOUNT,MEDIUM,2026-08-23 14:47:00,RESOLVED,17.4,115.0
12498,973,REFUND,HIGH,2026-08-14 23:30:00,RESOLVED,59.5,167.3
12499,7202,DELIVERY,HIGH,2026-08-20 16:40:00,RESOLVED,2.5,277.3
12500,7859,PAYMENT,MEDIUM,2026-08-26 07:33:00,RESOLVED,2.2,221.1
12501,552,ACCOUNT,HIGH,2026-09-03 23:42:00,RESOLVED,49.9,335.2
12502,1334,ACCOUNT,MEDIUM,2026-08-02 06:46:00,OPEN,7.2,323.3
12503,3353,REFUND,MEDIUM,2026-08-29 16:25:00,RESOLVED,17.1,163.6
12504,4645,DELIVERY,MEDIUM,2026-08-24 07:46:00,OPEN,7.4,251.2
12505,1106,PRODUCT,MEDIUM,2026-08-08 21:59:00,RESOLVED,20.5,135.3
12506,5923,ACCOUNT,MEDIUM,2026-08-15 23:59:00,RESOLVED,4.8,49.0
12507,4968,ACCOUNT,LOW,2026-08-23 04:18:00,RESOLVED,25.2,395.6
12508,7679,ACCOUNT,CRITICAL,2026-09-02 23:03:00,RESOLVED,14.0,163.4
12509,9530,REFUND,LOW,2026-09-03 15:35:00,PENDING,24.0,277.9
12510,1146,PRODUCT,LOW,2026-08-20 20:56:00,RESOLVED,55.9,248.2
12511,4523,PRODUCT,LOW,2026-08-28 22:14:00,RESOLVED,30.7,325.7
12512,8241,REFUND,MEDIUM,2026-08-21 22:11:00,RESOLVED,89.6,553.2
12513,93,DELIVERY,LOW,2026-08-28 06:56:00,OPEN,19.2,84.8
12514,8506,PRODUCT,HIGH,2026-09-09 07:53:00,RESOLVED,20.9,453.6
12515,3967,REFUND,MEDIUM,2026-08-04 11:29:00,RESOLVED,10.5,504.1
12516,7935,REFUND,HIGH,2026-09-05 14:53:00,PENDING,0.6,271.3
12517,6013,DELIVERY,LOW,2026-08-08 04:59:00,RESOLVED,59.6,583.4
12518,9374,DELIVERY,MEDIUM,2026-09-07 06:15:00,RESOLVED,51.4,325.3
12519,1504,DELIVERY,MEDIUM,2026-08-17 12:49:00,RESOLVED,12.4,113.0
12520,8723,DELIVERY,LOW,2026-08-07 18:53:00,RESOLVED,29.0,287.2
12521,5664,ACCOUNT,MEDIUM,2026-08-02 20:26:00,RESOLVED,25.5,202.5
12522,7680,DELIVERY,HIGH,2026-09-05 05:00:00,PENDING,16.6,250.7
12523,7730,REFUND,MEDIUM,2026-08-30 00:43:00,RESOLVED,11.9,161.8
12524,5794,ACCOUNT,HIGH,2026-08-18 02:41:00,RESOLVED,4.0,170.5
12525,4527,DELIVERY,MEDIUM,2026-09-07 06:48:00,RESOLVED,18.0,444.5
12526,8087,PRODUCT,LOW,2026-09-04 02:10:00,PENDING,11.7,238.6
12527,5060,REFUND,HIGH,2026-08-08 01:26:00,RESOLVED,15.6,449.4
12528,9754,REFUND,CRITICAL,2026-08-21 08:17:00,RESOLVED,29.7,104.6
12529,6668,PAYMENT,MEDIUM,2026-08-26 17:31:00,RESOLVED,17.2,166.3
12530,6374,PAYMENT,LOW,2026-08-27 16:03:00,RESOLVED,36.2,201.3
12531,5827,PRODUCT,LOW,2026-08-21 04:05:00,OPEN,13.5,323.8
12532,2427,PRODUCT,HIGH,2026-08-11 00:47:00,RESOLVED,25.7,187.2
12533,7488,DELIVERY,LOW,2026-08-10 10:15:00,RESOLVED,3.2,248.5
12534,2479,DELIVERY,LOW,2026-08-08 18:49:00,RESOLVED,15.9,271.6
12535,6153,PRODUCT,MEDIUM,2026-08-20 05:22:00,RESOLVED,25.8,171.5
12536,7960,REFUND,HIGH,2026-08-23 07:06:00,OPEN,19.4,87.0
12537,4511,DELIVERY,MEDIUM,2026-09-07 19:24:00,RESOLVED,24.8,376.7
12538,9895,PAYMENT,MEDIUM,2026-08-06 17:33:00,RESOLVED,4.5,362.5
12539,1637,REFUND,MEDIUM,2026-08-20 00:00:00,RESOLVED,9.4,128.0
12540,2104,ACCOUNT,HIGH,2026-08-25 23:45:00,OPEN,16.5,183.1
12541,3033,ACCOUNT,LOW,2026-08-18 05:15:00,RESOLVED,14.7,165.8
12542,9701,DELIVERY,LOW,2026-08-02 07:24:00,OPEN,31.0,488.7
12543,5341,PRODUCT,LOW,2026-08-27 23:48:00,RESOLVED,3.9,231.9
12544,2683,ACCOUNT,LOW,2026-08-08 23:57:00,RESOLVED,71.3,360.4
12545,9657,PRODUCT,LOW,2026-08-30 13:28:00,RESOLVED,13.8,172.0
12546,4129,PRODUCT,MEDIUM,2026-08-12 00:10:00,PENDING,50.6,435.3
12547,2666,PAYMENT,LOW,2026-08-28 01:12:00,RESOLVED,6.1,152.8
12548,9082,PAYMENT,HIGH,2026-08-07 17:58:00,RESOLVED,24.7,243.1
12549,1546,DELIVERY,LOW,2026-08-25 17:34:00,RESOLVED,52.8,844.0
12550,9619,DELIVERY,CRITICAL,2026-08-05 17:34:00,OPEN,27.3,126.2
12551,456,PRODUCT,LOW,2026-08-12 21:54:00,RESOLVED,18.7,54.4
12552,5670,PAYMENT,LOW,2026-08-31 13:09:00,RESOLVED,13.0,144.9
12553,5824,DELIVERY,HIGH,2026-08-11 19:05:00,OPEN,1.5,196.3
12554,9501,REFUND,HIGH,2026-08-17 17:54:00,OPEN,36.0,207.2
12555,9298,PRODUCT,LOW,2026-08-18 08:02:00,RESOLVED,11.2,170.3
12556,8425,DELIVERY,HIGH,2026-08-11 04:34:00,RESOLVED,29.2,169.7
12557,9159,REFUND,HIGH,2026-08-24 03:24:00,PENDING,43.0,126.6
12558,8664,ACCOUNT,MEDIUM,2026-08-13 04:28:00,RESOLVED,23.2,460.8
12559,5130,PAYMENT,MEDIUM,2026-08-22 02:27:00,RESOLVED,20.3,228.4
12560,8683,PAYMENT,MEDIUM,2026-09-01 18:00:00,PENDING,33.0,203.0
12561,7713,DELIVERY,LOW,2026-08-31 02:02:00,RESOLVED,43.6,309.1
12562,3863,DELIVERY,LOW,2026-08-10 00:53:00,RESOLVED,8.9,291.0
12563,8804,PRODUCT,LOW,2026-08-28 11:30:00,RESOLVED,18.9,157.3
12564,307,REFUND,MEDIUM,2026-08-31 11:19:00,RESOLVED,25.7,393.3
12565,1029,REFUND,LOW,2026-08-23 10:03:00,RESOLVED,26.2,192.7
12566,1647,DELIVERY,LOW,2026-08-30 04:44:00,RESOLVED,20.7,496.0
12567,5349,PRODUCT,LOW,2026-08-17 18:20:00,OPEN,28.9,116.5
12568,745,ACCOUNT,MEDIUM,2026-08-03 16:49:00,RESOLVED,57.7,131.2
12569,2250,REFUND,MEDIUM,2026-08-24 01:13:00,PENDING,23.6,631.3
12570,2424,REFUND,HIGH,2026-09-06 05:49:00,PENDING,4.6,122.4
12571,2426,PRODUCT,CRITICAL,2026-08-20 06:32:00,RESOLVED,3.3,120.9
12572,553,PAYMENT,CRITICAL,2026-08-23 13:30:00,OPEN,9.9,133.8
12573,2244,PRODUCT,LOW,2026-08-27 22:29:00,RESOLVED,21.3,375.6
12574,2770,PRODUCT,MEDIUM,2026-09-03 13:03:00,RESOLVED,40.2,95.4
12575,7587,PRODUCT,MEDIUM,2026-08-20 15:41:00,RESOLVED,15.0,139.0
12576,5890,DELIVERY,LOW,2026-08-13 17:27:00,RESOLVED,37.1,126.6
12577,3147,PAYMENT,LOW,2026-08-26 04:55:00,RESOLVED,34.7,342.2
12578,1411,PAYMENT,HIGH,2026-08-28 14:20:00,PENDING,9.3,353.5
12579,5135,ACCOUNT,MEDIUM,2026-08-27 19:18:00,PENDING,9.3,317.6
12580,3158,PRODUCT,MEDIUM,2026-08-25 02:21:00,RESOLVED,1.3,233.5
12581,6972,PRODUCT,MEDIUM,2026-09-09 23:56:00,RESOLVED,39.0,104.9
12582,2242,ACCOUNT,HIGH,2026-08-11 19:13:00,OPEN,11.8,268.8
12583,9969,PRODUCT,HIGH,2026-08-13 15:25:00,RESOLVED,13.3,408.3
12584,952,PRODUCT,HIGH,2026-09-04 01:33:00,RESOLVED,23.7,396.9
12585,8349,PAYMENT,LOW,2026-08-08 06:11:00,RESOLVED,3.0,128.4
12586,6761,DELIVERY,MEDIUM,2026-09-02 13:19:00,RESOLVED,12.9,211.3
12587,6732,PRODUCT,LOW,2026-08-10 21:53:00,OPEN,12.7,361.6
12588,8931,REFUND,CRITICAL,2026-08-27 19:14:00,RESOLVED,2.8,316.9
12589,4516,DELIVERY,LOW,2026-09-04 03:43:00,RESOLVED,21.6,261.1
12590,7160,REFUND,MEDIUM,2026-09-04 17:26:00,RESOLVED,46.9,414.4
12591,5284,REFUND,HIGH,2026-08-25 03:53:00,RESOLVED,11.8,342.4
12592,6843,REFUND,MEDIUM,2026-08-09 18:15:00,RESOLVED,34.0,398.5
12593,5529,REFUND,LOW,2026-08-14 12:38:00,RESOLVED,11.4,473.8
12594,9831,ACCOUNT,LOW,2026-08-29 09:48:00,OPEN,14.3,241.7
12595,3233,ACCOUNT,MEDIUM,2026-08-26 12:28:00,PENDING,43.1,371.0
12596,7313,DELIVERY,MEDIUM,2026-08-12 12:38:00,RESOLVED,8.2,215.3
12597,1663,PAYMENT,MEDIUM,2026-08-23 21:07:00,RESOLVED,16.0,116.9
12598,472,REFUND,LOW,2026-09-07 13:53:00,PENDING,52.7,532.8
12599,7034,ACCOUNT,MEDIUM,2026-08-03 07:31:00,RESOLVED,10.7,516.0
12600,2183,PAYMENT,MEDIUM,2026-08-23 14:06:00,PENDING,33.7,302.0
12601,157,PRODUCT,HIGH,2026-08-23 02:29:00,RESOLVED,35.8,188.1
12602,6375,DELIVERY,MEDIUM,2026-09-03 23:08:00,RESOLVED,29.5,213.4
12603,6119,PRODUCT,HIGH,2026-08-11 07:21:00,RESOLVED,25.3,89.7
12604,6391,PAYMENT,LOW,2026-08-08 04:27:00,RESOLVED,35.5,290.4
12605,4541,ACCOUNT,HIGH,2026-08-18 16:51:00,RESOLVED,2.7,112.3
12606,8326,DELIVERY,HIGH,2026-08-13 17:22:00,OPEN,47.6,339.4
12607,129,REFUND,MEDIUM,2026-09-05 12:55:00,RESOLVED,21.7,276.9
12608,1589,ACCOUNT,CRITICAL,2026-08-31 12:31:00,RESOLVED,22.9,277.2
12609,3765,REFUND,MEDIUM,2026-08-16 17:02:00,RESOLVED,18.6,178.2
12610,9813,REFUND,CRITICAL,2026-08-15 08:25:00,OPEN,5.0,553.3
12611,7206,REFUND,HIGH,2026-08-01 12:28:00,PENDING,54.8,478.6
12612,5163,PAYMENT,HIGH,2026-08-04 14:19:00,RESOLVED,4.0,206.5
12613,9493,DELIVERY,LOW,2026-08-23 06:13:00,RESOLVED,12.3,326.8
12614,9205,PRODUCT,LOW,2026-08-27 06:51:00,RESOLVED,47.6,372.0
12615,1052,ACCOUNT,MEDIUM,2026-09-01 19:14:00,PENDING,36.8,284.1
12616,5294,REFUND,MEDIUM,2026-08-05 09:38:00,RESOLVED,10.1,341.4
12617,9514,DELIVERY,LOW,2026-08-07 09:49:00,RESOLVED,5.3,336.3
12618,1870,REFUND,MEDIUM,2026-08-23 05:24:00,RESOLVED,17.0,171.5
12619,1579,PRODUCT,LOW,2026-08-04 12:41:00,RESOLVED,5.7,277.5
12620,3511,PAYMENT,HIGH,2026-09-03 11:10:00,RESOLVED,3.0,238.0
12621,9691,PRODUCT,MEDIUM,2026-08-18 17:02:00,RESOLVED,28.7,249.9
12622,2212,ACCOUNT,LOW,2026-08-24 08:19:00,PENDING,91.7,236.7
12623,6355,ACCOUNT,LOW,2026-09-01 05:04:00,RESOLVED,8.5,109.5
12624,2643,PAYMENT,CRITICAL,2026-08-21 00:33:00,RESOLVED,44.0,185.2
12625,7369,PRODUCT,MEDIUM,2026-08-03 22:37:00,PENDING,28.0,204.5
12626,8904,PAYMENT,MEDIUM,2026-08-10 03:18:00,RESOLVED,23.9,280.3
12627,407,DELIVERY,HIGH,2026-08-14 21:32:00,RESOLVED,21.4,235.5
12628,3774,PAYMENT,CRITICAL,2026-08-07 12:23:00,PENDING,1.8,456.7
12629,5789,ACCOUNT,LOW,2026-08-21 15:03:00,RESOLVED,23.3,215.2
12630,1827,PAYMENT,MEDIUM,2026-08-01 17:53:00,RESOLVED,12.9,466.9
12631,6350,PAYMENT,CRITICAL,2026-08-06 19:12:00,RESOLVED,9.7,217.8
12632,3646,PRODUCT,LOW,2026-09-02 00:41:00,RESOLVED,56.9,225.8
12633,353,ACCOUNT,MEDIUM,2026-08-06 01:06:00,RESOLVED,28.7,149.2
12634,6173,DELIVERY,HIGH,2026-08-02 05:10:00,PENDING,7.8,233.3
12635,382,DELIVERY,LOW,2026-08-18 20:58:00,RESOLVED,25.6,150.4
12636,2009,PAYMENT,MEDIUM,2026-09-04 08:21:00,RESOLVED,15.3,215.2
12637,1638,DELIVERY,LOW,2026-08-10 18:02:00,RESOLVED,10.1,75.3
12638,510,ACCOUNT,LOW,2026-08-16 20:58:00,OPEN,11.3,143.4
12639,4113,PRODUCT,LOW,2026-08-31 11:17:00,PENDING,27.9,257.6
12640,8722,PRODUCT,LOW,2026-09-06 09:49:00,OPEN,45.5,305.3
12641,3056,PAYMENT,MEDIUM,2026-08-12 23:07:00,RESOLVED,16.7,599.4
12642,2393,PAYMENT,CRITICAL,2026-08-07 05:51:00,RESOLVED,31.0,326.5
12643,8070,DELIVERY,HIGH,2026-08-10 20:11:00,RESOLVED,19.8,528.3
12644,9364,PRODUCT,HIGH,2026-09-02 09:37:00,PENDING,11.8,311.0
12645,3013,PAYMENT,HIGH,2026-08-14 10:40:00,RESOLVED,6.7,252.5
12646,472,REFUND,LOW,2026-09-04 14:57:00,RESOLVED,13.1,370.0
12647,7606,PAYMENT,MEDIUM,2026-08-20 18:06:00,OPEN,14.3,248.5
12648,6509,PAYMENT,HIGH,2026-08-17 17:06:00,PENDING,3.4,174.3
12649,9975,ACCOUNT,CRITICAL,2026-08-30 00:12:00,PENDING,43.8,296.9
12650,6653,DELIVERY,MEDIUM,2026-09-09 07:14:00,RESOLVED,44.8,156.2
12651,9299,DELIVERY,MEDIUM,2026-08-30 23:15:00,RESOLVED,22.5,85.1
12652,1561,DELIVERY,CRITICAL,2026-08-09 10:55:00,RESOLVED,52.0,281.6
12653,1649,PRODUCT,MEDIUM,2026-08-13 23:29:00,RESOLVED,8.1,450.2
12654,6653,DELIVERY,HIGH,2026-08-05 11:03:00,RESOLVED,6.0,545.7
12655,7479,PRODUCT,CRITICAL,2026-08-24 14:55:00,RESOLVED,29.3,175.0
12656,3877,PRODUCT,MEDIUM,2026-09-08 20:28:00,RESOLVED,10.7,172.5
12657,4310,PRODUCT,LOW,2026-08-13 14:08:00,PENDING,61.6,355.5
12658,3818,PAYMENT,CRITICAL,2026-08-11 06:08:00,RESOLVED,19.6,369.7
12659,480,PAYMENT,HIGH,2026-09-07 03:12:00,RESOLVED,39.2,393.3
12660,8775,ACCOUNT,LOW,2026-08-02 03:17:00,OPEN,10.9,213.5
12661,9074,ACCOUNT,CRITICAL,2026-08-09 11:00:00,RESOLVED,10.8,159.7
12662,9525,DELIVERY,LOW,2026-08-16 17:24:00,OPEN,32.3,186.3
12663,5044,REFUND,HIGH,2026-09-07 12:48:00,RESOLVED,14.5,353.5
12664,1702,REFUND,HIGH,2026-09-09 15:38:00,RESOLVED,16.0,93.0
12665,4042,PAYMENT,LOW,2026-09-05 18:00:00,OPEN,8.9,355.5
12666,6841,PRODUCT,HIGH,2026-09-03 15:00:00,RESOLVED,34.5,598.3
12667,1734,REFUND,LOW,2026-08-02 03:55:00,RESOLVED,31.2,209.6
12668,1548,DELIVERY,CRITICAL,2026-08-04 20:28:00,PENDING,9.8,582.3
12669,9925,REFUND,MEDIUM,2026-09-05 17:32:00,OPEN,13.2,64.3
12670,351,PAYMENT,MEDIUM,2026-08-15 09:27:00,PENDING,13.5,341.5
12671,5983,PRODUCT,CRITICAL,2026-08-07 11:26:00,RESOLVED,11.6,157.2
12672,1496,DELIVERY,LOW,2026-08-22 10:58:00,RESOLVED,28.5,364.0
12673,220,PRODUCT,MEDIUM,2026-09-06 19:36:00,RESOLVED,24.8,145.2
12674,6347,DELIVERY,MEDIUM,2026-09-01 20:31:00,RESOLVED,9.9,271.0
12675,1840,REFUND,LOW,2026-08-17 17:36:00,RESOLVED,61.9,343.8
12676,7265,PAYMENT,LOW,2026-08-08 16:36:00,OPEN,24.9,396.4
12677,8246,DELIVERY,MEDIUM,2026-08-31 15:36:00,OPEN,14.0,227.3
12678,5071,PAYMENT,LOW,2026-08-04 15:16:00,RESOLVED,11.4,227.0
12679,1670,DELIVERY,MEDIUM,2026-08-05 13:50:00,RESOLVED,12.1,84.9
12680,9517,REFUND,MEDIUM,2026-08-30 08:18:00,PENDING,4.1,66.2
12681,3723,PAYMENT,MEDIUM,2026-08-08 09:31:00,RESOLVED,5.9,300.4
12682,7642,REFUND,LOW,2026-08-01 20:31:00,RESOLVED,17.1,198.3
12683,1929,PAYMENT,LOW,2026-09-09 15:26:00,PENDING,20.4,254.3
12684,1617,REFUND,LOW,2026-08-21 14:54:00,RESOLVED,21.0,101.1
12685,6744,PAYMENT,MEDIUM,2026-09-01 08:25:00,RESOLVED,9.8,173.4
12686,2080,DELIVERY,LOW,2026-08-29 06:04:00,RESOLVED,10.5,357.0
12687,5329,DELIVERY,CRITICAL,2026-09-02 22:59:00,RESOLVED,38.9,248.4
12688,5961,ACCOUNT,LOW,2026-08-27 16:17:00,OPEN,13.6,251.6
12689,1223,REFUND,LOW,2026-08-29 09:48:00,RESOLVED,24.7,209.8
12690,3334,PRODUCT,HIGH,2026-08-21 09:40:00,OPEN,24.6,372.0
12691,1933,DELIVERY,LOW,2026-08-07 10:32:00,RESOLVED,9.3,312.0
12692,9,DELIVERY,MEDIUM,2026-09-01 06:03:00,PENDING,51.4,237.8
12693,9492,PRODUCT,LOW,2026-08-20 08:33:00,RESOLVED,123.8,332.3
12694,243,REFUND,CRITICAL,2026-08-24 14:29:00,RESOLVED,36.8,210.8
12695,8295,REFUND,LOW,2026-08-13 03:30:00,OPEN,27.2,170.4
12696,4081,DELIVERY,LOW,2026-09-02 22:30:00,RESOLVED,37.2,721.9
12697,2770,REFUND,MEDIUM,2026-08-31 04:59:00,RESOLVED,39.7,372.9
12698,5237,REFUND,MEDIUM,2026-08-24 05:33:00,RESOLVED,23.3,119.2
12699,9160,PRODUCT,HIGH,2026-08-08 06:23:00,PENDING,30.9,262.1
12700,6534,ACCOUNT,HIGH,2026-08-18 07:08:00,RESOLVED,22.4,283.6
12701,806,DELIVERY,HIGH,2026-08-11 07:53:00,OPEN,23.3,76.4
12702,7632,DELIVERY,LOW,2026-08-24 21:49:00,RESOLVED,52.9,435.6
12703,7635,PRODUCT,MEDIUM,2026-08-03 17:31:00,RESOLVED,28.5,348.8
12704,9688,ACCOUNT,LOW,2026-08-18 00:03:00,PENDING,31.8,477.5
12705,2021,REFUND,LOW,2026-09-09 05:15:00,PENDING,26.1,579.2
12706,8389,ACCOUNT,LOW,2026-08-09 09:10:00,OPEN,25.8,78.2
12707,3701,DELIVERY,MEDIUM,2026-08-20 17:56:00,RESOLVED,85.2,143.1
12708,3560,PRODUCT,MEDIUM,2026-08-19 20:32:00,OPEN,36.1,220.5
12709,6332,ACCOUNT,HIGH,2026-09-04 15:59:00,RESOLVED,41.4,97.9
12710,5347,PAYMENT,MEDIUM,2026-09-07 22:09:00,RESOLVED,25.7,184.2
12711,2297,PAYMENT,LOW,2026-09-03 09:24:00,RESOLVED,30.4,150.4
12712,2160,REFUND,LOW,2026-08-24 12:24:00,RESOLVED,46.8,278.7
12713,6503,PRODUCT,MEDIUM,2026-08-17 19:15:00,RESOLVED,42.4,217.5
12714,9688,ACCOUNT,MEDIUM,2026-08-30 03:14:00,OPEN,12.8,340.5
12715,2296,ACCOUNT,LOW,2026-08-03 00:44:00,PENDING,15.7,513.0
12716,5355,ACCOUNT,MEDIUM,2026-08-27 07:00:00,RESOLVED,5.6,154.8
12717,3069,DELIVERY,HIGH,2026-08-13 12:28:00,RESOLVED,13.5,189.9
12718,2497,PAYMENT,LOW,2026-08-19 10:56:00,RESOLVED,5.2,186.8
12719,7953,PAYMENT,HIGH,2026-08-26 23:15:00,RESOLVED,8.4,235.0
12720,7241,DELIVERY,CRITICAL,2026-08-17 06:55:00,PENDING,27.2,161.5
12721,4795,ACCOUNT,HIGH,2026-08-12 20:12:00,PENDING,13.5,374.1
12722,4879,DELIVERY,LOW,2026-08-08 22:26:00,RESOLVED,26.2,317.5
12723,4255,PAYMENT,LOW,2026-08-17 02:37:00,PENDING,14.1,148.4
12724,9968,DELIVERY,MEDIUM,2026-08-01 14:50:00,RESOLVED,43.5,111.7
12725,9461,PRODUCT,MEDIUM,2026-09-04 10:49:00,RESOLVED,5.4,538.9
12726,748,DELIVERY,LOW,2026-09-04 12:38:00,RESOLVED,18.9,364.7
12727,8161,PAYMENT,MEDIUM,2026-08-28 03:58:00,RESOLVED,13.8,60.5
12728,3355,PAYMENT,MEDIUM,2026-08-12 02:29:00,RESOLVED,5.9,753.3
12729,6531,DELIVERY,LOW,2026-08-31 15:11:00,RESOLVED,5.8,400.0
12730,9419,ACCOUNT,LOW,2026-08-24 16:09:00,RESOLVED,22.4,317.0
12731,4216,DELIVERY,HIGH,2026-08-11 14:03:00,PENDING,20.9,167.3
12732,4612,PRODUCT,MEDIUM,2026-08-19 11:45:00,OPEN,6.1,333.9
12733,6262,DELIVERY,LOW,2026-08-04 04:53:00,RESOLVED,0.9,70.5
12734,3118,PRODUCT,CRITICAL,2026-08-05 08:45:00,OPEN,31.3,205.9
12735,2637,REFUND,HIGH,2026-08-16 01:57:00,OPEN,18.4,437.9
12736,6049,PRODUCT,MEDIUM,2026-08-02 10:02:00,RESOLVED,40.5,271.5
12737,2077,PAYMENT,LOW,2026-09-04 18:46:00,RESOLVED,13.8,362.0
12738,6645,PRODUCT,MEDIUM,2026-09-07 15:55:00,RESOLVED,47.8,148.6
12739,2496,ACCOUNT,MEDIUM,2026-08-14 03:44:00,RESOLVED,11.1,157.9
12740,929,PAYMENT,HIGH,2026-08-15 11:27:00,RESOLVED,6.3,297.1
12741,1012,PRODUCT,LOW,2026-08-31 19:01:00,RESOLVED,31.3,359.5
12742,2594,ACCOUNT,MEDIUM,2026-08-13 13:34:00,RESOLVED,4.5,233.2
12743,1022,REFUND,LOW,2026-09-01 10:24:00,OPEN,42.4,328.0
12744,3090,REFUND,CRITICAL,2026-08-04 09:34:00,RESOLVED,18.7,276.8
12745,4180,PRODUCT,LOW,2026-08-22 07:56:00,RESOLVED,44.3,229.7
12746,2459,ACCOUNT,MEDIUM,2026-08-01 02:45:00,RESOLVED,51.2,228.3
12747,5342,DELIVERY,MEDIUM,2026-08-30 01:21:00,RESOLVED,18.2,267.7
12748,3829,DELIVERY,HIGH,2026-08-29 22:53:00,RESOLVED,21.9,224.4
12749,801,DELIVERY,MEDIUM,2026-08-19 09:36:00,RESOLVED,27.5,390.6
12750,3348,PRODUCT,MEDIUM,2026-09-05 11:10:00,RESOLVED,65.3,436.9
12751,121,PAYMENT,HIGH,2026-08-27 14:04:00,PENDING,15.3,232.2
12752,7315,PAYMENT,MEDIUM,2026-08-11 04:29:00,RESOLVED,14.1,201.0
12753,4429,REFUND,MEDIUM,2026-08-24 14:52:00,RESOLVED,39.4,350.0
12754,5990,PAYMENT,HIGH,2026-08-18 21:23:00,RESOLVED,9.4,357.4
12755,1425,PRODUCT,MEDIUM,2026-08-28 22:46:00,RESOLVED,3.2,46.0
12756,4292,PAYMENT,MEDIUM,2026-08-25 19:51:00,RESOLVED,51.4,361.3
12757,8092,REFUND,LOW,2026-09-01 03:53:00,RESOLVED,9.6,504.3
12758,2001,DELIVERY,LOW,2026-08-07 16:18:00,RESOLVED,61.6,429.3
12759,9841,REFUND,MEDIUM,2026-08-01 21:20:00,PENDING,26.7,268.2
12760,4207,PRODUCT,LOW,2026-08-15 19:28:00,RESOLVED,4.3,635.6
12761,1365,DELIVERY,LOW,2026-08-03 21:36:00,RESOLVED,10.4,319.6
12762,1805,REFUND,MEDIUM,2026-08-20 13:55:00,PENDING,11.2,196.4
12763,4621,REFUND,MEDIUM,2026-08-15 08:06:00,PENDING,19.2,410.6
12764,9522,PAYMENT,LOW,2026-08-26 18:46:00,RESOLVED,41.5,262.8
12765,4719,ACCOUNT,MEDIUM,2026-08-28 01:45:00,RESOLVED,16.5,405.8
12766,1738,ACCOUNT,LOW,2026-09-09 06:42:00,RESOLVED,12.7,287.2
12767,3881,REFUND,LOW,2026-08-01 10:57:00,OPEN,41.7,272.0
12768,8587,PAYMENT,LOW,2026-08-20 21:00:00,RESOLVED,8.1,276.1
12769,9844,ACCOUNT,MEDIUM,2026-09-01 22:31:00,RESOLVED,36.9,191.5
12770,6156,ACCOUNT,MEDIUM,2026-08-11 06:55:00,PENDING,37.3,205.8
12771,8660,PRODUCT,CRITICAL,2026-09-04 12:48:00,RESOLVED,28.4,354.1
12772,8109,DELIVERY,MEDIUM,2026-08-27 03:14:00,RESOLVED,2.1,340.6
12773,4243,REFUND,CRITICAL,2026-08-20 18:21:00,OPEN,24.3,515.8
12774,8886,REFUND,LOW,2026-08-05 14:09:00,RESOLVED,12.4,278.9
12775,753,PRODUCT,MEDIUM,2026-08-23 18:06:00,RESOLVED,15.4,326.3
12776,8040,REFUND,MEDIUM,2026-08-01 05:22:00,RESOLVED,4.9,93.8
12777,5813,DELIVERY,MEDIUM,2026-08-13 11:31:00,RESOLVED,1.6,132.4
12778,5893,ACCOUNT,HIGH,2026-08-16 01:06:00,RESOLVED,18.5,222.1
12779,9352,DELIVERY,MEDIUM,2026-08-04 09:43:00,RESOLVED,23.8,274.3
12780,2670,PRODUCT,LOW,2026-08-03 18:49:00,RESOLVED,22.7,169.8
12781,1978,ACCOUNT,MEDIUM,2026-09-05 13:18:00,RESOLVED,13.8,359.1
12782,6601,ACCOUNT,LOW,2026-08-20 02:12:00,RESOLVED,5.0,231.6
12783,7417,PAYMENT,LOW,2026-08-04 16:31:00,RESOLVED,6.1,212.7
12784,49,PAYMENT,MEDIUM,2026-08-14 01:44:00,RESOLVED,76.9,380.8
12785,4999,PRODUCT,LOW,2026-08-24 19:22:00,RESOLVED,10.3,289.9
12786,3775,REFUND,MEDIUM,2026-09-05 18:26:00,OPEN,39.7,229.4
12787,8196,PAYMENT,MEDIUM,2026-08-18 20:13:00,RESOLVED,1.8,308.7
12788,8580,REFUND,HIGH,2026-08-08 03:11:00,PENDING,20.3,231.7
12789,1389,REFUND,MEDIUM,2026-08-20 07:11:00,RESOLVED,20.8,263.1
12790,5806,PAYMENT,MEDIUM,2026-08-28 18:00:00,OPEN,17.1,390.5
12791,7222,PAYMENT,MEDIUM,2026-08-06 03:21:00,RESOLVED,28.4,418.3
12792,2607,DELIVERY,MEDIUM,2026-08-26 06:16:00,PENDING,1.1,296.7
12793,9338,DELIVERY,LOW,2026-08-14 18:45:00,RESOLVED,20.6,290.6
12794,8922,PRODUCT,LOW,2026-09-09 19:20:00,RESOLVED,13.9,228.2
12795,1722,PAYMENT,LOW,2026-08-18 12:44:00,RESOLVED,13.7,189.5
12796,153,ACCOUNT,MEDIUM,2026-08-23 18:10:00,PENDING,13.5,675.3
12797,5781,DELIVERY,HIGH,2026-08-29 06:27:00,RESOLVED,25.4,512.8
12798,8830,REFUND,MEDIUM,2026-09-02 06:59:00,PENDING,14.2,211.8
12799,6826,REFUND,MEDIUM,2026-08-03 04:58:00,RESOLVED,14.8,326.5
12800,7595,PRODUCT,LOW,2026-08-15 01:11:00,PENDING,12.3,387.4
12801,7200,PAYMENT,MEDIUM,2026-08-01 10:57:00,PENDING,77.4,203.1
12802,1464,PAYMENT,HIGH,2026-08-03 21:19:00,RESOLVED,1.5,245.2
12803,673,ACCOUNT,MEDIUM,2026-08-20 01:19:00,PENDING,18.2,295.7
12804,630,DELIVERY,HIGH,2026-08-17 04:19:00,RESOLVED,10.8,576.0
12805,9838,ACCOUNT,MEDIUM,2026-08-29 21:10:00,OPEN,10.7,271.3
12806,9513,REFUND,LOW,2026-08-27 21:37:00,RESOLVED,3.1,104.8
12807,8339,DELIVERY,HIGH,2026-09-06 22:04:00,OPEN,4.8,399.4
12808,671,PAYMENT,MEDIUM,2026-08-11 04:10:00,RESOLVED,31.6,409.1
12809,8887,REFUND,MEDIUM,2026-08-22 21:50:00,OPEN,43.1,284.4
12810,9738,PRODUCT,HIGH,2026-08-06 13:11:00,RESOLVED,4.4,181.3
12811,7848,PRODUCT,HIGH,2026-08-18 00:44:00,OPEN,25.5,293.0
12812,4207,PAYMENT,CRITICAL,2026-08-05 04:39:00,RESOLVED,26.2,304.4
12813,931,PRODUCT,MEDIUM,2026-09-06 14:13:00,RESOLVED,23.0,417.7
12814,3536,DELIVERY,MEDIUM,2026-08-22 03:46:00,RESOLVED,19.0,244.0
12815,2041,REFUND,MEDIUM,2026-08-03 21:40:00,PENDING,35.8,490.0
12816,6501,DELIVERY,MEDIUM,2026-08-14 09:35:00,RESOLVED,7.8,181.8
12817,8828,PRODUCT,LOW,2026-08-31 19:35:00,RESOLVED,8.5,331.5
12818,4961,PRODUCT,HIGH,2026-08-31 13:20:00,OPEN,24.7,149.2
12819,482,PRODUCT,LOW,2026-08-30 21:01:00,RESOLVED,30.2,319.7
12820,3901,REFUND,HIGH,2026-08-26 13:17:00,RESOLVED,18.7,176.7
12821,7998,ACCOUNT,LOW,2026-09-09 09:11:00,RESOLVED,19.9,202.6
12822,6402,PRODUCT,LOW,2026-09-07 12:16:00,RESOLVED,37.2,175.9
12823,408,PAYMENT,LOW,2026-08-17 01:26:00,RESOLVED,44.5,348.0
12824,3501,REFUND,MEDIUM,2026-09-09 04:57:00,RESOLVED,74.0,250.9
12825,3519,ACCOUNT,LOW,2026-08-28 09:27:00,OPEN,7.6,98.0
12826,344,PRODUCT,LOW,2026-08-01 00:34:00,RESOLVED,7.7,105.3
12827,3497,ACCOUNT,MEDIUM,2026-08-30 19:53:00,PENDING,90.8,595.4
12828,8247,REFUND,MEDIUM,2026-08-10 09:46:00,RESOLVED,20.7,362.4
12829,1301,PAYMENT,LOW,2026-09-04 09:14:00,RESOLVED,30.2,181.1
12830,5147,DELIVERY,LOW,2026-08-10 16:01:00,PENDING,12.2,63.8
12831,6568,PAYMENT,LOW,2026-08-20 04:45:00,RESOLVED,35.5,165.5
12832,6867,PAYMENT,HIGH,2026-09-05 03:58:00,PENDING,4.2,308.3
12833,3299,ACCOUNT,HIGH,2026-09-01 09:16:00,RESOLVED,5.3,413.7
12834,5752,PRODUCT,MEDIUM,2026-08-06 07:17:00,RESOLVED,55.6,621.5
12835,7229,ACCOUNT,LOW,2026-09-09 00:40:00,RESOLVED,35.4,293.3
12836,6142,ACCOUNT,LOW,2026-08-17 16:49:00,RESOLVED,11.9,163.4
12837,8380,DELIVERY,MEDIUM,2026-08-22 05:19:00,RESOLVED,36.0,145.4
12838,2190,ACCOUNT,LOW,2026-08-03 03:07:00,OPEN,18.4,244.5
12839,1079,DELIVERY,MEDIUM,2026-08-02 03:20:00,OPEN,5.6,67.2
12840,9347,PAYMENT,LOW,2026-08-20 03:00:00,RESOLVED,23.1,206.7
12841,7344,ACCOUNT,MEDIUM,2026-08-15 06:02:00,RESOLVED,19.0,412.8
12842,4478,PRODUCT,MEDIUM,2026-08-02 12:52:00,OPEN,9.9,394.9
12843,5706,ACCOUNT,LOW,2026-08-04 11:56:00,RESOLVED,7.3,161.7
12844,9201,PAYMENT,LOW,2026-08-29 23:37:00,RESOLVED,37.2,338.0
12845,8669,PRODUCT,MEDIUM,2026-08-24 12:42:00,RESOLVED,21.8,309.8
12846,8070,PAYMENT,MEDIUM,2026-08-21 17:22:00,RESOLVED,20.9,163.9
12847,5910,ACCOUNT,MEDIUM,2026-08-23 16:58:00,PENDING,5.2,267.6
12848,7201,DELIVERY,LOW,2026-09-09 22:04:00,RESOLVED,13.1,87.1
12849,5804,REFUND,MEDIUM,2026-08-19 11:19:00,RESOLVED,22.8,133.5
12850,4602,PRODUCT,LOW,2026-09-09 10:49:00,PENDING,7.1,289.3
12851,6738,PAYMENT,MEDIUM,2026-08-12 23:26:00,RESOLVED,41.2,115.0
12852,227,ACCOUNT,HIGH,2026-09-01 09:08:00,RESOLVED,59.3,114.9
12853,8265,PAYMENT,LOW,2026-08-26 03:45:00,RESOLVED,31.8,368.7
12854,3153,DELIVERY,HIGH,2026-08-12 16:59:00,RESOLVED,33.4,96.6
12855,5452,PRODUCT,HIGH,2026-08-05 16:31:00,RESOLVED,21.2,161.4
12856,6649,REFUND,CRITICAL,2026-08-05 11:45:00,RESOLVED,40.0,537.0
12857,3278,PAYMENT,LOW,2026-08-27 04:32:00,RESOLVED,28.3,131.0
12858,3307,DELIVERY,HIGH,2026-08-07 06:23:00,RESOLVED,24.5,341.7
12859,1770,ACCOUNT,LOW,2026-08-25 20:00:00,RESOLVED,29.8,197.7
12860,992,PAYMENT,MEDIUM,2026-08-28 14:24:00,RESOLVED,16.2,246.3
12861,8817,ACCOUNT,MEDIUM,2026-08-30 12:57:00,RESOLVED,71.6,214.3
12862,5178,PAYMENT,LOW,2026-08-06 09:00:00,RESOLVED,5.7,359.9
12863,6792,ACCOUNT,LOW,2026-08-05 21:56:00,PENDING,31.6,308.5
12864,1545,REFUND,HIGH,2026-08-12 08:25:00,RESOLVED,5.0,338.2
12865,8528,DELIVERY,LOW,2026-08-20 11:24:00,RESOLVED,17.1,377.3
12866,3063,PAYMENT,MEDIUM,2026-08-04 16:43:00,OPEN,24.6,349.7
12867,4604,DELIVERY,HIGH,2026-08-20 15:01:00,RESOLVED,14.2,251.0
12868,5020,ACCOUNT,LOW,2026-08-03 01:32:00,RESOLVED,21.7,265.7
12869,7438,ACCOUNT,HIGH,2026-08-06 14:36:00,RESOLVED,2.5,142.1
12870,1163,REFUND,CRITICAL,2026-08-16 13:37:00,RESOLVED,19.1,230.1
12871,9072,DELIVERY,LOW,2026-08-23 22:40:00,RESOLVED,12.2,311.3
12872,1126,PRODUCT,MEDIUM,2026-08-17 14:21:00,RESOLVED,24.4,197.8
12873,6374,PRODUCT,LOW,2026-08-29 07:13:00,RESOLVED,16.0,223.0
12874,2101,PRODUCT,CRITICAL,2026-08-08 16:20:00,PENDING,4.6,74.9
12875,9234,PAYMENT,LOW,2026-08-04 20:11:00,RESOLVED,17.5,149.3
12876,5919,PAYMENT,MEDIUM,2026-09-06 19:24:00,OPEN,9.4,262.0
12877,9452,REFUND,MEDIUM,2026-08-18 10:28:00,RESOLVED,20.9,258.6
12878,9332,REFUND,MEDIUM,2026-08-25 07:19:00,RESOLVED,8.3,280.8
12879,2678,PRODUCT,MEDIUM,2026-08-29 17:12:00,OPEN,11.6,563.3
12880,2391,ACCOUNT,LOW,2026-08-12 16:17:00,OPEN,14.2,253.0
12881,1126,REFUND,MEDIUM,2026-08-03 14:16:00,RESOLVED,37.3,195.0
12882,7199,REFUND,MEDIUM,2026-09-03 09:21:00,OPEN,10.5,240.6
12883,247,PAYMENT,MEDIUM,2026-08-28 08:07:00,RESOLVED,9.7,763.9
12884,1894,DELIVERY,MEDIUM,2026-08-23 02:45:00,RESOLVED,8.8,223.1
12885,9090,PRODUCT,LOW,2026-09-04 16:03:00,RESOLVED,14.4,66.5
12886,6356,DELIVERY,LOW,2026-08-18 19:28:00,RESOLVED,74.2,735.8
12887,4508,PRODUCT,LOW,2026-08-02 23:03:00,PENDING,28.4,295.2
12888,1378,ACCOUNT,LOW,2026-08-31 01:22:00,RESOLVED,63.3,214.0
12889,8451,ACCOUNT,LOW,2026-09-02 03:52:00,RESOLVED,15.3,191.5
12890,8454,DELIVERY,LOW,2026-08-15 16:17:00,OPEN,17.5,155.0
12891,462,PAYMENT,MEDIUM,2026-08-08 23:02:00,RESOLVED,20.4,102.3
12892,7426,PAYMENT,MEDIUM,2026-09-02 02:50:00,OPEN,23.6,441.1
12893,3291,PAYMENT,MEDIUM,2026-08-03 06:06:00,RESOLVED,27.3,381.3
12894,6808,PRODUCT,HIGH,2026-08-01 04:07:00,RESOLVED,5.0,120.9
12895,2949,ACCOUNT,MEDIUM,2026-09-03 08:55:00,RESOLVED,14.7,194.5
12896,147,PAYMENT,MEDIUM,2026-08-10 20:15:00,OPEN,11.8,471.6
12897,7540,PAYMENT,LOW,2026-09-01 11:59:00,OPEN,37.1,158.0
12898,8365,PRODUCT,HIGH,2026-08-22 05:11:00,PENDING,25.8,141.3
12899,6840,PAYMENT,MEDIUM,2026-09-07 06:45:00,RESOLVED,13.6,409.5
12900,1509,REFUND,LOW,2026-09-03 10:51:00,RESOLVED,26.2,268.7
12901,4502,ACCOUNT,LOW,2026-08-20 07:44:00,RESOLVED,29.5,558.9
12902,5335,PRODUCT,LOW,2026-08-30 18:05:00,OPEN,31.7,379.8
12903,7936,PAYMENT,MEDIUM,2026-08-07 12:29:00,RESOLVED,9.3,267.3
12904,7767,DELIVERY,LOW,2026-09-07 08:44:00,RESOLVED,22.4,123.3
12905,8880,REFUND,HIGH,2026-09-06 16:30:00,RESOLVED,13.4,565.9
12906,6317,REFUND,LOW,2026-08-11 10:20:00,RESOLVED,15.9,442.4
12907,9399,PRODUCT,HIGH,2026-08-21 20:41:00,OPEN,9.4,333.2
12908,8191,DELIVERY,LOW,2026-09-06 21:39:00,RESOLVED,29.0,442.1
12909,2002,REFUND,MEDIUM,2026-08-14 01:42:00,RESOLVED,33.1,196.2
12910,7089,PAYMENT,HIGH,2026-08-05 14:07:00,RESOLVED,22.5,214.5
12911,852,PRODUCT,LOW,2026-09-09 05:18:00,RESOLVED,31.8,100.2
12912,7561,DELIVERY,HIGH,2026-08-08 23:04:00,RESOLVED,7.5,269.9
12913,2214,PRODUCT,LOW,2026-08-07 07:20:00,RESOLVED,45.4,162.7
12914,2988,PAYMENT,MEDIUM,2026-08-19 16:17:00,OPEN,10.9,172.8
12915,5741,PRODUCT,HIGH,2026-08-19 11:42:00,RESOLVED,30.1,74.1
12916,3792,DELIVERY,LOW,2026-08-09 10:25:00,RESOLVED,11.9,479.7
12917,6476,PAYMENT,LOW,2026-09-05 06:38:00,PENDING,49.4,404.3
12918,5015,PAYMENT,LOW,2026-08-02 06:18:00,RESOLVED,21.8,88.4
12919,6361,REFUND,LOW,2026-09-06 20:09:00,RESOLVED,26.5,417.0
12920,5862,DELIVERY,MEDIUM,2026-08-26 13:53:00,RESOLVED,17.4,180.4
12921,2061,REFUND,MEDIUM,2026-08-11 12:26:00,RESOLVED,30.2,131.6
12922,6917,PAYMENT,LOW,2026-08-17 07:20:00,RESOLVED,36.8,157.4
12923,9587,DELIVERY,MEDIUM,2026-08-04 05:31:00,OPEN,45.7,312.7
12924,5556,ACCOUNT,MEDIUM,2026-09-06 21:52:00,RESOLVED,5.3,461.7
12925,6073,PRODUCT,HIGH,2026-08-29 05:01:00,PENDING,2.2,69.2
12926,7105,REFUND,CRITICAL,2026-09-09 08:25:00,RESOLVED,4.5,409.8
12927,847,DELIVERY,HIGH,2026-08-02 17:49:00,RESOLVED,26.5,199.9
12928,1508,PRODUCT,LOW,2026-09-07 00:31:00,PENDING,15.0,327.9
12929,5582,DELIVERY,LOW,2026-09-03 07:50:00,RESOLVED,21.4,106.9
12930,3947,PAYMENT,MEDIUM,2026-08-21 15:34:00,RESOLVED,8.9,143.0
12931,6920,REFUND,LOW,2026-08-25 16:46:00,RESOLVED,14.9,186.4
12932,9134,REFUND,LOW,2026-08-13 07:47:00,OPEN,38.5,173.2
12933,7824,PRODUCT,HIGH,2026-08-21 08:35:00,RESOLVED,13.4,347.1
12934,2170,REFUND,MEDIUM,2026-09-08 04:57:00,RESOLVED,9.0,203.5
12935,3073,REFUND,MEDIUM,2026-09-02 12:57:00,RESOLVED,49.3,211.0
12936,1437,REFUND,MEDIUM,2026-08-15 22:31:00,RESOLVED,58.2,312.8
12937,977,DELIVERY,LOW,2026-08-23 00:14:00,OPEN,2.7,250.2
12938,7449,PRODUCT,LOW,2026-08-16 03:43:00,RESOLVED,26.2,273.4
12939,6921,PAYMENT,CRITICAL,2026-08-14 22:06:00,RESOLVED,37.2,314.6
12940,1945,REFUND,LOW,2026-08-26 09:40:00,OPEN,6.1,708.1
12941,7049,REFUND,MEDIUM,2026-08-17 16:59:00,RESOLVED,16.5,129.2
12942,4577,ACCOUNT,LOW,2026-08-26 08:47:00,RESOLVED,27.9,198.1
12943,8761,PAYMENT,LOW,2026-09-08 19:44:00,RESOLVED,5.3,269.1
12944,7119,PRODUCT,LOW,2026-08-05 04:23:00,RESOLVED,11.9,291.7
12945,2707,ACCOUNT,LOW,2026-08-17 03:39:00,PENDING,17.2,149.8
12946,4849,PAYMENT,MEDIUM,2026-08-08 15:55:00,RESOLVED,28.9,186.7
12947,2335,REFUND,LOW,2026-08-03 15:47:00,PENDING,6.2,292.5
12948,9016,ACCOUNT,MEDIUM,2026-08-01 00:00:00,RESOLVED,16.9,223.0
12949,5145,PAYMENT,MEDIUM,2026-08-15 21:50:00,RESOLVED,18.2,158.5
12950,8782,REFUND,MEDIUM,2026-08-04 23:00:00,RESOLVED,17.1,369.6
12951,5112,ACCOUNT,LOW,2026-08-29 18:52:00,RESOLVED,85.5,254.3
12952,5030,PRODUCT,LOW,2026-08-14 17:02:00,RESOLVED,12.7,287.7
12953,1850,PAYMENT,LOW,2026-08-09 18:04:00,OPEN,20.4,206.1
12954,9609,REFUND,LOW,2026-09-07 22:42:00,OPEN,39.5,383.0
12955,6727,PRODUCT,MEDIUM,2026-08-26 01:27:00,RESOLVED,31.4,146.5
12956,2918,PAYMENT,MEDIUM,2026-09-01 23:22:00,RESOLVED,17.1,479.5
12957,8397,REFUND,LOW,2026-08-31 18:44:00,OPEN,25.3,571.4
12958,2339,DELIVERY,LOW,2026-08-10 02:41:00,RESOLVED,23.7,115.9
12959,969,ACCOUNT,MEDIUM,2026-08-26 03:01:00,RESOLVED,34.4,482.3
12960,6703,ACCOUNT,LOW,2026-08-05 15:33:00,RESOLVED,7.2,357.5
12961,7483,ACCOUNT,MEDIUM,2026-08-22 06:46:00,RESOLVED,27.5,267.2
12962,5728,REFUND,HIGH,2026-09-09 22:45:00,RESOLVED,9.3,149.1
12963,7136,PRODUCT,HIGH,2026-08-09 10:10:00,RESOLVED,44.6,161.4
12964,2512,PAYMENT,LOW,2026-08-29 19:23:00,RESOLVED,9.5,160.4
12965,2777,REFUND,MEDIUM,2026-08-03 02:33:00,RESOLVED,13.2,101.6
12966,3712,ACCOUNT,CRITICAL,2026-08-21 22:23:00,PENDING,8.2,196.4
12967,2076,REFUND,MEDIUM,2026-08-06 00:50:00,RESOLVED,7.0,187.2
12968,2331,DELIVERY,MEDIUM,2026-09-09 03:16:00,PENDING,20.0,211.2
12969,477,DELIVERY,MEDIUM,2026-08-18 20:17:00,RESOLVED,7.9,374.9
12970,2370,ACCOUNT,HIGH,2026-09-08 03:56:00,RESOLVED,15.1,170.4
12971,5475,DELIVERY,LOW,2026-09-06 02:17:00,RESOLVED,30.7,284.2
12972,3676,PAYMENT,MEDIUM,2026-08-05 15:13:00,OPEN,22.5,169.4
12973,4293,PAYMENT,MEDIUM,2026-08-21 05:33:00,RESOLVED,9.1,91.5
12974,9243,PRODUCT,MEDIUM,2026-08-26 10:33:00,RESOLVED,22.5,179.4
12975,65,ACCOUNT,LOW,2026-08-18 05:11:00,RESOLVED,9.6,110.4
12976,8349,PAYMENT,HIGH,2026-08-28 14:19:00,PENDING,3.8,352.6
12977,332,PRODUCT,LOW,2026-08-18 19:57:00,RESOLVED,9.5,347.0
12978,5125,ACCOUNT,MEDIUM,2026-09-04 13:04:00,RESOLVED,5.1,343.3
12979,1302,ACCOUNT,HIGH,2026-08-26 04:55:00,PENDING,7.2,305.4
12980,4778,ACCOUNT,LOW,2026-08-20 22:41:00,RESOLVED,29.1,150.4
12981,8947,PRODUCT,LOW,2026-09-04 05:21:00,PENDING,16.7,173.9
12982,315,REFUND,MEDIUM,2026-08-28 04:38:00,RESOLVED,24.4,446.9
12983,5068,PAYMENT,MEDIUM,2026-08-11 19:41:00,RESOLVED,10.9,496.4
12984,4623,PRODUCT,LOW,2026-08-15 04:24:00,OPEN,22.8,146.4
12985,4513,REFUND,MEDIUM,2026-08-04 17:03:00,RESOLVED,6.5,101.2
12986,6238,ACCOUNT,MEDIUM,2026-08-17 01:09:00,RESOLVED,16.6,145.7
12987,3263,PAYMENT,LOW,2026-08-23 15:42:00,RESOLVED,11.5,365.5
12988,7786,PRODUCT,MEDIUM,2026-08-23 12:42:00,PENDING,29.8,200.8
12989,2381,PAYMENT,MEDIUM,2026-09-01 16:13:00,OPEN,55.2,286.4
12990,3560,ACCOUNT,MEDIUM,2026-08-09 13:32:00,PENDING,10.0,122.0
12991,4685,PRODUCT,CRITICAL,2026-08-16 19:50:00,RESOLVED,12.0,241.2
12992,9194,PRODUCT,MEDIUM,2026-09-01 16:34:00,OPEN,15.4,199.7
12993,5336,PRODUCT,LOW,2026-08-30 05:10:00,RESOLVED,8.9,329.8
12994,8402,REFUND,MEDIUM,2026-08-20 21:35:00,RESOLVED,12.9,689.3
12995,1397,REFUND,MEDIUM,2026-09-01 13:22:00,PENDING,21.9,312.6
12996,823,ACCOUNT,MEDIUM,2026-09-04 01:14:00,RESOLVED,61.9,120.4
12997,5016,PAYMENT,LOW,2026-08-18 01:45:00,RESOLVED,16.2,215.2
12998,9030,PRODUCT,LOW,2026-09-01 11:24:00,RESOLVED,5.5,263.1
12999,2341,PAYMENT,HIGH,2026-08-09 23:25:00,RESOLVED,6.9,819.7
13000,2229,DELIVERY,LOW,2026-08-23 11:36:00,RESOLVED,13.4,130.9
13001,1482,PAYMENT,LOW,2026-08-10 23:11:00,OPEN,22.5,426.4
13002,9234,DELIVERY,CRITICAL,2026-08-28 12:11:00,RESOLVED,15.1,290.4
13003,921,DELIVERY,MEDIUM,2026-08-15 15:37:00,PENDING,40.4,226.9
13004,6307,REFUND,LOW,2026-09-03 22:15:00,RESOLVED,21.4,650.7
13005,3803,REFUND,LOW,2026-09-06 12:26:00,RESOLVED,29.7,561.7
13006,4120,PRODUCT,MEDIUM,2026-08-14 13:10:00,RESOLVED,25.3,180.0
13007,7108,REFUND,MEDIUM,2026-08-02 08:58:00,RESOLVED,45.3,643.9
13008,4365,PRODUCT,LOW,2026-08-30 03:49:00,PENDING,21.4,229.7
13009,231,REFUND,MEDIUM,2026-09-06 13:25:00,RESOLVED,11.8,164.5
13010,5628,ACCOUNT,LOW,2026-09-06 22:54:00,RESOLVED,56.4,505.0
13011,258,PAYMENT,LOW,2026-08-10 06:40:00,RESOLVED,10.1,198.4
13012,8439,DELIVERY,MEDIUM,2026-08-02 05:56:00,RESOLVED,17.7,351.0
13013,9457,DELIVERY,MEDIUM,2026-08-04 01:30:00,RESOLVED,45.5,698.1
13014,8370,DELIVERY,MEDIUM,2026-08-20 23:21:00,RESOLVED,36.4,415.3
13015,4137,PAYMENT,LOW,2026-08-11 20:25:00,OPEN,13.2,120.9
13016,4150,REFUND,MEDIUM,2026-08-06 19:01:00,PENDING,45.4,429.0
13017,5851,DELIVERY,LOW,2026-08-08 23:23:00,RESOLVED,23.0,152.8
13018,8491,PRODUCT,LOW,2026-08-16 10:02:00,RESOLVED,33.0,155.1
13019,7533,ACCOUNT,MEDIUM,2026-08-03 03:33:00,PENDING,13.8,221.3
13020,4720,ACCOUNT,MEDIUM,2026-09-03 03:36:00,RESOLVED,12.1,175.8
13021,8115,DELIVERY,HIGH,2026-09-08 05:09:00,PENDING,9.5,417.8
13022,4176,ACCOUNT,CRITICAL,2026-08-08 23:03:00,RESOLVED,2.8,183.4
13023,7698,PAYMENT,MEDIUM,2026-08-24 00:41:00,OPEN,28.2,234.9
13024,2433,REFUND,HIGH,2026-08-02 10:28:00,PENDING,35.2,149.6
13025,4536,DELIVERY,LOW,2026-08-04 09:34:00,OPEN,19.6,275.1
13026,8280,PRODUCT,HIGH,2026-08-12 09:10:00,RESOLVED,17.7,211.8
13027,2464,REFUND,LOW,2026-09-03 21:09:00,PENDING,2.7,380.5
13028,6201,PRODUCT,MEDIUM,2026-09-01 04:19:00,RESOLVED,20.1,509.5
13029,2804,PAYMENT,LOW,2026-08-29 10:30:00,PENDING,52.2,412.5
13030,4312,ACCOUNT,MEDIUM,2026-08-05 07:16:00,OPEN,17.7,187.1
13031,3243,PRODUCT,MEDIUM,2026-08-09 16:00:00,OPEN,14.0,275.9
13032,6624,PRODUCT,LOW,2026-08-24 10:45:00,OPEN,15.8,333.0
13033,7554,PAYMENT,HIGH,2026-08-15 18:22:00,RESOLVED,29.8,195.6
13034,8611,PAYMENT,HIGH,2026-08-30 16:51:00,RESOLVED,13.9,223.0
13035,3559,DELIVERY,MEDIUM,2026-08-23 02:29:00,PENDING,22.6,232.1
13036,1979,PRODUCT,LOW,2026-08-23 19:34:00,RESOLVED,38.4,308.1
13037,9310,PRODUCT,MEDIUM,2026-08-24 00:42:00,RESOLVED,18.8,324.4
13038,3925,REFUND,LOW,2026-09-07 09:28:00,RESOLVED,37.1,209.9
13039,6525,DELIVERY,LOW,2026-08-23 05:27:00,RESOLVED,15.0,122.7
13040,3804,PRODUCT,LOW,2026-08-31 06:59:00,PENDING,24.1,112.8
13041,8344,PRODUCT,MEDIUM,2026-08-20 09:49:00,PENDING,11.4,266.6
13042,761,PRODUCT,LOW,2026-08-04 12:31:00,PENDING,21.8,483.6
13043,400,DELIVERY,LOW,2026-08-22 16:01:00,RESOLVED,40.6,126.2
13044,3341,ACCOUNT,MEDIUM,2026-09-04 05:28:00,RESOLVED,33.1,180.3
13045,4150,REFUND,HIGH,2026-08-31 09:42:00,PENDING,22.9,299.7
13046,7618,REFUND,HIGH,2026-08-22 21:58:00,RESOLVED,21.5,517.5
13047,4704,PAYMENT,HIGH,2026-09-08 06:00:00,RESOLVED,36.1,294.4
13048,2534,ACCOUNT,LOW,2026-09-08 16:59:00,PENDING,20.8,71.0
13049,759,ACCOUNT,HIGH,2026-09-07 16:44:00,RESOLVED,29.6,272.3
13050,8110,DELIVERY,MEDIUM,2026-09-09 09:49:00,RESOLVED,20.9,245.3
13051,5090,ACCOUNT,LOW,2026-08-14 07:16:00,RESOLVED,34.7,88.6
13052,9553,PRODUCT,MEDIUM,2026-08-07 13:12:00,RESOLVED,16.9,547.2
13053,3310,ACCOUNT,LOW,2026-08-18 16:40:00,RESOLVED,15.6,66.1
13054,2240,ACCOUNT,MEDIUM,2026-08-10 22:30:00,RESOLVED,15.6,385.5
13055,2715,PAYMENT,HIGH,2026-08-07 09:41:00,RESOLVED,15.6,169.5
13056,4097,DELIVERY,MEDIUM,2026-08-27 03:22:00,RESOLVED,18.3,198.1
13057,1412,DELIVERY,LOW,2026-08-05 09:48:00,RESOLVED,5.5,77.3
13058,1314,PRODUCT,MEDIUM,2026-08-03 05:29:00,RESOLVED,7.1,149.1
13059,7931,DELIVERY,HIGH,2026-08-08 09:01:00,RESOLVED,3.7,612.5
13060,6922,PRODUCT,MEDIUM,2026-08-17 00:56:00,PENDING,3.3,390.0
13061,5017,DELIVERY,MEDIUM,2026-08-27 09:17:00,RESOLVED,17.8,165.0
13062,4822,ACCOUNT,HIGH,2026-09-09 12:52:00,RESOLVED,1.8,393.6
13063,4969,REFUND,LOW,2026-08-25 23:47:00,RESOLVED,14.3,147.6
13064,5888,DELIVERY,MEDIUM,2026-08-22 00:53:00,RESOLVED,39.3,215.9
13065,2859,REFUND,CRITICAL,2026-08-12 19:26:00,RESOLVED,9.7,252.7
13066,7787,ACCOUNT,HIGH,2026-08-14 06:04:00,RESOLVED,11.7,202.3
13067,81,PAYMENT,LOW,2026-08-25 17:36:00,RESOLVED,25.5,350.6
13068,7762,ACCOUNT,HIGH,2026-08-08 10:15:00,RESOLVED,36.2,95.3
13069,7932,REFUND,LOW,2026-08-04 03:15:00,PENDING,20.7,87.5
13070,5160,PRODUCT,MEDIUM,2026-08-31 00:07:00,RESOLVED,24.1,175.0
13071,2953,DELIVERY,MEDIUM,2026-09-09 07:47:00,RESOLVED,20.2,183.8
13072,8824,PAYMENT,LOW,2026-09-07 05:05:00,RESOLVED,21.0,205.1
13073,8187,REFUND,LOW,2026-08-27 22:09:00,RESOLVED,50.8,134.2
13074,9320,PRODUCT,MEDIUM,2026-09-06 23:27:00,RESOLVED,23.8,235.7
13075,164,PRODUCT,LOW,2026-08-31 07:16:00,PENDING,17.3,202.1
13076,6308,DELIVERY,MEDIUM,2026-08-03 14:30:00,RESOLVED,18.0,277.0
13077,73,PRODUCT,MEDIUM,2026-08-16 14:26:00,RESOLVED,85.6,226.7
13078,385,PRODUCT,MEDIUM,2026-08-04 00:42:00,RESOLVED,40.2,383.5
13079,625,REFUND,HIGH,2026-08-11 09:25:00,OPEN,14.1,256.7
13080,7760,DELIVERY,HIGH,2026-09-09 15:00:00,RESOLVED,2.8,131.4
13081,7272,PAYMENT,HIGH,2026-09-03 00:35:00,RESOLVED,44.9,213.6
13082,8920,REFUND,MEDIUM,2026-09-08 03:08:00,RESOLVED,24.7,258.8
13083,6348,PRODUCT,LOW,2026-08-20 05:44:00,RESOLVED,77.0,490.9
13084,5567,DELIVERY,MEDIUM,2026-08-09 18:40:00,RESOLVED,75.1,323.7
13085,1818,REFUND,HIGH,2026-08-16 03:48:00,RESOLVED,17.2,225.7
13086,7004,PRODUCT,HIGH,2026-08-08 21:45:00,RESOLVED,10.3,319.0
13087,9110,ACCOUNT,MEDIUM,2026-09-08 14:54:00,RESOLVED,16.8,249.0
13088,3561,PAYMENT,HIGH,2026-08-24 14:00:00,RESOLVED,14.7,371.3
13089,6965,DELIVERY,MEDIUM,2026-08-02 22:42:00,RESOLVED,19.0,236.0
13090,5022,PRODUCT,MEDIUM,2026-08-13 16:29:00,RESOLVED,46.4,615.8
13091,5214,DELIVERY,LOW,2026-08-20 22:01:00,PENDING,14.3,632.8
13092,7982,DELIVERY,MEDIUM,2026-08-29 17:28:00,RESOLVED,16.7,295.2
13093,2911,PRODUCT,LOW,2026-09-05 20:39:00,RESOLVED,9.2,539.4
13094,8760,REFUND,LOW,2026-08-09 05:30:00,PENDING,24.5,71.6
13095,9854,DELIVERY,LOW,2026-08-29 05:23:00,OPEN,4.1,118.8
13096,1153,PAYMENT,MEDIUM,2026-09-02 05:58:00,RESOLVED,5.1,208.9
13097,5113,REFUND,MEDIUM,2026-09-01 05:30:00,RESOLVED,17.2,373.5
13098,172,PRODUCT,HIGH,2026-08-12 07:04:00,PENDING,20.8,232.8
13099,3384,ACCOUNT,HIGH,2026-08-14 13:18:00,RESOLVED,28.3,203.4
13100,3736,DELIVERY,LOW,2026-08-06 13:36:00,PENDING,23.7,102.5
13101,6639,PRODUCT,LOW,2026-08-24 06:22:00,RESOLVED,37.1,230.3
13102,3910,PRODUCT,LOW,2026-08-14 16:29:00,RESOLVED,50.9,240.2
13103,3624,ACCOUNT,LOW,2026-08-17 12:53:00,RESOLVED,30.9,472.6
13104,7734,REFUND,MEDIUM,2026-08-01 18:59:00,PENDING,42.4,239.5
13105,7584,DELIVERY,MEDIUM,2026-09-07 18:39:00,PENDING,69.8,187.0
13106,86,ACCOUNT,LOW,2026-08-26 19:08:00,RESOLVED,68.0,374.7
13107,3371,DELIVERY,MEDIUM,2026-08-10 12:41:00,OPEN,7.8,138.2
13108,7641,PAYMENT,HIGH,2026-08-03 17:05:00,RESOLVED,35.6,216.8
13109,1029,PRODUCT,LOW,2026-08-16 14:30:00,OPEN,12.6,157.5
13110,5364,DELIVERY,HIGH,2026-08-06 21:40:00,OPEN,26.6,160.8
13111,4921,REFUND,LOW,2026-08-08 12:50:00,RESOLVED,7.3,395.4
13112,6979,DELIVERY,LOW,2026-09-01 17:40:00,RESOLVED,6.0,113.1
13113,6763,ACCOUNT,MEDIUM,2026-08-03 02:54:00,PENDING,39.8,225.0
13114,5093,REFUND,LOW,2026-08-21 05:22:00,RESOLVED,11.4,207.0
13115,4133,PRODUCT,LOW,2026-08-31 21:42:00,RESOLVED,27.6,374.9
13116,7908,REFUND,LOW,2026-08-24 17:12:00,RESOLVED,25.2,121.7
13117,3821,PRODUCT,LOW,2026-08-06 06:28:00,RESOLVED,18.5,325.1
13118,4371,PRODUCT,MEDIUM,2026-08-12 06:01:00,RESOLVED,30.7,244.9
13119,4195,DELIVERY,LOW,2026-08-07 21:33:00,RESOLVED,49.9,267.9
13120,3459,PRODUCT,LOW,2026-09-08 21:21:00,RESOLVED,25.6,320.7
13121,6297,PRODUCT,MEDIUM,2026-08-28 02:40:00,OPEN,12.0,97.0
13122,6366,DELIVERY,MEDIUM,2026-09-09 11:33:00,OPEN,18.1,245.1
13123,8995,REFUND,MEDIUM,2026-08-06 10:43:00,RESOLVED,22.2,51.8
13124,4445,ACCOUNT,MEDIUM,2026-08-15 14:59:00,RESOLVED,30.8,396.0
13125,7601,PAYMENT,HIGH,2026-08-15 03:55:00,RESOLVED,23.1,329.0
13126,3035,DELIVERY,LOW,2026-09-01 12:23:00,RESOLVED,22.8,123.3
13127,9628,PRODUCT,HIGH,2026-08-03 21:43:00,OPEN,12.2,128.9
13128,9136,PRODUCT,MEDIUM,2026-09-02 02:07:00,RESOLVED,21.7,215.9
13129,5913,PAYMENT,HIGH,2026-08-19 17:12:00,RESOLVED,8.0,555.0
13130,7233,DELIVERY,LOW,2026-09-06 13:09:00,OPEN,33.9,177.2
13131,5799,DELIVERY,HIGH,2026-08-14 04:26:00,RESOLVED,22.9,281.4
13132,1969,REFUND,HIGH,2026-09-04 11:13:00,RESOLVED,43.4,180.3
13133,9410,PAYMENT,LOW,2026-09-05 18:43:00,RESOLVED,22.7,199.2
13134,7402,PRODUCT,MEDIUM,2026-08-18 13:51:00,RESOLVED,17.1,138.3
13135,4199,PRODUCT,LOW,2026-09-05 22:03:00,RESOLVED,43.5,508.9
13136,2524,REFUND,LOW,2026-08-15 10:31:00,PENDING,31.6,358.8
13137,6688,PRODUCT,MEDIUM,2026-08-27 10:20:00,RESOLVED,18.3,221.8
13138,4313,DELIVERY,MEDIUM,2026-09-07 09:37:00,RESOLVED,8.8,182.6
13139,8283,DELIVERY,MEDIUM,2026-08-08 02:23:00,OPEN,5.9,90.8
13140,2175,PRODUCT,LOW,2026-08-17 07:43:00,RESOLVED,11.4,108.0
13141,5209,ACCOUNT,LOW,2026-08-03 03:05:00,OPEN,3.0,434.9
13142,1133,PRODUCT,LOW,2026-08-21 19:20:00,RESOLVED,8.8,190.7
13143,7136,PAYMENT,LOW,2026-08-12 00:30:00,RESOLVED,48.7,515.6
13144,3991,ACCOUNT,MEDIUM,2026-08-04 20:16:00,PENDING,25.3,215.6
13145,1929,REFUND,LOW,2026-09-06 03:40:00,RESOLVED,27.9,79.6
13146,5551,PRODUCT,HIGH,2026-08-12 18:17:00,OPEN,11.7,212.4
13147,5714,PRODUCT,MEDIUM,2026-08-30 05:03:00,RESOLVED,15.0,281.1
13148,3022,DELIVERY,CRITICAL,2026-08-07 12:25:00,OPEN,25.9,142.3
13149,9395,ACCOUNT,LOW,2026-08-11 15:27:00,RESOLVED,12.6,272.0
13150,751,PRODUCT,LOW,2026-08-04 07:03:00,RESOLVED,11.6,137.1
13151,3326,REFUND,LOW,2026-08-29 07:47:00,PENDING,9.8,240.7
13152,2497,ACCOUNT,LOW,2026-08-15 19:56:00,RESOLVED,37.1,503.2
13153,9256,REFUND,HIGH,2026-09-06 01:15:00,RESOLVED,32.7,251.5
13154,2457,DELIVERY,MEDIUM,2026-08-21 14:50:00,RESOLVED,60.7,375.5
13155,2203,PRODUCT,CRITICAL,2026-08-08 14:47:00,RESOLVED,5.9,357.9
13156,5908,DELIVERY,HIGH,2026-09-01 04:07:00,RESOLVED,11.8,271.4
13157,2606,PAYMENT,MEDIUM,2026-09-04 16:39:00,RESOLVED,31.3,359.4
13158,2822,PRODUCT,MEDIUM,2026-08-25 07:25:00,RESOLVED,74.8,332.1
13159,2451,DELIVERY,LOW,2026-08-28 19:03:00,RESOLVED,39.1,271.1
13160,5338,PRODUCT,MEDIUM,2026-09-02 23:28:00,RESOLVED,4.6,266.3
13161,7490,PAYMENT,MEDIUM,2026-08-05 09:08:00,RESOLVED,61.0,307.6
13162,4704,REFUND,LOW,2026-08-10 07:29:00,RESOLVED,41.6,390.0
13163,8899,DELIVERY,HIGH,2026-09-01 04:43:00,OPEN,20.0,305.6
13164,2664,PRODUCT,HIGH,2026-09-01 19:15:00,RESOLVED,32.7,276.7
13165,8450,DELIVERY,HIGH,2026-08-08 12:23:00,RESOLVED,52.6,153.7
13166,7413,DELIVERY,LOW,2026-08-03 01:33:00,PENDING,16.1,308.4
13167,736,REFUND,HIGH,2026-08-22 15:43:00,RESOLVED,34.3,186.1
13168,6676,PAYMENT,MEDIUM,2026-08-12 02:05:00,PENDING,69.8,554.6
13169,9928,ACCOUNT,LOW,2026-08-07 14:13:00,RESOLVED,4.7,55.0
13170,6803,PRODUCT,LOW,2026-08-18 17:59:00,RESOLVED,34.1,138.6
13171,2581,PRODUCT,LOW,2026-08-11 15:27:00,PENDING,46.8,113.1
13172,4336,DELIVERY,LOW,2026-09-08 06:53:00,RESOLVED,15.0,145.8
13173,8695,PRODUCT,MEDIUM,2026-09-02 12:33:00,RESOLVED,12.4,160.8
13174,3166,REFUND,HIGH,2026-08-04 15:05:00,RESOLVED,5.8,216.3
13175,4759,PAYMENT,CRITICAL,2026-09-08 12:22:00,OPEN,10.7,221.0
13176,5908,PRODUCT,LOW,2026-08-11 12:04:00,RESOLVED,4.1,258.2
13177,8278,DELIVERY,MEDIUM,2026-08-07 13:06:00,RESOLVED,6.7,239.9
13178,9591,REFUND,LOW,2026-08-07 02:19:00,RESOLVED,13.2,265.3
13179,7049,REFUND,LOW,2026-08-16 03:53:00,RESOLVED,6.1,117.0
13180,4340,ACCOUNT,HIGH,2026-08-18 00:16:00,PENDING,19.0,152.4
13181,4105,ACCOUNT,HIGH,2026-09-06 03:11:00,RESOLVED,18.4,278.7
13182,6653,ACCOUNT,CRITICAL,2026-08-14 03:43:00,OPEN,4.5,164.9
13183,740,PAYMENT,MEDIUM,2026-08-28 09:14:00,OPEN,20.3,223.7
13184,4424,PRODUCT,MEDIUM,2026-08-04 16:24:00,RESOLVED,27.4,126.8
13185,3556,PRODUCT,MEDIUM,2026-09-02 20:19:00,RESOLVED,42.6,567.5
13186,9327,PRODUCT,MEDIUM,2026-08-20 05:59:00,OPEN,50.5,251.4
13187,8554,PRODUCT,LOW,2026-08-24 04:18:00,RESOLVED,41.5,432.1
13188,2648,ACCOUNT,LOW,2026-08-20 10:07:00,PENDING,26.5,102.4
13189,6553,REFUND,CRITICAL,2026-08-30 15:28:00,PENDING,23.4,317.3
13190,4584,PRODUCT,LOW,2026-08-26 05:00:00,RESOLVED,30.9,399.8
13191,8305,PRODUCT,HIGH,2026-08-15 14:19:00,RESOLVED,14.7,180.2
13192,4937,PRODUCT,LOW,2026-09-03 15:20:00,RESOLVED,19.3,114.0
13193,6415,ACCOUNT,HIGH,2026-08-05 08:16:00,RESOLVED,10.7,260.7
13194,7287,DELIVERY,HIGH,2026-09-08 22:24:00,PENDING,13.6,171.2
13195,8233,ACCOUNT,LOW,2026-08-25 21:23:00,RESOLVED,14.8,351.1
13196,7214,ACCOUNT,MEDIUM,2026-08-05 03:42:00,OPEN,3.5,377.2
13197,2968,ACCOUNT,HIGH,2026-08-20 23:35:00,RESOLVED,36.0,96.1
13198,7395,REFUND,LOW,2026-08-14 12:52:00,RESOLVED,18.2,127.1
13199,3165,PAYMENT,LOW,2026-08-03 01:21:00,OPEN,32.5,121.1
13200,7330,DELIVERY,LOW,2026-09-08 21:26:00,OPEN,12.1,61.7
13201,9495,DELIVERY,LOW,2026-09-05 00:52:00,RESOLVED,15.3,538.9
13202,4698,PAYMENT,LOW,2026-08-23 16:52:00,RESOLVED,18.6,38.5
13203,8925,ACCOUNT,LOW,2026-08-05 22:51:00,PENDING,18.9,613.8
13204,1556,REFUND,LOW,2026-08-16 21:01:00,RESOLVED,11.9,403.1
13205,4252,PRODUCT,CRITICAL,2026-08-29 16:49:00,PENDING,31.8,111.0
13206,8705,DELIVERY,LOW,2026-08-18 09:29:00,OPEN,3.5,156.5
13207,7305,DELIVERY,LOW,2026-08-22 16:24:00,RESOLVED,31.0,352.3
13208,3249,PRODUCT,HIGH,2026-09-03 16:57:00,PENDING,3.0,300.9
13209,5009,REFUND,HIGH,2026-08-08 06:41:00,RESOLVED,36.8,387.9
13210,1104,DELIVERY,MEDIUM,2026-09-04 13:11:00,PENDING,2.5,201.1
13211,8162,ACCOUNT,MEDIUM,2026-09-09 04:26:00,PENDING,13.5,214.0
13212,1288,ACCOUNT,LOW,2026-08-12 19:18:00,RESOLVED,22.0,171.2
13213,5642,DELIVERY,CRITICAL,2026-09-07 04:06:00,OPEN,15.4,262.6
13214,4948,ACCOUNT,HIGH,2026-08-13 08:29:00,OPEN,2.1,71.8
13215,6180,DELIVERY,LOW,2026-08-29 00:52:00,RESOLVED,5.5,381.7
13216,4260,PRODUCT,MEDIUM,2026-08-28 23:49:00,PENDING,26.9,320.7
13217,856,PRODUCT,MEDIUM,2026-09-07 10:44:00,RESOLVED,15.4,364.2
13218,6636,REFUND,HIGH,2026-08-03 16:49:00,RESOLVED,30.0,93.7
13219,8948,DELIVERY,LOW,2026-08-24 19:13:00,RESOLVED,22.1,533.2
13220,6119,PAYMENT,CRITICAL,2026-09-03 20:07:00,PENDING,13.4,41.6
13221,437,ACCOUNT,HIGH,2026-08-04 15:45:00,PENDING,8.9,269.7
13222,1075,DELIVERY,MEDIUM,2026-08-01 06:38:00,RESOLVED,50.4,168.1
13223,2747,ACCOUNT,MEDIUM,2026-08-03 14:05:00,RESOLVED,21.9,233.9
13224,2968,PRODUCT,MEDIUM,2026-08-19 10:35:00,PENDING,17.0,344.0
13225,1226,ACCOUNT,HIGH,2026-08-23 10:02:00,PENDING,55.3,649.8
13226,8963,REFUND,MEDIUM,2026-09-01 16:49:00,RESOLVED,37.3,286.6
13227,7374,PRODUCT,HIGH,2026-08-17 20:33:00,OPEN,60.2,282.5
13228,7667,PAYMENT,HIGH,2026-09-06 13:41:00,RESOLVED,35.1,311.2
13229,9634,PRODUCT,MEDIUM,2026-08-05 12:41:00,RESOLVED,31.4,277.5
13230,8706,DELIVERY,LOW,2026-08-26 01:54:00,RESOLVED,24.1,350.3
13231,1711,PAYMENT,MEDIUM,2026-08-19 14:28:00,OPEN,27.5,183.4
13232,220,ACCOUNT,LOW,2026-08-22 05:32:00,PENDING,4.8,268.1
13233,7295,ACCOUNT,LOW,2026-08-21 03:11:00,RESOLVED,6.9,225.1
13234,9121,REFUND,MEDIUM,2026-08-28 21:22:00,RESOLVED,5.4,291.2
13235,7011,DELIVERY,MEDIUM,2026-08-29 15:48:00,PENDING,23.1,250.4
13236,8611,PAYMENT,LOW,2026-09-03 16:25:00,OPEN,23.2,154.9
13237,6086,REFUND,MEDIUM,2026-08-15 16:12:00,RESOLVED,26.8,595.3
13238,4523,REFUND,LOW,2026-08-01 12:26:00,RESOLVED,30.7,376.2
13239,1301,DELIVERY,HIGH,2026-08-07 09:14:00,RESOLVED,32.4,278.7
13240,6736,PAYMENT,MEDIUM,2026-08-25 06:01:00,RESOLVED,24.9,305.3
13241,2919,DELIVERY,LOW,2026-08-07 10:15:00,OPEN,26.7,208.1
13242,2720,ACCOUNT,HIGH,2026-08-31 16:12:00,RESOLVED,13.4,409.2
13243,8759,DELIVERY,LOW,2026-08-01 00:15:00,PENDING,5.4,160.2
13244,6586,DELIVERY,LOW,2026-09-07 00:25:00,RESOLVED,14.0,183.8
13245,4450,PAYMENT,MEDIUM,2026-09-09 16:24:00,RESOLVED,50.4,628.0
13246,7988,DELIVERY,LOW,2026-08-16 23:36:00,RESOLVED,6.5,81.6
13247,7331,PAYMENT,HIGH,2026-09-04 07:30:00,PENDING,12.7,238.6
13248,4836,DELIVERY,HIGH,2026-09-06 01:39:00,RESOLVED,33.3,305.1
13249,9777,ACCOUNT,HIGH,2026-09-02 10:38:00,RESOLVED,5.2,371.0
13250,283,PAYMENT,MEDIUM,2026-08-26 04:50:00,OPEN,40.0,65.2
13251,4932,REFUND,LOW,2026-08-09 06:48:00,RESOLVED,1.5,179.0
13252,4164,PRODUCT,LOW,2026-08-14 08:03:00,RESOLVED,15.5,294.2
13253,1224,PAYMENT,LOW,2026-08-15 07:44:00,RESOLVED,27.1,275.4
13254,7250,ACCOUNT,HIGH,2026-09-09 08:04:00,OPEN,44.5,234.6
13255,1005,PRODUCT,LOW,2026-08-26 16:44:00,OPEN,15.4,216.9
13256,7038,ACCOUNT,LOW,2026-08-03 08:16:00,PENDING,34.4,192.7
13257,7543,ACCOUNT,MEDIUM,2026-08-07 10:05:00,PENDING,22.6,154.5
13258,4864,DELIVERY,MEDIUM,2026-09-04 18:58:00,RESOLVED,31.0,209.0
13259,2444,PRODUCT,CRITICAL,2026-08-20 10:44:00,OPEN,22.2,222.2
13260,9858,ACCOUNT,CRITICAL,2026-08-22 03:13:00,PENDING,24.1,272.7
13261,7052,DELIVERY,MEDIUM,2026-09-06 17:59:00,PENDING,44.3,287.9
13262,1171,ACCOUNT,HIGH,2026-08-24 09:19:00,RESOLVED,17.0,205.5
13263,7366,PRODUCT,CRITICAL,2026-08-17 13:36:00,RESOLVED,27.0,338.2
13264,1583,PRODUCT,HIGH,2026-09-03 07:02:00,RESOLVED,4.1,41.8
13265,6231,PRODUCT,HIGH,2026-08-14 09:38:00,RESOLVED,28.2,130.9
13266,2584,REFUND,MEDIUM,2026-09-07 02:00:00,RESOLVED,5.3,169.7
13267,6348,ACCOUNT,LOW,2026-08-03 21:15:00,OPEN,6.5,557.2
13268,8036,PRODUCT,HIGH,2026-09-05 19:38:00,RESOLVED,33.8,316.0
13269,7839,PAYMENT,LOW,2026-08-05 21:21:00,RESOLVED,29.2,247.2
13270,7629,PRODUCT,HIGH,2026-08-19 15:50:00,RESOLVED,7.9,185.7
13271,7073,ACCOUNT,MEDIUM,2026-08-09 13:23:00,RESOLVED,10.1,538.8
13272,7728,REFUND,MEDIUM,2026-08-29 11:35:00,RESOLVED,7.6,369.7
13273,9024,ACCOUNT,HIGH,2026-08-19 14:25:00,RESOLVED,51.5,310.1
13274,8797,DELIVERY,MEDIUM,2026-08-31 02:14:00,RESOLVED,38.1,386.5
13275,7723,PRODUCT,LOW,2026-08-23 12:54:00,RESOLVED,7.7,202.1
13276,4430,PAYMENT,HIGH,2026-08-14 20:28:00,RESOLVED,22.9,72.0
13277,2933,PRODUCT,LOW,2026-08-30 07:35:00,RESOLVED,14.7,91.8
13278,3186,PAYMENT,HIGH,2026-08-13 03:17:00,RESOLVED,8.5,288.5
13279,6130,PAYMENT,HIGH,2026-08-10 00:08:00,RESOLVED,13.3,138.7
13280,6004,DELIVERY,MEDIUM,2026-09-02 20:39:00,RESOLVED,19.5,404.9
13281,4272,REFUND,MEDIUM,2026-09-09 19:09:00,RESOLVED,5.2,41.0
13282,4099,ACCOUNT,LOW,2026-08-22 10:23:00,PENDING,11.3,212.6
13283,7252,PAYMENT,HIGH,2026-09-08 08:41:00,RESOLVED,44.0,285.4
13284,5239,DELIVERY,MEDIUM,2026-08-09 22:08:00,RESOLVED,38.1,162.1
13285,189,DELIVERY,LOW,2026-08-01 04:47:00,PENDING,23.8,317.7
13286,1403,REFUND,HIGH,2026-09-05 05:16:00,RESOLVED,19.1,204.5
13287,3312,PRODUCT,MEDIUM,2026-09-03 06:15:00,RESOLVED,13.6,275.0
13288,3964,REFUND,HIGH,2026-08-20 18:54:00,RESOLVED,31.8,269.6
13289,7326,PAYMENT,MEDIUM,2026-09-04 05:16:00,RESOLVED,6.2,304.8
13290,4727,PRODUCT,HIGH,2026-09-04 21:16:00,RESOLVED,19.5,376.9
13291,4267,PRODUCT,MEDIUM,2026-08-15 10:18:00,RESOLVED,1.8,357.8
13292,875,DELIVERY,MEDIUM,2026-08-07 14:06:00,RESOLVED,12.0,99.1
13293,612,REFUND,LOW,2026-08-25 13:52:00,RESOLVED,22.8,92.4
13294,9945,PRODUCT,MEDIUM,2026-09-05 15:20:00,RESOLVED,59.4,741.9
13295,8613,PRODUCT,MEDIUM,2026-08-24 03:42:00,RESOLVED,24.7,194.4
13296,378,PAYMENT,MEDIUM,2026-08-17 04:28:00,RESOLVED,30.4,102.8
13297,4539,REFUND,HIGH,2026-08-10 08:17:00,OPEN,47.7,139.0
13298,9196,DELIVERY,MEDIUM,2026-08-12 16:51:00,PENDING,15.9,137.8
13299,7121,DELIVERY,MEDIUM,2026-08-31 15:57:00,RESOLVED,7.1,154.9
13300,802,DELIVERY,HIGH,2026-08-15 18:14:00,RESOLVED,11.4,136.2
13301,4293,ACCOUNT,MEDIUM,2026-08-21 05:39:00,RESOLVED,26.9,150.3
13302,8593,PAYMENT,HIGH,2026-08-25 02:39:00,RESOLVED,13.4,229.2
13303,2994,REFUND,HIGH,2026-08-13 01:49:00,RESOLVED,33.6,350.2
13304,5483,PAYMENT,LOW,2026-08-13 00:23:00,RESOLVED,23.5,362.4
13305,3229,PAYMENT,MEDIUM,2026-08-29 20:08:00,RESOLVED,8.2,121.1
13306,1964,DELIVERY,LOW,2026-08-26 17:53:00,PENDING,15.0,319.8
13307,8600,ACCOUNT,MEDIUM,2026-09-01 01:35:00,RESOLVED,42.7,372.9
13308,2314,PAYMENT,MEDIUM,2026-08-21 03:53:00,PENDING,20.1,351.5
13309,5831,PAYMENT,MEDIUM,2026-08-01 10:05:00,RESOLVED,44.9,159.3
13310,3517,PAYMENT,LOW,2026-08-27 05:16:00,RESOLVED,7.0,90.7
13311,6133,ACCOUNT,MEDIUM,2026-08-01 13:07:00,OPEN,129.0,423.4
13312,7941,ACCOUNT,LOW,2026-08-14 11:47:00,RESOLVED,19.6,197.1
13313,5527,DELIVERY,MEDIUM,2026-08-30 14:08:00,RESOLVED,37.9,189.2
13314,1472,PRODUCT,MEDIUM,2026-08-11 08:56:00,RESOLVED,55.6,153.7
13315,2875,DELIVERY,MEDIUM,2026-09-04 20:14:00,PENDING,44.5,96.6
13316,2423,DELIVERY,MEDIUM,2026-08-27 22:55:00,RESOLVED,17.4,111.6
13317,6888,PAYMENT,MEDIUM,2026-09-06 03:56:00,PENDING,34.0,163.3
13318,6927,PAYMENT,LOW,2026-08-22 04:07:00,RESOLVED,49.4,137.9
13319,1434,PAYMENT,MEDIUM,2026-08-19 09:31:00,RESOLVED,35.5,288.4
13320,6140,DELIVERY,MEDIUM,2026-08-06 16:42:00,RESOLVED,8.1,105.6
13321,4641,PRODUCT,LOW,2026-09-05 23:54:00,RESOLVED,32.2,70.8
13322,4209,PAYMENT,HIGH,2026-08-27 02:42:00,PENDING,22.3,400.0
13323,8581,DELIVERY,CRITICAL,2026-09-02 15:23:00,OPEN,14.3,191.3
13324,606,REFUND,LOW,2026-08-12 01:48:00,RESOLVED,48.2,353.7
13325,7264,DELIVERY,LOW,2026-08-09 06:16:00,RESOLVED,5.4,299.0
13326,5585,ACCOUNT,HIGH,2026-08-15 13:50:00,RESOLVED,36.2,137.2
13327,2586,PRODUCT,CRITICAL,2026-08-20 00:22:00,RESOLVED,18.5,132.2
13328,2293,PAYMENT,MEDIUM,2026-09-04 04:57:00,RESOLVED,42.7,250.4
13329,1637,DELIVERY,HIGH,2026-08-11 16:30:00,RESOLVED,14.2,74.4
13330,6122,ACCOUNT,LOW,2026-08-09 02:12:00,PENDING,34.9,135.4
13331,6552,REFUND,LOW,2026-08-05 19:06:00,RESOLVED,10.5,156.2
13332,2746,PAYMENT,LOW,2026-08-18 05:33:00,PENDING,21.9,236.1
13333,3816,PRODUCT,MEDIUM,2026-08-05 03:57:00,RESOLVED,20.1,100.0
13334,9804,REFUND,MEDIUM,2026-08-04 10:25:00,PENDING,32.5,409.0
13335,7051,ACCOUNT,MEDIUM,2026-08-15 06:54:00,RESOLVED,21.1,196.2
13336,5906,REFUND,LOW,2026-08-19 00:17:00,OPEN,20.5,137.0
13337,1195,REFUND,LOW,2026-08-17 12:03:00,PENDING,11.6,413.2
13338,5714,DELIVERY,MEDIUM,2026-09-06 20:09:00,RESOLVED,44.9,169.1
13339,3934,REFUND,MEDIUM,2026-09-06 17:08:00,RESOLVED,45.0,167.2
13340,8368,PRODUCT,MEDIUM,2026-08-23 08:16:00,RESOLVED,57.0,295.2
13341,1922,PAYMENT,MEDIUM,2026-09-07 14:19:00,RESOLVED,21.2,45.2
13342,9932,ACCOUNT,MEDIUM,2026-09-04 17:35:00,RESOLVED,9.5,147.6
13343,9414,ACCOUNT,HIGH,2026-08-02 21:57:00,RESOLVED,13.6,298.6
13344,7792,REFUND,HIGH,2026-08-22 16:23:00,RESOLVED,40.4,168.0
13345,5006,PRODUCT,LOW,2026-08-14 22:43:00,RESOLVED,37.2,349.2
13346,5939,PAYMENT,HIGH,2026-08-03 08:14:00,PENDING,2.9,183.0
13347,9063,PAYMENT,MEDIUM,2026-08-27 04:05:00,RESOLVED,3.1,314.2
13348,8636,REFUND,MEDIUM,2026-08-21 04:16:00,OPEN,6.0,246.7
13349,8091,DELIVERY,MEDIUM,2026-08-25 11:02:00,PENDING,13.8,331.1
13350,1813,PAYMENT,CRITICAL,2026-08-10 07:20:00,PENDING,14.2,98.2
13351,4079,PRODUCT,LOW,2026-09-03 15:50:00,RESOLVED,21.2,286.9
13352,7643,ACCOUNT,LOW,2026-08-18 07:18:00,RESOLVED,12.0,182.3
13353,1244,PAYMENT,HIGH,2026-08-10 12:19:00,RESOLVED,14.3,217.1
13354,6799,DELIVERY,MEDIUM,2026-08-10 11:43:00,PENDING,22.3,74.1
13355,3583,PAYMENT,HIGH,2026-08-12 01:13:00,RESOLVED,24.4,419.3
13356,5633,REFUND,MEDIUM,2026-08-05 12:32:00,RESOLVED,15.5,295.9
13357,9181,ACCOUNT,CRITICAL,2026-09-04 16:32:00,OPEN,6.5,125.4
13358,8668,PRODUCT,LOW,2026-08-09 11:15:00,RESOLVED,42.3,134.4
13359,3679,ACCOUNT,HIGH,2026-08-30 15:21:00,RESOLVED,12.6,509.9
13360,7097,REFUND,HIGH,2026-08-17 01:16:00,RESOLVED,45.1,153.6
13361,110,PAYMENT,CRITICAL,2026-08-05 19:49:00,PENDING,49.0,434.3
13362,7168,DELIVERY,LOW,2026-09-02 22:03:00,RESOLVED,32.5,268.9
13363,1379,DELIVERY,MEDIUM,2026-09-02 08:43:00,RESOLVED,44.9,262.7
13364,9098,REFUND,LOW,2026-08-31 18:39:00,RESOLVED,23.1,189.6
13365,2980,REFUND,HIGH,2026-08-15 15:48:00,RESOLVED,22.0,104.8
13366,6995,PRODUCT,LOW,2026-08-02 11:14:00,RESOLVED,32.4,371.8
13367,6665,REFUND,MEDIUM,2026-09-01 08:37:00,RESOLVED,21.6,224.8
13368,2555,ACCOUNT,LOW,2026-09-01 01:48:00,RESOLVED,11.5,145.9
13369,8384,PRODUCT,MEDIUM,2026-09-04 19:25:00,RESOLVED,23.9,262.5
13370,1837,ACCOUNT,MEDIUM,2026-08-02 05:30:00,RESOLVED,17.9,223.1
13371,9003,REFUND,LOW,2026-09-03 22:04:00,RESOLVED,50.0,221.1
13372,5132,PAYMENT,MEDIUM,2026-08-04 00:51:00,RESOLVED,13.7,569.3
13373,4666,PAYMENT,LOW,2026-08-02 02:40:00,RESOLVED,1.1,334.8
13374,2350,PRODUCT,CRITICAL,2026-08-31 11:15:00,PENDING,47.0,165.1
13375,86,ACCOUNT,HIGH,2026-08-30 15:41:00,RESOLVED,4.7,138.8
13376,6997,PAYMENT,LOW,2026-08-16 17:29:00,RESOLVED,5.5,129.1
13377,7324,ACCOUNT,LOW,2026-08-30 04:57:00,OPEN,14.5,665.6
13378,8428,PAYMENT,MEDIUM,2026-08-13 20:36:00,RESOLVED,7.4,420.3
13379,9643,REFUND,HIGH,2026-08-05 18:09:00,RESOLVED,15.7,356.1
13380,2919,DELIVERY,HIGH,2026-08-16 00:25:00,RESOLVED,15.1,351.5
13381,5672,REFUND,MEDIUM,2026-09-05 21:01:00,RESOLVED,56.7,543.4
13382,9135,REFUND,MEDIUM,2026-08-21 23:11:00,RESOLVED,16.9,142.0
13383,5671,REFUND,LOW,2026-08-30 06:49:00,RESOLVED,60.3,166.7
13384,7470,PAYMENT,LOW,2026-08-25 06:17:00,PENDING,3.0,206.9
13385,7136,REFUND,CRITICAL,2026-08-27 07:09:00,OPEN,36.2,580.2
13386,9882,ACCOUNT,HIGH,2026-08-27 19:32:00,RESOLVED,14.2,313.0
13387,3406,REFUND,MEDIUM,2026-08-05 07:10:00,OPEN,38.2,220.2
13388,1988,PRODUCT,LOW,2026-08-04 20:19:00,RESOLVED,42.6,194.9
13389,9158,PRODUCT,MEDIUM,2026-08-05 20:35:00,PENDING,28.4,259.1
13390,4616,ACCOUNT,MEDIUM,2026-08-07 13:51:00,PENDING,55.2,231.3
13391,1940,PRODUCT,HIGH,2026-08-28 13:45:00,PENDING,19.8,102.6
13392,6404,REFUND,MEDIUM,2026-08-18 08:46:00,PENDING,45.7,181.6
13393,8516,PAYMENT,MEDIUM,2026-08-15 14:42:00,RESOLVED,15.3,40.5
13394,7630,DELIVERY,MEDIUM,2026-09-04 13:33:00,OPEN,15.2,401.9
13395,3361,REFUND,MEDIUM,2026-08-20 02:33:00,RESOLVED,42.6,371.6
13396,9120,ACCOUNT,MEDIUM,2026-08-31 12:10:00,RESOLVED,7.6,566.2
13397,403,DELIVERY,MEDIUM,2026-08-25 21:07:00,RESOLVED,25.0,496.1
13398,8913,REFUND,MEDIUM,2026-08-08 11:13:00,RESOLVED,27.6,582.5
13399,1832,DELIVERY,HIGH,2026-08-15 18:58:00,RESOLVED,42.8,158.9
13400,2362,PAYMENT,LOW,2026-08-12 11:56:00,RESOLVED,13.8,169.5
13401,3143,PRODUCT,LOW,2026-08-29 16:28:00,PENDING,38.0,164.1
13402,4225,DELIVERY,LOW,2026-08-16 03:29:00,OPEN,10.3,200.2
13403,479,DELIVERY,MEDIUM,2026-08-23 14:54:00,RESOLVED,32.5,544.6
13404,7184,ACCOUNT,LOW,2026-09-04 09:30:00,RESOLVED,16.6,316.2
13405,1313,REFUND,MEDIUM,2026-08-15 17:32:00,RESOLVED,14.1,89.2
13406,1324,DELIVERY,LOW,2026-09-09 03:11:00,PENDING,36.5,586.3
13407,49,DELIVERY,HIGH,2026-08-09 02:34:00,PENDING,5.4,433.7
13408,9594,ACCOUNT,MEDIUM,2026-08-04 01:17:00,OPEN,25.4,378.2
13409,482,ACCOUNT,LOW,2026-08-08 17:11:00,RESOLVED,4.6,175.9
13410,7470,DELIVERY,MEDIUM,2026-08-20 11:22:00,RESOLVED,17.3,161.5
13411,6339,REFUND,LOW,2026-08-02 04:32:00,RESOLVED,8.8,157.6
13412,8289,DELIVERY,HIGH,2026-08-15 11:58:00,RESOLVED,16.2,55.7
13413,4503,PAYMENT,HIGH,2026-08-13 16:52:00,RESOLVED,12.0,70.0
13414,9075,ACCOUNT,HIGH,2026-08-13 20:52:00,RESOLVED,14.5,368.3
13415,4717,PRODUCT,MEDIUM,2026-08-08 21:43:00,RESOLVED,8.4,280.0
13416,1780,REFUND,HIGH,2026-08-20 23:06:00,RESOLVED,12.2,265.4
13417,9023,PRODUCT,LOW,2026-08-12 01:37:00,PENDING,3.7,172.7
13418,4222,REFUND,MEDIUM,2026-08-29 17:56:00,RESOLVED,40.9,263.2
13419,63,ACCOUNT,MEDIUM,2026-08-24 05:51:00,PENDING,8.4,130.1
13420,6517,PAYMENT,MEDIUM,2026-08-24 14:51:00,RESOLVED,31.3,144.5
13421,3208,ACCOUNT,LOW,2026-08-31 17:44:00,OPEN,23.6,207.6
13422,8225,REFUND,LOW,2026-08-17 23:22:00,RESOLVED,0.4,361.3
13423,1533,ACCOUNT,HIGH,2026-08-07 16:18:00,OPEN,40.0,313.6
13424,7381,REFUND,MEDIUM,2026-08-29 21:21:00,RESOLVED,27.3,202.9
13425,8304,PRODUCT,HIGH,2026-09-07 18:02:00,RESOLVED,26.2,236.8
13426,1216,DELIVERY,MEDIUM,2026-08-17 11:01:00,RESOLVED,17.6,132.5
13427,5850,REFUND,LOW,2026-08-29 15:21:00,OPEN,40.2,264.3
13428,6457,PAYMENT,LOW,2026-08-27 01:37:00,RESOLVED,16.0,193.0
13429,9220,PAYMENT,MEDIUM,2026-08-02 20:35:00,PENDING,28.0,431.5
13430,2941,DELIVERY,LOW,2026-08-07 17:12:00,RESOLVED,27.2,444.4
13431,4867,DELIVERY,LOW,2026-08-28 08:20:00,RESOLVED,22.5,238.0
13432,4065,ACCOUNT,MEDIUM,2026-08-14 13:58:00,RESOLVED,6.3,294.3
13433,3738,REFUND,MEDIUM,2026-08-11 12:10:00,OPEN,25.5,273.3
13434,9943,PRODUCT,MEDIUM,2026-08-23 17:54:00,RESOLVED,13.8,64.0
13435,6558,DELIVERY,LOW,2026-08-23 05:45:00,RESOLVED,50.2,440.5
13436,1571,REFUND,HIGH,2026-09-06 17:11:00,RESOLVED,39.1,394.5
13437,8643,DELIVERY,CRITICAL,2026-09-09 04:50:00,PENDING,38.2,119.4
13438,1044,PAYMENT,HIGH,2026-08-01 18:29:00,RESOLVED,16.0,358.0
13439,8768,PAYMENT,LOW,2026-08-19 06:37:00,RESOLVED,68.8,141.1
13440,4092,PAYMENT,HIGH,2026-08-30 01:46:00,RESOLVED,18.9,161.6
13441,6763,PRODUCT,MEDIUM,2026-08-14 15:22:00,RESOLVED,12.0,432.2
13442,8642,PRODUCT,LOW,2026-08-20 08:33:00,RESOLVED,19.7,359.1
13443,8716,REFUND,MEDIUM,2026-08-28 17:30:00,PENDING,12.5,206.1
13444,1623,PAYMENT,CRITICAL,2026-08-30 18:56:00,PENDING,26.2,143.3
13445,4055,DELIVERY,MEDIUM,2026-09-07 19:07:00,RESOLVED,18.4,303.1
13446,800,PRODUCT,LOW,2026-08-05 14:14:00,PENDING,71.1,264.2
13447,6434,REFUND,LOW,2026-08-18 21:46:00,PENDING,4.6,105.6
13448,4189,DELIVERY,MEDIUM,2026-08-24 16:03:00,PENDING,39.4,348.9
13449,9985,ACCOUNT,HIGH,2026-09-05 16:51:00,RESOLVED,64.3,246.2
13450,6323,PAYMENT,LOW,2026-08-17 20:53:00,RESOLVED,10.9,109.9
13451,4388,DELIVERY,LOW,2026-08-03 01:50:00,RESOLVED,32.2,550.1
13452,1547,DELIVERY,HIGH,2026-08-13 11:04:00,RESOLVED,14.6,748.1
13453,2874,REFUND,HIGH,2026-09-07 06:41:00,RESOLVED,15.7,360.8
13454,8046,ACCOUNT,HIGH,2026-08-02 07:11:00,RESOLVED,59.0,292.8
13455,1434,DELIVERY,LOW,2026-09-07 22:11:00,PENDING,13.6,238.5
13456,8460,PAYMENT,HIGH,2026-08-22 00:24:00,RESOLVED,28.4,261.4
13457,6023,REFUND,LOW,2026-08-09 06:17:00,RESOLVED,54.7,175.0
13458,5226,PRODUCT,MEDIUM,2026-08-14 16:12:00,RESOLVED,48.4,263.7
13459,4767,PAYMENT,MEDIUM,2026-08-15 03:59:00,RESOLVED,28.7,178.3
13460,305,PAYMENT,CRITICAL,2026-09-06 21:07:00,OPEN,29.2,354.3
13461,2261,ACCOUNT,LOW,2026-09-02 09:58:00,RESOLVED,5.0,48.6
13462,5162,DELIVERY,CRITICAL,2026-08-31 01:02:00,RESOLVED,34.1,296.3
13463,4853,REFUND,CRITICAL,2026-08-01 13:46:00,RESOLVED,12.7,220.7
13464,2142,DELIVERY,HIGH,2026-08-04 11:32:00,RESOLVED,18.6,534.6
13465,8029,REFUND,MEDIUM,2026-09-05 04:18:00,PENDING,43.5,370.5
13466,4461,REFUND,MEDIUM,2026-08-13 09:35:00,RESOLVED,18.8,223.8
13467,3879,ACCOUNT,LOW,2026-08-08 18:37:00,RESOLVED,46.9,266.7
13468,7598,PRODUCT,MEDIUM,2026-08-11 09:20:00,OPEN,8.8,365.8
13469,1490,REFUND,LOW,2026-08-27 08:24:00,RESOLVED,5.7,181.7
13470,545,PRODUCT,MEDIUM,2026-08-28 08:40:00,RESOLVED,7.5,349.6
13471,3228,ACCOUNT,HIGH,2026-08-12 01:11:00,RESOLVED,1.5,240.3
13472,2,DELIVERY,HIGH,2026-08-24 00:09:00,RESOLVED,3.5,165.9
13473,3712,PAYMENT,MEDIUM,2026-09-02 22:26:00,OPEN,43.8,156.0
13474,1335,PAYMENT,MEDIUM,2026-08-15 08:37:00,RESOLVED,78.4,246.0
13475,6596,ACCOUNT,MEDIUM,2026-08-06 07:00:00,RESOLVED,41.2,237.5
13476,454,REFUND,HIGH,2026-08-09 20:55:00,RESOLVED,16.0,130.9
13477,2065,PRODUCT,LOW,2026-09-09 05:53:00,RESOLVED,13.2,217.2
13478,2605,PAYMENT,LOW,2026-08-18 14:51:00,RESOLVED,43.2,289.5
13479,5965,REFUND,LOW,2026-08-29 18:48:00,OPEN,4.9,74.2
13480,4043,REFUND,HIGH,2026-08-11 00:52:00,RESOLVED,14.2,239.2
13481,7685,ACCOUNT,MEDIUM,2026-09-04 11:09:00,RESOLVED,73.3,852.9
13482,7798,ACCOUNT,CRITICAL,2026-08-08 13:54:00,RESOLVED,11.3,266.2
13483,3852,REFUND,CRITICAL,2026-08-05 13:55:00,OPEN,18.5,209.3
13484,304,PAYMENT,HIGH,2026-09-02 15:03:00,RESOLVED,8.3,67.8
13485,9603,DELIVERY,MEDIUM,2026-08-25 12:51:00,PENDING,21.6,298.6
13486,3510,PAYMENT,HIGH,2026-09-08 17:37:00,RESOLVED,25.5,541.2
13487,5377,ACCOUNT,MEDIUM,2026-08-22 06:28:00,RESOLVED,22.5,109.0
13488,9295,PRODUCT,MEDIUM,2026-08-31 04:47:00,RESOLVED,47.7,157.0
13489,6521,PAYMENT,MEDIUM,2026-08-21 22:22:00,OPEN,7.8,262.3
13490,5764,PRODUCT,MEDIUM,2026-08-03 11:56:00,RESOLVED,24.4,500.7
13491,3398,PAYMENT,LOW,2026-08-16 04:13:00,RESOLVED,14.9,76.1
13492,8268,PAYMENT,MEDIUM,2026-09-07 12:57:00,RESOLVED,24.0,407.9
13493,1946,DELIVERY,CRITICAL,2026-09-07 23:23:00,PENDING,4.1,147.8
13494,4836,DELIVERY,LOW,2026-08-19 03:27:00,RESOLVED,12.4,361.6
13495,3500,PAYMENT,LOW,2026-09-04 12:04:00,RESOLVED,4.6,545.0
13496,973,DELIVERY,HIGH,2026-08-11 14:51:00,RESOLVED,23.9,160.5
13497,2772,DELIVERY,HIGH,2026-08-13 06:25:00,RESOLVED,12.6,229.5
13498,1870,REFUND,LOW,2026-08-31 20:54:00,OPEN,3.4,438.2
13499,906,PAYMENT,MEDIUM,2026-08-03 16:36:00,RESOLVED,20.1,277.4
13500,7581,PRODUCT,LOW,2026-08-01 03:36:00,RESOLVED,21.2,196.5
13501,7111,ACCOUNT,LOW,2026-08-10 18:40:00,RESOLVED,14.0,98.0
13502,8642,PRODUCT,LOW,2026-08-02 05:10:00,RESOLVED,31.0,130.0
13503,305,ACCOUNT,LOW,2026-08-23 03:30:00,PENDING,35.8,268.8
13504,4676,REFUND,MEDIUM,2026-08-31 08:15:00,PENDING,50.5,268.9
13505,6607,PRODUCT,LOW,2026-08-26 14:53:00,PENDING,53.2,216.0
13506,4925,DELIVERY,LOW,2026-08-07 10:03:00,PENDING,38.6,306.9
13507,258,DELIVERY,LOW,2026-09-03 20:08:00,RESOLVED,35.2,319.8
13508,4502,PRODUCT,LOW,2026-08-19 21:24:00,PENDING,31.3,272.6
13509,1244,REFUND,MEDIUM,2026-08-13 04:37:00,RESOLVED,9.1,209.4
13510,184,PAYMENT,MEDIUM,2026-08-21 23:47:00,OPEN,32.7,157.5
13511,7308,ACCOUNT,CRITICAL,2026-08-07 09:33:00,RESOLVED,6.7,304.2
13512,956,PRODUCT,LOW,2026-09-09 17:58:00,RESOLVED,38.7,327.8
13513,2990,REFUND,LOW,2026-08-19 11:19:00,RESOLVED,44.6,374.0
13514,9919,PRODUCT,MEDIUM,2026-08-14 04:16:00,RESOLVED,10.7,240.5
13515,9481,ACCOUNT,LOW,2026-08-28 15:33:00,RESOLVED,18.7,201.8
13516,421,REFUND,MEDIUM,2026-08-13 03:41:00,OPEN,21.5,268.4
13517,4011,PAYMENT,MEDIUM,2026-08-31 12:48:00,PENDING,28.2,108.4
13518,3490,PRODUCT,MEDIUM,2026-08-19 22:45:00,RESOLVED,35.9,74.4
13519,6219,PRODUCT,MEDIUM,2026-09-05 00:29:00,RESOLVED,46.8,475.6
13520,6907,PAYMENT,MEDIUM,2026-08-20 08:34:00,PENDING,23.7,398.3
13521,753,PAYMENT,MEDIUM,2026-08-26 22:18:00,PENDING,12.7,305.2
13522,4249,PAYMENT,LOW,2026-08-22 22:25:00,OPEN,22.6,204.0
13523,2799,PAYMENT,LOW,2026-09-08 22:00:00,RESOLVED,13.0,237.5
13524,9827,REFUND,MEDIUM,2026-09-05 03:09:00,RESOLVED,12.6,223.1
13525,2920,ACCOUNT,LOW,2026-08-19 02:50:00,PENDING,18.2,105.5
13526,328,PRODUCT,LOW,2026-08-29 08:39:00,OPEN,8.2,327.4
13527,6242,PRODUCT,MEDIUM,2026-08-09 15:32:00,RESOLVED,30.1,226.4
13528,8746,DELIVERY,MEDIUM,2026-09-04 11:26:00,RESOLVED,34.8,141.0
13529,8217,PAYMENT,LOW,2026-08-25 15:32:00,RESOLVED,79.9,443.4
13530,1348,REFUND,HIGH,2026-08-16 11:05:00,PENDING,17.5,61.8
13531,7426,DELIVERY,LOW,2026-09-05 13:44:00,RESOLVED,8.3,220.7
13532,2049,REFUND,HIGH,2026-08-31 20:10:00,RESOLVED,46.9,165.2
13533,1446,DELIVERY,CRITICAL,2026-08-07 17:38:00,RESOLVED,23.9,151.9
13534,5284,PRODUCT,LOW,2026-09-08 10:39:00,RESOLVED,0.8,80.3
13535,8055,PAYMENT,LOW,2026-08-12 08:58:00,OPEN,15.4,514.7
13536,8715,PRODUCT,LOW,2026-08-04 03:37:00,RESOLVED,17.2,338.9
13537,6185,ACCOUNT,HIGH,2026-08-14 23:58:00,RESOLVED,13.2,500.8
13538,4141,REFUND,CRITICAL,2026-08-18 09:42:00,OPEN,42.1,107.9
13539,5861,DELIVERY,MEDIUM,2026-08-04 00:52:00,RESOLVED,11.4,128.6
13540,2936,DELIVERY,HIGH,2026-08-24 20:31:00,RESOLVED,68.3,244.0
13541,1354,DELIVERY,HIGH,2026-08-18 08:39:00,RESOLVED,31.9,279.6
13542,4017,DELIVERY,MEDIUM,2026-08-24 10:17:00,RESOLVED,20.4,252.4
13543,1692,PAYMENT,HIGH,2026-08-20 21:24:00,RESOLVED,2.7,62.7
13544,944,PRODUCT,MEDIUM,2026-08-21 12:33:00,RESOLVED,23.8,137.3
13545,7473,REFUND,MEDIUM,2026-08-07 04:01:00,PENDING,29.7,201.8
13546,8383,PAYMENT,MEDIUM,2026-09-02 21:30:00,RESOLVED,10.3,295.6
13547,7492,REFUND,MEDIUM,2026-08-26 01:02:00,PENDING,14.1,299.4
13548,9153,PRODUCT,MEDIUM,2026-08-09 10:01:00,PENDING,32.4,317.1
13549,4849,PRODUCT,MEDIUM,2026-08-05 10:34:00,RESOLVED,27.4,321.9
13550,6758,PRODUCT,LOW,2026-09-08 14:59:00,RESOLVED,13.4,562.6
13551,2028,PAYMENT,LOW,2026-08-21 22:17:00,PENDING,19.1,482.5
13552,4447,ACCOUNT,MEDIUM,2026-09-02 08:21:00,RESOLVED,7.2,366.6
13553,1006,DELIVERY,MEDIUM,2026-08-20 05:13:00,RESOLVED,13.3,137.1
13554,6142,PAYMENT,LOW,2026-08-12 17:17:00,OPEN,17.1,409.0
13555,4363,DELIVERY,LOW,2026-08-12 17:49:00,RESOLVED,13.8,112.4
13556,5519,ACCOUNT,LOW,2026-08-02 07:18:00,RESOLVED,7.7,92.4
13557,8543,DELIVERY,HIGH,2026-08-22 22:00:00,RESOLVED,61.5,197.3
13558,516,PAYMENT,MEDIUM,2026-08-29 20:07:00,RESOLVED,6.2,339.1
13559,4452,DELIVERY,LOW,2026-08-05 09:44:00,OPEN,23.0,129.7
13560,3945,PRODUCT,MEDIUM,2026-08-02 01:22:00,RESOLVED,50.6,262.9
13561,7402,PAYMENT,MEDIUM,2026-08-07 15:44:00,PENDING,11.2,305.0
13562,6569,PAYMENT,MEDIUM,2026-08-20 11:10:00,RESOLVED,2.0,447.3
13563,7206,ACCOUNT,HIGH,2026-08-21 17:14:00,RESOLVED,21.3,443.5
13564,8478,ACCOUNT,MEDIUM,2026-08-24 06:46:00,RESOLVED,12.8,496.6
13565,2980,PAYMENT,LOW,2026-09-03 14:47:00,RESOLVED,13.0,375.0
13566,3590,REFUND,HIGH,2026-09-09 03:33:00,PENDING,33.9,369.9
13567,3468,REFUND,LOW,2026-09-05 21:58:00,PENDING,33.5,208.6
13568,8193,PRODUCT,HIGH,2026-08-13 13:24:00,RESOLVED,16.4,144.6
13569,4647,ACCOUNT,HIGH,2026-08-19 00:51:00,RESOLVED,13.6,139.7
13570,7570,PAYMENT,LOW,2026-08-29 17:36:00,RESOLVED,23.1,425.2
13571,2451,PAYMENT,HIGH,2026-08-11 14:51:00,RESOLVED,10.9,203.1
13572,9294,ACCOUNT,HIGH,2026-09-08 04:11:00,OPEN,16.7,199.0
13573,4839,DELIVERY,HIGH,2026-08-06 00:46:00,RESOLVED,19.4,232.3
13574,9895,DELIVERY,LOW,2026-08-19 12:23:00,OPEN,61.2,666.3
13575,4469,DELIVERY,LOW,2026-08-31 02:18:00,RESOLVED,11.4,95.6
13576,418,PAYMENT,MEDIUM,2026-08-05 19:54:00,RESOLVED,16.2,267.1
13577,2632,ACCOUNT,MEDIUM,2026-09-09 14:19:00,PENDING,35.3,95.8
13578,4375,REFUND,LOW,2026-08-05 22:11:00,RESOLVED,36.3,533.3
13579,1329,PRODUCT,LOW,2026-08-11 02:42:00,RESOLVED,15.9,354.4
13580,7736,ACCOUNT,MEDIUM,2026-08-16 13:56:00,OPEN,1.6,51.2
13581,3486,ACCOUNT,LOW,2026-08-26 16:59:00,RESOLVED,40.1,158.7
13582,8232,PRODUCT,MEDIUM,2026-08-13 23:33:00,RESOLVED,41.6,188.6
13583,9644,REFUND,LOW,2026-08-23 19:21:00,RESOLVED,24.0,180.6
13584,829,PRODUCT,MEDIUM,2026-08-13 15:50:00,RESOLVED,3.9,30.3
13585,2789,PAYMENT,MEDIUM,2026-08-14 21:55:00,RESOLVED,13.7,199.3
13586,6066,PAYMENT,MEDIUM,2026-08-20 09:10:00,RESOLVED,9.2,275.9
13587,8654,PRODUCT,LOW,2026-08-12 20:08:00,RESOLVED,11.2,209.1
13588,8985,PRODUCT,MEDIUM,2026-08-22 11:50:00,RESOLVED,18.1,157.2
13589,1944,ACCOUNT,LOW,2026-08-17 16:31:00,RESOLVED,60.7,420.5
13590,2271,PAYMENT,LOW,2026-08-11 14:49:00,RESOLVED,12.9,125.5
13591,1987,PRODUCT,MEDIUM,2026-08-17 03:11:00,RESOLVED,44.5,480.7
13592,3474,REFUND,MEDIUM,2026-08-18 14:35:00,RESOLVED,40.1,602.1
13593,6118,PAYMENT,LOW,2026-08-20 11:04:00,RESOLVED,6.0,615.0
13594,3949,ACCOUNT,CRITICAL,2026-08-27 01:35:00,RESOLVED,3.4,94.3
13595,7264,PRODUCT,HIGH,2026-08-12 15:11:00,PENDING,13.6,169.5
13596,3946,PAYMENT,HIGH,2026-08-23 06:41:00,PENDING,30.5,413.5
13597,5898,PAYMENT,MEDIUM,2026-08-18 09:30:00,RESOLVED,40.1,289.2
13598,5618,REFUND,MEDIUM,2026-08-31 04:53:00,RESOLVED,45.3,218.3
13599,2533,REFUND,MEDIUM,2026-08-25 19:49:00,RESOLVED,21.9,548.6
13600,609,PRODUCT,MEDIUM,2026-08-11 23:08:00,RESOLVED,41.7,119.2
13601,2209,DELIVERY,MEDIUM,2026-08-09 15:26:00,RESOLVED,5.7,158.6
13602,7792,DELIVERY,MEDIUM,2026-08-16 01:41:00,RESOLVED,7.2,375.4
13603,7471,PAYMENT,LOW,2026-08-15 01:14:00,RESOLVED,17.5,372.9
13604,1229,PRODUCT,HIGH,2026-08-23 03:18:00,RESOLVED,26.6,88.8
13605,3842,ACCOUNT,MEDIUM,2026-08-10 22:51:00,OPEN,15.3,69.4
13606,8134,PAYMENT,MEDIUM,2026-09-06 07:38:00,RESOLVED,13.6,173.9
13607,8072,DELIVERY,MEDIUM,2026-09-03 08:36:00,RESOLVED,18.3,197.7
13608,171,PRODUCT,MEDIUM,2026-08-25 11:29:00,RESOLVED,21.3,302.5
13609,7861,REFUND,MEDIUM,2026-08-27 13:16:00,PENDING,61.4,91.3
13610,7871,DELIVERY,MEDIUM,2026-08-12 12:20:00,RESOLVED,5.9,257.5
13611,1164,PRODUCT,LOW,2026-08-23 09:09:00,RESOLVED,11.6,229.0
13612,3553,PRODUCT,LOW,2026-08-02 11:24:00,OPEN,13.7,232.4
13613,537,DELIVERY,LOW,2026-08-06 12:06:00,RESOLVED,51.3,153.0
13614,6559,PRODUCT,MEDIUM,2026-08-21 14:04:00,OPEN,61.8,265.8
13615,8619,PAYMENT,MEDIUM,2026-08-04 22:32:00,PENDING,51.2,240.6
13616,1792,PRODUCT,LOW,2026-09-08 00:31:00,RESOLVED,14.9,302.7
13617,3520,PRODUCT,LOW,2026-08-30 14:13:00,RESOLVED,13.8,259.3
13618,5371,PAYMENT,HIGH,2026-08-27 16:23:00,RESOLVED,24.2,184.4
13619,721,REFUND,LOW,2026-09-05 21:37:00,RESOLVED,66.0,366.6
13620,2992,PRODUCT,MEDIUM,2026-08-17 23:29:00,RESOLVED,28.6,401.2
13621,2174,DELIVERY,MEDIUM,2026-09-04 10:15:00,RESOLVED,24.6,303.1
13622,40,PAYMENT,MEDIUM,2026-08-04 01:45:00,RESOLVED,17.2,128.9
13623,6683,PRODUCT,LOW,2026-09-02 00:21:00,RESOLVED,26.4,181.4
13624,7252,REFUND,MEDIUM,2026-08-05 15:44:00,RESOLVED,3.2,109.7
13625,808,DELIVERY,LOW,2026-08-05 22:18:00,RESOLVED,35.6,224.8
13626,1312,DELIVERY,MEDIUM,2026-08-30 17:53:00,RESOLVED,20.7,95.6
13627,706,PAYMENT,MEDIUM,2026-08-29 03:29:00,RESOLVED,37.4,234.1
13628,9398,PAYMENT,MEDIUM,2026-08-13 15:14:00,OPEN,23.3,204.0
13629,5696,PRODUCT,MEDIUM,2026-08-07 01:39:00,RESOLVED,57.7,237.2
13630,5438,ACCOUNT,CRITICAL,2026-08-12 17:05:00,PENDING,9.4,182.9
13631,862,ACCOUNT,LOW,2026-08-19 15:38:00,RESOLVED,6.0,171.9
13632,17,REFUND,LOW,2026-08-10 05:36:00,RESOLVED,11.6,176.3
13633,9281,DELIVERY,MEDIUM,2026-09-07 09:55:00,RESOLVED,12.2,557.6
13634,9450,PRODUCT,MEDIUM,2026-09-05 21:20:00,OPEN,39.1,579.8
13635,5447,DELIVERY,LOW,2026-08-17 03:30:00,RESOLVED,36.4,91.4
13636,1328,PRODUCT,HIGH,2026-08-13 05:12:00,OPEN,61.1,271.2
13637,298,REFUND,LOW,2026-08-08 21:57:00,RESOLVED,7.4,181.4
13638,8340,REFUND,HIGH,2026-08-08 01:50:00,PENDING,25.2,123.0
13639,5288,DELIVERY,MEDIUM,2026-08-04 12:06:00,OPEN,33.4,314.8
13640,3293,DELIVERY,MEDIUM,2026-08-15 16:32:00,OPEN,3.3,241.6
13641,123,DELIVERY,MEDIUM,2026-09-05 17:56:00,RESOLVED,8.8,312.5
13642,5681,PAYMENT,LOW,2026-08-29 10:02:00,OPEN,20.3,148.2
13643,8781,REFUND,MEDIUM,2026-08-03 02:30:00,RESOLVED,4.5,312.5
13644,8358,REFUND,LOW,2026-08-17 13:41:00,PENDING,43.6,262.2
13645,7314,DELIVERY,LOW,2026-08-14 04:31:00,RESOLVED,55.2,249.8
13646,502,DELIVERY,MEDIUM,2026-08-31 14:30:00,OPEN,54.6,737.8
13647,7568,PRODUCT,LOW,2026-08-21 23:49:00,PENDING,17.1,123.8
13648,6801,ACCOUNT,MEDIUM,2026-08-28 06:43:00,RESOLVED,1.8,483.7
13649,8392,PRODUCT,MEDIUM,2026-08-03 15:48:00,OPEN,7.7,68.8
13650,1486,ACCOUNT,CRITICAL,2026-08-15 05:23:00,OPEN,13.9,97.3
13651,8624,PRODUCT,HIGH,2026-08-15 08:10:00,RESOLVED,6.7,204.1
13652,7164,DELIVERY,LOW,2026-09-05 00:08:00,PENDING,34.2,316.3
13653,7650,PRODUCT,HIGH,2026-08-31 10:23:00,PENDING,2.5,89.0
13654,1608,REFUND,LOW,2026-08-03 22:55:00,OPEN,11.8,355.9
13655,8555,PRODUCT,MEDIUM,2026-08-07 15:13:00,RESOLVED,10.9,269.5
13656,220,PRODUCT,HIGH,2026-08-30 09:45:00,RESOLVED,55.4,435.0
13657,2226,ACCOUNT,LOW,2026-08-15 10:16:00,RESOLVED,11.7,368.1
13658,1555,ACCOUNT,MEDIUM,2026-08-21 07:30:00,OPEN,20.7,264.6
13659,2318,PRODUCT,LOW,2026-08-16 06:45:00,RESOLVED,20.4,65.5
13660,6258,ACCOUNT,HIGH,2026-08-13 19:43:00,OPEN,21.0,112.8
13661,9254,PAYMENT,MEDIUM,2026-08-06 00:35:00,PENDING,37.4,627.9
13662,9858,ACCOUNT,LOW,2026-08-17 08:20:00,OPEN,17.7,510.4
13663,1088,DELIVERY,LOW,2026-09-01 20:05:00,RESOLVED,34.5,431.9
13664,9702,PAYMENT,MEDIUM,2026-08-24 12:16:00,PENDING,10.6,474.9
13665,1091,PRODUCT,MEDIUM,2026-08-07 22:12:00,OPEN,22.3,51.0
13666,7457,ACCOUNT,MEDIUM,2026-08-11 22:30:00,RESOLVED,11.0,80.5
13667,1839,ACCOUNT,MEDIUM,2026-08-29 11:56:00,PENDING,12.1,354.2
13668,8246,REFUND,MEDIUM,2026-08-25 06:38:00,RESOLVED,14.2,554.5
13669,3492,PRODUCT,MEDIUM,2026-09-09 18:57:00,RESOLVED,38.2,155.1
13670,8740,DELIVERY,LOW,2026-08-22 04:50:00,OPEN,3.4,534.4
13671,5419,DELIVERY,LOW,2026-09-08 00:56:00,RESOLVED,4.1,52.9
13672,5284,PRODUCT,LOW,2026-08-31 18:02:00,PENDING,18.7,300.5
13673,4407,REFUND,HIGH,2026-09-04 23:56:00,OPEN,40.5,63.1
13674,2287,PAYMENT,MEDIUM,2026-08-08 04:12:00,RESOLVED,26.4,314.2
13675,5154,REFUND,LOW,2026-08-16 17:06:00,RESOLVED,59.3,266.4
13676,6611,PRODUCT,HIGH,2026-08-15 06:18:00,RESOLVED,19.1,143.4
13677,1402,DELIVERY,MEDIUM,2026-08-05 00:41:00,RESOLVED,1.9,302.2
13678,1416,PRODUCT,LOW,2026-08-21 10:19:00,OPEN,31.5,333.1
13679,4274,PRODUCT,MEDIUM,2026-08-03 05:59:00,PENDING,75.2,216.9
13680,8324,ACCOUNT,HIGH,2026-08-30 02:24:00,RESOLVED,14.9,472.1
13681,3532,REFUND,HIGH,2026-08-11 17:05:00,RESOLVED,34.8,309.4
13682,4121,REFUND,MEDIUM,2026-08-14 10:34:00,OPEN,27.7,126.4
13683,9592,PAYMENT,HIGH,2026-08-10 19:34:00,RESOLVED,22.7,188.0
13684,2665,REFUND,MEDIUM,2026-08-13 05:24:00,RESOLVED,20.0,362.3
13685,3666,PRODUCT,HIGH,2026-08-19 08:17:00,OPEN,23.5,171.6
13686,8435,PRODUCT,HIGH,2026-09-05 17:18:00,OPEN,83.1,453.5
13687,5184,PRODUCT,LOW,2026-08-06 05:49:00,RESOLVED,3.1,184.4
13688,1112,PAYMENT,MEDIUM,2026-08-05 08:35:00,RESOLVED,19.7,134.0
13689,2149,PRODUCT,LOW,2026-08-13 17:10:00,RESOLVED,5.1,361.4
13690,9749,DELIVERY,MEDIUM,2026-08-30 02:09:00,RESOLVED,29.6,530.0
13691,8107,DELIVERY,LOW,2026-08-31 04:00:00,OPEN,8.8,138.7
13692,9505,REFUND,MEDIUM,2026-09-02 04:09:00,RESOLVED,13.1,205.1
13693,4802,REFUND,CRITICAL,2026-08-28 02:55:00,RESOLVED,5.9,771.0
13694,6088,ACCOUNT,MEDIUM,2026-08-11 10:55:00,RESOLVED,36.3,443.0
13695,1376,REFUND,LOW,2026-08-27 07:25:00,RESOLVED,31.4,489.1
13696,7122,ACCOUNT,LOW,2026-08-18 11:37:00,RESOLVED,16.2,479.5
13697,5696,PAYMENT,CRITICAL,2026-08-28 06:38:00,PENDING,21.1,155.9
13698,372,PRODUCT,MEDIUM,2026-08-21 19:02:00,RESOLVED,1.1,67.6
13699,8471,DELIVERY,MEDIUM,2026-09-07 05:56:00,OPEN,25.5,333.6
13700,4371,PRODUCT,MEDIUM,2026-08-31 19:45:00,RESOLVED,17.2,137.6
13701,9933,PAYMENT,MEDIUM,2026-09-09 07:33:00,OPEN,8.5,108.5
13702,8847,ACCOUNT,MEDIUM,2026-09-04 23:04:00,PENDING,50.8,406.2
13703,4205,DELIVERY,HIGH,2026-08-20 19:37:00,RESOLVED,14.1,371.4
13704,116,REFUND,MEDIUM,2026-08-16 16:58:00,RESOLVED,1.5,55.6
13705,1466,ACCOUNT,LOW,2026-08-12 04:36:00,RESOLVED,66.2,204.6
13706,2907,PAYMENT,MEDIUM,2026-08-14 22:26:00,RESOLVED,17.3,136.9
13707,2976,PAYMENT,MEDIUM,2026-08-08 20:20:00,RESOLVED,13.1,535.8
13708,3539,PAYMENT,LOW,2026-08-15 01:12:00,RESOLVED,91.6,158.5
13709,9551,REFUND,MEDIUM,2026-09-05 00:19:00,RESOLVED,30.6,250.4
13710,6751,ACCOUNT,LOW,2026-08-08 19:41:00,OPEN,23.3,142.0
13711,1911,PAYMENT,HIGH,2026-09-05 02:06:00,RESOLVED,7.4,260.4
13712,7049,DELIVERY,MEDIUM,2026-08-03 05:23:00,RESOLVED,35.1,152.6
13713,567,REFUND,MEDIUM,2026-08-07 12:59:00,RESOLVED,12.7,252.5
13714,652,ACCOUNT,MEDIUM,2026-09-05 13:30:00,RESOLVED,26.8,249.4
13715,6445,PAYMENT,HIGH,2026-08-22 01:45:00,RESOLVED,19.0,187.5
13716,2176,PRODUCT,HIGH,2026-08-13 11:27:00,RESOLVED,6.0,285.5
13717,4374,DELIVERY,LOW,2026-08-08 17:22:00,RESOLVED,41.9,210.3
13718,8255,DELIVERY,LOW,2026-08-01 10:40:00,OPEN,97.3,391.5
13719,3887,REFUND,MEDIUM,2026-08-09 05:26:00,RESOLVED,20.5,227.2
13720,1919,PAYMENT,MEDIUM,2026-08-06 19:20:00,RESOLVED,17.2,67.0
13721,9993,PRODUCT,MEDIUM,2026-08-28 11:01:00,RESOLVED,25.8,194.7
13722,2866,DELIVERY,MEDIUM,2026-09-07 16:44:00,PENDING,28.5,235.7
13723,6589,ACCOUNT,MEDIUM,2026-08-11 00:22:00,RESOLVED,13.1,454.0
13724,1623,PRODUCT,MEDIUM,2026-08-03 10:38:00,PENDING,22.2,231.5
13725,1621,REFUND,MEDIUM,2026-09-09 17:22:00,RESOLVED,25.3,241.0
13726,7544,PAYMENT,LOW,2026-08-28 16:20:00,OPEN,19.6,234.6
13727,8979,PAYMENT,CRITICAL,2026-08-16 20:18:00,RESOLVED,36.1,167.3
13728,272,PRODUCT,MEDIUM,2026-09-01 05:38:00,PENDING,41.2,657.0
13729,9751,DELIVERY,LOW,2026-08-28 20:32:00,RESOLVED,23.3,269.2
13730,3020,PAYMENT,CRITICAL,2026-08-30 22:16:00,RESOLVED,39.5,620.9
13731,9862,PAYMENT,MEDIUM,2026-08-07 18:20:00,RESOLVED,38.8,562.3
13732,5324,PRODUCT,MEDIUM,2026-08-14 08:05:00,RESOLVED,12.7,153.1
13733,7658,REFUND,HIGH,2026-08-21 20:06:00,RESOLVED,16.2,54.8
13734,61,REFUND,LOW,2026-08-26 14:00:00,RESOLVED,46.4,124.8
13735,1578,ACCOUNT,MEDIUM,2026-08-23 05:39:00,PENDING,39.3,563.9
13736,9540,ACCOUNT,LOW,2026-08-12 06:29:00,RESOLVED,13.2,248.8
13737,1650,ACCOUNT,HIGH,2026-08-15 19:40:00,RESOLVED,13.5,296.3
13738,8693,ACCOUNT,LOW,2026-08-17 15:52:00,OPEN,5.2,257.8
13739,1184,DELIVERY,LOW,2026-08-04 00:15:00,RESOLVED,27.6,160.2
13740,6474,PRODUCT,LOW,2026-09-03 05:46:00,RESOLVED,8.8,71.6
13741,3719,PRODUCT,MEDIUM,2026-08-26 22:45:00,RESOLVED,11.5,490.6
13742,4392,REFUND,LOW,2026-08-25 06:20:00,RESOLVED,7.4,205.3
13743,7110,PAYMENT,MEDIUM,2026-08-31 15:08:00,OPEN,21.8,246.6
13744,1554,ACCOUNT,MEDIUM,2026-08-19 17:48:00,RESOLVED,9.9,246.7
13745,3443,DELIVERY,LOW,2026-08-24 12:46:00,RESOLVED,11.6,167.2
13746,5537,ACCOUNT,HIGH,2026-08-28 11:29:00,RESOLVED,21.3,163.2
13747,3601,REFUND,HIGH,2026-08-26 23:45:00,RESOLVED,23.5,308.1
13748,2393,ACCOUNT,LOW,2026-08-30 14:38:00,RESOLVED,15.3,177.5
13749,441,PAYMENT,LOW,2026-08-03 18:22:00,RESOLVED,24.2,492.3
13750,6381,DELIVERY,MEDIUM,2026-09-07 04:52:00,RESOLVED,2.5,331.2
13751,622,DELIVERY,LOW,2026-08-22 02:19:00,RESOLVED,18.4,506.7
13752,1456,ACCOUNT,MEDIUM,2026-08-31 17:40:00,PENDING,20.0,171.5
13753,2376,PRODUCT,MEDIUM,2026-08-02 14:24:00,RESOLVED,27.8,220.5
13754,7172,REFUND,MEDIUM,2026-08-20 03:33:00,RESOLVED,26.8,355.6
13755,1222,PRODUCT,MEDIUM,2026-08-19 04:12:00,RESOLVED,9.5,68.0
13756,3230,PAYMENT,HIGH,2026-08-09 17:18:00,RESOLVED,38.7,177.4
13757,740,DELIVERY,MEDIUM,2026-09-05 17:17:00,RESOLVED,101.5,631.8
13758,5020,PRODUCT,LOW,2026-08-19 19:36:00,RESOLVED,16.3,107.7
13759,1808,DELIVERY,LOW,2026-09-05 16:37:00,RESOLVED,36.6,220.4
13760,1619,PAYMENT,MEDIUM,2026-08-18 14:17:00,OPEN,16.7,125.7
13761,3203,DELIVERY,MEDIUM,2026-08-24 16:19:00,RESOLVED,8.4,108.5
13762,2563,REFUND,HIGH,2026-08-24 23:07:00,RESOLVED,55.9,255.8
13763,490,ACCOUNT,MEDIUM,2026-08-26 08:30:00,RESOLVED,14.2,85.9
13764,4503,PAYMENT,MEDIUM,2026-08-26 00:25:00,RESOLVED,72.3,418.8
13765,5029,PRODUCT,CRITICAL,2026-09-02 02:05:00,RESOLVED,11.1,319.3
13766,4582,REFUND,LOW,2026-08-09 16:12:00,OPEN,37.4,635.0
13767,4421,DELIVERY,LOW,2026-08-29 15:22:00,RESOLVED,41.4,316.4
13768,9998,PRODUCT,CRITICAL,2026-09-02 05:52:00,OPEN,6.8,235.1
13769,2749,REFUND,HIGH,2026-09-02 18:52:00,RESOLVED,7.0,207.2
13770,3355,DELIVERY,LOW,2026-08-17 12:45:00,RESOLVED,10.7,541.9
13771,5108,PAYMENT,MEDIUM,2026-08-17 19:13:00,RESOLVED,11.7,450.3
13772,844,PAYMENT,MEDIUM,2026-09-01 11:45:00,RESOLVED,50.5,212.4
13773,9888,DELIVERY,LOW,2026-08-21 13:59:00,PENDING,99.8,326.6
13774,5243,PAYMENT,LOW,2026-08-01 15:00:00,RESOLVED,14.5,358.8
13775,6965,PAYMENT,LOW,2026-08-31 01:11:00,RESOLVED,8.4,304.6
13776,3219,ACCOUNT,MEDIUM,2026-08-31 19:00:00,RESOLVED,19.0,227.8
13777,6917,DELIVERY,LOW,2026-08-21 10:14:00,RESOLVED,50.8,147.6
13778,8778,PAYMENT,LOW,2026-08-22 23:19:00,RESOLVED,10.5,102.8
13779,5787,PRODUCT,LOW,2026-08-22 04:22:00,RESOLVED,5.0,265.4
13780,2103,PAYMENT,MEDIUM,2026-08-17 22:17:00,PENDING,20.5,135.4
13781,6841,REFUND,HIGH,2026-08-28 21:44:00,OPEN,25.1,207.1
13782,8557,ACCOUNT,MEDIUM,2026-08-06 16:55:00,RESOLVED,13.0,455.5
13783,6936,REFUND,LOW,2026-08-12 12:53:00,RESOLVED,46.0,126.9
13784,6636,ACCOUNT,CRITICAL,2026-09-05 11:12:00,OPEN,17.8,647.2
13785,4638,ACCOUNT,CRITICAL,2026-09-02 02:06:00,RESOLVED,37.8,240.8
13786,1880,PRODUCT,LOW,2026-08-03 02:58:00,RESOLVED,2.7,165.6
13787,7189,PRODUCT,CRITICAL,2026-08-07 20:41:00,RESOLVED,10.3,131.1
13788,4053,PAYMENT,MEDIUM,2026-08-05 13:08:00,OPEN,21.1,509.0
13789,2307,PRODUCT,LOW,2026-09-08 07:27:00,OPEN,21.0,347.3
13790,4925,REFUND,MEDIUM,2026-09-03 20:10:00,PENDING,41.0,177.8
13791,224,DELIVERY,MEDIUM,2026-08-23 23:13:00,PENDING,37.3,273.2
13792,5218,PRODUCT,HIGH,2026-08-28 13:04:00,OPEN,13.4,88.8
13793,5472,ACCOUNT,MEDIUM,2026-08-25 16:35:00,RESOLVED,9.9,237.9
13794,3971,ACCOUNT,HIGH,2026-09-03 18:11:00,RESOLVED,18.5,77.9
13795,7035,PRODUCT,HIGH,2026-09-06 19:57:00,RESOLVED,25.2,157.5
13796,5847,ACCOUNT,LOW,2026-09-08 20:59:00,RESOLVED,10.8,296.2
13797,3660,PAYMENT,MEDIUM,2026-08-14 15:37:00,RESOLVED,38.7,185.0
13798,7168,DELIVERY,MEDIUM,2026-08-14 14:31:00,RESOLVED,32.8,123.5
13799,1167,REFUND,LOW,2026-08-05 14:06:00,RESOLVED,11.8,355.7
13800,5062,REFUND,MEDIUM,2026-09-02 08:41:00,RESOLVED,7.5,125.2
13801,1404,ACCOUNT,HIGH,2026-08-17 17:58:00,RESOLVED,42.6,578.7
13802,6025,ACCOUNT,MEDIUM,2026-08-02 12:51:00,RESOLVED,64.5,287.6
13803,178,PRODUCT,MEDIUM,2026-09-03 03:26:00,OPEN,31.5,147.7
13804,8596,ACCOUNT,LOW,2026-09-06 11:13:00,OPEN,23.1,310.7
13805,314,REFUND,MEDIUM,2026-09-04 04:43:00,PENDING,35.7,645.5
13806,4978,PRODUCT,HIGH,2026-08-26 11:27:00,RESOLVED,51.3,223.4
13807,6664,DELIVERY,HIGH,2026-09-04 22:37:00,PENDING,21.0,421.1
13808,4163,DELIVERY,HIGH,2026-09-06 03:10:00,RESOLVED,2.1,395.1
13809,2154,PRODUCT,LOW,2026-08-22 18:18:00,RESOLVED,26.4,297.0
13810,2478,PRODUCT,HIGH,2026-08-23 13:26:00,RESOLVED,27.1,202.2
13811,8428,PAYMENT,HIGH,2026-08-13 21:50:00,RESOLVED,12.6,255.7
13812,1314,PAYMENT,LOW,2026-08-26 05:48:00,RESOLVED,18.1,460.4
13813,7109,PRODUCT,MEDIUM,2026-09-09 21:06:00,RESOLVED,32.3,252.4
13814,2923,REFUND,LOW,2026-09-07 04:44:00,RESOLVED,13.6,181.0
13815,121,REFUND,MEDIUM,2026-09-03 20:35:00,RESOLVED,17.4,197.8
13816,4062,REFUND,LOW,2026-08-13 02:14:00,RESOLVED,22.1,352.1
13817,948,REFUND,MEDIUM,2026-08-31 06:39:00,RESOLVED,32.5,361.9
13818,7643,REFUND,LOW,2026-08-14 18:39:00,RESOLVED,47.3,253.4
13819,7691,DELIVERY,HIGH,2026-08-01 16:54:00,OPEN,28.7,250.3
13820,2175,PAYMENT,LOW,2026-09-04 01:38:00,RESOLVED,66.0,274.4
13821,7733,PAYMENT,LOW,2026-08-13 03:46:00,PENDING,14.6,153.9
13822,7022,DELIVERY,LOW,2026-09-08 14:24:00,RESOLVED,21.0,210.4
13823,6764,ACCOUNT,MEDIUM,2026-08-22 20:25:00,RESOLVED,20.3,393.2
13824,791,PAYMENT,MEDIUM,2026-08-27 17:02:00,PENDING,3.6,177.3
13825,1279,DELIVERY,MEDIUM,2026-08-24 00:48:00,RESOLVED,4.5,214.0
13826,1584,DELIVERY,MEDIUM,2026-08-18 04:52:00,RESOLVED,6.6,188.3
13827,8181,DELIVERY,HIGH,2026-09-06 08:09:00,RESOLVED,7.9,339.1
13828,3264,PAYMENT,MEDIUM,2026-08-05 10:39:00,RESOLVED,8.6,169.9
13829,5298,REFUND,MEDIUM,2026-08-07 11:29:00,RESOLVED,2.4,173.1
13830,4699,ACCOUNT,MEDIUM,2026-08-25 07:02:00,OPEN,48.8,324.2
13831,9999,PAYMENT,CRITICAL,2026-09-08 16:53:00,RESOLVED,22.0,203.6
13832,1810,PRODUCT,LOW,2026-09-02 23:14:00,RESOLVED,35.4,228.1
13833,7782,REFUND,LOW,2026-08-29 06:25:00,RESOLVED,16.4,413.9
13834,1121,DELIVERY,MEDIUM,2026-08-05 09:29:00,OPEN,12.7,491.5
13835,9779,REFUND,MEDIUM,2026-08-03 07:56:00,PENDING,45.3,218.6
13836,5659,PRODUCT,LOW,2026-08-12 14:58:00,PENDING,39.5,550.0
13837,2637,PRODUCT,HIGH,2026-08-29 14:04:00,RESOLVED,11.1,265.8
13838,4120,DELIVERY,LOW,2026-08-05 01:40:00,RESOLVED,10.5,45.3
13839,7284,REFUND,MEDIUM,2026-08-15 04:24:00,RESOLVED,62.6,258.2
13840,4159,PAYMENT,LOW,2026-08-14 13:20:00,RESOLVED,2.5,637.2
13841,677,REFUND,HIGH,2026-08-07 02:02:00,PENDING,20.1,276.4
13842,3080,REFUND,MEDIUM,2026-08-24 02:07:00,RESOLVED,10.2,490.2
13843,9156,ACCOUNT,LOW,2026-08-10 12:35:00,OPEN,13.6,190.6
13844,3713,ACCOUNT,LOW,2026-08-06 04:48:00,OPEN,20.2,330.5
13845,4908,REFUND,LOW,2026-08-18 07:54:00,RESOLVED,38.7,788.0
13846,1841,DELIVERY,MEDIUM,2026-08-19 22:35:00,RESOLVED,28.0,188.3
13847,270,REFUND,LOW,2026-08-09 04:48:00,OPEN,3.7,126.3
13848,2706,ACCOUNT,MEDIUM,2026-08-01 13:02:00,RESOLVED,6.6,162.9
13849,8682,ACCOUNT,MEDIUM,2026-08-03 20:36:00,RESOLVED,58.7,215.9
13850,5423,PRODUCT,MEDIUM,2026-09-02 23:09:00,RESOLVED,12.2,289.7
13851,3771,PRODUCT,LOW,2026-09-02 20:17:00,OPEN,10.6,232.2
13852,5223,REFUND,MEDIUM,2026-08-28 00:42:00,RESOLVED,44.5,406.7
13853,8126,PAYMENT,CRITICAL,2026-08-11 16:12:00,OPEN,18.5,202.9
13854,9060,ACCOUNT,MEDIUM,2026-08-26 23:04:00,RESOLVED,13.9,369.9
13855,3178,REFUND,HIGH,2026-09-06 20:39:00,RESOLVED,4.3,132.9
13856,8326,PAYMENT,LOW,2026-09-03 21:50:00,RESOLVED,9.3,198.1
13857,8016,ACCOUNT,LOW,2026-08-29 08:19:00,RESOLVED,9.5,320.3
13858,72,PRODUCT,CRITICAL,2026-08-06 13:17:00,PENDING,35.3,383.8
13859,8941,DELIVERY,MEDIUM,2026-08-18 19:44:00,RESOLVED,15.1,207.1
13860,2298,PRODUCT,MEDIUM,2026-09-08 16:59:00,PENDING,21.2,576.2
13861,7660,DELIVERY,MEDIUM,2026-09-01 02:57:00,RESOLVED,18.5,363.4
13862,8877,REFUND,HIGH,2026-08-02 21:01:00,RESOLVED,16.0,506.2
13863,5736,ACCOUNT,HIGH,2026-09-05 05:06:00,RESOLVED,9.6,107.6
13864,3148,DELIVERY,LOW,2026-08-18 19:48:00,PENDING,30.3,335.8
13865,8553,DELIVERY,LOW,2026-08-07 01:25:00,RESOLVED,21.5,445.4
13866,4778,ACCOUNT,HIGH,2026-08-01 01:48:00,OPEN,9.8,551.6
13867,7682,PRODUCT,LOW,2026-08-17 05:57:00,RESOLVED,32.5,365.0
13868,6750,REFUND,MEDIUM,2026-09-06 19:58:00,OPEN,7.0,239.2
13869,3210,REFUND,LOW,2026-08-25 06:18:00,OPEN,17.6,61.7
13870,5434,ACCOUNT,MEDIUM,2026-08-20 02:17:00,PENDING,16.3,177.4
13871,2009,PRODUCT,MEDIUM,2026-08-21 18:16:00,RESOLVED,36.2,883.9
13872,49,REFUND,LOW,2026-08-11 22:31:00,PENDING,7.4,117.3
13873,6896,DELIVERY,LOW,2026-08-01 17:52:00,RESOLVED,3.3,365.8
13874,2066,PAYMENT,MEDIUM,2026-08-18 18:10:00,RESOLVED,28.4,117.8
13875,5196,REFUND,MEDIUM,2026-08-08 08:24:00,RESOLVED,31.9,207.6
13876,1005,PAYMENT,MEDIUM,2026-09-08 01:07:00,RESOLVED,79.7,230.2
13877,6548,DELIVERY,MEDIUM,2026-08-11 00:41:00,RESOLVED,108.5,422.4
13878,1677,PAYMENT,LOW,2026-08-10 05:03:00,PENDING,6.1,164.7
13879,2487,REFUND,MEDIUM,2026-08-19 00:22:00,RESOLVED,47.1,565.2
13880,1474,ACCOUNT,HIGH,2026-08-14 19:24:00,OPEN,45.5,136.1
13881,9171,REFUND,MEDIUM,2026-08-25 04:33:00,RESOLVED,32.9,244.0
13882,6228,REFUND,HIGH,2026-08-01 09:58:00,RESOLVED,38.3,139.1
13883,6657,REFUND,CRITICAL,2026-09-08 21:57:00,OPEN,9.8,276.6
13884,4066,PRODUCT,LOW,2026-08-09 18:38:00,RESOLVED,35.6,489.5
13885,8585,PRODUCT,LOW,2026-08-27 13:08:00,RESOLVED,19.0,260.5
13886,666,REFUND,LOW,2026-09-05 08:55:00,PENDING,3.9,485.9
13887,4137,PRODUCT,LOW,2026-08-02 21:17:00,RESOLVED,17.0,474.5
13888,823,DELIVERY,MEDIUM,2026-08-20 04:10:00,RESOLVED,22.6,203.0
13889,6972,DELIVERY,LOW,2026-08-24 18:09:00,RESOLVED,30.5,261.0
13890,9504,REFUND,CRITICAL,2026-08-04 22:49:00,PENDING,10.5,179.0
13891,7664,PRODUCT,MEDIUM,2026-08-27 09:50:00,PENDING,25.5,259.7
13892,1548,PAYMENT,CRITICAL,2026-09-03 06:16:00,PENDING,38.0,193.1
13893,7881,PAYMENT,MEDIUM,2026-08-06 02:24:00,RESOLVED,49.3,356.3
13894,2539,PRODUCT,LOW,2026-09-03 20:41:00,RESOLVED,29.5,104.5
13895,3487,DELIVERY,LOW,2026-08-19 18:43:00,PENDING,11.9,146.2
13896,5743,REFUND,HIGH,2026-09-09 03:02:00,RESOLVED,18.5,245.7
13897,4533,PRODUCT,LOW,2026-08-12 11:11:00,RESOLVED,23.7,254.5
13898,1872,ACCOUNT,HIGH,2026-08-03 10:42:00,OPEN,29.4,155.4
13899,5299,DELIVERY,LOW,2026-08-27 08:04:00,OPEN,47.1,68.9
13900,1976,REFUND,MEDIUM,2026-08-18 14:22:00,OPEN,37.4,776.7
13901,7181,ACCOUNT,MEDIUM,2026-08-26 10:14:00,RESOLVED,31.7,378.3
13902,726,ACCOUNT,MEDIUM,2026-09-05 09:45:00,PENDING,3.2,265.2
13903,8101,REFUND,HIGH,2026-09-04 12:01:00,RESOLVED,22.5,202.2
13904,9809,DELIVERY,LOW,2026-08-05 18:07:00,RESOLVED,7.3,45.1
13905,7466,PAYMENT,HIGH,2026-08-03 16:06:00,RESOLVED,37.4,233.4
13906,6061,PRODUCT,MEDIUM,2026-08-15 11:59:00,RESOLVED,19.9,382.4
13907,4411,REFUND,MEDIUM,2026-08-06 07:04:00,RESOLVED,44.7,339.9
13908,5298,REFUND,CRITICAL,2026-09-06 05:17:00,RESOLVED,11.5,255.6
13909,5122,PRODUCT,HIGH,2026-08-22 22:23:00,RESOLVED,7.1,232.0
13910,8887,PAYMENT,LOW,2026-08-04 16:26:00,RESOLVED,19.9,164.9
13911,1276,REFUND,LOW,2026-08-23 05:43:00,PENDING,10.6,62.3
13912,5945,ACCOUNT,HIGH,2026-08-30 00:32:00,PENDING,28.4,117.0
13913,5500,ACCOUNT,MEDIUM,2026-08-31 22:39:00,RESOLVED,20.0,333.9
13914,2631,PRODUCT,MEDIUM,2026-09-07 23:36:00,RESOLVED,12.6,379.5
13915,4130,ACCOUNT,LOW,2026-08-25 17:14:00,RESOLVED,30.7,124.6
13916,4723,REFUND,MEDIUM,2026-08-25 01:56:00,RESOLVED,11.5,173.3
13917,348,DELIVERY,LOW,2026-08-03 07:24:00,PENDING,31.3,343.1
13918,4776,PRODUCT,LOW,2026-09-05 03:58:00,OPEN,9.8,303.3
13919,1708,PAYMENT,MEDIUM,2026-08-31 23:44:00,RESOLVED,9.1,260.3
13920,3981,PAYMENT,LOW,2026-09-01 23:29:00,RESOLVED,1.5,328.1
13921,2783,REFUND,MEDIUM,2026-09-08 22:18:00,OPEN,18.9,92.0
13922,7537,DELIVERY,MEDIUM,2026-09-02 06:11:00,RESOLVED,12.3,238.8
13923,9604,DELIVERY,MEDIUM,2026-08-18 06:07:00,RESOLVED,18.0,193.2
13924,1097,PRODUCT,LOW,2026-08-26 04:24:00,RESOLVED,45.7,180.8
13925,2569,REFUND,LOW,2026-09-05 09:00:00,OPEN,5.7,300.8
13926,1593,ACCOUNT,HIGH,2026-08-03 19:23:00,RESOLVED,8.7,303.9
13927,4835,PAYMENT,MEDIUM,2026-08-06 22:32:00,RESOLVED,8.7,444.1
13928,3722,DELIVERY,LOW,2026-08-16 23:34:00,RESOLVED,7.9,433.3
13929,4551,PRODUCT,MEDIUM,2026-08-27 09:18:00,RESOLVED,4.8,213.4
13930,712,PRODUCT,MEDIUM,2026-09-03 08:04:00,RESOLVED,15.4,241.8
13931,8710,DELIVERY,LOW,2026-08-13 07:48:00,RESOLVED,6.1,104.5
13932,9874,ACCOUNT,HIGH,2026-08-09 03:21:00,RESOLVED,46.2,279.1
13933,9117,PRODUCT,MEDIUM,2026-08-08 13:21:00,RESOLVED,28.0,319.3
13934,4958,PAYMENT,MEDIUM,2026-08-13 00:29:00,RESOLVED,37.3,307.3
13935,6668,DELIVERY,HIGH,2026-08-03 09:56:00,PENDING,4.5,106.2
13936,502,PAYMENT,LOW,2026-08-21 12:22:00,OPEN,9.9,444.2
13937,6108,ACCOUNT,MEDIUM,2026-09-04 10:52:00,RESOLVED,19.6,267.0
13938,6079,REFUND,LOW,2026-08-17 21:38:00,RESOLVED,11.0,164.5
13939,7348,ACCOUNT,CRITICAL,2026-08-20 10:36:00,OPEN,7.6,364.1
13940,7812,DELIVERY,LOW,2026-09-02 16:44:00,RESOLVED,19.1,247.0
13941,1,PRODUCT,HIGH,2026-08-01 12:15:00,RESOLVED,8.1,639.4
13942,4078,REFUND,MEDIUM,2026-09-08 22:29:00,RESOLVED,3.3,270.9
13943,4854,DELIVERY,HIGH,2026-08-09 03:57:00,RESOLVED,17.9,249.7
13944,4806,PRODUCT,HIGH,2026-08-05 06:27:00,RESOLVED,5.9,277.6
13945,5492,PAYMENT,LOW,2026-08-24 15:27:00,OPEN,81.8,506.9
13946,7007,REFUND,MEDIUM,2026-08-01 17:26:00,RESOLVED,40.0,165.6
13947,5872,REFUND,LOW,2026-08-18 22:01:00,OPEN,24.4,292.2
13948,2339,PAYMENT,LOW,2026-08-31 23:23:00,RESOLVED,23.7,230.3
13949,6641,DELIVERY,LOW,2026-08-28 12:12:00,PENDING,47.3,326.7
13950,5977,PAYMENT,MEDIUM,2026-08-03 23:36:00,RESOLVED,32.2,364.0
13951,2000,DELIVERY,LOW,2026-08-30 02:49:00,RESOLVED,61.5,251.8
13952,6310,REFUND,MEDIUM,2026-08-10 14:16:00,OPEN,32.4,238.2
13953,5214,PAYMENT,HIGH,2026-08-08 08:30:00,RESOLVED,10.2,91.8
13954,8047,PRODUCT,LOW,2026-08-14 23:22:00,OPEN,0.5,481.1
13955,3920,REFUND,LOW,2026-08-18 19:06:00,OPEN,55.5,150.9
13956,8911,PRODUCT,MEDIUM,2026-08-12 22:36:00,OPEN,15.2,530.0
13957,5366,ACCOUNT,LOW,2026-08-22 07:02:00,RESOLVED,40.9,257.3
13958,9409,PAYMENT,LOW,2026-08-26 22:46:00,RESOLVED,48.4,170.8
13959,1018,PRODUCT,LOW,2026-08-04 02:02:00,RESOLVED,26.8,135.4
13960,1264,PAYMENT,LOW,2026-08-12 01:53:00,RESOLVED,17.2,290.2
13961,2183,REFUND,MEDIUM,2026-08-13 07:11:00,RESOLVED,38.0,299.0
13962,8163,REFUND,LOW,2026-08-25 06:59:00,RESOLVED,2.8,81.7
13963,5068,REFUND,HIGH,2026-08-11 06:59:00,OPEN,9.4,348.5
13964,6755,PAYMENT,MEDIUM,2026-08-28 19:58:00,PENDING,40.9,260.8
13965,195,DELIVERY,CRITICAL,2026-08-30 01:13:00,RESOLVED,37.8,136.8
13966,3708,PRODUCT,MEDIUM,2026-08-01 20:51:00,RESOLVED,18.8,291.5
13967,3534,DELIVERY,LOW,2026-08-26 06:19:00,RESOLVED,40.7,387.0
13968,9229,PRODUCT,LOW,2026-08-15 16:39:00,PENDING,8.6,236.1
13969,1048,PAYMENT,LOW,2026-08-12 16:23:00,RESOLVED,31.2,398.4
13970,8602,PRODUCT,MEDIUM,2026-08-03 01:15:00,PENDING,3.4,129.2
13971,3683,DELIVERY,MEDIUM,2026-08-20 10:25:00,RESOLVED,34.6,196.0
13972,7744,REFUND,LOW,2026-08-31 14:59:00,RESOLVED,48.9,226.3
13973,2910,REFUND,MEDIUM,2026-08-07 05:21:00,RESOLVED,47.6,467.0
13974,575,PRODUCT,LOW,2026-08-03 08:10:00,RESOLVED,8.1,409.1
13975,6795,REFUND,MEDIUM,2026-08-06 14:18:00,RESOLVED,52.3,453.3
13976,1771,REFUND,LOW,2026-09-04 10:58:00,RESOLVED,17.2,38.1
13977,1480,DELIVERY,LOW,2026-08-09 06:23:00,PENDING,6.4,278.8
13978,9184,REFUND,MEDIUM,2026-09-03 21:38:00,RESOLVED,18.5,45.0
13979,2267,ACCOUNT,CRITICAL,2026-08-08 14:15:00,RESOLVED,38.6,597.4
13980,9823,DELIVERY,MEDIUM,2026-08-21 16:04:00,RESOLVED,59.9,153.9
13981,3484,ACCOUNT,MEDIUM,2026-08-18 20:00:00,RESOLVED,30.5,140.9
13982,2774,ACCOUNT,MEDIUM,2026-09-07 17:06:00,RESOLVED,59.9,373.1
13983,4544,ACCOUNT,MEDIUM,2026-08-11 21:54:00,PENDING,29.5,359.5
13984,2774,PRODUCT,LOW,2026-08-15 15:52:00,OPEN,6.1,200.7
13985,9275,PRODUCT,MEDIUM,2026-08-18 20:40:00,RESOLVED,23.9,105.8
13986,6104,ACCOUNT,LOW,2026-08-13 02:27:00,RESOLVED,25.7,228.4
13987,7431,PRODUCT,MEDIUM,2026-08-07 16:29:00,RESOLVED,19.9,162.7
13988,762,PAYMENT,LOW,2026-08-05 13:31:00,RESOLVED,13.7,74.3
13989,2392,PAYMENT,HIGH,2026-08-24 17:26:00,RESOLVED,74.3,533.8
13990,5954,ACCOUNT,LOW,2026-08-30 02:27:00,OPEN,8.1,286.9
13991,4868,REFUND,LOW,2026-08-07 19:02:00,RESOLVED,1.3,394.2
13992,9687,PAYMENT,MEDIUM,2026-08-18 00:17:00,RESOLVED,25.0,389.3
13993,7230,DELIVERY,HIGH,2026-08-29 06:11:00,RESOLVED,30.1,175.6
13994,2970,PRODUCT,CRITICAL,2026-09-09 03:28:00,RESOLVED,14.0,116.3
13995,4540,DELIVERY,LOW,2026-08-06 05:16:00,RESOLVED,9.8,168.4
13996,7428,DELIVERY,LOW,2026-09-04 19:26:00,RESOLVED,55.2,227.7
13997,4098,REFUND,MEDIUM,2026-08-16 10:38:00,OPEN,16.2,145.1
13998,5250,PRODUCT,LOW,2026-08-21 12:09:00,OPEN,11.9,111.8
13999,7994,ACCOUNT,LOW,2026-08-03 15:20:00,OPEN,5.9,248.9
14000,2874,PAYMENT,LOW,2026-08-19 01:30:00,RESOLVED,15.2,186.1
14001,998,PRODUCT,LOW,2026-08-12 10:31:00,RESOLVED,73.2,288.3
14002,4125,REFUND,MEDIUM,2026-08-10 10:00:00,RESOLVED,13.1,227.4
14003,2194,DELIVERY,MEDIUM,2026-09-04 23:29:00,RESOLVED,5.8,84.7
14004,5511,DELIVERY,LOW,2026-08-07 02:27:00,RESOLVED,33.3,195.3
14005,8531,DELIVERY,LOW,2026-08-10 10:17:00,PENDING,29.7,473.1
14006,7616,REFUND,LOW,2026-08-10 16:08:00,RESOLVED,25.8,213.4
14007,7294,PRODUCT,HIGH,2026-09-01 00:14:00,PENDING,20.9,194.5
14008,5408,DELIVERY,MEDIUM,2026-08-23 00:38:00,RESOLVED,17.7,341.3
14009,8881,REFUND,HIGH,2026-08-19 07:22:00,RESOLVED,25.1,183.2
14010,9252,PRODUCT,CRITICAL,2026-08-06 16:13:00,RESOLVED,30.4,134.4
14011,7579,DELIVERY,MEDIUM,2026-08-16 19:17:00,PENDING,39.3,441.4
14012,1170,PAYMENT,HIGH,2026-09-05 08:44:00,OPEN,55.1,383.7
14013,2977,REFUND,LOW,2026-08-20 22:36:00,RESOLVED,20.4,229.7
14014,9577,ACCOUNT,LOW,2026-09-08 17:00:00,RESOLVED,32.8,134.9
14015,727,PAYMENT,MEDIUM,2026-08-02 19:31:00,RESOLVED,27.8,243.4
14016,5507,PAYMENT,LOW,2026-08-11 15:46:00,OPEN,16.4,429.4
14017,6391,ACCOUNT,MEDIUM,2026-08-07 01:44:00,RESOLVED,12.8,232.3
14018,3919,PRODUCT,HIGH,2026-08-26 18:40:00,RESOLVED,13.1,188.9
14019,7038,PAYMENT,CRITICAL,2026-08-05 03:53:00,RESOLVED,6.3,152.6
14020,761,PRODUCT,MEDIUM,2026-08-17 09:49:00,RESOLVED,4.0,190.5
14021,2192,PAYMENT,MEDIUM,2026-08-02 12:46:00,RESOLVED,35.9,319.8
14022,2963,PRODUCT,MEDIUM,2026-08-21 22:24:00,RESOLVED,14.5,293.8
14023,1709,REFUND,MEDIUM,2026-08-08 11:19:00,OPEN,32.8,376.7
14024,4380,REFUND,MEDIUM,2026-08-31 19:34:00,RESOLVED,13.3,662.7
14025,4685,ACCOUNT,MEDIUM,2026-08-19 10:40:00,RESOLVED,23.9,178.5
14026,9371,PAYMENT,LOW,2026-08-25 08:47:00,RESOLVED,15.3,140.1
14027,4855,PAYMENT,MEDIUM,2026-08-08 13:39:00,RESOLVED,13.2,93.1
14028,7565,DELIVERY,LOW,2026-08-27 14:42:00,RESOLVED,20.3,221.3
14029,882,REFUND,MEDIUM,2026-08-02 08:17:00,RESOLVED,54.7,265.9
14030,591,PRODUCT,MEDIUM,2026-08-06 19:22:00,PENDING,6.5,107.9
14031,3949,PAYMENT,LOW,2026-09-02 17:17:00,OPEN,35.0,608.2
14032,3279,REFUND,HIGH,2026-08-10 13:47:00,RESOLVED,9.1,402.0
14033,9234,DELIVERY,MEDIUM,2026-08-30 09:56:00,RESOLVED,13.2,493.0
14034,4915,PAYMENT,MEDIUM,2026-09-04 14:08:00,RESOLVED,33.1,162.8
14035,4874,REFUND,LOW,2026-08-06 05:08:00,PENDING,32.7,424.9
14036,8501,ACCOUNT,LOW,2026-09-08 18:42:00,RESOLVED,13.9,150.9
14037,8655,DELIVERY,HIGH,2026-09-02 14:13:00,OPEN,36.3,393.5
14038,7765,PRODUCT,MEDIUM,2026-08-23 04:50:00,RESOLVED,25.2,219.9
14039,4380,REFUND,LOW,2026-08-13 18:02:00,PENDING,16.8,263.4
14040,2162,REFUND,MEDIUM,2026-08-09 07:13:00,RESOLVED,23.6,730.1
14041,355,PRODUCT,MEDIUM,2026-08-10 04:30:00,RESOLVED,52.5,282.8
14042,505,PAYMENT,CRITICAL,2026-08-21 10:49:00,RESOLVED,34.3,397.3
14043,8156,DELIVERY,LOW,2026-08-07 01:23:00,OPEN,16.5,277.2
14044,1324,PRODUCT,MEDIUM,2026-08-19 23:59:00,RESOLVED,7.5,188.8
14045,4149,DELIVERY,LOW,2026-08-21 06:55:00,RESOLVED,18.0,250.3
14046,5033,ACCOUNT,LOW,2026-08-27 12:40:00,PENDING,31.5,212.2
14047,5560,REFUND,MEDIUM,2026-08-01 06:52:00,RESOLVED,32.0,111.4
14048,899,PRODUCT,LOW,2026-08-14 02:36:00,RESOLVED,7.0,51.2
14049,5235,REFUND,LOW,2026-08-06 08:08:00,RESOLVED,34.6,225.9
14050,2498,REFUND,MEDIUM,2026-09-05 05:18:00,RESOLVED,43.3,286.1
14051,3407,DELIVERY,MEDIUM,2026-09-03 13:56:00,RESOLVED,4.4,81.8
14052,8214,ACCOUNT,HIGH,2026-09-09 03:11:00,RESOLVED,102.4,510.2
14053,4604,PAYMENT,MEDIUM,2026-09-06 04:16:00,RESOLVED,45.0,245.4
14054,4020,DELIVERY,LOW,2026-09-06 10:40:00,RESOLVED,11.9,238.2
14055,161,DELIVERY,LOW,2026-08-14 01:01:00,PENDING,93.3,665.0
14056,9962,REFUND,MEDIUM,2026-09-09 13:09:00,RESOLVED,18.6,282.9
14057,5937,PAYMENT,LOW,2026-08-01 02:10:00,RESOLVED,38.9,290.1
14058,7560,DELIVERY,LOW,2026-08-06 12:16:00,RESOLVED,9.6,429.2
14059,4337,REFUND,CRITICAL,2026-08-12 23:30:00,RESOLVED,28.6,220.1
14060,2650,REFUND,MEDIUM,2026-08-11 01:39:00,RESOLVED,64.4,476.7
14061,2733,ACCOUNT,LOW,2026-09-01 17:36:00,RESOLVED,16.4,409.7
14062,76,PAYMENT,LOW,2026-08-31 14:26:00,OPEN,16.2,173.2
14063,8888,DELIVERY,HIGH,2026-08-07 15:14:00,PENDING,20.7,288.6
14064,5273,REFUND,MEDIUM,2026-08-19 15:44:00,RESOLVED,51.9,702.7
14065,3526,ACCOUNT,LOW,2026-08-04 17:37:00,RESOLVED,44.1,455.2
14066,7059,DELIVERY,MEDIUM,2026-09-08 10:19:00,RESOLVED,8.7,177.5
14067,1296,DELIVERY,HIGH,2026-08-29 05:09:00,RESOLVED,29.5,109.6
14068,4697,DELIVERY,LOW,2026-08-06 22:55:00,RESOLVED,24.0,216.7
14069,4368,DELIVERY,MEDIUM,2026-08-31 17:19:00,RESOLVED,11.2,216.7
14070,9066,ACCOUNT,HIGH,2026-08-13 07:13:00,RESOLVED,9.2,129.5
14071,7980,ACCOUNT,MEDIUM,2026-08-10 05:42:00,RESOLVED,11.2,277.9
14072,7680,PRODUCT,CRITICAL,2026-08-26 20:06:00,PENDING,21.9,124.1
14073,2600,DELIVERY,LOW,2026-08-09 21:10:00,OPEN,15.1,381.0
14074,5203,PRODUCT,MEDIUM,2026-08-17 09:22:00,OPEN,4.1,210.9
14075,9805,PRODUCT,MEDIUM,2026-09-05 07:06:00,RESOLVED,73.0,322.8
14076,190,PRODUCT,MEDIUM,2026-08-15 11:32:00,RESOLVED,19.1,373.7
14077,6516,PRODUCT,MEDIUM,2026-08-07 00:28:00,PENDING,61.2,119.2
14078,3383,PRODUCT,MEDIUM,2026-08-23 01:29:00,RESOLVED,9.0,171.4
14079,7418,PAYMENT,MEDIUM,2026-08-06 18:38:00,RESOLVED,8.7,89.0
14080,4945,DELIVERY,MEDIUM,2026-09-02 04:38:00,RESOLVED,6.7,61.2
14081,7006,ACCOUNT,MEDIUM,2026-08-30 13:49:00,RESOLVED,15.1,425.7
14082,2503,ACCOUNT,CRITICAL,2026-08-18 07:40:00,RESOLVED,14.5,96.7
14083,8824,PAYMENT,HIGH,2026-08-22 12:19:00,PENDING,8.4,696.4
14084,8377,PAYMENT,MEDIUM,2026-08-02 08:59:00,RESOLVED,47.0,295.2
14085,6376,ACCOUNT,MEDIUM,2026-08-26 14:56:00,RESOLVED,6.5,60.3
14086,4245,PAYMENT,HIGH,2026-09-01 06:40:00,OPEN,17.4,116.6
14087,1519,REFUND,HIGH,2026-09-06 03:35:00,RESOLVED,20.6,131.0
14088,2039,ACCOUNT,MEDIUM,2026-08-29 20:50:00,RESOLVED,57.4,432.4
14089,3989,ACCOUNT,MEDIUM,2026-08-12 13:25:00,RESOLVED,4.1,156.8
14090,7791,REFUND,LOW,2026-08-21 05:25:00,OPEN,38.4,303.9
14091,9467,REFUND,LOW,2026-08-13 21:42:00,RESOLVED,30.9,254.4
14092,6083,REFUND,LOW,2026-08-25 03:01:00,RESOLVED,19.0,352.1
14093,9384,DELIVERY,MEDIUM,2026-09-04 19:40:00,OPEN,25.9,246.7
14094,1971,ACCOUNT,MEDIUM,2026-08-15 17:36:00,RESOLVED,61.9,78.0
14095,7429,ACCOUNT,HIGH,2026-09-01 20:20:00,RESOLVED,17.1,330.1
14096,5328,PAYMENT,HIGH,2026-08-05 05:34:00,OPEN,17.2,420.3
14097,1405,PRODUCT,LOW,2026-08-29 14:10:00,RESOLVED,20.1,72.8
14098,6946,PAYMENT,MEDIUM,2026-09-01 21:22:00,RESOLVED,55.6,79.2
14099,9036,ACCOUNT,CRITICAL,2026-09-01 07:26:00,RESOLVED,39.7,472.8
14100,4485,ACCOUNT,LOW,2026-08-16 17:25:00,RESOLVED,14.1,146.3
14101,2555,PRODUCT,LOW,2026-08-30 15:23:00,OPEN,26.8,61.9
14102,3024,ACCOUNT,HIGH,2026-09-09 09:57:00,RESOLVED,17.9,227.4
14103,6012,DELIVERY,LOW,2026-08-03 13:12:00,OPEN,30.8,193.1
14104,6897,ACCOUNT,MEDIUM,2026-09-09 02:10:00,RESOLVED,24.7,274.7
14105,2169,PAYMENT,MEDIUM,2026-08-15 09:57:00,PENDING,11.0,193.6
14106,6873,REFUND,MEDIUM,2026-08-13 18:39:00,RESOLVED,7.1,150.1
14107,7471,ACCOUNT,HIGH,2026-08-05 04:52:00,RESOLVED,15.7,574.4
14108,170,ACCOUNT,MEDIUM,2026-08-08 19:10:00,RESOLVED,21.9,94.9
14109,3840,DELIVERY,MEDIUM,2026-08-21 15:05:00,RESOLVED,26.9,113.7
14110,2342,PRODUCT,LOW,2026-08-31 08:57:00,RESOLVED,28.8,265.9
14111,7932,ACCOUNT,LOW,2026-08-29 23:28:00,OPEN,9.7,71.2
14112,6464,PRODUCT,MEDIUM,2026-08-31 13:57:00,RESOLVED,11.7,331.3
14113,5335,PAYMENT,MEDIUM,2026-08-30 02:54:00,OPEN,15.7,105.7
14114,2242,DELIVERY,LOW,2026-08-02 06:23:00,RESOLVED,16.2,610.8
14115,4815,PAYMENT,LOW,2026-08-19 02:02:00,RESOLVED,27.3,206.9
14116,9627,PAYMENT,MEDIUM,2026-08-22 11:42:00,RESOLVED,17.7,136.1
14117,9948,ACCOUNT,HIGH,2026-08-02 22:55:00,RESOLVED,19.7,199.6
14118,1628,REFUND,LOW,2026-08-12 08:25:00,RESOLVED,14.2,192.2
14119,4845,REFUND,HIGH,2026-08-12 08:39:00,RESOLVED,37.0,301.7
14120,7483,ACCOUNT,HIGH,2026-08-02 23:59:00,RESOLVED,41.3,114.5
14121,2977,ACCOUNT,LOW,2026-08-18 23:22:00,RESOLVED,13.8,175.5
14122,9984,PAYMENT,MEDIUM,2026-08-18 05:05:00,RESOLVED,14.4,261.7
14123,4666,PAYMENT,MEDIUM,2026-08-22 16:42:00,OPEN,23.6,178.3
14124,3466,PRODUCT,LOW,2026-08-06 07:48:00,PENDING,68.6,401.5
14125,9417,DELIVERY,HIGH,2026-09-08 23:09:00,RESOLVED,47.2,400.8
14126,6032,REFUND,CRITICAL,2026-08-12 07:51:00,RESOLVED,12.3,412.6
14127,624,PAYMENT,MEDIUM,2026-08-25 16:59:00,RESOLVED,11.9,463.5
14128,1058,PAYMENT,LOW,2026-08-23 15:44:00,RESOLVED,21.1,184.3
14129,9804,DELIVERY,LOW,2026-08-01 06:29:00,RESOLVED,57.6,663.8
14130,6219,PAYMENT,MEDIUM,2026-08-10 22:03:00,RESOLVED,20.2,197.8
14131,8700,PRODUCT,LOW,2026-08-28 22:51:00,RESOLVED,45.4,328.1
14132,9876,ACCOUNT,HIGH,2026-08-15 12:32:00,OPEN,48.5,167.2
14133,7446,PRODUCT,MEDIUM,2026-08-14 06:40:00,RESOLVED,20.6,268.7
14134,9729,PRODUCT,MEDIUM,2026-08-29 08:39:00,RESOLVED,6.5,123.8
14135,9545,PAYMENT,MEDIUM,2026-09-01 22:46:00,RESOLVED,5.0,362.8
14136,4118,DELIVERY,LOW,2026-09-02 06:38:00,RESOLVED,11.2,555.7
14137,6388,REFUND,MEDIUM,2026-08-18 12:51:00,RESOLVED,39.2,225.5
14138,8207,PAYMENT,HIGH,2026-08-19 09:19:00,RESOLVED,29.4,144.8
14139,9476,PAYMENT,MEDIUM,2026-08-28 00:16:00,RESOLVED,2.2,249.5
14140,8266,REFUND,MEDIUM,2026-08-24 14:08:00,PENDING,29.2,106.0
14141,8073,PRODUCT,LOW,2026-08-15 21:41:00,OPEN,5.2,230.5
14142,3273,PAYMENT,MEDIUM,2026-08-14 05:06:00,OPEN,1.8,82.6
14143,4288,REFUND,HIGH,2026-09-08 17:00:00,OPEN,30.8,150.2
14144,8228,PAYMENT,MEDIUM,2026-09-05 09:40:00,RESOLVED,22.9,190.7
14145,1268,PRODUCT,LOW,2026-08-13 03:34:00,PENDING,58.2,99.4
14146,1625,DELIVERY,LOW,2026-08-04 06:02:00,OPEN,19.4,89.8
14147,7880,REFUND,CRITICAL,2026-09-08 03:58:00,RESOLVED,24.9,105.0
14148,9789,REFUND,MEDIUM,2026-08-04 21:32:00,RESOLVED,17.3,377.0
14149,4183,REFUND,LOW,2026-08-10 08:35:00,RESOLVED,20.3,305.1
14150,8642,PRODUCT,MEDIUM,2026-08-02 12:16:00,RESOLVED,38.5,431.7
14151,3554,REFUND,LOW,2026-08-31 23:43:00,RESOLVED,9.8,131.0
14152,5106,PAYMENT,HIGH,2026-08-05 01:54:00,RESOLVED,18.4,352.7
14153,9739,REFUND,MEDIUM,2026-08-13 17:21:00,OPEN,37.3,226.3
14154,3854,DELIVERY,LOW,2026-08-26 03:35:00,RESOLVED,52.8,443.1
14155,8841,ACCOUNT,LOW,2026-08-03 03:16:00,RESOLVED,37.3,149.2
14156,9460,PAYMENT,LOW,2026-09-09 22:22:00,RESOLVED,17.3,76.2
14157,7383,REFUND,MEDIUM,2026-09-01 04:57:00,RESOLVED,6.0,512.8
14158,712,PAYMENT,MEDIUM,2026-08-25 01:29:00,RESOLVED,14.6,194.4
14159,9608,ACCOUNT,MEDIUM,2026-08-23 10:21:00,RESOLVED,35.3,248.4
14160,4984,DELIVERY,LOW,2026-08-11 04:39:00,OPEN,5.7,416.0
14161,2897,ACCOUNT,HIGH,2026-08-24 13:33:00,RESOLVED,39.8,160.7
14162,4870,DELIVERY,HIGH,2026-09-02 17:23:00,RESOLVED,5.7,590.9
14163,4405,ACCOUNT,MEDIUM,2026-08-21 01:07:00,RESOLVED,34.2,278.2
14164,3814,REFUND,MEDIUM,2026-08-15 04:22:00,RESOLVED,35.8,140.9
14165,6776,REFUND,LOW,2026-08-12 17:11:00,RESOLVED,24.1,149.7
14166,1127,PRODUCT,HIGH,2026-08-24 18:12:00,PENDING,41.9,459.8
14167,6331,DELIVERY,LOW,2026-09-05 17:54:00,PENDING,16.1,164.5
14168,2514,DELIVERY,HIGH,2026-08-18 14:41:00,RESOLVED,23.6,893.0
14169,7918,PAYMENT,MEDIUM,2026-08-27 14:18:00,OPEN,28.4,270.0
14170,9832,ACCOUNT,LOW,2026-08-21 10:33:00,PENDING,43.0,215.2
14171,4727,REFUND,LOW,2026-08-20 12:42:00,RESOLVED,16.2,343.0
14172,8080,PAYMENT,CRITICAL,2026-08-05 05:22:00,PENDING,21.0,148.1
14173,3206,REFUND,MEDIUM,2026-08-14 13:18:00,RESOLVED,89.8,195.0
14174,8383,PRODUCT,MEDIUM,2026-09-07 05:11:00,RESOLVED,20.6,193.7
14175,5336,ACCOUNT,HIGH,2026-09-05 07:56:00,PENDING,14.7,458.5
14176,5096,ACCOUNT,MEDIUM,2026-08-13 05:09:00,RESOLVED,10.3,289.6
14177,1017,REFUND,HIGH,2026-08-24 13:43:00,PENDING,14.4,507.9
14178,6619,REFUND,HIGH,2026-08-25 00:56:00,PENDING,40.3,326.8
14179,7911,ACCOUNT,HIGH,2026-09-05 06:54:00,PENDING,24.9,412.8
14180,5051,PAYMENT,LOW,2026-08-01 07:04:00,PENDING,91.4,573.9
14181,1596,REFUND,CRITICAL,2026-08-13 04:44:00,OPEN,7.1,865.5
14182,6774,REFUND,MEDIUM,2026-08-19 09:35:00,RESOLVED,33.8,300.1
14183,6256,DELIVERY,MEDIUM,2026-08-21 18:16:00,RESOLVED,27.8,472.6
14184,8635,DELIVERY,HIGH,2026-08-31 16:07:00,OPEN,47.5,103.8
14185,9552,REFUND,LOW,2026-08-14 15:21:00,RESOLVED,11.6,345.7
14186,2426,PRODUCT,LOW,2026-08-25 11:53:00,RESOLVED,11.5,251.5
14187,2923,PRODUCT,MEDIUM,2026-09-03 21:26:00,RESOLVED,29.9,98.0
14188,9509,DELIVERY,MEDIUM,2026-08-13 17:44:00,RESOLVED,2.4,668.9
14189,1184,DELIVERY,MEDIUM,2026-08-21 00:24:00,OPEN,28.1,332.9
14190,9137,ACCOUNT,MEDIUM,2026-08-27 00:33:00,RESOLVED,14.9,225.0
14191,1543,PRODUCT,HIGH,2026-09-02 02:45:00,RESOLVED,14.0,550.4
14192,4193,PRODUCT,LOW,2026-09-01 19:40:00,RESOLVED,51.3,122.4
14193,1384,ACCOUNT,LOW,2026-08-17 06:06:00,RESOLVED,38.4,266.4
14194,9769,PRODUCT,LOW,2026-08-07 07:48:00,RESOLVED,42.7,84.7
14195,5005,REFUND,HIGH,2026-08-05 18:48:00,RESOLVED,30.5,274.2
14196,8826,PAYMENT,LOW,2026-08-03 15:13:00,RESOLVED,10.2,87.7
14197,314,PRODUCT,MEDIUM,2026-08-20 06:29:00,RESOLVED,11.8,191.8
14198,401,ACCOUNT,HIGH,2026-08-19 11:09:00,PENDING,57.6,364.5
14199,5324,PAYMENT,MEDIUM,2026-08-10 22:58:00,RESOLVED,16.2,524.7
14200,422,DELIVERY,LOW,2026-08-18 11:55:00,RESOLVED,14.6,213.4
14201,5440,PRODUCT,CRITICAL,2026-08-28 15:54:00,RESOLVED,18.2,170.1
14202,7073,PRODUCT,LOW,2026-08-02 20:54:00,RESOLVED,16.2,307.3
14203,4885,ACCOUNT,MEDIUM,2026-08-11 01:37:00,RESOLVED,21.2,209.5
14204,7837,DELIVERY,LOW,2026-08-28 04:40:00,RESOLVED,17.1,331.3
14205,1019,ACCOUNT,MEDIUM,2026-08-10 15:49:00,RESOLVED,6.8,324.1
14206,2487,DELIVERY,LOW,2026-08-24 06:10:00,PENDING,33.1,342.4
14207,1601,PRODUCT,HIGH,2026-09-01 02:36:00,RESOLVED,25.7,377.3
14208,4988,REFUND,MEDIUM,2026-08-13 12:11:00,RESOLVED,19.2,420.9
14209,3963,DELIVERY,LOW,2026-08-05 01:06:00,RESOLVED,17.2,280.5
14210,5393,REFUND,HIGH,2026-08-12 02:05:00,RESOLVED,19.0,221.4
14211,1532,PAYMENT,HIGH,2026-08-26 15:59:00,OPEN,48.3,362.9
14212,4456,DELIVERY,MEDIUM,2026-08-12 13:11:00,OPEN,10.1,174.8
14213,7653,PAYMENT,MEDIUM,2026-09-06 12:03:00,RESOLVED,17.4,103.2
14214,692,PRODUCT,MEDIUM,2026-08-05 12:59:00,PENDING,44.9,86.6
14215,7872,ACCOUNT,MEDIUM,2026-08-19 06:27:00,PENDING,15.1,148.0
14216,2189,PAYMENT,HIGH,2026-09-07 03:16:00,RESOLVED,5.6,364.5
14217,8685,PRODUCT,LOW,2026-08-30 11:51:00,RESOLVED,47.2,284.1
14218,8146,ACCOUNT,MEDIUM,2026-08-03 09:44:00,PENDING,9.3,550.4
14219,4472,DELIVERY,HIGH,2026-08-12 06:13:00,RESOLVED,12.4,301.1
14220,731,PRODUCT,CRITICAL,2026-08-02 17:40:00,RESOLVED,60.3,252.1
14221,3851,ACCOUNT,LOW,2026-09-08 07:58:00,RESOLVED,7.4,224.3
14222,6222,ACCOUNT,LOW,2026-09-01 07:06:00,PENDING,20.3,186.6
14223,3395,ACCOUNT,HIGH,2026-08-10 23:17:00,PENDING,72.3,285.9
14224,6342,ACCOUNT,CRITICAL,2026-08-19 09:01:00,RESOLVED,23.9,100.4
14225,8232,PAYMENT,MEDIUM,2026-08-18 21:44:00,RESOLVED,17.6,366.4
14226,9565,ACCOUNT,MEDIUM,2026-09-02 10:47:00,RESOLVED,100.1,354.4
14227,3980,REFUND,LOW,2026-08-05 07:15:00,PENDING,5.8,242.6
14228,9875,DELIVERY,CRITICAL,2026-08-21 09:16:00,RESOLVED,20.8,97.4
14229,2487,DELIVERY,MEDIUM,2026-08-30 04:00:00,RESOLVED,18.0,250.1
14230,9451,DELIVERY,MEDIUM,2026-09-05 22:49:00,RESOLVED,29.5,178.2
14231,1428,PRODUCT,HIGH,2026-08-14 23:45:00,RESOLVED,16.3,511.8
14232,5414,PAYMENT,HIGH,2026-08-14 23:05:00,RESOLVED,25.3,425.0
14233,6729,ACCOUNT,LOW,2026-08-26 19:32:00,RESOLVED,26.6,414.9
14234,418,REFUND,LOW,2026-08-24 10:00:00,OPEN,29.7,154.3
14235,4437,PRODUCT,LOW,2026-09-06 09:15:00,OPEN,9.6,444.9
14236,2774,ACCOUNT,HIGH,2026-08-09 19:09:00,RESOLVED,14.9,124.1
14237,8157,REFUND,MEDIUM,2026-08-16 12:23:00,RESOLVED,6.9,309.2
14238,4755,PAYMENT,MEDIUM,2026-08-18 22:26:00,RESOLVED,8.9,253.8
14239,1040,PAYMENT,LOW,2026-08-21 18:50:00,RESOLVED,25.5,247.0
14240,392,ACCOUNT,MEDIUM,2026-08-06 07:26:00,RESOLVED,26.4,133.5
14241,237,REFUND,LOW,2026-08-07 05:38:00,RESOLVED,7.2,20.5
14242,371,REFUND,HIGH,2026-08-20 22:26:00,RESOLVED,8.3,343.2
14243,4850,PRODUCT,MEDIUM,2026-08-04 10:02:00,RESOLVED,43.5,101.1
14244,3241,ACCOUNT,HIGH,2026-08-19 09:24:00,RESOLVED,7.4,104.3
14245,2086,DELIVERY,LOW,2026-08-07 11:35:00,PENDING,6.9,26.4
14246,3874,DELIVERY,LOW,2026-08-02 01:24:00,RESOLVED,8.2,368.3
14247,4374,ACCOUNT,LOW,2026-08-17 15:33:00,PENDING,47.4,284.6
14248,5809,PAYMENT,LOW,2026-08-04 15:01:00,PENDING,11.8,83.7
14249,4980,PAYMENT,MEDIUM,2026-08-26 16:40:00,RESOLVED,20.4,129.8
14250,9329,ACCOUNT,LOW,2026-08-23 12:53:00,RESOLVED,40.2,109.7
14251,3741,REFUND,MEDIUM,2026-08-06 22:44:00,OPEN,15.6,171.5
14252,3912,PAYMENT,LOW,2026-08-29 16:00:00,RESOLVED,33.5,146.0
14253,4121,ACCOUNT,CRITICAL,2026-08-12 18:09:00,PENDING,19.2,247.6
14254,481,PRODUCT,LOW,2026-08-27 11:03:00,OPEN,9.4,79.2
14255,7493,PRODUCT,HIGH,2026-09-07 19:20:00,RESOLVED,12.8,349.3
14256,5401,REFUND,HIGH,2026-08-29 19:16:00,PENDING,3.7,389.9
14257,3988,PRODUCT,CRITICAL,2026-08-13 03:43:00,RESOLVED,7.8,663.6
14258,3580,ACCOUNT,MEDIUM,2026-08-20 03:19:00,OPEN,38.2,230.4
14259,5187,ACCOUNT,MEDIUM,2026-08-13 00:56:00,RESOLVED,67.0,650.3
14260,9012,PRODUCT,MEDIUM,2026-08-14 14:48:00,OPEN,23.3,458.1
14261,3983,ACCOUNT,HIGH,2026-09-05 06:08:00,OPEN,9.3,67.0
14262,4315,ACCOUNT,HIGH,2026-08-28 11:36:00,RESOLVED,28.6,222.8
14263,1337,PRODUCT,MEDIUM,2026-08-22 18:38:00,OPEN,16.1,123.1
14264,3218,PAYMENT,MEDIUM,2026-08-11 19:50:00,PENDING,59.2,153.7
14265,7493,PAYMENT,CRITICAL,2026-08-21 21:07:00,PENDING,24.6,234.6
14266,7239,PRODUCT,LOW,2026-08-26 03:58:00,RESOLVED,9.5,299.5
14267,8055,ACCOUNT,MEDIUM,2026-08-29 08:02:00,RESOLVED,38.4,173.5
14268,4933,PAYMENT,LOW,2026-08-04 15:34:00,RESOLVED,18.4,237.5
14269,9002,PRODUCT,MEDIUM,2026-09-04 15:39:00,RESOLVED,34.0,232.3
14270,5551,PAYMENT,MEDIUM,2026-08-22 12:14:00,RESOLVED,6.4,226.7
14271,1307,PRODUCT,MEDIUM,2026-08-15 03:29:00,RESOLVED,43.8,211.1
14272,1521,PRODUCT,LOW,2026-08-29 18:17:00,RESOLVED,6.2,166.4
14273,4963,DELIVERY,HIGH,2026-08-22 23:02:00,RESOLVED,40.1,198.4
14274,3752,DELIVERY,LOW,2026-08-13 15:48:00,OPEN,8.3,297.0
14275,1074,DELIVERY,MEDIUM,2026-09-06 12:08:00,PENDING,42.4,117.3
14276,465,PRODUCT,LOW,2026-09-06 17:40:00,PENDING,18.9,220.3
14277,6186,ACCOUNT,CRITICAL,2026-09-06 09:28:00,RESOLVED,36.3,112.6
14278,7549,REFUND,MEDIUM,2026-08-03 22:02:00,RESOLVED,9.5,486.2
14279,2201,DELIVERY,HIGH,2026-09-06 16:57:00,RESOLVED,10.2,298.3
14280,2456,DELIVERY,MEDIUM,2026-08-11 15:00:00,RESOLVED,24.2,358.5
14281,5347,PAYMENT,LOW,2026-08-14 21:44:00,OPEN,10.1,116.9
14282,1206,PRODUCT,LOW,2026-08-28 01:17:00,RESOLVED,11.5,242.9
14283,8378,REFUND,MEDIUM,2026-08-20 01:47:00,RESOLVED,12.9,292.8
14284,5896,PRODUCT,HIGH,2026-09-03 01:01:00,RESOLVED,21.3,111.7
14285,3616,DELIVERY,MEDIUM,2026-08-27 13:28:00,PENDING,7.6,267.8
14286,5795,PRODUCT,LOW,2026-08-05 12:51:00,PENDING,22.9,299.1
14287,1630,REFUND,MEDIUM,2026-08-06 15:10:00,RESOLVED,17.4,99.5
14288,3158,ACCOUNT,MEDIUM,2026-08-04 23:02:00,RESOLVED,8.3,151.8
14289,5320,PRODUCT,MEDIUM,2026-08-14 04:12:00,RESOLVED,33.2,256.9
14290,9624,PAYMENT,HIGH,2026-08-19 14:41:00,RESOLVED,64.2,355.3
14291,8439,ACCOUNT,MEDIUM,2026-09-05 06:43:00,RESOLVED,10.7,271.4
14292,6356,ACCOUNT,HIGH,2026-08-14 19:33:00,RESOLVED,25.7,83.8
14293,3354,DELIVERY,MEDIUM,2026-08-04 21:16:00,RESOLVED,19.3,384.9
14294,9264,PAYMENT,LOW,2026-08-22 23:47:00,OPEN,48.7,434.4
14295,1287,PRODUCT,MEDIUM,2026-08-17 16:15:00,RESOLVED,9.7,135.6
14296,3006,REFUND,HIGH,2026-09-03 16:57:00,OPEN,36.2,195.2
14297,4299,ACCOUNT,LOW,2026-08-02 09:40:00,RESOLVED,22.2,192.5
14298,5519,PRODUCT,LOW,2026-08-12 13:13:00,RESOLVED,24.1,320.3
14299,6741,PRODUCT,HIGH,2026-08-28 20:42:00,RESOLVED,21.7,308.1
14300,4136,DELIVERY,MEDIUM,2026-08-01 09:48:00,RESOLVED,32.6,254.8
14301,9428,ACCOUNT,LOW,2026-08-23 12:29:00,RESOLVED,5.6,206.8
14302,4133,ACCOUNT,HIGH,2026-08-27 20:02:00,RESOLVED,20.7,356.4
14303,6296,ACCOUNT,LOW,2026-08-02 07:52:00,RESOLVED,5.2,138.9
14304,478,PAYMENT,MEDIUM,2026-08-23 12:13:00,OPEN,8.3,120.1
14305,1572,ACCOUNT,LOW,2026-09-07 05:33:00,RESOLVED,32.1,221.2
14306,2197,DELIVERY,MEDIUM,2026-08-21 14:59:00,RESOLVED,21.6,104.6
14307,12,REFUND,HIGH,2026-08-07 21:35:00,RESOLVED,20.6,382.3
14308,8694,PRODUCT,LOW,2026-09-01 08:51:00,RESOLVED,7.7,198.0
14309,6249,PRODUCT,HIGH,2026-08-03 09:19:00,RESOLVED,19.5,367.0
14310,8499,DELIVERY,MEDIUM,2026-09-03 23:59:00,PENDING,18.5,276.0
14311,3327,REFUND,HIGH,2026-09-08 03:23:00,RESOLVED,39.2,389.2
14312,1051,DELIVERY,LOW,2026-08-06 18:37:00,RESOLVED,24.5,231.1
14313,3280,DELIVERY,HIGH,2026-08-11 23:22:00,PENDING,7.8,455.2
14314,182,DELIVERY,CRITICAL,2026-09-03 06:47:00,RESOLVED,21.0,676.1
14315,3036,ACCOUNT,MEDIUM,2026-08-30 16:02:00,OPEN,12.2,357.6
14316,1021,ACCOUNT,HIGH,2026-08-22 15:14:00,RESOLVED,17.2,169.1
14317,2141,PRODUCT,MEDIUM,2026-08-27 22:37:00,RESOLVED,11.5,484.6
14318,6389,DELIVERY,MEDIUM,2026-09-04 20:13:00,RESOLVED,17.9,124.3
14319,9623,PRODUCT,MEDIUM,2026-08-29 14:11:00,RESOLVED,10.1,349.1
14320,2399,PAYMENT,LOW,2026-08-23 17:01:00,RESOLVED,11.3,105.8
14321,9826,PRODUCT,MEDIUM,2026-08-16 12:06:00,RESOLVED,10.5,203.0
14322,7627,PAYMENT,MEDIUM,2026-09-05 18:30:00,OPEN,23.5,200.2
14323,1204,DELIVERY,HIGH,2026-08-23 21:18:00,RESOLVED,34.8,308.3
14324,59,ACCOUNT,HIGH,2026-09-03 07:06:00,RESOLVED,30.5,115.3
14325,1129,ACCOUNT,HIGH,2026-09-04 05:56:00,OPEN,20.3,228.3
14326,7158,ACCOUNT,MEDIUM,2026-08-14 00:49:00,RESOLVED,2.8,343.6
14327,6709,PRODUCT,HIGH,2026-08-30 18:02:00,RESOLVED,0.9,504.3
14328,8864,ACCOUNT,MEDIUM,2026-08-26 17:32:00,RESOLVED,3.8,256.8
14329,5254,DELIVERY,MEDIUM,2026-08-10 03:15:00,PENDING,42.7,508.4
14330,449,PAYMENT,LOW,2026-08-23 17:20:00,OPEN,74.2,177.5
14331,10000,REFUND,MEDIUM,2026-09-08 04:11:00,PENDING,25.9,69.3
14332,8674,PAYMENT,LOW,2026-08-22 09:41:00,RESOLVED,45.9,159.3
14333,7165,DELIVERY,HIGH,2026-08-28 13:05:00,RESOLVED,14.5,82.6
14334,9179,ACCOUNT,MEDIUM,2026-08-05 09:23:00,RESOLVED,24.4,356.7
14335,2794,REFUND,CRITICAL,2026-08-16 13:48:00,RESOLVED,7.4,345.7
14336,5359,DELIVERY,HIGH,2026-08-01 22:43:00,RESOLVED,37.7,282.2
14337,5324,DELIVERY,MEDIUM,2026-08-15 15:26:00,OPEN,32.4,372.4
14338,2846,DELIVERY,LOW,2026-08-14 16:43:00,OPEN,55.6,269.4
14339,9962,PRODUCT,MEDIUM,2026-08-08 14:10:00,RESOLVED,3.8,211.3
14340,5629,ACCOUNT,HIGH,2026-08-20 21:55:00,RESOLVED,28.3,427.9
14341,9191,DELIVERY,MEDIUM,2026-08-21 04:28:00,RESOLVED,20.2,195.8
14342,3106,DELIVERY,MEDIUM,2026-08-23 02:23:00,RESOLVED,6.6,277.9
14343,4955,ACCOUNT,HIGH,2026-08-16 21:56:00,RESOLVED,14.0,345.7
14344,9333,REFUND,LOW,2026-08-21 17:08:00,RESOLVED,9.3,398.8
14345,1793,DELIVERY,MEDIUM,2026-08-24 04:07:00,OPEN,12.8,276.9
14346,5437,DELIVERY,HIGH,2026-08-06 19:53:00,RESOLVED,13.0,199.0
14347,7964,PRODUCT,MEDIUM,2026-08-20 06:13:00,OPEN,6.9,178.7
14348,7988,DELIVERY,HIGH,2026-09-02 16:43:00,RESOLVED,14.9,71.7
14349,7515,PAYMENT,MEDIUM,2026-08-29 04:48:00,RESOLVED,2.6,176.3
14350,6100,ACCOUNT,MEDIUM,2026-08-29 19:09:00,PENDING,38.4,227.0
14351,68,PAYMENT,CRITICAL,2026-08-12 18:35:00,RESOLVED,36.2,293.8
14352,2885,DELIVERY,LOW,2026-09-04 12:49:00,OPEN,57.5,344.4
14353,7951,PRODUCT,LOW,2026-08-20 12:36:00,PENDING,11.5,287.2
14354,5002,PAYMENT,LOW,2026-09-05 07:51:00,OPEN,1.7,252.2
14355,3590,REFUND,CRITICAL,2026-08-07 07:07:00,OPEN,63.1,236.6
14356,8799,REFUND,LOW,2026-09-03 06:58:00,RESOLVED,16.2,187.0
14357,3430,PRODUCT,LOW,2026-08-12 20:30:00,RESOLVED,14.5,433.8
14358,3829,PAYMENT,LOW,2026-08-27 13:42:00,RESOLVED,9.9,309.2
14359,4045,PAYMENT,MEDIUM,2026-08-01 16:37:00,RESOLVED,107.2,142.0
14360,3414,PRODUCT,LOW,2026-08-18 14:29:00,RESOLVED,13.9,52.6
14361,5057,REFUND,LOW,2026-09-01 04:24:00,OPEN,52.1,108.1
14362,9565,PRODUCT,MEDIUM,2026-08-26 09:45:00,RESOLVED,6.9,139.4
14363,9973,DELIVERY,MEDIUM,2026-08-13 09:47:00,RESOLVED,9.1,314.1
14364,3341,PAYMENT,MEDIUM,2026-08-10 21:38:00,RESOLVED,39.3,176.3
14365,3698,PAYMENT,MEDIUM,2026-08-10 05:14:00,RESOLVED,23.0,298.9
14366,8596,PAYMENT,MEDIUM,2026-09-06 21:08:00,PENDING,28.8,143.7
14367,5754,REFUND,HIGH,2026-08-13 01:40:00,RESOLVED,19.0,347.4
14368,1783,DELIVERY,MEDIUM,2026-08-26 07:20:00,PENDING,25.1,323.9
14369,5494,ACCOUNT,MEDIUM,2026-08-01 11:06:00,PENDING,27.5,74.5
14370,7918,PAYMENT,MEDIUM,2026-08-24 22:48:00,PENDING,24.9,538.3
14371,4036,PRODUCT,HIGH,2026-08-26 23:18:00,RESOLVED,9.0,161.2
14372,6154,ACCOUNT,HIGH,2026-08-24 05:16:00,RESOLVED,21.9,84.6
14373,7748,PAYMENT,MEDIUM,2026-09-03 08:20:00,RESOLVED,29.3,222.0
14374,1202,ACCOUNT,MEDIUM,2026-08-28 08:17:00,RESOLVED,15.7,331.8
14375,9748,PAYMENT,LOW,2026-08-09 10:12:00,RESOLVED,18.8,114.0
14376,640,DELIVERY,CRITICAL,2026-08-28 10:07:00,RESOLVED,25.0,253.6
14377,1139,ACCOUNT,LOW,2026-08-10 11:13:00,RESOLVED,36.9,212.9
14378,2984,ACCOUNT,MEDIUM,2026-08-02 18:32:00,PENDING,13.4,107.9
14379,200,PAYMENT,LOW,2026-09-07 04:26:00,RESOLVED,26.7,249.6
14380,6575,ACCOUNT,LOW,2026-08-17 23:12:00,OPEN,26.5,136.3
14381,5253,PRODUCT,MEDIUM,2026-08-18 06:46:00,RESOLVED,29.8,192.5
14382,3602,ACCOUNT,MEDIUM,2026-09-09 00:22:00,PENDING,45.4,165.6
14383,9875,DELIVERY,LOW,2026-08-25 07:17:00,OPEN,32.6,173.1
14384,2712,ACCOUNT,LOW,2026-08-31 07:59:00,RESOLVED,11.6,193.7
14385,8793,REFUND,MEDIUM,2026-09-05 01:49:00,RESOLVED,14.4,153.3
14386,5819,ACCOUNT,MEDIUM,2026-08-08 15:48:00,RESOLVED,16.6,160.6
14387,6929,ACCOUNT,MEDIUM,2026-08-07 02:03:00,RESOLVED,32.9,211.9
14388,9526,DELIVERY,CRITICAL,2026-08-18 02:40:00,RESOLVED,18.7,134.7
14389,2541,PRODUCT,LOW,2026-08-03 22:40:00,PENDING,17.9,93.7
14390,1219,REFUND,MEDIUM,2026-08-19 11:17:00,PENDING,22.7,116.6
14391,7927,REFUND,MEDIUM,2026-08-22 18:08:00,PENDING,60.5,284.5
14392,6446,ACCOUNT,LOW,2026-09-09 03:09:00,OPEN,8.8,599.9
14393,1974,PAYMENT,HIGH,2026-08-07 18:33:00,RESOLVED,12.7,79.7
14394,9125,PAYMENT,LOW,2026-09-08 01:40:00,RESOLVED,27.3,166.9
14395,7177,REFUND,MEDIUM,2026-08-10 16:28:00,RESOLVED,1.9,99.2
14396,5412,PRODUCT,LOW,2026-08-04 01:58:00,RESOLVED,15.7,204.4
14397,1323,REFUND,MEDIUM,2026-09-03 20:35:00,RESOLVED,34.5,311.6
14398,9642,REFUND,HIGH,2026-08-11 14:33:00,RESOLVED,23.3,427.7
14399,5253,PRODUCT,MEDIUM,2026-08-12 20:15:00,RESOLVED,23.8,189.8
14400,5979,REFUND,MEDIUM,2026-08-03 22:06:00,RESOLVED,24.7,586.5
14401,273,PRODUCT,LOW,2026-08-22 10:14:00,RESOLVED,11.2,114.9
14402,6727,ACCOUNT,LOW,2026-08-08 18:32:00,PENDING,22.9,171.6
14403,8353,PRODUCT,MEDIUM,2026-08-25 07:31:00,OPEN,60.4,180.2
14404,7913,REFUND,LOW,2026-08-18 23:14:00,RESOLVED,25.5,318.0
14405,3770,DELIVERY,MEDIUM,2026-08-11 20:26:00,RESOLVED,33.6,207.5
14406,1998,PAYMENT,HIGH,2026-08-25 00:25:00,OPEN,41.8,368.5
14407,4433,PAYMENT,MEDIUM,2026-08-07 04:05:00,PENDING,22.3,230.0
14408,5602,REFUND,MEDIUM,2026-09-02 11:37:00,RESOLVED,22.3,333.2
14409,2691,REFUND,CRITICAL,2026-08-28 16:39:00,RESOLVED,24.7,188.0
14410,6143,ACCOUNT,HIGH,2026-08-04 11:33:00,RESOLVED,24.1,69.4
14411,9245,DELIVERY,LOW,2026-09-09 18:48:00,RESOLVED,11.3,122.7
14412,1202,REFUND,HIGH,2026-08-12 05:53:00,RESOLVED,17.3,330.5
14413,2465,REFUND,MEDIUM,2026-09-08 14:17:00,RESOLVED,3.6,261.6
14414,4556,ACCOUNT,HIGH,2026-08-25 09:31:00,RESOLVED,34.2,309.5
14415,1736,REFUND,MEDIUM,2026-09-06 19:34:00,RESOLVED,7.0,284.0
14416,7707,REFUND,CRITICAL,2026-08-19 09:07:00,PENDING,14.9,142.3
14417,609,REFUND,HIGH,2026-08-31 19:12:00,OPEN,21.2,43.7
14418,408,ACCOUNT,MEDIUM,2026-08-13 07:52:00,PENDING,8.6,702.8
14419,3531,REFUND,MEDIUM,2026-08-28 19:04:00,OPEN,21.4,235.1
14420,4135,REFUND,LOW,2026-08-08 02:41:00,RESOLVED,31.5,277.8
14421,7055,REFUND,LOW,2026-08-06 20:39:00,RESOLVED,24.7,288.9
14422,1458,ACCOUNT,MEDIUM,2026-08-29 08:09:00,RESOLVED,63.6,269.2
14423,7838,PRODUCT,MEDIUM,2026-08-02 07:29:00,PENDING,22.9,182.2
14424,1758,PAYMENT,MEDIUM,2026-08-10 09:26:00,OPEN,17.4,375.5
14425,9489,REFUND,MEDIUM,2026-08-20 13:17:00,RESOLVED,13.3,132.2
14426,5126,DELIVERY,LOW,2026-08-28 09:07:00,RESOLVED,14.5,129.4
14427,7667,DELIVERY,LOW,2026-08-24 02:54:00,RESOLVED,49.9,239.7
14428,295,REFUND,LOW,2026-09-06 16:02:00,RESOLVED,47.7,100.4
14429,7169,PRODUCT,MEDIUM,2026-08-29 23:25:00,RESOLVED,34.5,90.4
14430,4250,PRODUCT,MEDIUM,2026-08-09 15:09:00,RESOLVED,4.7,268.9
14431,5022,PRODUCT,LOW,2026-08-29 03:43:00,RESOLVED,12.3,339.7
14432,258,PRODUCT,LOW,2026-08-29 20:58:00,RESOLVED,17.7,327.7
14433,6210,PAYMENT,LOW,2026-09-04 00:50:00,PENDING,14.0,121.9
14434,9256,REFUND,MEDIUM,2026-09-02 00:48:00,RESOLVED,25.4,425.6
14435,9953,PRODUCT,CRITICAL,2026-08-26 02:43:00,RESOLVED,28.2,78.3
14436,8830,DELIVERY,HIGH,2026-08-26 07:42:00,RESOLVED,27.7,203.4
14437,7177,DELIVERY,MEDIUM,2026-08-19 04:55:00,RESOLVED,3.7,181.7
14438,2117,ACCOUNT,MEDIUM,2026-08-14 00:29:00,PENDING,3.3,133.7
14439,3691,PAYMENT,MEDIUM,2026-09-08 07:10:00,RESOLVED,21.7,257.8
14440,659,PRODUCT,LOW,2026-08-10 14:18:00,PENDING,25.0,212.5
14441,2250,ACCOUNT,HIGH,2026-09-03 14:26:00,PENDING,8.4,323.8
14442,2507,PRODUCT,LOW,2026-09-01 11:39:00,RESOLVED,30.8,313.0
14443,6669,PRODUCT,MEDIUM,2026-08-25 15:41:00,RESOLVED,13.2,216.3
14444,284,PAYMENT,HIGH,2026-08-14 00:52:00,RESOLVED,18.6,188.7
14445,9294,REFUND,LOW,2026-08-29 11:22:00,RESOLVED,5.9,342.8
14446,7348,REFUND,MEDIUM,2026-09-02 05:46:00,OPEN,9.2,345.3
14447,6725,ACCOUNT,HIGH,2026-08-24 22:42:00,RESOLVED,8.7,73.5
14448,5739,REFUND,LOW,2026-09-03 15:03:00,PENDING,29.0,213.1
14449,2537,ACCOUNT,CRITICAL,2026-08-21 10:01:00,RESOLVED,44.2,279.9
14450,5439,DELIVERY,LOW,2026-09-04 19:19:00,RESOLVED,68.4,193.0
14451,6376,REFUND,MEDIUM,2026-08-17 03:39:00,RESOLVED,12.0,94.0
14452,8520,ACCOUNT,LOW,2026-09-02 16:04:00,RESOLVED,38.2,221.5
14453,6830,PAYMENT,MEDIUM,2026-08-03 18:00:00,RESOLVED,3.9,146.0
14454,8094,REFUND,LOW,2026-09-06 00:19:00,RESOLVED,37.6,376.8
14455,4568,DELIVERY,MEDIUM,2026-08-27 17:03:00,RESOLVED,14.4,92.2
14456,4089,PAYMENT,MEDIUM,2026-09-07 04:40:00,RESOLVED,34.3,160.5
14457,7809,ACCOUNT,MEDIUM,2026-09-06 21:20:00,OPEN,14.8,243.9
14458,6104,REFUND,HIGH,2026-08-20 17:54:00,RESOLVED,24.2,387.3
14459,3940,PAYMENT,HIGH,2026-08-27 07:35:00,OPEN,17.8,96.7
14460,4419,REFUND,MEDIUM,2026-08-12 15:38:00,OPEN,17.0,310.1
14461,5565,ACCOUNT,MEDIUM,2026-09-09 01:37:00,RESOLVED,24.4,525.4
14462,6241,PRODUCT,LOW,2026-08-08 13:32:00,RESOLVED,10.3,329.5
14463,3607,PRODUCT,LOW,2026-08-08 13:56:00,RESOLVED,7.4,276.3
14464,1516,PRODUCT,LOW,2026-08-16 15:26:00,RESOLVED,28.6,190.9
14465,8984,PAYMENT,MEDIUM,2026-08-18 08:57:00,RESOLVED,17.6,35.5
14466,3001,ACCOUNT,LOW,2026-08-11 03:05:00,RESOLVED,13.5,198.9
14467,1618,PRODUCT,LOW,2026-09-08 11:46:00,RESOLVED,18.2,135.8
14468,2519,DELIVERY,MEDIUM,2026-09-03 16:25:00,PENDING,24.8,416.8
14469,8688,REFUND,LOW,2026-08-09 02:31:00,RESOLVED,17.4,240.7
14470,1675,ACCOUNT,LOW,2026-09-03 15:40:00,PENDING,33.3,114.0
14471,6973,REFUND,MEDIUM,2026-08-13 12:48:00,RESOLVED,30.5,127.5
14472,4139,ACCOUNT,LOW,2026-08-18 17:02:00,OPEN,33.2,72.7
14473,6075,ACCOUNT,MEDIUM,2026-09-09 06:57:00,RESOLVED,19.1,126.4
14474,7265,ACCOUNT,HIGH,2026-09-02 08:21:00,RESOLVED,20.7,96.0
14475,2224,PRODUCT,MEDIUM,2026-08-15 01:25:00,RESOLVED,11.0,355.4
14476,3961,DELIVERY,LOW,2026-08-26 15:19:00,RESOLVED,9.1,47.9
14477,7908,DELIVERY,HIGH,2026-09-02 02:19:00,RESOLVED,23.5,315.7
14478,9827,PAYMENT,MEDIUM,2026-08-23 23:30:00,RESOLVED,11.3,204.2
14479,8531,REFUND,MEDIUM,2026-08-10 21:01:00,PENDING,11.4,255.2
14480,3021,ACCOUNT,MEDIUM,2026-09-02 10:32:00,PENDING,33.3,175.3
14481,2373,ACCOUNT,HIGH,2026-08-15 02:26:00,RESOLVED,24.3,617.2
14482,9482,PRODUCT,MEDIUM,2026-09-02 04:57:00,RESOLVED,16.4,218.9
14483,6868,ACCOUNT,LOW,2026-08-22 13:43:00,RESOLVED,40.5,253.9
14484,1936,DELIVERY,MEDIUM,2026-09-01 23:37:00,PENDING,28.4,483.3
14485,6471,PRODUCT,LOW,2026-09-02 22:45:00,PENDING,40.1,310.1
14486,3208,ACCOUNT,MEDIUM,2026-08-22 19:42:00,RESOLVED,29.5,125.9
14487,1566,ACCOUNT,HIGH,2026-08-14 00:55:00,OPEN,24.8,333.2
14488,1641,ACCOUNT,MEDIUM,2026-08-13 19:52:00,RESOLVED,6.0,298.6
14489,3783,ACCOUNT,LOW,2026-08-02 09:16:00,PENDING,33.1,136.9
14490,2380,PRODUCT,MEDIUM,2026-08-17 03:02:00,RESOLVED,15.9,136.2
14491,7851,DELIVERY,HIGH,2026-08-09 07:28:00,OPEN,40.2,169.9
14492,1572,PAYMENT,LOW,2026-08-28 05:45:00,RESOLVED,77.1,224.9
14493,1873,ACCOUNT,MEDIUM,2026-08-27 11:09:00,RESOLVED,29.6,307.8
14494,6249,PRODUCT,LOW,2026-09-06 09:49:00,RESOLVED,11.2,80.8
14495,4343,REFUND,HIGH,2026-08-07 13:55:00,RESOLVED,4.9,158.1
14496,2007,PRODUCT,LOW,2026-08-29 21:45:00,RESOLVED,4.1,125.2
14497,692,DELIVERY,MEDIUM,2026-08-10 06:31:00,RESOLVED,13.9,204.9
14498,852,REFUND,MEDIUM,2026-09-01 15:25:00,RESOLVED,23.5,82.8
14499,2914,PRODUCT,MEDIUM,2026-09-02 07:56:00,RESOLVED,4.5,344.7
14500,2665,PRODUCT,HIGH,2026-08-12 16:17:00,RESOLVED,21.7,271.2
14501,5807,PAYMENT,HIGH,2026-09-08 20:14:00,OPEN,24.3,154.7
14502,6785,REFUND,LOW,2026-08-18 12:43:00,RESOLVED,44.0,258.7
14503,1657,PAYMENT,LOW,2026-08-26 09:21:00,OPEN,5.9,329.8
14504,4287,DELIVERY,MEDIUM,2026-08-30 20:59:00,OPEN,33.2,157.4
14505,4664,ACCOUNT,LOW,2026-08-25 05:11:00,RESOLVED,63.1,258.3
14506,1562,ACCOUNT,LOW,2026-09-04 19:59:00,RESOLVED,28.1,233.8
14507,4888,PRODUCT,LOW,2026-08-03 16:32:00,RESOLVED,25.2,335.9
14508,635,REFUND,LOW,2026-08-21 11:43:00,RESOLVED,15.6,451.5
14509,3117,DELIVERY,MEDIUM,2026-09-01 15:04:00,PENDING,24.2,210.3
14510,7294,DELIVERY,LOW,2026-08-01 17:32:00,RESOLVED,6.2,342.7
14511,2447,REFUND,LOW,2026-08-20 00:23:00,RESOLVED,53.6,282.7
14512,7042,ACCOUNT,HIGH,2026-09-05 10:16:00,PENDING,27.7,125.8
14513,1068,REFUND,LOW,2026-08-14 03:24:00,RESOLVED,13.5,156.9
14514,4616,PRODUCT,LOW,2026-08-04 21:19:00,RESOLVED,43.0,309.7
14515,9021,DELIVERY,MEDIUM,2026-08-16 08:56:00,PENDING,7.3,242.4
14516,5278,ACCOUNT,HIGH,2026-08-22 04:30:00,RESOLVED,12.9,552.0
14517,8165,DELIVERY,HIGH,2026-08-04 14:19:00,RESOLVED,12.2,242.4
14518,2405,REFUND,LOW,2026-08-20 04:05:00,OPEN,7.4,90.1
14519,1856,DELIVERY,MEDIUM,2026-08-27 09:25:00,RESOLVED,10.3,322.4
14520,4854,PRODUCT,MEDIUM,2026-09-08 11:36:00,PENDING,17.6,342.2
14521,2479,DELIVERY,MEDIUM,2026-08-27 16:55:00,RESOLVED,8.5,160.3
14522,7287,DELIVERY,MEDIUM,2026-08-05 23:46:00,RESOLVED,13.4,315.2
14523,3520,REFUND,LOW,2026-09-07 09:04:00,OPEN,30.7,581.5
14524,7716,DELIVERY,HIGH,2026-08-27 13:35:00,RESOLVED,6.9,421.6
14525,351,REFUND,MEDIUM,2026-09-03 15:38:00,PENDING,33.0,143.1
14526,3405,REFUND,MEDIUM,2026-08-13 10:33:00,RESOLVED,8.9,203.7
14527,2429,ACCOUNT,MEDIUM,2026-08-02 06:06:00,OPEN,12.0,269.0
14528,6789,PAYMENT,MEDIUM,2026-08-18 08:40:00,OPEN,16.0,76.6
14529,2061,PAYMENT,HIGH,2026-08-15 07:15:00,RESOLVED,23.3,386.0
14530,4865,PRODUCT,LOW,2026-08-17 15:46:00,RESOLVED,60.3,363.0
14531,3603,DELIVERY,LOW,2026-09-07 15:03:00,OPEN,18.8,127.8
14532,7394,DELIVERY,MEDIUM,2026-08-14 22:35:00,RESOLVED,9.1,328.2
14533,3700,DELIVERY,LOW,2026-08-11 17:11:00,RESOLVED,91.4,419.0
14534,6908,ACCOUNT,LOW,2026-09-05 04:55:00,PENDING,17.7,273.3
14535,893,PRODUCT,LOW,2026-09-05 20:03:00,RESOLVED,45.5,423.4
14536,7504,ACCOUNT,HIGH,2026-08-29 20:32:00,RESOLVED,35.1,364.3
14537,6389,ACCOUNT,CRITICAL,2026-08-05 23:34:00,RESOLVED,9.8,89.4
14538,1649,DELIVERY,MEDIUM,2026-09-05 22:59:00,RESOLVED,21.4,170.5
14539,1088,DELIVERY,HIGH,2026-08-02 15:15:00,RESOLVED,50.6,239.5
14540,3222,ACCOUNT,HIGH,2026-09-02 08:43:00,RESOLVED,35.9,166.6
14541,9881,PAYMENT,HIGH,2026-08-30 14:55:00,RESOLVED,11.1,296.6
14542,2650,PRODUCT,LOW,2026-08-17 16:03:00,RESOLVED,73.6,115.3
14543,4747,REFUND,LOW,2026-08-08 20:39:00,OPEN,20.8,127.3
14544,4471,PAYMENT,MEDIUM,2026-08-03 11:09:00,RESOLVED,11.8,306.7
14545,2950,ACCOUNT,HIGH,2026-08-02 11:07:00,PENDING,85.7,351.9
14546,4650,PAYMENT,HIGH,2026-08-12 22:52:00,OPEN,68.3,446.5
14547,1756,PRODUCT,LOW,2026-08-20 00:03:00,RESOLVED,28.4,811.8
14548,6674,PRODUCT,HIGH,2026-08-14 19:52:00,RESOLVED,38.6,275.3
14549,1600,ACCOUNT,LOW,2026-08-25 05:58:00,RESOLVED,41.4,202.6
14550,5697,REFUND,MEDIUM,2026-08-05 01:50:00,PENDING,17.7,128.7
14551,3181,ACCOUNT,HIGH,2026-08-29 03:33:00,PENDING,34.7,223.1
14552,5799,PRODUCT,MEDIUM,2026-08-07 03:59:00,RESOLVED,5.0,184.9
14553,5480,ACCOUNT,MEDIUM,2026-08-18 16:47:00,RESOLVED,16.8,148.0
14554,6330,REFUND,LOW,2026-08-01 22:04:00,OPEN,38.0,217.8
14555,6054,DELIVERY,CRITICAL,2026-09-07 03:51:00,RESOLVED,19.5,398.6
14556,2729,DELIVERY,LOW,2026-08-18 13:05:00,RESOLVED,4.4,86.8
14557,5883,REFUND,MEDIUM,2026-08-15 22:11:00,RESOLVED,3.8,92.4
14558,2262,PAYMENT,LOW,2026-08-07 18:52:00,RESOLVED,31.5,499.9
14559,3881,REFUND,LOW,2026-08-10 06:43:00,RESOLVED,33.6,152.6
14560,2152,REFUND,LOW,2026-08-11 20:36:00,RESOLVED,38.5,345.0
14561,5345,ACCOUNT,LOW,2026-08-04 20:07:00,RESOLVED,31.1,290.7
14562,7795,PRODUCT,LOW,2026-08-20 05:28:00,RESOLVED,76.0,277.4
14563,6051,PRODUCT,LOW,2026-08-06 20:49:00,RESOLVED,34.3,190.3
14564,973,PRODUCT,HIGH,2026-08-07 13:30:00,RESOLVED,23.1,152.9
14565,769,ACCOUNT,LOW,2026-08-04 14:41:00,OPEN,12.5,265.6
14566,3161,REFUND,MEDIUM,2026-08-03 14:50:00,RESOLVED,35.5,335.8
14567,5886,ACCOUNT,MEDIUM,2026-09-03 04:06:00,OPEN,7.7,212.6
14568,2803,ACCOUNT,HIGH,2026-08-31 15:09:00,RESOLVED,39.9,263.5
14569,9952,REFUND,MEDIUM,2026-08-28 00:57:00,RESOLVED,18.2,283.2
14570,5920,REFUND,LOW,2026-09-05 09:58:00,RESOLVED,14.7,122.0
14571,8941,DELIVERY,LOW,2026-08-19 03:19:00,PENDING,4.0,123.8
14572,9242,PRODUCT,LOW,2026-08-14 12:07:00,RESOLVED,12.7,91.5
14573,961,REFUND,MEDIUM,2026-08-18 04:39:00,PENDING,52.8,607.2
14574,8786,REFUND,MEDIUM,2026-08-19 12:04:00,RESOLVED,6.9,156.5
14575,509,PRODUCT,HIGH,2026-08-05 06:08:00,RESOLVED,8.9,258.7
14576,1054,DELIVERY,HIGH,2026-08-12 12:41:00,RESOLVED,8.9,139.7
14577,5403,DELIVERY,HIGH,2026-08-19 18:16:00,RESOLVED,9.8,210.3
14578,5403,ACCOUNT,LOW,2026-08-19 11:29:00,RESOLVED,27.2,204.0
14579,6485,DELIVERY,MEDIUM,2026-08-16 14:03:00,RESOLVED,19.5,195.1
14580,372,ACCOUNT,LOW,2026-08-04 13:24:00,RESOLVED,36.8,281.5
14581,1078,PRODUCT,HIGH,2026-08-12 07:50:00,RESOLVED,12.6,475.8
14582,7925,REFUND,MEDIUM,2026-08-19 09:06:00,OPEN,13.1,133.0
14583,5914,PAYMENT,MEDIUM,2026-08-09 16:14:00,PENDING,91.5,207.2
14584,3748,REFUND,MEDIUM,2026-08-19 10:55:00,RESOLVED,21.9,355.8
14585,1822,PAYMENT,MEDIUM,2026-08-13 19:54:00,OPEN,55.5,497.5
14586,2149,PRODUCT,MEDIUM,2026-08-13 06:46:00,RESOLVED,3.5,319.5
14587,3070,ACCOUNT,HIGH,2026-09-07 05:20:00,RESOLVED,20.1,264.1
14588,4842,REFUND,LOW,2026-09-04 17:17:00,RESOLVED,14.6,277.9
14589,8141,PAYMENT,HIGH,2026-08-29 00:14:00,RESOLVED,7.8,142.6
14590,4352,ACCOUNT,MEDIUM,2026-08-17 19:18:00,RESOLVED,36.0,180.5
14591,4375,DELIVERY,LOW,2026-09-02 01:15:00,OPEN,11.2,411.5
14592,9432,DELIVERY,MEDIUM,2026-08-06 22:24:00,RESOLVED,44.1,591.9
14593,932,PRODUCT,LOW,2026-08-08 11:24:00,RESOLVED,14.6,262.4
14594,332,DELIVERY,MEDIUM,2026-08-31 00:31:00,RESOLVED,25.4,168.7
14595,9929,ACCOUNT,LOW,2026-09-06 02:23:00,RESOLVED,16.1,550.9
14596,9500,DELIVERY,HIGH,2026-08-06 20:31:00,RESOLVED,25.1,248.2
14597,4035,PRODUCT,MEDIUM,2026-08-20 17:11:00,RESOLVED,31.1,505.7
14598,2344,REFUND,LOW,2026-08-04 09:57:00,RESOLVED,63.5,187.7
14599,1230,ACCOUNT,MEDIUM,2026-09-08 23:07:00,RESOLVED,33.3,270.2
14600,1451,ACCOUNT,CRITICAL,2026-08-15 18:06:00,RESOLVED,10.0,213.1
14601,8921,PRODUCT,LOW,2026-09-02 15:15:00,RESOLVED,27.7,107.7
14602,7419,PRODUCT,MEDIUM,2026-09-01 21:24:00,RESOLVED,23.1,350.2
14603,8446,REFUND,HIGH,2026-08-07 12:17:00,RESOLVED,16.1,228.0
14604,5226,DELIVERY,LOW,2026-09-08 01:16:00,RESOLVED,12.1,199.4
14605,6578,REFUND,HIGH,2026-09-08 12:06:00,PENDING,31.5,694.0
14606,8957,DELIVERY,CRITICAL,2026-08-27 07:40:00,RESOLVED,5.8,138.4
14607,3576,PRODUCT,MEDIUM,2026-09-08 08:57:00,RESOLVED,8.9,160.5
14608,5427,REFUND,MEDIUM,2026-09-05 19:14:00,RESOLVED,52.3,211.3
14609,2883,PAYMENT,CRITICAL,2026-08-23 11:22:00,RESOLVED,35.3,384.0
14610,5055,PRODUCT,LOW,2026-08-23 17:54:00,RESOLVED,13.5,130.4
14611,2125,PRODUCT,LOW,2026-09-09 18:49:00,RESOLVED,19.0,219.0
14612,2062,PAYMENT,LOW,2026-08-08 14:43:00,RESOLVED,16.4,81.1
14613,3573,PRODUCT,MEDIUM,2026-08-19 21:05:00,RESOLVED,30.7,157.9
14614,9498,DELIVERY,MEDIUM,2026-08-23 14:28:00,RESOLVED,43.0,552.1
14615,2715,REFUND,HIGH,2026-08-04 19:49:00,RESOLVED,4.3,168.0
14616,6645,PRODUCT,LOW,2026-08-30 10:55:00,PENDING,16.9,516.1
14617,5716,PRODUCT,MEDIUM,2026-08-26 06:02:00,RESOLVED,27.0,267.7
14618,6016,PRODUCT,MEDIUM,2026-08-03 23:54:00,OPEN,33.1,449.8
14619,1303,ACCOUNT,LOW,2026-09-03 19:50:00,RESOLVED,27.9,147.2
14620,7901,ACCOUNT,HIGH,2026-08-17 18:58:00,RESOLVED,4.5,187.3
14621,7849,DELIVERY,LOW,2026-08-05 09:42:00,RESOLVED,10.5,183.9
14622,1013,PAYMENT,LOW,2026-08-04 08:51:00,RESOLVED,14.4,213.0
14623,3941,ACCOUNT,LOW,2026-08-12 00:33:00,RESOLVED,37.4,325.9
14624,8665,REFUND,HIGH,2026-08-16 20:48:00,OPEN,18.2,524.1
14625,2374,DELIVERY,MEDIUM,2026-08-17 01:06:00,RESOLVED,20.8,426.0
14626,5005,DELIVERY,HIGH,2026-08-23 12:11:00,RESOLVED,41.2,139.6
14627,8275,PRODUCT,MEDIUM,2026-08-27 05:28:00,RESOLVED,26.2,394.4
14628,8023,ACCOUNT,HIGH,2026-08-29 16:57:00,RESOLVED,9.5,424.0
14629,3872,PRODUCT,MEDIUM,2026-08-18 16:52:00,RESOLVED,32.6,122.9
14630,7127,DELIVERY,HIGH,2026-08-15 05:11:00,RESOLVED,69.3,289.5
14631,9309,PAYMENT,HIGH,2026-08-30 18:42:00,RESOLVED,8.9,102.9
14632,4513,REFUND,MEDIUM,2026-08-05 21:25:00,RESOLVED,51.4,358.4
14633,9741,ACCOUNT,LOW,2026-09-06 00:59:00,RESOLVED,15.1,64.7
14634,7698,PAYMENT,CRITICAL,2026-08-20 19:14:00,RESOLVED,17.2,133.0
14635,6478,REFUND,MEDIUM,2026-08-26 00:54:00,RESOLVED,16.7,248.9
14636,7207,PAYMENT,MEDIUM,2026-08-06 04:05:00,RESOLVED,33.4,255.1
14637,1875,PRODUCT,MEDIUM,2026-08-04 12:34:00,PENDING,22.3,151.4
14638,38,PAYMENT,MEDIUM,2026-08-04 20:52:00,PENDING,9.0,158.7
14639,8274,PAYMENT,MEDIUM,2026-08-16 19:49:00,RESOLVED,81.8,109.2
14640,7093,PRODUCT,MEDIUM,2026-08-30 07:08:00,PENDING,28.1,282.7
14641,9380,REFUND,MEDIUM,2026-09-08 07:56:00,RESOLVED,21.5,422.3
14642,5088,DELIVERY,HIGH,2026-08-25 08:18:00,OPEN,30.0,97.5
14643,3856,ACCOUNT,MEDIUM,2026-08-18 04:02:00,PENDING,6.7,216.4
14644,8395,PRODUCT,MEDIUM,2026-08-22 05:25:00,RESOLVED,26.7,189.7
14645,9416,PRODUCT,LOW,2026-08-07 18:11:00,OPEN,20.8,185.5
14646,8097,ACCOUNT,MEDIUM,2026-08-07 16:58:00,RESOLVED,7.4,294.8
14647,8272,PRODUCT,LOW,2026-09-04 07:17:00,RESOLVED,9.1,363.0
14648,1707,DELIVERY,MEDIUM,2026-09-06 19:32:00,RESOLVED,19.8,188.2
14649,8685,ACCOUNT,HIGH,2026-09-03 12:19:00,RESOLVED,23.6,198.5
14650,218,DELIVERY,LOW,2026-09-04 09:59:00,RESOLVED,33.4,109.2
14651,7554,PRODUCT,MEDIUM,2026-08-30 01:28:00,OPEN,4.5,46.9
14652,1964,ACCOUNT,LOW,2026-09-03 17:05:00,RESOLVED,18.2,353.7
14653,413,PAYMENT,CRITICAL,2026-08-02 23:01:00,RESOLVED,18.0,398.6
14654,7412,REFUND,LOW,2026-08-03 14:39:00,RESOLVED,13.8,277.1
14655,3395,ACCOUNT,HIGH,2026-09-05 20:36:00,OPEN,12.8,434.3
14656,8714,PAYMENT,MEDIUM,2026-08-03 21:21:00,RESOLVED,40.3,168.2
14657,2828,ACCOUNT,CRITICAL,2026-08-11 09:18:00,RESOLVED,7.9,40.4
14658,7006,REFUND,MEDIUM,2026-08-19 20:28:00,RESOLVED,18.8,332.6
14659,6437,DELIVERY,MEDIUM,2026-08-22 01:31:00,PENDING,51.5,155.2
14660,8206,PAYMENT,MEDIUM,2026-08-12 12:46:00,RESOLVED,9.9,261.6
14661,8612,REFUND,MEDIUM,2026-09-05 11:44:00,RESOLVED,23.5,314.3
14662,5873,PRODUCT,LOW,2026-08-14 10:40:00,RESOLVED,29.1,170.0
14663,3460,REFUND,CRITICAL,2026-09-01 08:31:00,RESOLVED,32.1,172.3
14664,5066,PRODUCT,MEDIUM,2026-08-29 09:15:00,PENDING,10.0,198.3
14665,6019,REFUND,MEDIUM,2026-08-02 21:27:00,RESOLVED,7.4,268.7
14666,9704,REFUND,LOW,2026-09-07 09:58:00,PENDING,38.5,100.8
14667,1725,PRODUCT,MEDIUM,2026-08-09 08:01:00,RESOLVED,17.8,165.7
14668,806,REFUND,LOW,2026-08-25 03:05:00,OPEN,36.9,159.9
14669,4645,REFUND,LOW,2026-08-25 00:37:00,RESOLVED,75.3,208.8
14670,4214,PAYMENT,MEDIUM,2026-08-02 03:37:00,RESOLVED,13.4,475.1
14671,9009,REFUND,LOW,2026-09-08 20:29:00,RESOLVED,49.7,169.2
14672,2781,REFUND,MEDIUM,2026-08-02 14:32:00,RESOLVED,16.8,177.4
14673,1484,REFUND,MEDIUM,2026-08-18 07:24:00,RESOLVED,7.3,131.6
14674,1221,PRODUCT,MEDIUM,2026-08-10 06:16:00,OPEN,14.1,188.4
14675,8941,REFUND,MEDIUM,2026-08-09 07:40:00,OPEN,48.2,111.5
14676,6056,PRODUCT,MEDIUM,2026-08-01 08:40:00,RESOLVED,46.4,232.0
14677,9761,REFUND,MEDIUM,2026-08-06 00:30:00,RESOLVED,23.8,296.7
14678,2633,ACCOUNT,HIGH,2026-08-06 12:59:00,RESOLVED,28.5,230.8
14679,814,ACCOUNT,LOW,2026-08-27 17:01:00,OPEN,17.5,276.9
14680,4630,DELIVERY,MEDIUM,2026-08-03 03:00:00,RESOLVED,62.9,276.6
14681,1729,DELIVERY,HIGH,2026-08-22 15:12:00,RESOLVED,18.2,240.0
14682,1366,DELIVERY,LOW,2026-08-12 02:27:00,RESOLVED,35.2,287.0
14683,8827,DELIVERY,MEDIUM,2026-08-02 10:28:00,PENDING,12.7,309.8
14684,3900,PRODUCT,LOW,2026-08-02 19:49:00,RESOLVED,21.5,265.0
14685,701,REFUND,LOW,2026-09-03 10:30:00,RESOLVED,1.8,161.8
14686,2003,PAYMENT,LOW,2026-09-06 10:51:00,RESOLVED,16.9,595.9
14687,3670,REFUND,HIGH,2026-08-25 18:48:00,RESOLVED,26.9,187.3
14688,8970,DELIVERY,LOW,2026-08-21 22:13:00,RESOLVED,31.3,291.0
14689,6383,DELIVERY,LOW,2026-08-10 10:37:00,PENDING,35.2,212.3
14690,5224,ACCOUNT,LOW,2026-09-04 11:19:00,RESOLVED,25.2,189.5
14691,5827,PAYMENT,HIGH,2026-08-20 14:35:00,RESOLVED,27.5,262.9
14692,7996,PRODUCT,LOW,2026-08-28 03:22:00,RESOLVED,22.4,125.5
14693,1938,DELIVERY,MEDIUM,2026-09-01 10:02:00,RESOLVED,41.3,669.9
14694,4858,PAYMENT,LOW,2026-08-19 09:58:00,RESOLVED,25.3,345.7
14695,3864,PRODUCT,LOW,2026-08-14 04:08:00,RESOLVED,38.0,253.3
14696,424,PRODUCT,HIGH,2026-08-19 14:58:00,RESOLVED,8.3,161.3
14697,5510,PRODUCT,MEDIUM,2026-09-05 18:05:00,OPEN,28.5,402.2
14698,6946,PAYMENT,MEDIUM,2026-08-29 19:46:00,RESOLVED,18.2,220.5
14699,6662,PRODUCT,HIGH,2026-08-28 14:54:00,OPEN,3.6,196.6
14700,479,REFUND,HIGH,2026-08-13 20:01:00,RESOLVED,5.0,26.6
14701,3949,PRODUCT,HIGH,2026-08-13 21:18:00,RESOLVED,6.7,174.7
14702,3951,REFUND,LOW,2026-08-22 05:46:00,RESOLVED,18.4,179.3
14703,1557,PRODUCT,LOW,2026-08-02 02:07:00,RESOLVED,13.7,103.6
14704,5470,PAYMENT,CRITICAL,2026-08-05 16:43:00,PENDING,34.1,132.1
14705,5310,PAYMENT,MEDIUM,2026-08-23 05:56:00,RESOLVED,40.6,508.8
14706,7799,PAYMENT,MEDIUM,2026-09-01 09:28:00,RESOLVED,23.6,170.3
14707,7637,PAYMENT,MEDIUM,2026-08-16 07:28:00,RESOLVED,47.8,143.8
14708,8986,PRODUCT,MEDIUM,2026-08-14 03:08:00,RESOLVED,14.1,209.6
14709,4247,REFUND,MEDIUM,2026-08-29 01:43:00,PENDING,26.5,320.4
14710,2049,PAYMENT,LOW,2026-08-08 03:30:00,OPEN,12.8,196.1
14711,5414,PAYMENT,LOW,2026-08-04 23:30:00,PENDING,28.3,343.3
14712,6636,DELIVERY,LOW,2026-08-30 15:11:00,RESOLVED,35.2,480.9
14713,3334,ACCOUNT,HIGH,2026-08-20 19:29:00,RESOLVED,39.4,241.7
14714,4703,PRODUCT,MEDIUM,2026-08-04 17:30:00,OPEN,21.5,184.2
14715,9186,DELIVERY,HIGH,2026-08-26 11:41:00,RESOLVED,11.6,558.7
14716,7676,DELIVERY,MEDIUM,2026-09-08 01:54:00,RESOLVED,20.0,372.1
14717,6097,ACCOUNT,HIGH,2026-08-15 04:08:00,RESOLVED,25.7,358.8
14718,9399,ACCOUNT,HIGH,2026-08-28 13:52:00,OPEN,13.6,138.1
14719,143,PRODUCT,MEDIUM,2026-08-29 00:35:00,RESOLVED,38.3,195.1
14720,5330,PRODUCT,MEDIUM,2026-08-30 14:48:00,RESOLVED,9.9,403.1
14721,2663,ACCOUNT,MEDIUM,2026-08-19 23:17:00,RESOLVED,38.3,94.6
14722,2868,PAYMENT,LOW,2026-08-04 06:41:00,RESOLVED,15.3,433.4
14723,7841,DELIVERY,LOW,2026-08-06 00:45:00,RESOLVED,9.0,268.4
14724,7986,PAYMENT,MEDIUM,2026-08-23 13:09:00,RESOLVED,6.4,102.8
14725,4862,REFUND,HIGH,2026-08-21 14:25:00,OPEN,26.7,92.6
14726,5268,DELIVERY,LOW,2026-08-02 04:45:00,OPEN,10.1,272.1
14727,6000,ACCOUNT,MEDIUM,2026-08-10 10:43:00,RESOLVED,20.0,369.9
14728,8823,PRODUCT,HIGH,2026-08-14 02:04:00,RESOLVED,14.8,110.6
14729,220,ACCOUNT,LOW,2026-09-02 15:26:00,OPEN,17.8,288.4
14730,5661,DELIVERY,HIGH,2026-08-29 23:08:00,RESOLVED,7.8,235.1
14731,680,ACCOUNT,LOW,2026-09-04 09:16:00,OPEN,59.7,206.4
14732,9372,PRODUCT,LOW,2026-08-09 15:03:00,RESOLVED,26.1,209.0
14733,2385,PAYMENT,LOW,2026-09-04 20:25:00,RESOLVED,13.1,179.2
14734,176,DELIVERY,LOW,2026-08-28 21:15:00,RESOLVED,11.2,327.4
14735,8093,PRODUCT,LOW,2026-08-02 22:48:00,RESOLVED,33.2,139.3
14736,7390,PAYMENT,MEDIUM,2026-08-23 00:26:00,RESOLVED,35.2,93.3
14737,9016,PRODUCT,LOW,2026-08-11 10:12:00,OPEN,7.5,143.9
14738,3466,DELIVERY,HIGH,2026-09-06 10:09:00,RESOLVED,9.8,370.2
14739,2766,PRODUCT,LOW,2026-08-18 16:47:00,RESOLVED,67.2,206.2
14740,6687,DELIVERY,MEDIUM,2026-08-20 20:58:00,RESOLVED,12.7,609.9
14741,9458,DELIVERY,MEDIUM,2026-09-07 13:32:00,RESOLVED,18.2,147.4
14742,9424,PAYMENT,LOW,2026-08-13 01:08:00,RESOLVED,14.0,132.7
14743,3996,DELIVERY,MEDIUM,2026-08-25 21:20:00,PENDING,21.5,319.7
14744,6540,PRODUCT,LOW,2026-09-04 23:55:00,PENDING,7.3,430.5
14745,8272,PAYMENT,HIGH,2026-08-23 18:00:00,RESOLVED,45.7,236.0
14746,7450,REFUND,MEDIUM,2026-08-20 02:50:00,RESOLVED,18.1,525.4
14747,6007,REFUND,LOW,2026-08-13 04:17:00,PENDING,5.3,203.3
14748,1581,PAYMENT,MEDIUM,2026-08-12 12:32:00,OPEN,19.0,211.7
14749,6317,PAYMENT,LOW,2026-09-03 09:05:00,RESOLVED,33.1,212.9
14750,1706,PRODUCT,CRITICAL,2026-08-17 15:00:00,RESOLVED,9.6,295.8
14751,4514,PAYMENT,MEDIUM,2026-08-14 06:21:00,RESOLVED,29.9,281.2
14752,5735,PAYMENT,MEDIUM,2026-08-18 17:12:00,PENDING,43.1,353.4
14753,262,PRODUCT,LOW,2026-08-03 10:04:00,RESOLVED,9.0,156.6
14754,4307,PAYMENT,MEDIUM,2026-08-09 21:25:00,PENDING,11.8,173.1
14755,3134,REFUND,HIGH,2026-09-06 05:51:00,RESOLVED,14.5,135.9
14756,1112,REFUND,MEDIUM,2026-09-01 21:32:00,PENDING,60.3,148.2
14757,6475,PAYMENT,MEDIUM,2026-09-05 18:37:00,RESOLVED,30.2,221.6
14758,7284,DELIVERY,LOW,2026-09-02 19:38:00,RESOLVED,15.3,496.6
14759,8937,REFUND,HIGH,2026-08-02 11:12:00,RESOLVED,30.9,240.2
14760,6990,DELIVERY,MEDIUM,2026-08-18 19:16:00,OPEN,24.4,243.6
14761,1831,PAYMENT,MEDIUM,2026-08-06 07:27:00,RESOLVED,8.3,432.7
14762,916,ACCOUNT,LOW,2026-08-01 16:17:00,RESOLVED,44.7,186.4
14763,8223,ACCOUNT,LOW,2026-08-10 16:58:00,RESOLVED,37.7,165.8
14764,487,DELIVERY,LOW,2026-08-05 02:47:00,PENDING,28.2,313.6
14765,3803,ACCOUNT,HIGH,2026-09-06 00:58:00,RESOLVED,11.6,226.2
14766,3789,DELIVERY,MEDIUM,2026-08-21 08:42:00,RESOLVED,52.4,140.9
14767,1818,ACCOUNT,LOW,2026-09-07 14:02:00,RESOLVED,33.4,300.6
14768,6330,REFUND,MEDIUM,2026-08-11 10:25:00,RESOLVED,51.8,297.2
14769,7704,DELIVERY,MEDIUM,2026-08-21 06:01:00,RESOLVED,17.8,188.7
14770,8936,PRODUCT,LOW,2026-08-14 05:33:00,RESOLVED,102.7,277.9
14771,4694,ACCOUNT,MEDIUM,2026-08-21 12:34:00,OPEN,20.9,137.4
14772,4346,REFUND,LOW,2026-08-22 05:19:00,RESOLVED,22.4,83.3
14773,2033,PAYMENT,MEDIUM,2026-08-02 17:56:00,RESOLVED,75.7,468.2
14774,842,PRODUCT,MEDIUM,2026-08-27 12:16:00,RESOLVED,79.0,290.0
14775,8407,ACCOUNT,LOW,2026-08-09 08:18:00,PENDING,38.5,343.1
14776,8405,PAYMENT,MEDIUM,2026-08-08 11:39:00,RESOLVED,19.5,322.3
14777,9811,PRODUCT,LOW,2026-09-09 20:01:00,RESOLVED,35.1,207.1
14778,1249,PRODUCT,HIGH,2026-08-28 11:33:00,PENDING,18.1,23.2
14779,4216,PRODUCT,LOW,2026-08-04 20:01:00,PENDING,10.5,34.2
14780,6374,ACCOUNT,LOW,2026-08-05 08:43:00,RESOLVED,21.3,94.1
14781,8808,ACCOUNT,LOW,2026-08-04 02:58:00,RESOLVED,44.6,474.6
14782,4135,PAYMENT,MEDIUM,2026-08-23 14:10:00,RESOLVED,25.3,274.6
14783,1385,REFUND,LOW,2026-08-28 00:05:00,RESOLVED,5.7,187.3
14784,9096,ACCOUNT,MEDIUM,2026-08-27 19:11:00,RESOLVED,29.0,331.6
14785,833,PAYMENT,HIGH,2026-08-01 03:35:00,RESOLVED,3.0,282.9
14786,7050,ACCOUNT,LOW,2026-08-12 16:21:00,RESOLVED,33.6,168.8
14787,3663,ACCOUNT,LOW,2026-08-08 08:16:00,RESOLVED,12.1,265.8
14788,2,DELIVERY,LOW,2026-09-03 10:54:00,RESOLVED,41.8,380.5
14789,5259,DELIVERY,MEDIUM,2026-08-06 19:23:00,RESOLVED,28.0,392.5
14790,3728,PAYMENT,MEDIUM,2026-09-01 12:39:00,PENDING,54.7,169.4
14791,4362,DELIVERY,HIGH,2026-08-10 14:33:00,RESOLVED,13.0,113.3
14792,1804,PRODUCT,MEDIUM,2026-09-05 06:33:00,RESOLVED,18.4,324.4
14793,6729,DELIVERY,MEDIUM,2026-08-13 18:28:00,RESOLVED,3.6,614.5
14794,2836,ACCOUNT,LOW,2026-08-14 16:06:00,OPEN,28.5,82.1
14795,1524,PAYMENT,HIGH,2026-08-22 11:14:00,RESOLVED,22.1,148.6
14796,3990,PRODUCT,LOW,2026-09-07 07:54:00,RESOLVED,1.9,531.3
14797,1876,PAYMENT,MEDIUM,2026-08-18 21:47:00,PENDING,23.5,479.5
14798,5414,PRODUCT,HIGH,2026-08-20 08:48:00,PENDING,8.3,347.9
14799,5324,PRODUCT,LOW,2026-08-16 08:11:00,RESOLVED,19.6,176.9
14800,7984,REFUND,LOW,2026-08-13 10:41:00,RESOLVED,66.3,696.4
14801,9796,ACCOUNT,LOW,2026-09-09 08:55:00,OPEN,28.3,293.5
14802,865,ACCOUNT,HIGH,2026-08-25 22:07:00,RESOLVED,19.7,196.9
14803,375,REFUND,MEDIUM,2026-09-08 16:32:00,RESOLVED,8.2,533.3
14804,4412,DELIVERY,MEDIUM,2026-09-05 08:18:00,RESOLVED,15.7,262.3
14805,672,PAYMENT,MEDIUM,2026-08-18 04:50:00,RESOLVED,22.0,346.9
14806,8508,PRODUCT,MEDIUM,2026-09-05 13:29:00,RESOLVED,16.3,270.3
14807,8080,PRODUCT,MEDIUM,2026-08-06 03:07:00,RESOLVED,13.6,406.9
14808,4322,REFUND,MEDIUM,2026-08-10 17:04:00,RESOLVED,46.3,233.5
14809,9610,PAYMENT,HIGH,2026-08-19 11:56:00,RESOLVED,20.0,418.1
14810,5193,PRODUCT,LOW,2026-08-07 02:24:00,OPEN,20.6,246.1
14811,5455,PAYMENT,LOW,2026-08-01 15:11:00,OPEN,43.9,551.1
14812,7787,PRODUCT,MEDIUM,2026-08-18 21:52:00,PENDING,13.6,143.4
14813,5512,PRODUCT,LOW,2026-08-03 15:57:00,PENDING,26.5,281.9
14814,7129,DELIVERY,MEDIUM,2026-09-07 13:01:00,RESOLVED,27.6,324.1
14815,2394,REFUND,CRITICAL,2026-08-22 11:01:00,RESOLVED,27.3,445.2
14816,5100,PRODUCT,MEDIUM,2026-09-08 14:32:00,RESOLVED,26.6,240.3
14817,8102,PRODUCT,LOW,2026-08-26 15:28:00,RESOLVED,25.6,185.2
14818,9671,ACCOUNT,CRITICAL,2026-08-12 00:46:00,RESOLVED,83.7,350.0
14819,1923,REFUND,MEDIUM,2026-08-27 14:00:00,OPEN,37.3,418.4
14820,363,DELIVERY,LOW,2026-08-03 16:42:00,RESOLVED,3.9,274.7
14821,5936,REFUND,MEDIUM,2026-08-21 00:01:00,OPEN,17.3,116.2
14822,546,PAYMENT,LOW,2026-08-29 08:59:00,OPEN,12.2,451.2
14823,6826,DELIVERY,LOW,2026-08-18 20:18:00,RESOLVED,23.6,255.0
14824,4274,DELIVERY,LOW,2026-08-10 06:30:00,RESOLVED,39.0,223.9
14825,8006,DELIVERY,MEDIUM,2026-09-06 21:16:00,RESOLVED,24.5,293.1
14826,1579,DELIVERY,MEDIUM,2026-08-09 10:38:00,RESOLVED,6.5,276.8
14827,460,REFUND,MEDIUM,2026-08-12 01:49:00,RESOLVED,39.2,294.5
14828,2166,ACCOUNT,MEDIUM,2026-08-30 10:13:00,PENDING,9.6,251.6
14829,633,REFUND,HIGH,2026-08-11 08:58:00,RESOLVED,33.8,170.7
14830,1501,REFUND,HIGH,2026-08-09 00:59:00,PENDING,4.7,227.2
14831,7576,PAYMENT,LOW,2026-08-06 19:18:00,OPEN,65.6,219.6
14832,6924,PRODUCT,LOW,2026-09-01 08:14:00,RESOLVED,20.9,227.5
14833,6220,REFUND,MEDIUM,2026-08-05 21:00:00,RESOLVED,13.9,380.8
14834,4213,DELIVERY,LOW,2026-09-07 01:01:00,RESOLVED,7.1,246.9
14835,2235,REFUND,MEDIUM,2026-08-06 23:11:00,OPEN,28.6,122.3
14836,8342,DELIVERY,LOW,2026-08-07 03:25:00,RESOLVED,25.9,197.4
14837,8764,DELIVERY,MEDIUM,2026-09-08 10:42:00,RESOLVED,2.1,364.0
14838,2504,PRODUCT,MEDIUM,2026-08-22 21:17:00,RESOLVED,25.7,307.3
14839,8965,DELIVERY,HIGH,2026-08-29 16:00:00,PENDING,19.0,177.7
14840,6235,REFUND,MEDIUM,2026-08-29 00:06:00,RESOLVED,27.3,39.5
14841,3458,REFUND,MEDIUM,2026-08-12 13:33:00,RESOLVED,64.1,389.1
14842,2135,ACCOUNT,MEDIUM,2026-08-22 09:40:00,RESOLVED,53.9,490.5
14843,5907,DELIVERY,MEDIUM,2026-08-19 22:25:00,RESOLVED,20.6,246.4
14844,145,DELIVERY,LOW,2026-09-06 09:20:00,RESOLVED,8.4,169.8
14845,3164,PAYMENT,HIGH,2026-09-03 21:53:00,PENDING,10.5,174.9
14846,6890,PRODUCT,MEDIUM,2026-08-03 17:03:00,RESOLVED,29.5,585.7
14847,4968,PAYMENT,MEDIUM,2026-08-26 19:41:00,OPEN,4.4,187.5
14848,1456,PRODUCT,LOW,2026-09-09 18:53:00,RESOLVED,17.1,311.7
14849,1593,ACCOUNT,LOW,2026-08-19 00:45:00,RESOLVED,15.9,87.4
14850,6939,PRODUCT,MEDIUM,2026-08-23 10:11:00,OPEN,11.6,283.5
14851,8374,PAYMENT,MEDIUM,2026-08-31 14:40:00,RESOLVED,15.1,495.9
14852,6907,PRODUCT,LOW,2026-08-09 12:50:00,RESOLVED,8.0,199.9
14853,1572,REFUND,HIGH,2026-08-12 08:22:00,RESOLVED,35.8,130.8
14854,6682,REFUND,HIGH,2026-08-26 07:34:00,RESOLVED,35.4,386.3
14855,2768,REFUND,MEDIUM,2026-09-08 16:01:00,RESOLVED,66.7,461.1
14856,5920,PRODUCT,MEDIUM,2026-08-27 13:57:00,OPEN,30.4,310.5
14857,5906,ACCOUNT,MEDIUM,2026-08-31 23:25:00,RESOLVED,5.4,68.2
14858,8850,PAYMENT,LOW,2026-08-01 04:53:00,RESOLVED,37.8,121.4
14859,8253,PRODUCT,LOW,2026-08-04 18:25:00,RESOLVED,31.8,53.0
14860,757,PRODUCT,HIGH,2026-09-03 11:29:00,RESOLVED,56.8,355.5
14861,1,REFUND,MEDIUM,2026-09-01 01:08:00,RESOLVED,17.7,310.0
14862,9319,DELIVERY,HIGH,2026-08-03 20:18:00,PENDING,23.6,281.1
14863,3058,PRODUCT,MEDIUM,2026-08-16 15:36:00,RESOLVED,33.2,222.2
14864,660,DELIVERY,LOW,2026-08-09 14:14:00,RESOLVED,22.8,342.0
14865,1913,DELIVERY,LOW,2026-08-25 06:24:00,OPEN,44.1,165.3
14866,4954,REFUND,LOW,2026-08-24 20:09:00,RESOLVED,17.6,460.9
14867,8887,PRODUCT,MEDIUM,2026-08-01 20:57:00,RESOLVED,23.4,190.7
14868,9233,REFUND,LOW,2026-08-31 23:33:00,RESOLVED,12.1,183.7
14869,6565,DELIVERY,HIGH,2026-08-07 22:12:00,RESOLVED,8.4,155.0
14870,2690,DELIVERY,MEDIUM,2026-08-26 13:29:00,RESOLVED,21.4,346.4
14871,7125,REFUND,LOW,2026-09-03 06:53:00,RESOLVED,5.6,492.3
14872,8380,DELIVERY,MEDIUM,2026-08-25 19:50:00,PENDING,23.8,320.9
14873,4106,REFUND,HIGH,2026-09-09 09:28:00,RESOLVED,1.3,144.5
14874,5932,DELIVERY,LOW,2026-08-20 17:12:00,OPEN,35.6,138.7
14875,4892,ACCOUNT,MEDIUM,2026-08-11 23:56:00,RESOLVED,20.7,315.0
14876,8612,DELIVERY,MEDIUM,2026-08-21 12:58:00,PENDING,17.1,109.7
14877,6125,DELIVERY,CRITICAL,2026-08-30 07:04:00,RESOLVED,14.8,267.3
14878,486,DELIVERY,CRITICAL,2026-08-18 05:00:00,RESOLVED,38.6,205.5
14879,8716,REFUND,HIGH,2026-08-04 18:48:00,RESOLVED,30.0,169.4
14880,5560,ACCOUNT,MEDIUM,2026-08-12 02:38:00,OPEN,14.9,364.6
14881,4308,PAYMENT,HIGH,2026-08-21 20:48:00,OPEN,67.6,283.5
14882,1887,ACCOUNT,MEDIUM,2026-08-15 12:16:00,RESOLVED,84.2,232.3
14883,6986,PRODUCT,MEDIUM,2026-09-06 15:39:00,RESOLVED,46.3,278.9
14884,181,PAYMENT,HIGH,2026-09-05 03:01:00,PENDING,29.1,183.9
14885,1736,ACCOUNT,LOW,2026-08-26 20:18:00,RESOLVED,17.8,260.2
14886,6890,DELIVERY,HIGH,2026-08-16 07:36:00,RESOLVED,5.4,221.7
14887,2725,DELIVERY,MEDIUM,2026-08-07 20:18:00,RESOLVED,14.3,268.9
14888,7497,REFUND,HIGH,2026-08-31 10:27:00,RESOLVED,6.5,602.3
14889,2622,ACCOUNT,MEDIUM,2026-09-08 02:18:00,RESOLVED,24.8,340.3
14890,7363,ACCOUNT,LOW,2026-08-25 12:01:00,OPEN,25.4,114.2
14891,6792,PAYMENT,HIGH,2026-08-01 14:30:00,RESOLVED,15.2,467.7
14892,7270,ACCOUNT,LOW,2026-08-09 23:02:00,RESOLVED,39.1,522.0
14893,7336,PRODUCT,LOW,2026-08-23 00:03:00,RESOLVED,11.0,52.3
14894,8000,REFUND,LOW,2026-08-07 03:45:00,PENDING,11.3,88.3
14895,3679,DELIVERY,HIGH,2026-08-24 00:08:00,PENDING,12.9,192.6
14896,4696,DELIVERY,HIGH,2026-08-05 22:02:00,RESOLVED,5.7,157.4
14897,701,ACCOUNT,MEDIUM,2026-08-18 20:55:00,RESOLVED,20.1,273.0
14898,3476,REFUND,LOW,2026-08-20 19:37:00,PENDING,3.4,67.0
14899,4598,PAYMENT,MEDIUM,2026-08-26 20:29:00,RESOLVED,45.5,157.4
14900,7710,REFUND,LOW,2026-08-09 03:26:00,OPEN,6.9,437.6
14901,9029,DELIVERY,LOW,2026-08-24 17:15:00,OPEN,13.1,70.6
14902,6665,DELIVERY,HIGH,2026-08-11 09:14:00,RESOLVED,58.1,187.0
14903,1281,PRODUCT,LOW,2026-08-18 05:58:00,PENDING,2.3,137.3
14904,2001,PRODUCT,LOW,2026-09-03 12:14:00,RESOLVED,9.9,671.2
14905,5334,REFUND,LOW,2026-08-03 14:29:00,RESOLVED,32.0,247.7
14906,4353,DELIVERY,HIGH,2026-08-20 13:05:00,RESOLVED,25.8,166.3
14907,9308,PAYMENT,MEDIUM,2026-09-07 16:34:00,OPEN,13.6,130.5
14908,1822,DELIVERY,MEDIUM,2026-08-14 07:23:00,RESOLVED,36.1,205.6
14909,5711,REFUND,LOW,2026-08-17 23:16:00,RESOLVED,19.3,162.5
14910,7790,PRODUCT,MEDIUM,2026-08-08 10:00:00,RESOLVED,5.5,169.8
14911,4376,DELIVERY,MEDIUM,2026-08-07 12:53:00,PENDING,56.1,263.7
14912,2472,PRODUCT,LOW,2026-08-18 11:34:00,OPEN,5.4,309.2
14913,1301,ACCOUNT,LOW,2026-08-23 20:03:00,OPEN,25.6,204.6
14914,6227,DELIVERY,LOW,2026-08-11 12:57:00,RESOLVED,10.1,150.8
14915,6310,PRODUCT,HIGH,2026-08-23 11:34:00,RESOLVED,18.1,213.4
14916,7354,PRODUCT,MEDIUM,2026-08-02 13:29:00,RESOLVED,19.6,66.4
14917,8376,PAYMENT,HIGH,2026-08-21 23:04:00,RESOLVED,6.3,177.9
14918,9917,REFUND,MEDIUM,2026-09-04 16:41:00,RESOLVED,47.1,267.6
14919,1875,ACCOUNT,MEDIUM,2026-08-29 11:16:00,RESOLVED,45.3,417.6
14920,4332,REFUND,MEDIUM,2026-08-23 17:53:00,OPEN,24.3,140.4
14921,3240,REFUND,LOW,2026-09-08 13:10:00,RESOLVED,25.9,214.1
14922,8725,DELIVERY,MEDIUM,2026-09-03 05:29:00,RESOLVED,35.1,579.0
14923,1180,ACCOUNT,LOW,2026-08-03 06:18:00,RESOLVED,10.2,247.2
14924,6644,REFUND,LOW,2026-08-30 15:10:00,PENDING,33.4,205.5
14925,3151,DELIVERY,CRITICAL,2026-08-29 23:51:00,PENDING,25.2,196.7
14926,85,DELIVERY,CRITICAL,2026-08-01 14:05:00,OPEN,10.6,295.8
14927,5976,REFUND,HIGH,2026-08-17 03:36:00,RESOLVED,92.3,340.3
14928,3913,PRODUCT,LOW,2026-08-27 03:17:00,RESOLVED,1.8,267.1
14929,6907,PRODUCT,LOW,2026-08-27 15:07:00,PENDING,15.3,151.2
14930,3942,ACCOUNT,LOW,2026-08-06 14:41:00,RESOLVED,11.2,227.3
14931,1902,PRODUCT,HIGH,2026-08-10 14:29:00,RESOLVED,13.2,472.1
14932,1197,DELIVERY,LOW,2026-08-03 21:58:00,RESOLVED,42.0,196.5
14933,1809,ACCOUNT,LOW,2026-08-21 09:41:00,RESOLVED,35.8,115.3
14934,4371,REFUND,MEDIUM,2026-08-02 04:03:00,RESOLVED,20.7,190.2
14935,2688,ACCOUNT,MEDIUM,2026-08-26 04:13:00,RESOLVED,21.8,182.2
14936,1165,REFUND,MEDIUM,2026-09-03 18:49:00,RESOLVED,22.9,212.2
14937,3169,DELIVERY,MEDIUM,2026-09-01 04:27:00,RESOLVED,24.9,460.9
14938,8354,REFUND,MEDIUM,2026-08-23 19:48:00,RESOLVED,3.6,224.9
14939,8398,PAYMENT,HIGH,2026-08-27 20:32:00,PENDING,34.7,461.2
14940,3619,ACCOUNT,LOW,2026-08-31 21:49:00,RESOLVED,51.6,126.5
14941,5218,PAYMENT,LOW,2026-08-31 21:10:00,PENDING,9.9,120.0
14942,1832,DELIVERY,MEDIUM,2026-08-26 12:49:00,RESOLVED,43.9,209.5
14943,4120,DELIVERY,MEDIUM,2026-09-09 06:57:00,RESOLVED,6.5,531.3
14944,6019,PRODUCT,MEDIUM,2026-08-06 13:06:00,PENDING,43.8,390.1
14945,191,DELIVERY,MEDIUM,2026-08-20 05:35:00,PENDING,15.0,126.3
14946,8576,PAYMENT,MEDIUM,2026-08-25 07:39:00,PENDING,25.8,248.3
14947,9046,ACCOUNT,MEDIUM,2026-09-03 13:56:00,RESOLVED,4.8,143.9
14948,9350,ACCOUNT,HIGH,2026-08-05 11:25:00,RESOLVED,9.8,375.5
14949,2112,PRODUCT,LOW,2026-08-13 03:19:00,RESOLVED,37.9,109.6
14950,8943,REFUND,HIGH,2026-08-03 02:26:00,RESOLVED,8.5,116.5
14951,1139,PAYMENT,MEDIUM,2026-08-13 00:25:00,RESOLVED,9.9,156.9
14952,8821,DELIVERY,LOW,2026-08-14 14:44:00,OPEN,28.6,418.3
14953,1357,PRODUCT,LOW,2026-08-14 00:09:00,RESOLVED,45.0,248.9
14954,3481,DELIVERY,MEDIUM,2026-08-04 23:52:00,RESOLVED,2.8,195.1
14955,9487,DELIVERY,MEDIUM,2026-08-24 12:35:00,RESOLVED,3.3,91.1
14956,5055,PRODUCT,MEDIUM,2026-08-29 05:21:00,RESOLVED,11.3,174.9
14957,2167,PAYMENT,MEDIUM,2026-08-09 02:38:00,RESOLVED,52.7,339.3
14958,3714,PAYMENT,LOW,2026-08-25 05:13:00,RESOLVED,15.1,285.1
14959,3303,PAYMENT,MEDIUM,2026-08-15 22:30:00,OPEN,4.7,221.6
14960,9223,PAYMENT,HIGH,2026-08-28 07:24:00,RESOLVED,44.0,307.2
14961,4123,PAYMENT,MEDIUM,2026-08-19 12:29:00,RESOLVED,32.0,257.3
14962,929,DELIVERY,MEDIUM,2026-09-06 07:11:00,RESOLVED,15.3,89.3
14963,1657,PAYMENT,LOW,2026-08-30 17:39:00,PENDING,25.5,325.2
14964,5544,DELIVERY,MEDIUM,2026-08-15 12:43:00,OPEN,41.3,221.1
14965,137,DELIVERY,HIGH,2026-08-20 12:43:00,OPEN,9.2,300.0
14966,2470,PAYMENT,HIGH,2026-08-23 08:16:00,RESOLVED,48.2,335.6
14967,6041,PRODUCT,MEDIUM,2026-08-05 19:56:00,RESOLVED,11.9,292.3
14968,8504,DELIVERY,MEDIUM,2026-08-15 23:06:00,OPEN,1.7,170.9
14969,965,REFUND,LOW,2026-08-11 23:48:00,RESOLVED,26.6,381.2
14970,3393,ACCOUNT,LOW,2026-08-06 14:41:00,RESOLVED,68.3,275.2
14971,3906,PRODUCT,MEDIUM,2026-08-10 22:18:00,RESOLVED,38.0,449.2
14972,8637,ACCOUNT,HIGH,2026-09-03 15:46:00,RESOLVED,18.2,421.2
14973,7865,PRODUCT,LOW,2026-09-02 07:20:00,RESOLVED,19.3,315.4
14974,9281,DELIVERY,CRITICAL,2026-08-23 21:31:00,RESOLVED,8.4,228.4
14975,6209,REFUND,CRITICAL,2026-08-25 19:01:00,RESOLVED,15.2,155.7
14976,1720,PAYMENT,LOW,2026-08-25 22:22:00,PENDING,21.8,224.5
14977,9387,PRODUCT,LOW,2026-08-28 23:08:00,RESOLVED,24.6,72.5
14978,7543,DELIVERY,LOW,2026-08-11 07:48:00,RESOLVED,29.5,252.9
14979,6609,ACCOUNT,CRITICAL,2026-08-23 13:36:00,RESOLVED,22.9,324.0
14980,3500,ACCOUNT,MEDIUM,2026-09-03 02:56:00,RESOLVED,33.1,212.9
14981,7953,DELIVERY,LOW,2026-08-02 10:07:00,RESOLVED,30.8,307.1
14982,4033,PAYMENT,HIGH,2026-08-21 09:04:00,RESOLVED,81.0,507.3
14983,3241,DELIVERY,LOW,2026-08-05 06:06:00,RESOLVED,12.8,210.1
14984,2744,REFUND,HIGH,2026-08-03 18:38:00,RESOLVED,14.1,369.7
14985,6600,ACCOUNT,HIGH,2026-08-25 19:03:00,RESOLVED,6.5,109.4
14986,6167,PRODUCT,MEDIUM,2026-08-13 19:45:00,OPEN,28.3,194.9
14987,2273,REFUND,HIGH,2026-08-21 06:00:00,RESOLVED,26.9,153.2
14988,3432,DELIVERY,HIGH,2026-08-19 04:07:00,RESOLVED,15.6,321.7
14989,2273,ACCOUNT,MEDIUM,2026-08-23 08:04:00,OPEN,45.0,147.0
14990,7407,REFUND,HIGH,2026-08-14 08:39:00,RESOLVED,19.2,196.5
14991,3433,PRODUCT,MEDIUM,2026-08-21 17:11:00,OPEN,33.1,326.1
14992,7785,REFUND,HIGH,2026-08-05 14:01:00,OPEN,29.8,185.8
14993,2320,PRODUCT,HIGH,2026-08-10 20:59:00,RESOLVED,11.4,72.4
14994,3952,REFUND,HIGH,2026-08-13 23:30:00,RESOLVED,7.0,223.2
14995,263,PRODUCT,HIGH,2026-08-22 07:58:00,RESOLVED,17.4,154.8
14996,48,DELIVERY,HIGH,2026-08-01 02:48:00,RESOLVED,9.5,191.3
14997,288,PRODUCT,LOW,2026-09-05 14:41:00,RESOLVED,9.4,268.5
14998,661,ACCOUNT,LOW,2026-08-09 11:12:00,RESOLVED,50.1,342.9
14999,9279,PAYMENT,MEDIUM,2026-09-03 09:43:00,RESOLVED,10.3,73.5
15000,2739,PAYMENT,LOW,2026-08-26 13:16:00,OPEN,23.0,186.1
